CustomerID,CustomerName,Segment,JoinDate
CUST00001,Customer 0001,Corporate,2021-10-16
CUST00002,Customer 0002,Consumer,2021-02-19
CUST00003,Customer 0003,Small Business,2023-07-05
CUST00004,Customer 0004,Corporate,2023-09-25
CUST00005,Customer 0005,Consumer,2024-02-03
CUST00006,Customer 0006,Small Business,2024-10-19
CUST00007,Customer 0007,Corporate,2022-12-28
CUST00008,Customer 0008,Corporate,2024-04-25
CUST00009,Customer 0009,Consumer,2023-11-12
CUST00010,Customer 0010,Consumer,2022-02-09
CUST00011,Customer 0011,Consumer,2024-05-18
CUST00012,Customer 0012,Small Business,2021-03-19
CUST00013,Customer 0013,Corporate,2023-05-25
CUST00014,Customer 0014,Corporate,2024-10-04
CUST00015,Customer 0015,Consumer,2023-08-21
CUST00016,Customer 0016,Consumer,2024-09-30
CUST00017,Customer 0017,Consumer,2021-03-23
CUST00018,Customer 0018,Consumer,2023-02-17
CUST00019,Customer 0019,Corporate,2024-02-14
CUST00020,Customer 0020,Corporate,2023-07-27
CUST00021,Customer 0021,Corporate,2024-07-09
CUST00022,Customer 0022,Consumer,2022-11-07
CUST00023,Customer 0023,Small Business,2023-09-24
CUST00024,Customer 0024,Small Business,2022-09-05
CUST00025,Customer 0025,Corporate,2024-06-27
CUST00026,Customer 0026,Consumer,2021-06-24
CUST00027,Customer 0027,Consumer,2022-01-07
CUST00028,Customer 0028,Consumer,2021-05-22
CUST00029,Customer 0029,Consumer,2023-10-23
CUST00030,Customer 0030,Corporate,2021-12-06
CUST00031,Customer 0031,Corporate,2022-04-09
CUST00032,Customer 0032,Small Business,2024-05-06
CUST00033,Customer 0033,Consumer,2022-06-10
CUST00034,Customer 0034,Consumer,2021-08-01
CUST00035,Customer 0035,Consumer,2021-01-31
CUST00036,Customer 0036,Consumer,2021-11-27
CUST00037,Customer 0037,Consumer,2024-08-28
CUST00038,Customer 0038,Consumer,2023-03-12
CUST00039,Customer 0039,Consumer,2024-12-23
CUST00040,Customer 0040,Corporate,2021-11-11
CUST00041,Customer 0041,Consumer,2022-05-29
CUST00042,Customer 0042,Corporate,2021-08-27
CUST00043,Customer 0043,Corporate,2022-08-05
CUST00044,Customer 0044,Consumer,2023-04-03
CUST00045,Customer 0045,Corporate,2024-03-25
CUST00046,Customer 0046,Corporate,2022-06-22
CUST00047,Customer 0047,Consumer,2024-02-01
CUST00048,Customer 0048,Consumer,2023-07-04
CUST00049,Customer 0049,Corporate,2022-03-03
CUST00050,Customer 0050,Consumer,2024-08-24
CUST00051,Customer 0051,Consumer,2022-09-26
CUST00052,Customer 0052,Consumer,2021-08-09
CUST00053,Customer 0053,Corporate,2024-11-06
CUST00054,Customer 0054,Corporate,2024-08-26
CUST00055,Customer 0055,Corporate,2021-03-14
CUST00056,Customer 0056,Corporate,2024-08-10
CUST00057,Customer 0057,Consumer,2024-10-15
CUST00058,Customer 0058,Consumer,2024-04-25
CUST00059,Customer 0059,Consumer,2022-01-08
CUST00060,Customer 0060,Consumer,2023-07-11
CUST00061,Customer 0061,Corporate,2023-02-25
CUST00062,Customer 0062,Consumer,2023-06-25
CUST00063,Customer 0063,Consumer,2023-06-20
CUST00064,Customer 0064,Corporate,2023-07-23
CUST00065,Customer 0065,Corporate,2023-01-21
CUST00066,Customer 0066,Consumer,2023-10-06
CUST00067,Customer 0067,Consumer,2023-02-08
CUST00068,Customer 0068,Consumer,2021-01-25
CUST00069,Customer 0069,Consumer,2021-02-21
CUST00070,Customer 0070,Consumer,2024-10-30
CUST00071,Customer 0071,Consumer,2024-08-20
CUST00072,Customer 0072,Consumer,2023-05-05
CUST00073,Customer 0073,Small Business,2021-09-12
CUST00074,Customer 0074,Consumer,2024-02-15
CUST00075,Customer 0075,Consumer,2021-07-29
CUST00076,Customer 0076,Consumer,2022-07-05
CUST00077,Customer 0077,Consumer,2022-04-27
CUST00078,Customer 0078,Corporate,2021-01-19
CUST00079,Customer 0079,Consumer,2024-03-24
CUST00080,Customer 0080,Corporate,2023-01-15
CUST00081,Customer 0081,Corporate,2022-04-07
CUST00082,Customer 0082,Consumer,2023-01-11
CUST00083,Customer 0083,Corporate,2021-01-01
CUST00084,Customer 0084,Consumer,2022-10-01
CUST00085,Customer 0085,Consumer,2023-01-29
CUST00086,Customer 0086,Consumer,2022-05-11
CUST00087,Customer 0087,Corporate,2024-04-27
CUST00088,Customer 0088,Consumer,2021-12-31
CUST00089,Customer 0089,Consumer,2021-07-21
CUST00090,Customer 0090,Consumer,2023-02-10
CUST00091,Customer 0091,Consumer,2024-07-19
CUST00092,Customer 0092,Corporate,2022-07-02
CUST00093,Customer 0093,Consumer,2021-03-10
CUST00094,Customer 0094,Consumer,2024-11-17
CUST00095,Customer 0095,Consumer,2022-10-11
CUST00096,Customer 0096,Corporate,2021-09-10
CUST00097,Customer 0097,Consumer,2023-06-18
CUST00098,Customer 0098,Consumer,2022-04-12
CUST00099,Customer 0099,Consumer,2024-10-01
CUST00100,Customer 0100,Small Business,2022-03-06
CUST00101,Customer 0101,Small Business,2023-03-15
CUST00102,Customer 0102,Corporate,2023-03-05
CUST00103,Customer 0103,Consumer,2021-12-20
CUST00104,Customer 0104,Small Business,2022-12-30
CUST00105,Customer 0105,Corporate,2021-06-09
CUST00106,Customer 0106,Corporate,2023-07-29
CUST00107,Customer 0107,Consumer,2024-01-13
CUST00108,Customer 0108,Consumer,2024-10-19
CUST00109,Customer 0109,Consumer,2022-04-21
CUST00110,Customer 0110,Small Business,2022-02-21
CUST00111,Customer 0111,Consumer,2023-03-13
CUST00112,Customer 0112,Consumer,2023-10-09
CUST00113,Customer 0113,Consumer,2024-12-19
CUST00114,Customer 0114,Consumer,2021-02-06
CUST00115,Customer 0115,Consumer,2021-12-14
CUST00116,Customer 0116,Small Business,2022-01-19
CUST00117,Customer 0117,Corporate,2022-01-08
CUST00118,Customer 0118,Corporate,2022-11-09
CUST00119,Customer 0119,Consumer,2024-06-28
CUST00120,Customer 0120,Corporate,2021-02-15
CUST00121,Customer 0121,Corporate,2024-04-06
CUST00122,Customer 0122,Corporate,2023-06-21
CUST00123,Customer 0123,Consumer,2023-06-18
CUST00124,Customer 0124,Consumer,2023-09-18
CUST00125,Customer 0125,Consumer,2021-06-18
CUST00126,Customer 0126,Consumer,2023-12-27
CUST00127,Customer 0127,Consumer,2021-12-29
CUST00128,Customer 0128,Consumer,2023-01-25
CUST00129,Customer 0129,Consumer,2023-09-16
CUST00130,Customer 0130,Corporate,2023-06-01
CUST00131,Customer 0131,Consumer,2022-04-17
CUST00132,Customer 0132,Small Business,2022-08-02
CUST00133,Customer 0133,Corporate,2022-11-27
CUST00134,Customer 0134,Consumer,2021-03-02
CUST00135,Customer 0135,Corporate,2023-11-27
CUST00136,Customer 0136,Consumer,2021-05-26
CUST00137,Customer 0137,Small Business,2022-11-01
CUST00138,Customer 0138,Consumer,2023-08-15
CUST00139,Customer 0139,Corporate,2021-04-28
CUST00140,Customer 0140,Consumer,2024-12-24
CUST00141,Customer 0141,Consumer,2022-07-05
CUST00142,Customer 0142,Consumer,2021-01-24
CUST00143,Customer 0143,Small Business,2023-08-20
CUST00144,Customer 0144,Consumer,2023-03-26
CUST00145,Customer 0145,Consumer,2023-07-24
CUST00146,Customer 0146,Consumer,2024-01-02
CUST00147,Customer 0147,Consumer,2022-11-26
CUST00148,Customer 0148,Consumer,2024-04-22
CUST00149,Customer 0149,Consumer,2022-06-25
CUST00150,Customer 0150,Consumer,2023-03-07
CUST00151,Customer 0151,Corporate,2021-08-20
CUST00152,Customer 0152,Small Business,2023-06-25
CUST00153,Customer 0153,Consumer,2022-01-17
CUST00154,Customer 0154,Consumer,2023-10-15
CUST00155,Customer 0155,Consumer,2024-03-15
CUST00156,Customer 0156,Corporate,2024-06-08
CUST00157,Customer 0157,Consumer,2024-09-18
CUST00158,Customer 0158,Corporate,2021-06-28
CUST00159,Customer 0159,Corporate,2021-07-21
CUST00160,Customer 0160,Corporate,2024-09-14
CUST00161,Customer 0161,Consumer,2022-07-11
CUST00162,Customer 0162,Small Business,2021-02-07
CUST00163,Customer 0163,Consumer,2022-02-24
CUST00164,Customer 0164,Consumer,2024-05-05
CUST00165,Customer 0165,Consumer,2022-06-03
CUST00166,Customer 0166,Consumer,2021-04-23
CUST00167,Customer 0167,Corporate,2023-11-21
CUST00168,Customer 0168,Corporate,2021-10-12
CUST00169,Customer 0169,Consumer,2022-05-31
CUST00170,Customer 0170,Small Business,2021-01-06
CUST00171,Customer 0171,Consumer,2023-05-29
CUST00172,Customer 0172,Consumer,2022-10-13
CUST00173,Customer 0173,Consumer,2024-06-19
CUST00174,Customer 0174,Small Business,2022-05-04
CUST00175,Customer 0175,Consumer,2021-10-26
CUST00176,Customer 0176,Consumer,2021-08-31
CUST00177,Customer 0177,Consumer,2021-10-20
CUST00178,Customer 0178,Small Business,2022-10-21
CUST00179,Customer 0179,Small Business,2021-05-08
CUST00180,Customer 0180,Corporate,2022-08-11
CUST00181,Customer 0181,Small Business,2024-06-01
CUST00182,Customer 0182,Small Business,2024-01-26
CUST00183,Customer 0183,Consumer,2023-07-20
CUST00184,Customer 0184,Consumer,2024-07-27
CUST00185,Customer 0185,Corporate,2024-02-14
CUST00186,Customer 0186,Corporate,2023-08-11
CUST00187,Customer 0187,Consumer,2024-06-14
CUST00188,Customer 0188,Consumer,2021-07-01
CUST00189,Customer 0189,Corporate,2024-04-09
CUST00190,Customer 0190,Consumer,2022-03-08
CUST00191,Customer 0191,Small Business,2023-12-07
CUST00192,Customer 0192,Consumer,2024-08-26
CUST00193,Customer 0193,Consumer,2022-12-26
CUST00194,Customer 0194,Corporate,2021-05-10
CUST00195,Customer 0195,Consumer,2022-06-25
CUST00196,Customer 0196,Consumer,2022-08-18
CUST00197,Customer 0197,Corporate,2024-09-29
CUST00198,Customer 0198,Small Business,2024-10-08
CUST00199,Customer 0199,Consumer,2023-04-10
CUST00200,Customer 0200,Consumer,2024-10-19
CUST00201,Customer 0201,Corporate,2022-09-29
CUST00202,Customer 0202,Small Business,2022-08-24
CUST00203,Customer 0203,Consumer,2024-05-06
CUST00204,Customer 0204,Consumer,2023-09-02
CUST00205,Customer 0205,Consumer,2023-02-02
CUST00206,Customer 0206,Consumer,2022-10-29
CUST00207,Customer 0207,Consumer,2023-10-28
CUST00208,Customer 0208,Corporate,2024-01-06
CUST00209,Customer 0209,Consumer,2022-12-18
CUST00210,Customer 0210,Consumer,2021-02-16
CUST00211,Customer 0211,Corporate,2021-05-29
CUST00212,Customer 0212,Corporate,2021-07-30
CUST00213,Customer 0213,Consumer,2022-11-06
CUST00214,Customer 0214,Corporate,2023-06-16
CUST00215,Customer 0215,Corporate,2024-03-19
CUST00216,Customer 0216,Corporate,2021-12-06
CUST00217,Customer 0217,Consumer,2024-02-23
CUST00218,Customer 0218,Consumer,2023-08-31
CUST00219,Customer 0219,Small Business,2021-03-17
CUST00220,Customer 0220,Consumer,2022-05-28
CUST00221,Customer 0221,Consumer,2022-03-18
CUST00222,Customer 0222,Consumer,2024-07-18
CUST00223,Customer 0223,Corporate,2024-09-06
CUST00224,Customer 0224,Small Business,2024-04-11
CUST00225,Customer 0225,Consumer,2023-02-10
CUST00226,Customer 0226,Small Business,2022-12-21
CUST00227,Customer 0227,Consumer,2022-03-31
CUST00228,Customer 0228,Consumer,2024-02-03
CUST00229,Customer 0229,Corporate,2021-05-06
CUST00230,Customer 0230,Consumer,2022-01-31
CUST00231,Customer 0231,Consumer,2021-07-17
CUST00232,Customer 0232,Consumer,2022-12-23
CUST00233,Customer 0233,Small Business,2022-03-14
CUST00234,Customer 0234,Corporate,2021-10-16
CUST00235,Customer 0235,Small Business,2022-07-04
CUST00236,Customer 0236,Corporate,2024-06-10
CUST00237,Customer 0237,Consumer,2023-03-26
CUST00238,Customer 0238,Corporate,2024-04-16
CUST00239,Customer 0239,Consumer,2024-08-27
CUST00240,Customer 0240,Consumer,2024-08-10
CUST00241,Customer 0241,Corporate,2022-05-28
CUST00242,Customer 0242,Corporate,2024-07-05
CUST00243,Customer 0243,Consumer,2024-08-20
CUST00244,Customer 0244,Consumer,2024-11-02
CUST00245,Customer 0245,Corporate,2022-05-28
CUST00246,Customer 0246,Small Business,2021-11-30
CUST00247,Customer 0247,Corporate,2023-05-04
CUST00248,Customer 0248,Consumer,2024-09-22
CUST00249,Customer 0249,Consumer,2024-08-07
CUST00250,Customer 0250,Consumer,2023-04-14
CUST00251,Customer 0251,Corporate,2021-08-06
CUST00252,Customer 0252,Small Business,2022-09-09
CUST00253,Customer 0253,Consumer,2023-11-09
CUST00254,Customer 0254,Consumer,2023-03-30
CUST00255,Customer 0255,Consumer,2022-05-20
CUST00256,Customer 0256,Corporate,2022-05-16
CUST00257,Customer 0257,Corporate,2021-03-29
CUST00258,Customer 0258,Consumer,2022-02-26
CUST00259,Customer 0259,Consumer,2023-09-05
CUST00260,Customer 0260,Corporate,2021-12-19
CUST00261,Customer 0261,Consumer,2024-12-21
CUST00262,Customer 0262,Corporate,2021-05-01
CUST00263,Customer 0263,Consumer,2023-05-10
CUST00264,Customer 0264,Consumer,2022-12-26
CUST00265,Customer 0265,Small Business,2024-05-01
CUST00266,Customer 0266,Consumer,2024-07-20
CUST00267,Customer 0267,Consumer,2023-03-05
CUST00268,Customer 0268,Consumer,2023-07-10
CUST00269,Customer 0269,Consumer,2023-10-18
CUST00270,Customer 0270,Consumer,2023-01-31
CUST00271,Customer 0271,Consumer,2021-09-27
CUST00272,Customer 0272,Consumer,2022-09-18
CUST00273,Customer 0273,Consumer,2021-12-19
CUST00274,Customer 0274,Corporate,2022-11-10
CUST00275,Customer 0275,Corporate,2023-06-18
CUST00276,Customer 0276,Consumer,2021-11-02
CUST00277,Customer 0277,Consumer,2021-12-31
CUST00278,Customer 0278,Consumer,2024-04-16
CUST00279,Customer 0279,Small Business,2022-07-06
CUST00280,Customer 0280,Small Business,2021-10-17
CUST00281,Customer 0281,Consumer,2023-11-08
CUST00282,Customer 0282,Consumer,2023-11-13
CUST00283,Customer 0283,Consumer,2024-04-21
CUST00284,Customer 0284,Consumer,2024-01-15
CUST00285,Customer 0285,Consumer,2024-12-19
CUST00286,Customer 0286,Consumer,2023-04-20
CUST00287,Customer 0287,Consumer,2022-02-23
CUST00288,Customer 0288,Consumer,2024-06-13
CUST00289,Customer 0289,Consumer,2022-01-22
CUST00290,Customer 0290,Consumer,2022-03-01
CUST00291,Customer 0291,Corporate,2024-04-24
CUST00292,Customer 0292,Consumer,2024-07-11
CUST00293,Customer 0293,Small Business,2022-05-11
CUST00294,Customer 0294,Consumer,2023-12-01
CUST00295,Customer 0295,Corporate,2024-09-08
CUST00296,Customer 0296,Small Business,2024-03-12
CUST00297,Customer 0297,Small Business,2021-01-08
CUST00298,Customer 0298,Corporate,2023-08-29
CUST00299,Customer 0299,Corporate,2021-09-06
CUST00300,Customer 0300,Corporate,2024-05-20
CUST00301,Customer 0301,Corporate,2021-04-08
CUST00302,Customer 0302,Consumer,2024-12-20
CUST00303,Customer 0303,Consumer,2021-09-16
CUST00304,Customer 0304,Consumer,2022-09-06
CUST00305,Customer 0305,Small Business,2021-12-08
CUST00306,Customer 0306,Consumer,2024-04-03
CUST00307,Customer 0307,Consumer,2022-07-29
CUST00308,Customer 0308,Corporate,2023-12-24
CUST00309,Customer 0309,Consumer,2021-04-09
CUST00310,Customer 0310,Consumer,2022-10-24
CUST00311,Customer 0311,Consumer,2024-08-23
CUST00312,Customer 0312,Consumer,2024-09-15
CUST00313,Customer 0313,Consumer,2021-11-01
CUST00314,Customer 0314,Consumer,2022-07-30
CUST00315,Customer 0315,Consumer,2022-08-21
CUST00316,Customer 0316,Consumer,2023-04-06
CUST00317,Customer 0317,Consumer,2023-02-24
CUST00318,Customer 0318,Corporate,2021-06-04
CUST00319,Customer 0319,Consumer,2024-01-19
CUST00320,Customer 0320,Small Business,2021-11-26
CUST00321,Customer 0321,Small Business,2022-04-05
CUST00322,Customer 0322,Consumer,2024-05-12
CUST00323,Customer 0323,Consumer,2023-10-04
CUST00324,Customer 0324,Consumer,2022-08-02
CUST00325,Customer 0325,Corporate,2024-08-25
CUST00326,Customer 0326,Corporate,2022-07-30
CUST00327,Customer 0327,Corporate,2023-04-06
CUST00328,Customer 0328,Consumer,2021-12-26
CUST00329,Customer 0329,Corporate,2021-09-25
CUST00330,Customer 0330,Consumer,2022-12-19
CUST00331,Customer 0331,Corporate,2023-04-03
CUST00332,Customer 0332,Consumer,2024-03-22
CUST00333,Customer 0333,Corporate,2022-07-25
CUST00334,Customer 0334,Small Business,2024-07-30
CUST00335,Customer 0335,Consumer,2023-06-06
CUST00336,Customer 0336,Corporate,2021-04-13
CUST00337,Customer 0337,Consumer,2023-12-16
CUST00338,Customer 0338,Corporate,2023-04-20
CUST00339,Customer 0339,Consumer,2022-07-23
CUST00340,Customer 0340,Small Business,2022-11-14
CUST00341,Customer 0341,Consumer,2022-03-17
CUST00342,Customer 0342,Small Business,2023-06-16
CUST00343,Customer 0343,Corporate,2023-04-08
CUST00344,Customer 0344,Corporate,2022-10-16
CUST00345,Customer 0345,Corporate,2022-02-21
CUST00346,Customer 0346,Corporate,2022-08-06
CUST00347,Customer 0347,Small Business,2022-12-28
CUST00348,Customer 0348,Consumer,2022-11-20
CUST00349,Customer 0349,Corporate,2022-03-28
CUST00350,Customer 0350,Consumer,2023-04-30
CUST00351,Customer 0351,Corporate,2021-11-27
CUST00352,Customer 0352,Consumer,2023-01-02
CUST00353,Customer 0353,Consumer,2021-06-27
CUST00354,Customer 0354,Consumer,2022-11-21
CUST00355,Customer 0355,Consumer,2024-02-19
CUST00356,Customer 0356,Consumer,2024-04-09
CUST00357,Customer 0357,Corporate,2023-10-12
CUST00358,Customer 0358,Corporate,2023-12-25
CUST00359,Customer 0359,Consumer,2021-04-07
CUST00360,Customer 0360,Corporate,2022-05-14
CUST00361,Customer 0361,Small Business,2023-08-14
CUST00362,Customer 0362,Consumer,2024-03-14
CUST00363,Customer 0363,Consumer,2023-05-01
CUST00364,Customer 0364,Consumer,2024-05-31
CUST00365,Customer 0365,Corporate,2022-02-03
CUST00366,Customer 0366,Consumer,2021-08-13
CUST00367,Customer 0367,Corporate,2021-05-07
CUST00368,Customer 0368,Corporate,2023-05-01
CUST00369,Customer 0369,Consumer,2023-08-30
CUST00370,Customer 0370,Small Business,2022-02-21
CUST00371,Customer 0371,Corporate,2024-02-19
CUST00372,Customer 0372,Consumer,2023-12-16
CUST00373,Customer 0373,Consumer,2022-06-10
CUST00374,Customer 0374,Consumer,2021-12-15
CUST00375,Customer 0375,Consumer,2023-12-20
CUST00376,Customer 0376,Consumer,2023-09-08
CUST00377,Customer 0377,Small Business,2021-09-07
CUST00378,Customer 0378,Consumer,2022-01-08
CUST00379,Customer 0379,Consumer,2022-12-11
CUST00380,Customer 0380,Corporate,2023-01-17
CUST00381,Customer 0381,Consumer,2021-08-31
CUST00382,Customer 0382,Small Business,2024-10-17
CUST00383,Customer 0383,Corporate,2022-07-22
CUST00384,Customer 0384,Consumer,2022-07-11
CUST00385,Customer 0385,Consumer,2021-03-30
CUST00386,Customer 0386,Small Business,2024-07-02
CUST00387,Customer 0387,Corporate,2021-12-10
CUST00388,Customer 0388,Small Business,2024-12-11
CUST00389,Customer 0389,Consumer,2022-12-26
CUST00390,Customer 0390,Small Business,2024-07-01
CUST00391,Customer 0391,Corporate,2021-09-19
CUST00392,Customer 0392,Consumer,2021-08-31
CUST00393,Customer 0393,Corporate,2024-03-15
CUST00394,Customer 0394,Corporate,2024-04-11
CUST00395,Customer 0395,Consumer,2023-03-04
CUST00396,Customer 0396,Consumer,2021-02-16
CUST00397,Customer 0397,Corporate,2024-10-09
CUST00398,Customer 0398,Consumer,2022-07-29
CUST00399,Customer 0399,Consumer,2024-09-28
CUST00400,Customer 0400,Consumer,2024-06-25
CUST00401,Customer 0401,Consumer,2024-05-28
CUST00402,Customer 0402,Small Business,2023-10-03
CUST00403,Customer 0403,Corporate,2023-09-10
CUST00404,Customer 0404,Consumer,2023-02-17
CUST00405,Customer 0405,Small Business,2021-02-06
CUST00406,Customer 0406,Small Business,2022-07-21
CUST00407,Customer 0407,Consumer,2023-12-03
CUST00408,Customer 0408,Corporate,2024-03-31
CUST00409,Customer 0409,Consumer,2023-03-28
CUST00410,Customer 0410,Small Business,2023-11-02
CUST00411,Customer 0411,Corporate,2021-02-01
CUST00412,Customer 0412,Corporate,2022-11-15
CUST00413,Customer 0413,Consumer,2023-01-12
CUST00414,Customer 0414,Small Business,2024-07-27
CUST00415,Customer 0415,Consumer,2022-03-31
CUST00416,Customer 0416,Consumer,2021-12-02
CUST00417,Customer 0417,Consumer,2022-05-30
CUST00418,Customer 0418,Corporate,2021-09-06
CUST00419,Customer 0419,Consumer,2023-03-27
CUST00420,Customer 0420,Small Business,2023-07-28
CUST00421,Customer 0421,Corporate,2024-03-15
CUST00422,Customer 0422,Consumer,2024-11-20
CUST00423,Customer 0423,Consumer,2021-04-18
CUST00424,Customer 0424,Consumer,2021-12-27
CUST00425,Customer 0425,Corporate,2022-03-16
CUST00426,Customer 0426,Corporate,2021-12-31
CUST00427,Customer 0427,Consumer,2024-04-22
CUST00428,Customer 0428,Corporate,2021-07-23
CUST00429,Customer 0429,Consumer,2021-02-13
CUST00430,Customer 0430,Corporate,2024-06-10
CUST00431,Customer 0431,Small Business,2024-11-04
CUST00432,Customer 0432,Corporate,2021-11-27
CUST00433,Customer 0433,Corporate,2022-05-01
CUST00434,Customer 0434,Corporate,2023-01-05
CUST00435,Customer 0435,Consumer,2023-02-07
CUST00436,Customer 0436,Consumer,2024-12-17
CUST00437,Customer 0437,Consumer,2022-08-14
CUST00438,Customer 0438,Consumer,2021-01-18
CUST00439,Customer 0439,Corporate,2022-09-10
CUST00440,Customer 0440,Corporate,2023-03-24
CUST00441,Customer 0441,Small Business,2023-01-25
CUST00442,Customer 0442,Consumer,2023-01-18
CUST00443,Customer 0443,Corporate,2024-09-09
CUST00444,Customer 0444,Consumer,2024-03-24
CUST00445,Customer 0445,Consumer,2022-01-03
CUST00446,Customer 0446,Corporate,2022-06-03
CUST00447,Customer 0447,Small Business,2023-09-02
CUST00448,Customer 0448,Corporate,2022-08-23
CUST00449,Customer 0449,Consumer,2022-09-18
CUST00450,Customer 0450,Corporate,2021-09-03
CUST00451,Customer 0451,Consumer,2022-01-07
CUST00452,Customer 0452,Small Business,2023-12-18
CUST00453,Customer 0453,Corporate,2024-05-15
CUST00454,Customer 0454,Consumer,2024-02-20
CUST00455,Customer 0455,Consumer,2022-03-26
CUST00456,Customer 0456,Consumer,2021-07-19
CUST00457,Customer 0457,Small Business,2021-08-22
CUST00458,Customer 0458,Consumer,2022-07-29
CUST00459,Customer 0459,Corporate,2023-01-26
CUST00460,Customer 0460,Corporate,2024-07-27
CUST00461,Customer 0461,Consumer,2024-08-05
CUST00462,Customer 0462,Consumer,2021-01-04
CUST00463,Customer 0463,Small Business,2023-10-31
CUST00464,Customer 0464,Consumer,2022-03-13
CUST00465,Customer 0465,Consumer,2021-10-16
CUST00466,Customer 0466,Corporate,2023-03-22
CUST00467,Customer 0467,Corporate,2021-02-19
CUST00468,Customer 0468,Small Business,2022-05-03
CUST00469,Customer 0469,Consumer,2023-03-18
CUST00470,Customer 0470,Consumer,2022-02-02
CUST00471,Customer 0471,Consumer,2023-05-17
CUST00472,Customer 0472,Consumer,2022-11-03
CUST00473,Customer 0473,Consumer,2024-03-13
CUST00474,Customer 0474,Consumer,2021-09-23
CUST00475,Customer 0475,Consumer,2021-03-25
CUST00476,Customer 0476,Consumer,2023-02-13
CUST00477,Customer 0477,Consumer,2022-01-11
CUST00478,Customer 0478,Corporate,2023-10-29
CUST00479,Customer 0479,Corporate,2021-05-17
CUST00480,Customer 0480,Consumer,2023-04-20
CUST00481,Customer 0481,Consumer,2024-12-16
CUST00482,Customer 0482,Consumer,2021-05-16
CUST00483,Customer 0483,Corporate,2022-03-17
CUST00484,Customer 0484,Consumer,2024-05-17
CUST00485,Customer 0485,Consumer,2023-02-19
CUST00486,Customer 0486,Consumer,2021-09-13
CUST00487,Customer 0487,Consumer,2021-11-08
CUST00488,Customer 0488,Consumer,2024-01-22
CUST00489,Customer 0489,Consumer,2024-06-10
CUST00490,Customer 0490,Consumer,2022-06-11
CUST00491,Customer 0491,Corporate,2022-11-23
CUST00492,Customer 0492,Corporate,2024-02-17
CUST00493,Customer 0493,Corporate,2021-09-16
CUST00494,Customer 0494,Consumer,2021-10-29
CUST00495,Customer 0495,Corporate,2024-02-05
CUST00496,Customer 0496,Consumer,2021-09-30
CUST00497,Customer 0497,Consumer,2024-01-31
CUST00498,Customer 0498,Corporate,2022-12-27
CUST00499,Customer 0499,Consumer,2024-12-16
CUST00500,Customer 0500,Consumer,2021-02-18
CUST00501,Customer 0501,Corporate,2024-10-13
CUST00502,Customer 0502,Small Business,2021-11-25
CUST00503,Customer 0503,Small Business,2021-02-21
CUST00504,Customer 0504,Consumer,2023-11-24
CUST00505,Customer 0505,Consumer,2023-02-17
CUST00506,Customer 0506,Corporate,2024-05-07
CUST00507,Customer 0507,Consumer,2021-06-08
CUST00508,Customer 0508,Corporate,2021-04-28
CUST00509,Customer 0509,Consumer,2023-04-09
CUST00510,Customer 0510,Consumer,2024-07-11
CUST00511,Customer 0511,Consumer,2022-08-16
CUST00512,Customer 0512,Corporate,2024-03-10
CUST00513,Customer 0513,Consumer,2024-08-16
CUST00514,Customer 0514,Consumer,2024-06-23
CUST00515,Customer 0515,Consumer,2023-01-13
CUST00516,Customer 0516,Consumer,2023-10-17
CUST00517,Customer 0517,Consumer,2023-02-07
CUST00518,Customer 0518,Corporate,2023-09-12
CUST00519,Customer 0519,Consumer,2023-04-08
CUST00520,Customer 0520,Corporate,2023-02-06
CUST00521,Customer 0521,Small Business,2022-09-30
CUST00522,Customer 0522,Consumer,2023-08-12
CUST00523,Customer 0523,Consumer,2024-01-02
CUST00524,Customer 0524,Corporate,2024-09-03
CUST00525,Customer 0525,Consumer,2023-06-15
CUST00526,Customer 0526,Consumer,2021-05-27
CUST00527,Customer 0527,Small Business,2023-05-08
CUST00528,Customer 0528,Small Business,2022-04-07
CUST00529,Customer 0529,Corporate,2021-02-09
CUST00530,Customer 0530,Consumer,2021-04-16
CUST00531,Customer 0531,Corporate,2023-05-14
CUST00532,Customer 0532,Corporate,2024-10-11
CUST00533,Customer 0533,Consumer,2023-01-09
CUST00534,Customer 0534,Corporate,2022-10-13
CUST00535,Customer 0535,Consumer,2021-05-10
CUST00536,Customer 0536,Consumer,2023-09-14
CUST00537,Customer 0537,Consumer,2021-03-22
CUST00538,Customer 0538,Consumer,2024-05-13
CUST00539,Customer 0539,Consumer,2024-04-06
CUST00540,Customer 0540,Corporate,2024-12-17
CUST00541,Customer 0541,Small Business,2022-02-20
CUST00542,Customer 0542,Consumer,2021-08-25
CUST00543,Customer 0543,Corporate,2022-03-14
CUST00544,Customer 0544,Small Business,2024-03-13
CUST00545,Customer 0545,Consumer,2021-11-16
CUST00546,Customer 0546,Consumer,2024-07-19
CUST00547,Customer 0547,Consumer,2021-08-14
CUST00548,Customer 0548,Consumer,2021-03-13
CUST00549,Customer 0549,Corporate,2021-11-17
CUST00550,Customer 0550,Consumer,2024-01-06
CUST00551,Customer 0551,Consumer,2023-05-30
CUST00552,Customer 0552,Consumer,2022-06-02
CUST00553,Customer 0553,Consumer,2023-08-16
CUST00554,Customer 0554,Small Business,2023-08-05
CUST00555,Customer 0555,Consumer,2023-03-21
CUST00556,Customer 0556,Consumer,2023-01-21
CUST00557,Customer 0557,Consumer,2021-05-29
CUST00558,Customer 0558,Consumer,2022-01-15
CUST00559,Customer 0559,Corporate,2023-02-10
CUST00560,Customer 0560,Consumer,2021-07-17
CUST00561,Customer 0561,Consumer,2022-11-26
CUST00562,Customer 0562,Consumer,2021-06-20
CUST00563,Customer 0563,Corporate,2024-02-24
CUST00564,Customer 0564,Corporate,2021-05-31
CUST00565,Customer 0565,Corporate,2021-05-16
CUST00566,Customer 0566,Corporate,2023-07-21
CUST00567,Customer 0567,Corporate,2021-11-18
CUST00568,Customer 0568,Consumer,2022-05-29
CUST00569,Customer 0569,Consumer,2022-04-04
CUST00570,Customer 0570,Consumer,2021-11-13
CUST00571,Customer 0571,Consumer,2024-01-18
CUST00572,Customer 0572,Corporate,2023-10-08
CUST00573,Customer 0573,Consumer,2021-12-15
CUST00574,Customer 0574,Corporate,2023-09-30
CUST00575,Customer 0575,Small Business,2023-11-08
CUST00576,Customer 0576,Consumer,2023-02-27
CUST00577,Customer 0577,Small Business,2023-04-25
CUST00578,Customer 0578,Corporate,2024-09-27
CUST00579,Customer 0579,Small Business,2022-10-25
CUST00580,Customer 0580,Consumer,2022-07-17
CUST00581,Customer 0581,Consumer,2023-02-26
CUST00582,Customer 0582,Consumer,2024-05-05
CUST00583,Customer 0583,Consumer,2023-11-02
CUST00584,Customer 0584,Consumer,2021-04-20
CUST00585,Customer 0585,Small Business,2022-11-02
CUST00586,Customer 0586,Corporate,2023-12-17
CUST00587,Customer 0587,Consumer,2021-11-23
CUST00588,Customer 0588,Consumer,2024-12-14
CUST00589,Customer 0589,Consumer,2024-03-25
CUST00590,Customer 0590,Consumer,2024-05-21
CUST00591,Customer 0591,Small Business,2021-04-30
CUST00592,Customer 0592,Consumer,2023-04-27
CUST00593,Customer 0593,Consumer,2023-02-10
CUST00594,Customer 0594,Corporate,2023-07-05
CUST00595,Customer 0595,Consumer,2024-05-26
CUST00596,Customer 0596,Consumer,2022-05-31
CUST00597,Customer 0597,Corporate,2023-02-19
CUST00598,Customer 0598,Corporate,2023-09-20
CUST00599,Customer 0599,Small Business,2024-01-05
CUST00600,Customer 0600,Corporate,2024-01-30
CUST00601,Customer 0601,Consumer,2022-05-07
CUST00602,Customer 0602,Corporate,2024-12-28
CUST00603,Customer 0603,Small Business,2021-01-15
CUST00604,Customer 0604,Corporate,2022-12-20
CUST00605,Customer 0605,Small Business,2023-06-08
CUST00606,Customer 0606,Corporate,2021-03-31
CUST00607,Customer 0607,Small Business,2022-10-21
CUST00608,Customer 0608,Consumer,2023-05-20
CUST00609,Customer 0609,Corporate,2023-06-07
CUST00610,Customer 0610,Consumer,2021-06-23
CUST00611,Customer 0611,Consumer,2022-02-10
CUST00612,Customer 0612,Corporate,2021-12-24
CUST00613,Customer 0613,Small Business,2023-07-24
CUST00614,Customer 0614,Small Business,2022-04-26
CUST00615,Customer 0615,Consumer,2023-04-15
CUST00616,Customer 0616,Corporate,2023-12-04
CUST00617,Customer 0617,Corporate,2024-03-10
CUST00618,Customer 0618,Consumer,2021-09-26
CUST00619,Customer 0619,Consumer,2024-08-12
CUST00620,Customer 0620,Consumer,2021-08-30
CUST00621,Customer 0621,Corporate,2021-02-01
CUST00622,Customer 0622,Consumer,2021-03-07
CUST00623,Customer 0623,Small Business,2021-10-21
CUST00624,Customer 0624,Consumer,2024-06-28
CUST00625,Customer 0625,Small Business,2021-10-31
CUST00626,Customer 0626,Consumer,2023-10-10
CUST00627,Customer 0627,Corporate,2022-09-04
CUST00628,Customer 0628,Consumer,2021-02-28
CUST00629,Customer 0629,Consumer,2022-10-11
CUST00630,Customer 0630,Corporate,2021-02-11
CUST00631,Customer 0631,Small Business,2022-11-27
CUST00632,Customer 0632,Corporate,2023-03-27
CUST00633,Customer 0633,Consumer,2023-02-01
CUST00634,Customer 0634,Consumer,2022-02-17
CUST00635,Customer 0635,Consumer,2024-01-25
CUST00636,Customer 0636,Consumer,2023-05-22
CUST00637,Customer 0637,Corporate,2022-01-07
CUST00638,Customer 0638,Corporate,2022-09-27
CUST00639,Customer 0639,Corporate,2021-06-08
CUST00640,Customer 0640,Small Business,2024-09-10
CUST00641,Customer 0641,Corporate,2024-01-05
CUST00642,Customer 0642,Corporate,2022-02-25
CUST00643,Customer 0643,Consumer,2023-09-13
CUST00644,Customer 0644,Consumer,2023-09-19
CUST00645,Customer 0645,Corporate,2023-06-10
CUST00646,Customer 0646,Small Business,2021-03-20
CUST00647,Customer 0647,Consumer,2024-07-06
CUST00648,Customer 0648,Consumer,2024-10-27
CUST00649,Customer 0649,Corporate,2024-11-23
CUST00650,Customer 0650,Consumer,2024-12-02
CUST00651,Customer 0651,Consumer,2024-09-18
CUST00652,Customer 0652,Small Business,2023-12-16
CUST00653,Customer 0653,Corporate,2021-03-25
CUST00654,Customer 0654,Consumer,2022-11-11
CUST00655,Customer 0655,Small Business,2021-12-24
CUST00656,Customer 0656,Consumer,2021-11-18
CUST00657,Customer 0657,Small Business,2024-04-27
CUST00658,Customer 0658,Consumer,2024-04-01
CUST00659,Customer 0659,Corporate,2023-02-02
CUST00660,Customer 0660,Consumer,2023-12-12
CUST00661,Customer 0661,Consumer,2021-07-08
CUST00662,Customer 0662,Small Business,2021-11-21
CUST00663,Customer 0663,Consumer,2024-06-10
CUST00664,Customer 0664,Consumer,2022-10-21
CUST00665,Customer 0665,Consumer,2023-03-10
CUST00666,Customer 0666,Corporate,2022-11-07
CUST00667,Customer 0667,Corporate,2021-10-23
CUST00668,Customer 0668,Small Business,2024-04-21
CUST00669,Customer 0669,Consumer,2024-01-13
CUST00670,Customer 0670,Consumer,2023-09-26
CUST00671,Customer 0671,Consumer,2022-05-31
CUST00672,Customer 0672,Consumer,2023-07-29
CUST00673,Customer 0673,Small Business,2024-10-23
CUST00674,Customer 0674,Corporate,2023-08-07
CUST00675,Customer 0675,Corporate,2022-12-23
CUST00676,Customer 0676,Consumer,2022-01-30
CUST00677,Customer 0677,Small Business,2023-02-03
CUST00678,Customer 0678,Consumer,2022-06-27
CUST00679,Customer 0679,Consumer,2023-06-12
CUST00680,Customer 0680,Consumer,2021-03-08
CUST00681,Customer 0681,Consumer,2021-10-05
CUST00682,Customer 0682,Consumer,2024-02-23
CUST00683,Customer 0683,Consumer,2022-07-10
CUST00684,Customer 0684,Consumer,2022-09-25
CUST00685,Customer 0685,Corporate,2023-03-06
CUST00686,Customer 0686,Consumer,2022-10-02
CUST00687,Customer 0687,Consumer,2024-01-13
CUST00688,Customer 0688,Small Business,2021-12-25
CUST00689,Customer 0689,Corporate,2024-01-13
CUST00690,Customer 0690,Consumer,2021-11-02
CUST00691,Customer 0691,Consumer,2022-06-26
CUST00692,Customer 0692,Small Business,2023-05-09
CUST00693,Customer 0693,Consumer,2024-07-17
CUST00694,Customer 0694,Consumer,2021-12-06
CUST00695,Customer 0695,Small Business,2023-05-08
CUST00696,Customer 0696,Consumer,2021-04-04
CUST00697,Customer 0697,Corporate,2021-04-21
CUST00698,Customer 0698,Corporate,2024-01-26
CUST00699,Customer 0699,Corporate,2023-11-16
CUST00700,Customer 0700,Consumer,2022-07-04
CUST00701,Customer 0701,Consumer,2023-06-29
CUST00702,Customer 0702,Consumer,2022-07-10
CUST00703,Customer 0703,Consumer,2022-02-09
CUST00704,Customer 0704,Small Business,2022-09-22
CUST00705,Customer 0705,Consumer,2022-04-01
CUST00706,Customer 0706,Consumer,2024-04-04
CUST00707,Customer 0707,Corporate,2022-08-25
CUST00708,Customer 0708,Corporate,2022-04-14
CUST00709,Customer 0709,Consumer,2023-02-22
CUST00710,Customer 0710,Consumer,2024-01-12
CUST00711,Customer 0711,Small Business,2022-02-04
CUST00712,Customer 0712,Corporate,2024-10-03
CUST00713,Customer 0713,Corporate,2022-11-08
CUST00714,Customer 0714,Small Business,2023-08-23
CUST00715,Customer 0715,Corporate,2024-10-29
CUST00716,Customer 0716,Consumer,2022-09-23
CUST00717,Customer 0717,Consumer,2021-10-19
CUST00718,Customer 0718,Consumer,2023-12-28
CUST00719,Customer 0719,Corporate,2021-01-10
CUST00720,Customer 0720,Small Business,2022-10-31
CUST00721,Customer 0721,Consumer,2024-12-01
CUST00722,Customer 0722,Consumer,2022-08-29
CUST00723,Customer 0723,Consumer,2023-09-26
CUST00724,Customer 0724,Small Business,2023-02-06
CUST00725,Customer 0725,Consumer,2021-11-10
CUST00726,Customer 0726,Consumer,2022-04-09
CUST00727,Customer 0727,Consumer,2023-02-04
CUST00728,Customer 0728,Consumer,2021-06-02
CUST00729,Customer 0729,Consumer,2022-08-29
CUST00730,Customer 0730,Consumer,2022-08-29
CUST00731,Customer 0731,Consumer,2024-05-03
CUST00732,Customer 0732,Consumer,2021-06-30
CUST00733,Customer 0733,Consumer,2024-05-15
CUST00734,Customer 0734,Consumer,2022-08-23
CUST00735,Customer 0735,Consumer,2023-08-09
CUST00736,Customer 0736,Corporate,2023-03-25
CUST00737,Customer 0737,Consumer,2022-03-14
CUST00738,Customer 0738,Consumer,2024-09-20
CUST00739,Customer 0739,Consumer,2021-11-24
CUST00740,Customer 0740,Consumer,2021-02-22
CUST00741,Customer 0741,Consumer,2024-01-01
CUST00742,Customer 0742,Consumer,2023-06-27
CUST00743,Customer 0743,Small Business,2024-07-24
CUST00744,Customer 0744,Consumer,2022-10-31
CUST00745,Customer 0745,Consumer,2021-01-25
CUST00746,Customer 0746,Consumer,2021-01-30
CUST00747,Customer 0747,Consumer,2022-09-25
CUST00748,Customer 0748,Consumer,2021-12-31
CUST00749,Customer 0749,Corporate,2024-09-08
CUST00750,Customer 0750,Corporate,2021-06-22
CUST00751,Customer 0751,Consumer,2024-07-09
CUST00752,Customer 0752,Consumer,2021-11-13
CUST00753,Customer 0753,Consumer,2021-06-24
CUST00754,Customer 0754,Consumer,2022-02-05
CUST00755,Customer 0755,Corporate,2021-07-30
CUST00756,Customer 0756,Consumer,2022-08-09
CUST00757,Customer 0757,Consumer,2022-04-28
CUST00758,Customer 0758,Small Business,2023-02-12
CUST00759,Customer 0759,Consumer,2023-02-24
CUST00760,Customer 0760,Consumer,2021-01-02
CUST00761,Customer 0761,Corporate,2021-07-02
CUST00762,Customer 0762,Consumer,2021-08-25
CUST00763,Customer 0763,Consumer,2021-10-12
CUST00764,Customer 0764,Consumer,2021-05-17
CUST00765,Customer 0765,Small Business,2022-04-05
CUST00766,Customer 0766,Consumer,2023-03-14
CUST00767,Customer 0767,Consumer,2022-03-27
CUST00768,Customer 0768,Consumer,2022-04-26
CUST00769,Customer 0769,Consumer,2022-11-17
CUST00770,Customer 0770,Corporate,2023-03-12
CUST00771,Customer 0771,Consumer,2022-04-29
CUST00772,Customer 0772,Consumer,2021-11-20
CUST00773,Customer 0773,Corporate,2022-08-21
CUST00774,Customer 0774,Corporate,2021-02-05
CUST00775,Customer 0775,Consumer,2022-12-21
CUST00776,Customer 0776,Small Business,2024-10-06
CUST00777,Customer 0777,Corporate,2022-08-04
CUST00778,Customer 0778,Consumer,2021-06-08
CUST00779,Customer 0779,Corporate,2023-10-30
CUST00780,Customer 0780,Small Business,2021-07-05
CUST00781,Customer 0781,Consumer,2021-10-10
CUST00782,Customer 0782,Small Business,2021-08-02
CUST00783,Customer 0783,Consumer,2024-07-14
CUST00784,Customer 0784,Corporate,2024-12-03
CUST00785,Customer 0785,Small Business,2023-04-12
CUST00786,Customer 0786,Consumer,2023-06-21
CUST00787,Customer 0787,Corporate,2023-08-01
CUST00788,Customer 0788,Consumer,2023-06-11
CUST00789,Customer 0789,Corporate,2023-03-06
CUST00790,Customer 0790,Corporate,2024-12-11
CUST00791,Customer 0791,Consumer,2023-12-07
CUST00792,Customer 0792,Consumer,2021-05-10
CUST00793,Customer 0793,Consumer,2022-07-27
CUST00794,Customer 0794,Consumer,2024-11-23
CUST00795,Customer 0795,Consumer,2022-08-13
CUST00796,Customer 0796,Consumer,2021-10-25
CUST00797,Customer 0797,Consumer,2024-06-21
CUST00798,Customer 0798,Consumer,2023-06-29
CUST00799,Customer 0799,Corporate,2023-04-02
CUST00800,Customer 0800,Corporate,2022-09-06
CUST00801,Customer 0801,Corporate,2021-07-01
CUST00802,Customer 0802,Consumer,2022-07-15
CUST00803,Customer 0803,Small Business,2022-10-01
CUST00804,Customer 0804,Corporate,2024-09-21
CUST00805,Customer 0805,Consumer,2022-03-25
CUST00806,Customer 0806,Consumer,2021-08-06
CUST00807,Customer 0807,Corporate,2022-09-17
CUST00808,Customer 0808,Consumer,2024-12-26
CUST00809,Customer 0809,Consumer,2022-12-06
CUST00810,Customer 0810,Small Business,2022-07-08
CUST00811,Customer 0811,Consumer,2023-09-01
CUST00812,Customer 0812,Consumer,2023-08-06
CUST00813,Customer 0813,Small Business,2022-03-13
CUST00814,Customer 0814,Corporate,2024-11-14
CUST00815,Customer 0815,Consumer,2023-05-16
CUST00816,Customer 0816,Small Business,2021-03-26
CUST00817,Customer 0817,Small Business,2022-08-19
CUST00818,Customer 0818,Consumer,2024-09-09
CUST00819,Customer 0819,Corporate,2022-07-29
CUST00820,Customer 0820,Consumer,2023-04-10
CUST00821,Customer 0821,Consumer,2023-06-14
CUST00822,Customer 0822,Corporate,2023-10-26
CUST00823,Customer 0823,Consumer,2024-06-27
CUST00824,Customer 0824,Corporate,2021-08-06
CUST00825,Customer 0825,Corporate,2023-01-25
CUST00826,Customer 0826,Consumer,2023-02-18
CUST00827,Customer 0827,Corporate,2021-08-11
CUST00828,Customer 0828,Consumer,2023-09-11
CUST00829,Customer 0829,Small Business,2021-06-22
CUST00830,Customer 0830,Consumer,2022-10-29
CUST00831,Customer 0831,Corporate,2022-04-28
CUST00832,Customer 0832,Consumer,2021-08-15
CUST00833,Customer 0833,Consumer,2024-04-15
CUST00834,Customer 0834,Corporate,2021-12-23
CUST00835,Customer 0835,Corporate,2022-01-08
CUST00836,Customer 0836,Consumer,2024-06-01
CUST00837,Customer 0837,Corporate,2024-07-04
CUST00838,Customer 0838,Small Business,2021-02-20
CUST00839,Customer 0839,Consumer,2022-02-10
CUST00840,Customer 0840,Consumer,2023-11-01
CUST00841,Customer 0841,Consumer,2024-02-11
CUST00842,Customer 0842,Corporate,2024-12-30
CUST00843,Customer 0843,Consumer,2023-03-21
CUST00844,Customer 0844,Consumer,2021-01-11
CUST00845,Customer 0845,Consumer,2024-06-29
CUST00846,Customer 0846,Small Business,2021-08-24
CUST00847,Customer 0847,Consumer,2021-06-26
CUST00848,Customer 0848,Corporate,2023-09-12
CUST00849,Customer 0849,Consumer,2023-06-01
CUST00850,Customer 0850,Small Business,2021-03-29
CUST00851,Customer 0851,Consumer,2021-09-05
CUST00852,Customer 0852,Consumer,2023-05-12
CUST00853,Customer 0853,Small Business,2022-01-08
CUST00854,Customer 0854,Small Business,2023-09-26
CUST00855,Customer 0855,Consumer,2022-08-25
CUST00856,Customer 0856,Consumer,2023-05-09
CUST00857,Customer 0857,Corporate,2022-11-25
CUST00858,Customer 0858,Small Business,2022-06-18
CUST00859,Customer 0859,Consumer,2022-05-15
CUST00860,Customer 0860,Consumer,2023-10-16
CUST00861,Customer 0861,Corporate,2023-01-22
CUST00862,Customer 0862,Corporate,2023-05-18
CUST00863,Customer 0863,Corporate,2023-04-23
CUST00864,Customer 0864,Consumer,2021-10-31
CUST00865,Customer 0865,Consumer,2024-08-26
CUST00866,Customer 0866,Small Business,2023-04-03
CUST00867,Customer 0867,Small Business,2023-11-15
CUST00868,Customer 0868,Corporate,2024-07-11
CUST00869,Customer 0869,Consumer,2024-09-12
CUST00870,Customer 0870,Consumer,2023-09-01
CUST00871,Customer 0871,Corporate,2024-02-24
CUST00872,Customer 0872,Consumer,2022-11-20
CUST00873,Customer 0873,Small Business,2023-12-14
CUST00874,Customer 0874,Consumer,2022-04-15
CUST00875,Customer 0875,Corporate,2023-11-06
CUST00876,Customer 0876,Small Business,2021-05-06
CUST00877,Customer 0877,Consumer,2024-08-27
CUST00878,Customer 0878,Consumer,2021-12-24
CUST00879,Customer 0879,Corporate,2023-08-17
CUST00880,Customer 0880,Corporate,2021-01-17
CUST00881,Customer 0881,Consumer,2021-08-16
CUST00882,Customer 0882,Corporate,2024-12-11
CUST00883,Customer 0883,Small Business,2024-05-01
CUST00884,Customer 0884,Consumer,2021-11-21
CUST00885,Customer 0885,Consumer,2021-07-11
CUST00886,Customer 0886,Consumer,2024-04-04
CUST00887,Customer 0887,Consumer,2024-12-16
CUST00888,Customer 0888,Consumer,2021-09-04
CUST00889,Customer 0889,Consumer,2023-08-28
CUST00890,Customer 0890,Corporate,2022-02-19
CUST00891,Customer 0891,Consumer,2023-12-23
CUST00892,Customer 0892,Small Business,2022-09-03
CUST00893,Customer 0893,Consumer,2021-07-03
CUST00894,Customer 0894,Consumer,2022-04-19
CUST00895,Customer 0895,Corporate,2023-02-26
CUST00896,Customer 0896,Small Business,2024-03-11
CUST00897,Customer 0897,Consumer,2021-01-31
CUST00898,Customer 0898,Consumer,2024-10-30
CUST00899,Customer 0899,Consumer,2023-08-07
CUST00900,Customer 0900,Consumer,2024-07-01
CUST00901,Customer 0901,Consumer,2024-09-19
CUST00902,Customer 0902,Consumer,2021-08-13
CUST00903,Customer 0903,Consumer,2021-05-17
CUST00904,Customer 0904,Consumer,2024-02-08
CUST00905,Customer 0905,Small Business,2021-10-02
CUST00906,Customer 0906,Corporate,2021-08-05
CUST00907,Customer 0907,Consumer,2022-11-16
CUST00908,Customer 0908,Consumer,2024-08-26
CUST00909,Customer 0909,Consumer,2024-03-07
CUST00910,Customer 0910,Consumer,2023-01-27
CUST00911,Customer 0911,Corporate,2021-10-14
CUST00912,Customer 0912,Small Business,2022-05-07
CUST00913,Customer 0913,Small Business,2023-10-03
CUST00914,Customer 0914,Small Business,2021-08-18
CUST00915,Customer 0915,Small Business,2023-02-05
CUST00916,Customer 0916,Small Business,2021-01-18
CUST00917,Customer 0917,Consumer,2022-04-20
CUST00918,Customer 0918,Consumer,2021-12-29
CUST00919,Customer 0919,Consumer,2023-09-22
CUST00920,Customer 0920,Consumer,2024-08-27
CUST00921,Customer 0921,Consumer,2021-08-02
CUST00922,Customer 0922,Corporate,2024-03-10
CUST00923,Customer 0923,Corporate,2023-08-16
CUST00924,Customer 0924,Consumer,2024-11-16
CUST00925,Customer 0925,Consumer,2024-08-23
CUST00926,Customer 0926,Consumer,2021-05-28
CUST00927,Customer 0927,Consumer,2023-12-22
CUST00928,Customer 0928,Small Business,2023-05-15
CUST00929,Customer 0929,Corporate,2021-06-15
CUST00930,Customer 0930,Corporate,2022-01-11
CUST00931,Customer 0931,Consumer,2024-09-15
CUST00932,Customer 0932,Consumer,2023-03-04
CUST00933,Customer 0933,Consumer,2022-05-10
CUST00934,Customer 0934,Corporate,2022-04-13
CUST00935,Customer 0935,Corporate,2024-05-08
CUST00936,Customer 0936,Consumer,2022-02-18
CUST00937,Customer 0937,Small Business,2021-08-20
CUST00938,Customer 0938,Consumer,2023-04-18
CUST00939,Customer 0939,Small Business,2024-12-20
CUST00940,Customer 0940,Consumer,2021-09-25
CUST00941,Customer 0941,Consumer,2022-01-08
CUST00942,Customer 0942,Corporate,2022-11-16
CUST00943,Customer 0943,Consumer,2021-10-19
CUST00944,Customer 0944,Consumer,2023-08-09
CUST00945,Customer 0945,Consumer,2022-01-06
CUST00946,Customer 0946,Consumer,2021-07-07
CUST00947,Customer 0947,Corporate,2022-01-17
CUST00948,Customer 0948,Small Business,2024-09-20
CUST00949,Customer 0949,Small Business,2024-09-26
CUST00950,Customer 0950,Consumer,2023-01-09
CUST00951,Customer 0951,Consumer,2022-08-08
CUST00952,Customer 0952,Consumer,2024-04-11
CUST00953,Customer 0953,Consumer,2021-10-11
CUST00954,Customer 0954,Consumer,2023-08-13
CUST00955,Customer 0955,Small Business,2023-09-20
CUST00956,Customer 0956,Small Business,2023-11-03
CUST00957,Customer 0957,Corporate,2021-11-15
CUST00958,Customer 0958,Consumer,2023-11-12
CUST00959,Customer 0959,Consumer,2023-06-13
CUST00960,Customer 0960,Consumer,2024-07-01
CUST00961,Customer 0961,Consumer,2021-09-12
CUST00962,Customer 0962,Consumer,2023-06-15
CUST00963,Customer 0963,Consumer,2024-04-26
CUST00964,Customer 0964,Consumer,2022-02-11
CUST00965,Customer 0965,Small Business,2023-12-22
CUST00966,Customer 0966,Consumer,2021-05-26
CUST00967,Customer 0967,Small Business,2023-11-15
CUST00968,Customer 0968,Consumer,2023-06-05
CUST00969,Customer 0969,Consumer,2021-10-09
CUST00970,Customer 0970,Consumer,2021-04-07
CUST00971,Customer 0971,Consumer,2023-12-25
CUST00972,Customer 0972,Consumer,2021-12-19
CUST00973,Customer 0973,Consumer,2022-12-28
CUST00974,Customer 0974,Small Business,2021-03-30
CUST00975,Customer 0975,Consumer,2024-11-07
CUST00976,Customer 0976,Corporate,2023-03-13
CUST00977,Customer 0977,Consumer,2024-09-22
CUST00978,Customer 0978,Consumer,2021-08-23
CUST00979,Customer 0979,Consumer,2021-10-28
CUST00980,Customer 0980,Consumer,2023-06-11
CUST00981,Customer 0981,Small Business,2023-06-02
CUST00982,Customer 0982,Corporate,2024-02-29
CUST00983,Customer 0983,Corporate,2024-09-16
CUST00984,Customer 0984,Consumer,2024-04-14
CUST00985,Customer 0985,Consumer,2021-07-24
CUST00986,Customer 0986,Small Business,2022-03-28
CUST00987,Customer 0987,Consumer,2024-08-27
CUST00988,Customer 0988,Consumer,2023-03-13
CUST00989,Customer 0989,Consumer,2024-06-19
CUST00990,Customer 0990,Corporate,2023-04-02
CUST00991,Customer 0991,Corporate,2021-03-14
CUST00992,Customer 0992,Corporate,2022-11-22
CUST00993,Customer 0993,Corporate,2024-04-19
CUST00994,Customer 0994,Consumer,2023-08-15
CUST00995,Customer 0995,Small Business,2021-07-13
CUST00996,Customer 0996,Consumer,2021-11-03
CUST00997,Customer 0997,Corporate,2024-06-01
CUST00998,Customer 0998,Consumer,2024-11-30
CUST00999,Customer 0999,Small Business,2024-01-05
CUST01000,Customer 1000,Consumer,2021-05-24
CUST01001,Customer 1001,Consumer,2023-06-24
CUST01002,Customer 1002,Consumer,2024-04-25
CUST01003,Customer 1003,Consumer,2023-07-24
CUST01004,Customer 1004,Consumer,2023-05-18
CUST01005,Customer 1005,Corporate,2022-11-14
CUST01006,Customer 1006,Consumer,2021-12-24
CUST01007,Customer 1007,Small Business,2022-02-14
CUST01008,Customer 1008,Consumer,2023-12-25
CUST01009,Customer 1009,Corporate,2021-04-12
CUST01010,Customer 1010,Consumer,2021-05-04
CUST01011,Customer 1011,Corporate,2022-08-03
CUST01012,Customer 1012,Corporate,2024-02-05
CUST01013,Customer 1013,Consumer,2023-08-18
CUST01014,Customer 1014,Small Business,2023-05-12
CUST01015,Customer 1015,Consumer,2023-02-19
CUST01016,Customer 1016,Consumer,2021-06-11
CUST01017,Customer 1017,Corporate,2022-04-30
CUST01018,Customer 1018,Corporate,2021-04-27
CUST01019,Customer 1019,Consumer,2024-01-12
CUST01020,Customer 1020,Consumer,2024-01-02
CUST01021,Customer 1021,Small Business,2022-01-12
CUST01022,Customer 1022,Corporate,2022-03-04
CUST01023,Customer 1023,Small Business,2022-04-09
CUST01024,Customer 1024,Consumer,2024-07-22
CUST01025,Customer 1025,Corporate,2022-12-15
CUST01026,Customer 1026,Consumer,2024-01-18
CUST01027,Customer 1027,Small Business,2022-10-18
CUST01028,Customer 1028,Consumer,2023-10-17
CUST01029,Customer 1029,Corporate,2023-02-11
CUST01030,Customer 1030,Consumer,2022-02-11
CUST01031,Customer 1031,Consumer,2024-07-03
CUST01032,Customer 1032,Corporate,2023-11-02
CUST01033,Customer 1033,Consumer,2024-01-29
CUST01034,Customer 1034,Small Business,2024-10-16
CUST01035,Customer 1035,Consumer,2021-12-30
CUST01036,Customer 1036,Corporate,2021-05-14
CUST01037,Customer 1037,Consumer,2023-05-01
CUST01038,Customer 1038,Consumer,2022-04-22
CUST01039,Customer 1039,Consumer,2022-09-29
CUST01040,Customer 1040,Consumer,2021-12-09
CUST01041,Customer 1041,Consumer,2022-08-05
CUST01042,Customer 1042,Corporate,2022-07-29
CUST01043,Customer 1043,Corporate,2022-05-27
CUST01044,Customer 1044,Corporate,2023-12-20
CUST01045,Customer 1045,Consumer,2023-05-16
CUST01046,Customer 1046,Consumer,2022-11-24
CUST01047,Customer 1047,Consumer,2021-06-14
CUST01048,Customer 1048,Corporate,2023-04-14
CUST01049,Customer 1049,Small Business,2021-09-13
CUST01050,Customer 1050,Consumer,2022-04-04
CUST01051,Customer 1051,Corporate,2022-08-29
CUST01052,Customer 1052,Consumer,2021-07-26
CUST01053,Customer 1053,Consumer,2022-07-23
CUST01054,Customer 1054,Consumer,2022-01-25
CUST01055,Customer 1055,Consumer,2024-05-25
CUST01056,Customer 1056,Corporate,2024-06-09
CUST01057,Customer 1057,Small Business,2021-01-07
CUST01058,Customer 1058,Consumer,2023-05-30
CUST01059,Customer 1059,Consumer,2023-07-25
CUST01060,Customer 1060,Corporate,2022-07-06
CUST01061,Customer 1061,Small Business,2022-11-16
CUST01062,Customer 1062,Corporate,2024-02-28
CUST01063,Customer 1063,Consumer,2022-07-06
CUST01064,Customer 1064,Corporate,2021-04-05
CUST01065,Customer 1065,Consumer,2022-06-28
CUST01066,Customer 1066,Small Business,2022-01-06
CUST01067,Customer 1067,Consumer,2022-07-13
CUST01068,Customer 1068,Corporate,2021-12-02
CUST01069,Customer 1069,Consumer,2021-08-07
CUST01070,Customer 1070,Consumer,2024-12-09
CUST01071,Customer 1071,Small Business,2021-07-08
CUST01072,Customer 1072,Corporate,2023-10-28
CUST01073,Customer 1073,Consumer,2023-11-14
CUST01074,Customer 1074,Small Business,2023-06-21
CUST01075,Customer 1075,Small Business,2024-08-23
CUST01076,Customer 1076,Consumer,2021-01-08
CUST01077,Customer 1077,Consumer,2022-03-17
CUST01078,Customer 1078,Consumer,2021-09-27
CUST01079,Customer 1079,Corporate,2023-04-23
CUST01080,Customer 1080,Consumer,2023-07-17
CUST01081,Customer 1081,Consumer,2024-08-03
CUST01082,Customer 1082,Small Business,2022-07-09
CUST01083,Customer 1083,Small Business,2021-12-11
CUST01084,Customer 1084,Corporate,2024-09-11
CUST01085,Customer 1085,Small Business,2023-09-10
CUST01086,Customer 1086,Corporate,2024-01-22
CUST01087,Customer 1087,Corporate,2022-10-12
CUST01088,Customer 1088,Corporate,2022-10-16
CUST01089,Customer 1089,Consumer,2022-07-23
CUST01090,Customer 1090,Consumer,2023-12-31
CUST01091,Customer 1091,Consumer,2021-11-04
CUST01092,Customer 1092,Corporate,2024-11-25
CUST01093,Customer 1093,Consumer,2021-09-14
CUST01094,Customer 1094,Consumer,2022-11-05
CUST01095,Customer 1095,Corporate,2022-04-05
CUST01096,Customer 1096,Consumer,2023-07-28
CUST01097,Customer 1097,Consumer,2023-09-21
CUST01098,Customer 1098,Corporate,2024-09-03
CUST01099,Customer 1099,Small Business,2024-02-27
CUST01100,Customer 1100,Consumer,2021-12-30
CUST01101,Customer 1101,Consumer,2021-10-29
CUST01102,Customer 1102,Consumer,2024-07-18
CUST01103,Customer 1103,Corporate,2022-12-14
CUST01104,Customer 1104,Corporate,2021-05-23
CUST01105,Customer 1105,Consumer,2024-04-19
CUST01106,Customer 1106,Corporate,2023-08-05
CUST01107,Customer 1107,Consumer,2021-02-07
CUST01108,Customer 1108,Consumer,2024-02-17
CUST01109,Customer 1109,Small Business,2023-06-06
CUST01110,Customer 1110,Consumer,2023-06-17
CUST01111,Customer 1111,Consumer,2024-06-16
CUST01112,Customer 1112,Consumer,2022-12-25
CUST01113,Customer 1113,Corporate,2022-11-05
CUST01114,Customer 1114,Small Business,2023-06-21
CUST01115,Customer 1115,Small Business,2021-10-16
CUST01116,Customer 1116,Consumer,2021-08-10
CUST01117,Customer 1117,Consumer,2024-05-16
CUST01118,Customer 1118,Corporate,2021-11-11
CUST01119,Customer 1119,Consumer,2023-01-07
CUST01120,Customer 1120,Small Business,2022-01-30
CUST01121,Customer 1121,Corporate,2021-12-03
CUST01122,Customer 1122,Consumer,2023-05-23
CUST01123,Customer 1123,Corporate,2024-03-17
CUST01124,Customer 1124,Consumer,2022-10-08
CUST01125,Customer 1125,Consumer,2021-07-22
CUST01126,Customer 1126,Consumer,2021-12-23
CUST01127,Customer 1127,Consumer,2021-08-29
CUST01128,Customer 1128,Corporate,2024-07-12
CUST01129,Customer 1129,Corporate,2022-04-12
CUST01130,Customer 1130,Small Business,2022-06-30
CUST01131,Customer 1131,Small Business,2021-04-14
CUST01132,Customer 1132,Consumer,2022-10-14
CUST01133,Customer 1133,Consumer,2024-08-27
CUST01134,Customer 1134,Corporate,2022-08-22
CUST01135,Customer 1135,Small Business,2023-08-09
CUST01136,Customer 1136,Consumer,2021-09-23
CUST01137,Customer 1137,Consumer,2021-07-28
CUST01138,Customer 1138,Consumer,2023-12-05
CUST01139,Customer 1139,Consumer,2021-04-06
CUST01140,Customer 1140,Corporate,2022-10-17
CUST01141,Customer 1141,Consumer,2022-04-08
CUST01142,Customer 1142,Corporate,2021-01-24
CUST01143,Customer 1143,Corporate,2023-02-15
CUST01144,Customer 1144,Corporate,2024-11-08
CUST01145,Customer 1145,Consumer,2021-04-11
CUST01146,Customer 1146,Consumer,2024-04-06
CUST01147,Customer 1147,Corporate,2023-02-27
CUST01148,Customer 1148,Corporate,2023-11-23
CUST01149,Customer 1149,Consumer,2021-05-21
CUST01150,Customer 1150,Small Business,2024-06-22
CUST01151,Customer 1151,Consumer,2021-01-17
CUST01152,Customer 1152,Small Business,2024-08-16
CUST01153,Customer 1153,Consumer,2023-08-19
CUST01154,Customer 1154,Consumer,2022-05-08
CUST01155,Customer 1155,Consumer,2021-01-11
CUST01156,Customer 1156,Consumer,2023-06-11
CUST01157,Customer 1157,Consumer,2021-05-08
CUST01158,Customer 1158,Consumer,2023-06-08
CUST01159,Customer 1159,Consumer,2024-02-03
CUST01160,Customer 1160,Corporate,2022-01-26
CUST01161,Customer 1161,Consumer,2021-12-15
CUST01162,Customer 1162,Corporate,2021-11-21
CUST01163,Customer 1163,Corporate,2021-11-25
CUST01164,Customer 1164,Consumer,2021-06-16
CUST01165,Customer 1165,Consumer,2021-12-31
CUST01166,Customer 1166,Small Business,2023-08-21
CUST01167,Customer 1167,Corporate,2022-03-18
CUST01168,Customer 1168,Consumer,2024-02-15
CUST01169,Customer 1169,Corporate,2024-04-11
CUST01170,Customer 1170,Consumer,2024-01-16
CUST01171,Customer 1171,Consumer,2023-02-27
CUST01172,Customer 1172,Corporate,2022-04-07
CUST01173,Customer 1173,Consumer,2024-09-19
CUST01174,Customer 1174,Corporate,2021-10-27
CUST01175,Customer 1175,Consumer,2022-11-10
CUST01176,Customer 1176,Corporate,2022-10-25
CUST01177,Customer 1177,Consumer,2023-12-25
CUST01178,Customer 1178,Consumer,2023-03-10
CUST01179,Customer 1179,Consumer,2024-03-13
CUST01180,Customer 1180,Consumer,2024-09-03
CUST01181,Customer 1181,Corporate,2022-07-25
CUST01182,Customer 1182,Consumer,2024-07-01
CUST01183,Customer 1183,Consumer,2021-09-05
CUST01184,Customer 1184,Consumer,2024-08-30
CUST01185,Customer 1185,Consumer,2021-09-17
CUST01186,Customer 1186,Corporate,2024-05-26
CUST01187,Customer 1187,Consumer,2022-07-24
CUST01188,Customer 1188,Small Business,2024-11-09
CUST01189,Customer 1189,Consumer,2021-07-08
CUST01190,Customer 1190,Corporate,2022-11-11
CUST01191,Customer 1191,Consumer,2024-08-09
CUST01192,Customer 1192,Consumer,2021-03-11
CUST01193,Customer 1193,Small Business,2022-01-22
CUST01194,Customer 1194,Small Business,2021-05-03
CUST01195,Customer 1195,Small Business,2022-04-15
CUST01196,Customer 1196,Consumer,2022-07-24
CUST01197,Customer 1197,Consumer,2023-06-23
CUST01198,Customer 1198,Corporate,2022-01-12
CUST01199,Customer 1199,Consumer,2021-08-20
CUST01200,Customer 1200,Corporate,2021-09-06
CUST01201,Customer 1201,Consumer,2024-10-02
CUST01202,Customer 1202,Consumer,2024-10-23
CUST01203,Customer 1203,Corporate,2021-11-20
CUST01204,Customer 1204,Corporate,2021-10-13
CUST01205,Customer 1205,Consumer,2021-03-21
CUST01206,Customer 1206,Consumer,2024-11-01
CUST01207,Customer 1207,Corporate,2023-10-28
CUST01208,Customer 1208,Consumer,2024-01-16
CUST01209,Customer 1209,Consumer,2022-03-01
CUST01210,Customer 1210,Consumer,2023-07-25
CUST01211,Customer 1211,Corporate,2021-03-29
CUST01212,Customer 1212,Corporate,2023-09-14
CUST01213,Customer 1213,Consumer,2023-04-27
CUST01214,Customer 1214,Consumer,2022-04-29
CUST01215,Customer 1215,Consumer,2023-11-04
CUST01216,Customer 1216,Consumer,2023-08-02
CUST01217,Customer 1217,Consumer,2022-10-03
CUST01218,Customer 1218,Consumer,2021-09-30
CUST01219,Customer 1219,Corporate,2021-02-04
CUST01220,Customer 1220,Consumer,2024-10-01
CUST01221,Customer 1221,Consumer,2022-02-15
CUST01222,Customer 1222,Consumer,2022-03-17
CUST01223,Customer 1223,Small Business,2023-09-22
CUST01224,Customer 1224,Corporate,2022-01-08
CUST01225,Customer 1225,Consumer,2022-07-03
CUST01226,Customer 1226,Small Business,2023-11-05
CUST01227,Customer 1227,Consumer,2023-05-20
CUST01228,Customer 1228,Consumer,2023-08-17
CUST01229,Customer 1229,Small Business,2021-01-07
CUST01230,Customer 1230,Consumer,2022-10-21
CUST01231,Customer 1231,Consumer,2022-11-25
CUST01232,Customer 1232,Corporate,2023-07-13
CUST01233,Customer 1233,Consumer,2021-08-10
CUST01234,Customer 1234,Corporate,2021-08-21
CUST01235,Customer 1235,Consumer,2024-01-19
CUST01236,Customer 1236,Consumer,2023-09-11
CUST01237,Customer 1237,Consumer,2024-03-30
CUST01238,Customer 1238,Consumer,2022-01-31
CUST01239,Customer 1239,Consumer,2024-12-27
CUST01240,Customer 1240,Consumer,2022-02-03
CUST01241,Customer 1241,Small Business,2023-08-09
CUST01242,Customer 1242,Consumer,2021-08-25
CUST01243,Customer 1243,Consumer,2024-09-03
CUST01244,Customer 1244,Consumer,2022-05-01
CUST01245,Customer 1245,Consumer,2024-03-17
CUST01246,Customer 1246,Consumer,2022-04-29
CUST01247,Customer 1247,Corporate,2024-02-29
CUST01248,Customer 1248,Consumer,2022-10-26
CUST01249,Customer 1249,Small Business,2021-04-02
CUST01250,Customer 1250,Small Business,2021-10-06
CUST01251,Customer 1251,Consumer,2023-09-25
CUST01252,Customer 1252,Consumer,2021-10-09
CUST01253,Customer 1253,Consumer,2022-02-06
CUST01254,Customer 1254,Corporate,2023-03-02
CUST01255,Customer 1255,Consumer,2022-01-05
CUST01256,Customer 1256,Small Business,2021-07-08
CUST01257,Customer 1257,Corporate,2023-07-01
CUST01258,Customer 1258,Corporate,2023-10-03
CUST01259,Customer 1259,Consumer,2023-12-07
CUST01260,Customer 1260,Small Business,2024-10-10
CUST01261,Customer 1261,Consumer,2021-07-01
CUST01262,Customer 1262,Consumer,2022-09-16
CUST01263,Customer 1263,Consumer,2021-12-08
CUST01264,Customer 1264,Small Business,2024-08-08
CUST01265,Customer 1265,Consumer,2023-02-28
CUST01266,Customer 1266,Corporate,2021-05-24
CUST01267,Customer 1267,Consumer,2023-10-08
CUST01268,Customer 1268,Small Business,2021-03-04
CUST01269,Customer 1269,Consumer,2022-02-05
CUST01270,Customer 1270,Consumer,2023-11-20
CUST01271,Customer 1271,Small Business,2023-01-09
CUST01272,Customer 1272,Consumer,2024-01-17
CUST01273,Customer 1273,Consumer,2023-04-14
CUST01274,Customer 1274,Corporate,2024-05-15
CUST01275,Customer 1275,Consumer,2023-04-02
CUST01276,Customer 1276,Consumer,2021-03-24
CUST01277,Customer 1277,Consumer,2021-04-15
CUST01278,Customer 1278,Consumer,2024-02-09
CUST01279,Customer 1279,Small Business,2021-02-26
CUST01280,Customer 1280,Corporate,2022-07-04
CUST01281,Customer 1281,Consumer,2021-01-24
CUST01282,Customer 1282,Consumer,2022-03-19
CUST01283,Customer 1283,Consumer,2023-05-19
CUST01284,Customer 1284,Corporate,2021-09-10
CUST01285,Customer 1285,Small Business,2022-11-12
CUST01286,Customer 1286,Small Business,2024-12-25
CUST01287,Customer 1287,Consumer,2021-04-13
CUST01288,Customer 1288,Consumer,2021-04-03
CUST01289,Customer 1289,Consumer,2022-02-01
CUST01290,Customer 1290,Consumer,2024-04-22
CUST01291,Customer 1291,Consumer,2022-08-16
CUST01292,Customer 1292,Corporate,2023-07-23
CUST01293,Customer 1293,Consumer,2021-02-19
CUST01294,Customer 1294,Consumer,2023-12-10
CUST01295,Customer 1295,Consumer,2021-04-09
CUST01296,Customer 1296,Consumer,2023-11-06
CUST01297,Customer 1297,Consumer,2021-08-04
CUST01298,Customer 1298,Consumer,2024-06-07
CUST01299,Customer 1299,Corporate,2022-03-09
CUST01300,Customer 1300,Consumer,2021-09-26
CUST01301,Customer 1301,Consumer,2022-05-07
CUST01302,Customer 1302,Consumer,2021-01-02
CUST01303,Customer 1303,Corporate,2021-08-30
CUST01304,Customer 1304,Consumer,2023-05-24
CUST01305,Customer 1305,Corporate,2022-03-16
CUST01306,Customer 1306,Small Business,2022-06-01
CUST01307,Customer 1307,Corporate,2024-03-24
CUST01308,Customer 1308,Corporate,2021-06-30
CUST01309,Customer 1309,Consumer,2022-08-02
CUST01310,Customer 1310,Small Business,2021-09-29
CUST01311,Customer 1311,Consumer,2022-12-06
CUST01312,Customer 1312,Small Business,2022-04-30
CUST01313,Customer 1313,Consumer,2021-03-09
CUST01314,Customer 1314,Consumer,2021-04-13
CUST01315,Customer 1315,Consumer,2024-05-29
CUST01316,Customer 1316,Corporate,2021-03-25
CUST01317,Customer 1317,Consumer,2024-02-17
CUST01318,Customer 1318,Consumer,2024-08-30
CUST01319,Customer 1319,Corporate,2022-11-12
CUST01320,Customer 1320,Small Business,2022-04-01
CUST01321,Customer 1321,Consumer,2024-02-08
CUST01322,Customer 1322,Consumer,2024-12-05
CUST01323,Customer 1323,Consumer,2021-06-25
CUST01324,Customer 1324,Corporate,2024-11-08
CUST01325,Customer 1325,Consumer,2024-10-09
CUST01326,Customer 1326,Small Business,2021-07-28
CUST01327,Customer 1327,Consumer,2021-03-21
CUST01328,Customer 1328,Consumer,2023-11-10
CUST01329,Customer 1329,Consumer,2021-04-24
CUST01330,Customer 1330,Consumer,2023-05-28
CUST01331,Customer 1331,Corporate,2021-04-05
CUST01332,Customer 1332,Consumer,2023-10-06
CUST01333,Customer 1333,Consumer,2021-12-05
CUST01334,Customer 1334,Small Business,2021-05-21
CUST01335,Customer 1335,Small Business,2021-04-08
CUST01336,Customer 1336,Small Business,2021-10-03
CUST01337,Customer 1337,Consumer,2023-03-01
CUST01338,Customer 1338,Corporate,2021-04-22
CUST01339,Customer 1339,Small Business,2024-03-17
CUST01340,Customer 1340,Consumer,2023-06-02
CUST01341,Customer 1341,Consumer,2022-03-11
CUST01342,Customer 1342,Corporate,2024-12-11
CUST01343,Customer 1343,Consumer,2023-08-20
CUST01344,Customer 1344,Consumer,2023-09-09
CUST01345,Customer 1345,Small Business,2021-09-11
CUST01346,Customer 1346,Corporate,2023-11-04
CUST01347,Customer 1347,Consumer,2023-03-28
CUST01348,Customer 1348,Consumer,2024-12-08
CUST01349,Customer 1349,Consumer,2022-11-29
CUST01350,Customer 1350,Consumer,2023-09-17
CUST01351,Customer 1351,Corporate,2022-05-14
CUST01352,Customer 1352,Corporate,2021-02-28
CUST01353,Customer 1353,Consumer,2021-07-06
CUST01354,Customer 1354,Consumer,2024-06-19
CUST01355,Customer 1355,Small Business,2023-12-14
CUST01356,Customer 1356,Consumer,2022-06-17
CUST01357,Customer 1357,Consumer,2023-10-16
CUST01358,Customer 1358,Consumer,2021-01-07
CUST01359,Customer 1359,Corporate,2021-02-24
CUST01360,Customer 1360,Consumer,2023-01-11
CUST01361,Customer 1361,Corporate,2023-07-02
CUST01362,Customer 1362,Consumer,2024-09-30
CUST01363,Customer 1363,Corporate,2024-01-15
CUST01364,Customer 1364,Consumer,2022-01-11
CUST01365,Customer 1365,Consumer,2024-04-05
CUST01366,Customer 1366,Consumer,2022-12-19
CUST01367,Customer 1367,Consumer,2024-04-21
CUST01368,Customer 1368,Consumer,2021-09-11
CUST01369,Customer 1369,Consumer,2021-02-08
CUST01370,Customer 1370,Consumer,2021-03-26
CUST01371,Customer 1371,Consumer,2024-12-17
CUST01372,Customer 1372,Small Business,2021-04-28
CUST01373,Customer 1373,Consumer,2024-10-03
CUST01374,Customer 1374,Corporate,2023-11-28
CUST01375,Customer 1375,Small Business,2021-08-02
CUST01376,Customer 1376,Consumer,2024-06-15
CUST01377,Customer 1377,Corporate,2021-07-30
CUST01378,Customer 1378,Small Business,2021-07-29
CUST01379,Customer 1379,Corporate,2023-04-21
CUST01380,Customer 1380,Consumer,2022-02-25
CUST01381,Customer 1381,Consumer,2022-03-01
CUST01382,Customer 1382,Consumer,2021-10-12
CUST01383,Customer 1383,Consumer,2023-06-07
CUST01384,Customer 1384,Small Business,2021-02-09
CUST01385,Customer 1385,Small Business,2021-12-24
CUST01386,Customer 1386,Consumer,2023-03-20
CUST01387,Customer 1387,Corporate,2022-12-12
CUST01388,Customer 1388,Consumer,2023-10-19
CUST01389,Customer 1389,Small Business,2021-11-12
CUST01390,Customer 1390,Consumer,2023-08-04
CUST01391,Customer 1391,Small Business,2024-01-15
CUST01392,Customer 1392,Corporate,2022-07-21
CUST01393,Customer 1393,Consumer,2022-01-10
CUST01394,Customer 1394,Consumer,2023-03-22
CUST01395,Customer 1395,Corporate,2023-04-26
CUST01396,Customer 1396,Consumer,2021-05-18
CUST01397,Customer 1397,Consumer,2023-04-06
CUST01398,Customer 1398,Small Business,2021-08-14
CUST01399,Customer 1399,Consumer,2023-04-11
CUST01400,Customer 1400,Consumer,2024-09-22
CUST01401,Customer 1401,Consumer,2023-02-24
CUST01402,Customer 1402,Consumer,2024-01-17
CUST01403,Customer 1403,Small Business,2022-03-29
CUST01404,Customer 1404,Consumer,2024-09-09
CUST01405,Customer 1405,Consumer,2024-04-01
CUST01406,Customer 1406,Consumer,2024-08-31
CUST01407,Customer 1407,Small Business,2023-12-19
CUST01408,Customer 1408,Consumer,2023-08-07
CUST01409,Customer 1409,Small Business,2023-02-06
CUST01410,Customer 1410,Corporate,2024-09-17
CUST01411,Customer 1411,Corporate,2024-05-23
CUST01412,Customer 1412,Small Business,2022-09-01
CUST01413,Customer 1413,Corporate,2021-05-06
CUST01414,Customer 1414,Small Business,2021-01-06
CUST01415,Customer 1415,Consumer,2021-12-07
CUST01416,Customer 1416,Corporate,2021-04-02
CUST01417,Customer 1417,Consumer,2021-11-05
CUST01418,Customer 1418,Consumer,2021-06-09
CUST01419,Customer 1419,Small Business,2024-12-03
CUST01420,Customer 1420,Small Business,2021-05-20
CUST01421,Customer 1421,Corporate,2023-07-05
CUST01422,Customer 1422,Consumer,2022-05-29
CUST01423,Customer 1423,Consumer,2021-09-12
CUST01424,Customer 1424,Consumer,2023-10-21
CUST01425,Customer 1425,Consumer,2024-11-18
CUST01426,Customer 1426,Consumer,2024-02-29
CUST01427,Customer 1427,Consumer,2024-11-24
CUST01428,Customer 1428,Consumer,2023-05-12
CUST01429,Customer 1429,Corporate,2023-09-11
CUST01430,Customer 1430,Consumer,2021-08-02
CUST01431,Customer 1431,Small Business,2024-05-29
CUST01432,Customer 1432,Corporate,2023-12-28
CUST01433,Customer 1433,Consumer,2022-01-06
CUST01434,Customer 1434,Consumer,2022-06-03
CUST01435,Customer 1435,Consumer,2023-06-11
CUST01436,Customer 1436,Small Business,2021-01-19
CUST01437,Customer 1437,Consumer,2024-04-09
CUST01438,Customer 1438,Consumer,2022-02-14
CUST01439,Customer 1439,Small Business,2021-04-20
CUST01440,Customer 1440,Small Business,2022-04-28
CUST01441,Customer 1441,Consumer,2024-05-05
CUST01442,Customer 1442,Consumer,2022-02-05
CUST01443,Customer 1443,Consumer,2023-02-27
CUST01444,Customer 1444,Consumer,2024-03-31
CUST01445,Customer 1445,Consumer,2021-02-19
CUST01446,Customer 1446,Consumer,2024-01-15
CUST01447,Customer 1447,Small Business,2022-02-26
CUST01448,Customer 1448,Consumer,2023-10-13
CUST01449,Customer 1449,Corporate,2021-10-02
CUST01450,Customer 1450,Consumer,2021-07-22
CUST01451,Customer 1451,Corporate,2024-02-25
CUST01452,Customer 1452,Corporate,2024-03-25
CUST01453,Customer 1453,Small Business,2024-12-03
CUST01454,Customer 1454,Small Business,2023-09-16
CUST01455,Customer 1455,Consumer,2022-11-12
CUST01456,Customer 1456,Consumer,2021-10-12
CUST01457,Customer 1457,Consumer,2022-03-08
CUST01458,Customer 1458,Consumer,2023-08-05
CUST01459,Customer 1459,Small Business,2022-05-21
CUST01460,Customer 1460,Consumer,2022-12-07
CUST01461,Customer 1461,Corporate,2021-09-03
CUST01462,Customer 1462,Consumer,2022-10-04
CUST01463,Customer 1463,Consumer,2021-12-14
CUST01464,Customer 1464,Consumer,2021-06-13
CUST01465,Customer 1465,Corporate,2021-07-12
CUST01466,Customer 1466,Corporate,2023-01-27
CUST01467,Customer 1467,Consumer,2022-06-19
CUST01468,Customer 1468,Consumer,2021-05-26
CUST01469,Customer 1469,Corporate,2023-01-21
CUST01470,Customer 1470,Consumer,2021-08-28
CUST01471,Customer 1471,Small Business,2021-01-23
CUST01472,Customer 1472,Consumer,2021-07-13
CUST01473,Customer 1473,Consumer,2022-10-17
CUST01474,Customer 1474,Consumer,2024-10-24
CUST01475,Customer 1475,Consumer,2021-12-19
CUST01476,Customer 1476,Consumer,2022-02-20
CUST01477,Customer 1477,Consumer,2021-12-21
CUST01478,Customer 1478,Small Business,2022-06-03
CUST01479,Customer 1479,Consumer,2023-11-14
CUST01480,Customer 1480,Consumer,2022-04-16
CUST01481,Customer 1481,Consumer,2023-08-19
CUST01482,Customer 1482,Consumer,2024-08-04
CUST01483,Customer 1483,Corporate,2024-10-13
CUST01484,Customer 1484,Consumer,2023-04-02
CUST01485,Customer 1485,Corporate,2023-11-08
CUST01486,Customer 1486,Consumer,2024-09-03
CUST01487,Customer 1487,Small Business,2024-02-23
CUST01488,Customer 1488,Consumer,2022-03-14
CUST01489,Customer 1489,Small Business,2021-07-12
CUST01490,Customer 1490,Consumer,2021-06-17
CUST01491,Customer 1491,Consumer,2024-07-11
CUST01492,Customer 1492,Corporate,2023-03-24
CUST01493,Customer 1493,Corporate,2022-03-09
CUST01494,Customer 1494,Corporate,2022-05-20
CUST01495,Customer 1495,Consumer,2022-02-16
CUST01496,Customer 1496,Corporate,2024-03-16
CUST01497,Customer 1497,Small Business,2023-06-14
CUST01498,Customer 1498,Corporate,2024-07-07
CUST01499,Customer 1499,Consumer,2022-03-17
CUST01500,Customer 1500,Corporate,2022-11-21
CUST01501,Customer 1501,Corporate,2021-06-27
CUST01502,Customer 1502,Small Business,2024-11-19
CUST01503,Customer 1503,Consumer,2023-01-18
CUST01504,Customer 1504,Consumer,2023-03-19
CUST01505,Customer 1505,Corporate,2022-08-27
CUST01506,Customer 1506,Consumer,2022-01-31
CUST01507,Customer 1507,Corporate,2024-10-16
CUST01508,Customer 1508,Consumer,2022-12-15
CUST01509,Customer 1509,Consumer,2023-09-13
CUST01510,Customer 1510,Corporate,2021-02-24
CUST01511,Customer 1511,Consumer,2022-02-07
CUST01512,Customer 1512,Consumer,2024-03-19
CUST01513,Customer 1513,Corporate,2021-05-09
CUST01514,Customer 1514,Corporate,2021-05-29
CUST01515,Customer 1515,Small Business,2024-03-28
CUST01516,Customer 1516,Consumer,2022-03-27
CUST01517,Customer 1517,Consumer,2022-02-04
CUST01518,Customer 1518,Small Business,2023-04-06
CUST01519,Customer 1519,Consumer,2021-10-12
CUST01520,Customer 1520,Consumer,2021-03-04
CUST01521,Customer 1521,Consumer,2021-01-07
CUST01522,Customer 1522,Consumer,2021-04-26
CUST01523,Customer 1523,Small Business,2021-08-20
CUST01524,Customer 1524,Corporate,2023-10-14
CUST01525,Customer 1525,Corporate,2022-03-12
CUST01526,Customer 1526,Consumer,2021-04-15
CUST01527,Customer 1527,Consumer,2021-01-22
CUST01528,Customer 1528,Consumer,2022-11-28
CUST01529,Customer 1529,Consumer,2024-05-11
CUST01530,Customer 1530,Consumer,2022-05-10
CUST01531,Customer 1531,Consumer,2021-04-04
CUST01532,Customer 1532,Consumer,2021-11-29
CUST01533,Customer 1533,Consumer,2022-12-31
CUST01534,Customer 1534,Corporate,2021-10-03
CUST01535,Customer 1535,Consumer,2024-11-29
CUST01536,Customer 1536,Consumer,2024-01-20
CUST01537,Customer 1537,Corporate,2022-05-19
CUST01538,Customer 1538,Corporate,2024-10-21
CUST01539,Customer 1539,Corporate,2022-04-20
CUST01540,Customer 1540,Consumer,2021-07-24
CUST01541,Customer 1541,Corporate,2024-10-01
CUST01542,Customer 1542,Consumer,2024-11-02
CUST01543,Customer 1543,Consumer,2022-04-02
CUST01544,Customer 1544,Consumer,2023-05-19
CUST01545,Customer 1545,Consumer,2021-09-11
CUST01546,Customer 1546,Consumer,2023-07-26
CUST01547,Customer 1547,Consumer,2023-10-05
CUST01548,Customer 1548,Corporate,2023-11-03
CUST01549,Customer 1549,Consumer,2023-04-11
CUST01550,Customer 1550,Consumer,2023-10-26
CUST01551,Customer 1551,Consumer,2023-03-22
CUST01552,Customer 1552,Consumer,2024-04-11
CUST01553,Customer 1553,Consumer,2021-09-20
CUST01554,Customer 1554,Consumer,2022-12-07
CUST01555,Customer 1555,Consumer,2022-08-31
CUST01556,Customer 1556,Corporate,2023-02-18
CUST01557,Customer 1557,Small Business,2021-07-27
CUST01558,Customer 1558,Consumer,2022-04-18
CUST01559,Customer 1559,Corporate,2024-10-25
CUST01560,Customer 1560,Small Business,2021-06-03
CUST01561,Customer 1561,Small Business,2023-07-17
CUST01562,Customer 1562,Corporate,2023-08-29
CUST01563,Customer 1563,Small Business,2022-11-24
CUST01564,Customer 1564,Small Business,2021-02-19
CUST01565,Customer 1565,Corporate,2021-02-20
CUST01566,Customer 1566,Consumer,2022-02-07
CUST01567,Customer 1567,Consumer,2021-05-30
CUST01568,Customer 1568,Consumer,2021-05-18
CUST01569,Customer 1569,Consumer,2021-08-22
CUST01570,Customer 1570,Consumer,2021-10-06
CUST01571,Customer 1571,Consumer,2024-05-09
CUST01572,Customer 1572,Consumer,2023-07-22
CUST01573,Customer 1573,Consumer,2021-02-14
CUST01574,Customer 1574,Corporate,2023-07-07
CUST01575,Customer 1575,Consumer,2021-07-19
CUST01576,Customer 1576,Consumer,2022-09-07
CUST01577,Customer 1577,Corporate,2021-02-25
CUST01578,Customer 1578,Corporate,2021-05-12
CUST01579,Customer 1579,Small Business,2021-07-13
CUST01580,Customer 1580,Small Business,2022-09-25
CUST01581,Customer 1581,Small Business,2022-11-08
CUST01582,Customer 1582,Consumer,2022-05-31
CUST01583,Customer 1583,Consumer,2023-06-25
CUST01584,Customer 1584,Consumer,2023-11-18
CUST01585,Customer 1585,Corporate,2023-11-30
CUST01586,Customer 1586,Small Business,2023-04-26
CUST01587,Customer 1587,Consumer,2023-03-08
CUST01588,Customer 1588,Consumer,2022-12-19
CUST01589,Customer 1589,Consumer,2021-12-14
CUST01590,Customer 1590,Consumer,2022-12-12
CUST01591,Customer 1591,Consumer,2021-01-15
CUST01592,Customer 1592,Consumer,2024-11-11
CUST01593,Customer 1593,Small Business,2022-06-25
CUST01594,Customer 1594,Consumer,2024-01-10
CUST01595,Customer 1595,Corporate,2024-10-28
CUST01596,Customer 1596,Corporate,2022-12-27
CUST01597,Customer 1597,Consumer,2024-06-12
CUST01598,Customer 1598,Consumer,2022-12-01
CUST01599,Customer 1599,Corporate,2021-07-13
CUST01600,Customer 1600,Consumer,2021-02-08
CUST01601,Customer 1601,Small Business,2021-07-18
CUST01602,Customer 1602,Consumer,2024-10-08
CUST01603,Customer 1603,Corporate,2022-11-25
CUST01604,Customer 1604,Corporate,2022-04-11
CUST01605,Customer 1605,Consumer,2022-10-14
CUST01606,Customer 1606,Consumer,2022-01-09
CUST01607,Customer 1607,Small Business,2024-06-25
CUST01608,Customer 1608,Consumer,2024-12-30
CUST01609,Customer 1609,Consumer,2021-05-04
CUST01610,Customer 1610,Consumer,2023-11-16
CUST01611,Customer 1611,Consumer,2022-05-05
CUST01612,Customer 1612,Corporate,2021-03-11
CUST01613,Customer 1613,Corporate,2024-09-08
CUST01614,Customer 1614,Consumer,2021-04-01
CUST01615,Customer 1615,Corporate,2021-10-28
CUST01616,Customer 1616,Consumer,2021-02-07
CUST01617,Customer 1617,Consumer,2022-11-20
CUST01618,Customer 1618,Consumer,2023-05-26
CUST01619,Customer 1619,Small Business,2022-04-14
CUST01620,Customer 1620,Consumer,2021-04-15
CUST01621,Customer 1621,Consumer,2021-06-19
CUST01622,Customer 1622,Consumer,2024-09-24
CUST01623,Customer 1623,Corporate,2024-03-22
CUST01624,Customer 1624,Consumer,2024-09-29
CUST01625,Customer 1625,Consumer,2023-02-14
CUST01626,Customer 1626,Corporate,2023-03-09
CUST01627,Customer 1627,Consumer,2024-02-22
CUST01628,Customer 1628,Consumer,2023-06-20
CUST01629,Customer 1629,Consumer,2022-09-30
CUST01630,Customer 1630,Consumer,2022-03-03
CUST01631,Customer 1631,Consumer,2022-12-10
CUST01632,Customer 1632,Small Business,2021-04-04
CUST01633,Customer 1633,Corporate,2021-10-08
CUST01634,Customer 1634,Corporate,2023-12-13
CUST01635,Customer 1635,Small Business,2024-06-21
CUST01636,Customer 1636,Consumer,2021-05-29
CUST01637,Customer 1637,Consumer,2021-05-22
CUST01638,Customer 1638,Small Business,2021-05-05
CUST01639,Customer 1639,Consumer,2024-03-01
CUST01640,Customer 1640,Corporate,2022-03-31
CUST01641,Customer 1641,Corporate,2022-04-23
CUST01642,Customer 1642,Consumer,2021-01-19
CUST01643,Customer 1643,Consumer,2024-11-20
CUST01644,Customer 1644,Consumer,2022-09-26
CUST01645,Customer 1645,Consumer,2024-03-10
CUST01646,Customer 1646,Consumer,2023-10-31
CUST01647,Customer 1647,Consumer,2021-07-26
CUST01648,Customer 1648,Corporate,2024-03-15
CUST01649,Customer 1649,Small Business,2023-03-15
CUST01650,Customer 1650,Corporate,2023-06-02
CUST01651,Customer 1651,Consumer,2021-10-20
CUST01652,Customer 1652,Consumer,2024-05-21
CUST01653,Customer 1653,Consumer,2024-09-22
CUST01654,Customer 1654,Consumer,2022-08-17
CUST01655,Customer 1655,Small Business,2021-05-16
CUST01656,Customer 1656,Consumer,2024-05-24
CUST01657,Customer 1657,Consumer,2024-07-19
CUST01658,Customer 1658,Corporate,2023-01-10
CUST01659,Customer 1659,Consumer,2023-04-26
CUST01660,Customer 1660,Consumer,2021-11-22
CUST01661,Customer 1661,Consumer,2021-04-09
CUST01662,Customer 1662,Corporate,2024-10-10
CUST01663,Customer 1663,Corporate,2022-12-07
CUST01664,Customer 1664,Consumer,2022-02-06
CUST01665,Customer 1665,Small Business,2023-10-10
CUST01666,Customer 1666,Small Business,2021-02-08
CUST01667,Customer 1667,Corporate,2021-04-27
CUST01668,Customer 1668,Consumer,2021-12-21
CUST01669,Customer 1669,Consumer,2022-10-20
CUST01670,Customer 1670,Small Business,2022-06-20
CUST01671,Customer 1671,Consumer,2021-10-01
CUST01672,Customer 1672,Corporate,2022-05-28
CUST01673,Customer 1673,Corporate,2022-05-03
CUST01674,Customer 1674,Consumer,2023-02-06
CUST01675,Customer 1675,Corporate,2023-04-02
CUST01676,Customer 1676,Small Business,2024-07-13
CUST01677,Customer 1677,Corporate,2024-03-23
CUST01678,Customer 1678,Consumer,2022-03-03
CUST01679,Customer 1679,Small Business,2024-08-10
CUST01680,Customer 1680,Consumer,2023-01-31
CUST01681,Customer 1681,Corporate,2021-10-02
CUST01682,Customer 1682,Corporate,2022-05-12
CUST01683,Customer 1683,Corporate,2023-12-19
CUST01684,Customer 1684,Consumer,2024-04-14
CUST01685,Customer 1685,Consumer,2022-07-01
CUST01686,Customer 1686,Consumer,2021-08-19
CUST01687,Customer 1687,Consumer,2021-10-08
CUST01688,Customer 1688,Consumer,2021-06-01
CUST01689,Customer 1689,Corporate,2023-10-18
CUST01690,Customer 1690,Consumer,2023-01-05
CUST01691,Customer 1691,Corporate,2022-10-21
CUST01692,Customer 1692,Small Business,2023-09-08
CUST01693,Customer 1693,Consumer,2024-04-24
CUST01694,Customer 1694,Corporate,2024-03-07
CUST01695,Customer 1695,Corporate,2021-07-20
CUST01696,Customer 1696,Consumer,2023-05-11
CUST01697,Customer 1697,Consumer,2024-07-12
CUST01698,Customer 1698,Corporate,2024-02-04
CUST01699,Customer 1699,Small Business,2022-04-26
CUST01700,Customer 1700,Corporate,2022-07-28
CUST01701,Customer 1701,Small Business,2024-07-23
CUST01702,Customer 1702,Small Business,2021-02-17
CUST01703,Customer 1703,Consumer,2023-02-07
CUST01704,Customer 1704,Corporate,2021-06-19
CUST01705,Customer 1705,Consumer,2024-07-30
CUST01706,Customer 1706,Small Business,2021-02-26
CUST01707,Customer 1707,Consumer,2021-02-04
CUST01708,Customer 1708,Consumer,2022-04-26
CUST01709,Customer 1709,Small Business,2021-10-20
CUST01710,Customer 1710,Consumer,2022-12-25
CUST01711,Customer 1711,Corporate,2022-03-14
CUST01712,Customer 1712,Consumer,2022-06-05
CUST01713,Customer 1713,Small Business,2023-04-05
CUST01714,Customer 1714,Small Business,2023-03-30
CUST01715,Customer 1715,Consumer,2024-09-26
CUST01716,Customer 1716,Corporate,2022-12-03
CUST01717,Customer 1717,Consumer,2023-04-04
CUST01718,Customer 1718,Corporate,2023-09-17
CUST01719,Customer 1719,Corporate,2021-09-12
CUST01720,Customer 1720,Corporate,2023-09-01
CUST01721,Customer 1721,Consumer,2024-06-12
CUST01722,Customer 1722,Consumer,2022-04-10
CUST01723,Customer 1723,Corporate,2021-09-18
CUST01724,Customer 1724,Consumer,2022-05-21
CUST01725,Customer 1725,Consumer,2022-02-06
CUST01726,Customer 1726,Consumer,2023-05-05
CUST01727,Customer 1727,Consumer,2024-06-15
CUST01728,Customer 1728,Small Business,2023-05-21
CUST01729,Customer 1729,Consumer,2021-07-03
CUST01730,Customer 1730,Consumer,2022-04-05
CUST01731,Customer 1731,Small Business,2023-10-04
CUST01732,Customer 1732,Consumer,2022-04-28
CUST01733,Customer 1733,Corporate,2023-05-07
CUST01734,Customer 1734,Consumer,2023-10-11
CUST01735,Customer 1735,Small Business,2022-04-26
CUST01736,Customer 1736,Corporate,2023-08-04
CUST01737,Customer 1737,Small Business,2022-08-05
CUST01738,Customer 1738,Consumer,2021-07-17
CUST01739,Customer 1739,Consumer,2022-06-28
CUST01740,Customer 1740,Corporate,2022-10-06
CUST01741,Customer 1741,Consumer,2021-01-04
CUST01742,Customer 1742,Consumer,2024-07-27
CUST01743,Customer 1743,Consumer,2023-02-10
CUST01744,Customer 1744,Small Business,2021-02-23
CUST01745,Customer 1745,Corporate,2024-06-21
CUST01746,Customer 1746,Corporate,2024-06-02
CUST01747,Customer 1747,Corporate,2021-01-18
CUST01748,Customer 1748,Consumer,2021-08-27
CUST01749,Customer 1749,Consumer,2022-06-16
CUST01750,Customer 1750,Consumer,2023-01-11
CUST01751,Customer 1751,Corporate,2023-11-26
CUST01752,Customer 1752,Consumer,2022-09-12
CUST01753,Customer 1753,Small Business,2023-06-13
CUST01754,Customer 1754,Corporate,2021-01-15
CUST01755,Customer 1755,Consumer,2023-08-20
CUST01756,Customer 1756,Consumer,2024-08-29
CUST01757,Customer 1757,Consumer,2023-02-08
CUST01758,Customer 1758,Small Business,2022-10-27
CUST01759,Customer 1759,Small Business,2022-03-10
CUST01760,Customer 1760,Small Business,2024-10-25
CUST01761,Customer 1761,Consumer,2021-02-18
CUST01762,Customer 1762,Consumer,2022-02-23
CUST01763,Customer 1763,Consumer,2021-07-22
CUST01764,Customer 1764,Consumer,2024-06-18
CUST01765,Customer 1765,Consumer,2022-12-06
CUST01766,Customer 1766,Consumer,2024-09-08
CUST01767,Customer 1767,Small Business,2023-08-30
CUST01768,Customer 1768,Consumer,2023-03-24
CUST01769,Customer 1769,Consumer,2023-01-26
CUST01770,Customer 1770,Corporate,2021-10-23
CUST01771,Customer 1771,Corporate,2023-04-01
CUST01772,Customer 1772,Corporate,2023-09-28
CUST01773,Customer 1773,Corporate,2024-11-10
CUST01774,Customer 1774,Small Business,2023-03-13
CUST01775,Customer 1775,Corporate,2024-10-02
CUST01776,Customer 1776,Consumer,2024-10-11
CUST01777,Customer 1777,Corporate,2023-02-02
CUST01778,Customer 1778,Consumer,2022-10-04
CUST01779,Customer 1779,Consumer,2021-07-28
CUST01780,Customer 1780,Consumer,2022-01-28
CUST01781,Customer 1781,Consumer,2024-07-07
CUST01782,Customer 1782,Corporate,2021-07-21
CUST01783,Customer 1783,Consumer,2022-08-03
CUST01784,Customer 1784,Consumer,2023-10-18
CUST01785,Customer 1785,Consumer,2021-12-18
CUST01786,Customer 1786,Corporate,2024-11-23
CUST01787,Customer 1787,Consumer,2023-08-07
CUST01788,Customer 1788,Corporate,2021-02-11
CUST01789,Customer 1789,Small Business,2021-12-27
CUST01790,Customer 1790,Consumer,2023-12-18
CUST01791,Customer 1791,Corporate,2024-06-14
CUST01792,Customer 1792,Consumer,2024-09-15
CUST01793,Customer 1793,Consumer,2024-05-27
CUST01794,Customer 1794,Corporate,2021-04-20
CUST01795,Customer 1795,Small Business,2023-12-02
CUST01796,Customer 1796,Consumer,2021-06-10
CUST01797,Customer 1797,Consumer,2021-04-22
CUST01798,Customer 1798,Consumer,2023-10-08
CUST01799,Customer 1799,Consumer,2022-11-30
CUST01800,Customer 1800,Corporate,2023-08-05
CUST01801,Customer 1801,Corporate,2024-05-28
CUST01802,Customer 1802,Corporate,2021-04-11
CUST01803,Customer 1803,Consumer,2023-02-10
CUST01804,Customer 1804,Corporate,2024-05-03
CUST01805,Customer 1805,Corporate,2022-10-05
CUST01806,Customer 1806,Corporate,2023-02-04
CUST01807,Customer 1807,Consumer,2022-12-28
CUST01808,Customer 1808,Consumer,2024-08-17
CUST01809,Customer 1809,Consumer,2021-03-14
CUST01810,Customer 1810,Consumer,2024-07-05
CUST01811,Customer 1811,Consumer,2024-04-06
CUST01812,Customer 1812,Consumer,2024-04-01
CUST01813,Customer 1813,Corporate,2022-08-25
CUST01814,Customer 1814,Consumer,2023-01-24
CUST01815,Customer 1815,Corporate,2022-06-23
CUST01816,Customer 1816,Consumer,2022-01-03
CUST01817,Customer 1817,Corporate,2024-07-02
CUST01818,Customer 1818,Consumer,2023-01-09
CUST01819,Customer 1819,Consumer,2023-11-23
CUST01820,Customer 1820,Corporate,2021-05-28
CUST01821,Customer 1821,Small Business,2024-02-26
CUST01822,Customer 1822,Consumer,2023-08-20
CUST01823,Customer 1823,Consumer,2024-12-27
CUST01824,Customer 1824,Corporate,2021-07-15
CUST01825,Customer 1825,Corporate,2023-02-28
CUST01826,Customer 1826,Consumer,2023-01-17
CUST01827,Customer 1827,Consumer,2023-02-26
CUST01828,Customer 1828,Consumer,2021-03-21
CUST01829,Customer 1829,Small Business,2022-11-22
CUST01830,Customer 1830,Consumer,2022-03-14
CUST01831,Customer 1831,Consumer,2023-06-21
CUST01832,Customer 1832,Small Business,2021-12-05
CUST01833,Customer 1833,Consumer,2022-09-28
CUST01834,Customer 1834,Consumer,2023-06-25
CUST01835,Customer 1835,Consumer,2021-04-04
CUST01836,Customer 1836,Consumer,2024-02-23
CUST01837,Customer 1837,Consumer,2023-11-11
CUST01838,Customer 1838,Consumer,2021-03-25
CUST01839,Customer 1839,Corporate,2021-04-05
CUST01840,Customer 1840,Corporate,2024-05-26
CUST01841,Customer 1841,Consumer,2022-02-18
CUST01842,Customer 1842,Consumer,2024-06-10
CUST01843,Customer 1843,Consumer,2022-12-30
CUST01844,Customer 1844,Small Business,2022-05-15
CUST01845,Customer 1845,Consumer,2022-02-04
CUST01846,Customer 1846,Corporate,2023-08-21
CUST01847,Customer 1847,Consumer,2021-06-10
CUST01848,Customer 1848,Corporate,2022-08-11
CUST01849,Customer 1849,Consumer,2022-05-20
CUST01850,Customer 1850,Corporate,2021-08-14
CUST01851,Customer 1851,Consumer,2022-05-31
CUST01852,Customer 1852,Small Business,2023-02-11
CUST01853,Customer 1853,Consumer,2023-09-17
CUST01854,Customer 1854,Corporate,2021-05-07
CUST01855,Customer 1855,Corporate,2024-06-27
CUST01856,Customer 1856,Small Business,2024-07-06
CUST01857,Customer 1857,Consumer,2023-10-08
CUST01858,Customer 1858,Consumer,2024-09-11
CUST01859,Customer 1859,Consumer,2022-09-17
CUST01860,Customer 1860,Consumer,2024-04-14
CUST01861,Customer 1861,Corporate,2023-11-28
CUST01862,Customer 1862,Small Business,2023-04-02
CUST01863,Customer 1863,Small Business,2021-09-20
CUST01864,Customer 1864,Consumer,2023-03-26
CUST01865,Customer 1865,Corporate,2024-08-08
CUST01866,Customer 1866,Small Business,2024-12-08
CUST01867,Customer 1867,Small Business,2022-10-17
CUST01868,Customer 1868,Consumer,2021-12-28
CUST01869,Customer 1869,Consumer,2023-12-28
CUST01870,Customer 1870,Corporate,2021-04-21
CUST01871,Customer 1871,Consumer,2021-08-09
CUST01872,Customer 1872,Consumer,2023-04-01
CUST01873,Customer 1873,Small Business,2024-12-16
CUST01874,Customer 1874,Small Business,2022-04-26
CUST01875,Customer 1875,Small Business,2022-10-10
CUST01876,Customer 1876,Corporate,2022-04-16
CUST01877,Customer 1877,Consumer,2022-10-06
CUST01878,Customer 1878,Consumer,2021-01-11
CUST01879,Customer 1879,Consumer,2023-05-19
CUST01880,Customer 1880,Consumer,2023-05-21
CUST01881,Customer 1881,Consumer,2022-04-06
CUST01882,Customer 1882,Corporate,2022-01-21
CUST01883,Customer 1883,Consumer,2024-01-17
CUST01884,Customer 1884,Corporate,2021-10-02
CUST01885,Customer 1885,Consumer,2021-03-10
CUST01886,Customer 1886,Consumer,2021-03-01
CUST01887,Customer 1887,Consumer,2024-07-11
CUST01888,Customer 1888,Consumer,2022-06-16
CUST01889,Customer 1889,Small Business,2021-05-29
CUST01890,Customer 1890,Consumer,2024-07-07
CUST01891,Customer 1891,Consumer,2021-08-05
CUST01892,Customer 1892,Corporate,2022-05-07
CUST01893,Customer 1893,Consumer,2021-01-31
CUST01894,Customer 1894,Consumer,2023-09-19
CUST01895,Customer 1895,Consumer,2023-10-18
CUST01896,Customer 1896,Consumer,2024-01-10
CUST01897,Customer 1897,Corporate,2022-01-20
CUST01898,Customer 1898,Consumer,2022-04-25
CUST01899,Customer 1899,Consumer,2024-10-01
CUST01900,Customer 1900,Consumer,2024-04-14
CUST01901,Customer 1901,Corporate,2021-02-24
CUST01902,Customer 1902,Consumer,2023-10-08
CUST01903,Customer 1903,Corporate,2024-04-01
CUST01904,Customer 1904,Consumer,2023-03-28
CUST01905,Customer 1905,Corporate,2023-07-24
CUST01906,Customer 1906,Consumer,2021-01-02
CUST01907,Customer 1907,Consumer,2021-02-13
CUST01908,Customer 1908,Consumer,2021-02-21
CUST01909,Customer 1909,Corporate,2021-08-21
CUST01910,Customer 1910,Small Business,2024-12-17
CUST01911,Customer 1911,Consumer,2023-07-16
CUST01912,Customer 1912,Consumer,2024-02-17
CUST01913,Customer 1913,Small Business,2022-03-08
CUST01914,Customer 1914,Consumer,2024-09-30
CUST01915,Customer 1915,Consumer,2021-10-18
CUST01916,Customer 1916,Consumer,2024-08-10
CUST01917,Customer 1917,Corporate,2021-02-14
CUST01918,Customer 1918,Corporate,2021-01-30
CUST01919,Customer 1919,Corporate,2021-04-26
CUST01920,Customer 1920,Small Business,2024-03-02
CUST01921,Customer 1921,Consumer,2022-01-11
CUST01922,Customer 1922,Consumer,2022-10-21
CUST01923,Customer 1923,Consumer,2022-11-20
CUST01924,Customer 1924,Consumer,2024-02-27
CUST01925,Customer 1925,Consumer,2022-05-25
CUST01926,Customer 1926,Consumer,2021-01-10
CUST01927,Customer 1927,Consumer,2022-07-19
CUST01928,Customer 1928,Corporate,2022-02-25
CUST01929,Customer 1929,Consumer,2023-12-04
CUST01930,Customer 1930,Consumer,2024-01-02
CUST01931,Customer 1931,Corporate,2021-05-15
CUST01932,Customer 1932,Corporate,2024-03-03
CUST01933,Customer 1933,Corporate,2021-04-13
CUST01934,Customer 1934,Corporate,2023-06-24
CUST01935,Customer 1935,Corporate,2022-07-23
CUST01936,Customer 1936,Consumer,2022-03-16
CUST01937,Customer 1937,Consumer,2022-12-07
CUST01938,Customer 1938,Corporate,2022-03-30
CUST01939,Customer 1939,Consumer,2024-03-05
CUST01940,Customer 1940,Consumer,2024-11-12
CUST01941,Customer 1941,Consumer,2024-04-06
CUST01942,Customer 1942,Consumer,2022-10-04
CUST01943,Customer 1943,Consumer,2023-01-05
CUST01944,Customer 1944,Consumer,2022-10-15
CUST01945,Customer 1945,Corporate,2024-03-04
CUST01946,Customer 1946,Small Business,2023-03-18
CUST01947,Customer 1947,Consumer,2022-11-15
CUST01948,Customer 1948,Small Business,2022-08-21
CUST01949,Customer 1949,Consumer,2022-07-02
CUST01950,Customer 1950,Small Business,2023-03-18
CUST01951,Customer 1951,Small Business,2023-10-03
CUST01952,Customer 1952,Consumer,2022-09-24
CUST01953,Customer 1953,Corporate,2024-03-23
CUST01954,Customer 1954,Small Business,2024-04-22
CUST01955,Customer 1955,Small Business,2022-09-19
CUST01956,Customer 1956,Small Business,2024-08-20
CUST01957,Customer 1957,Consumer,2021-09-10
CUST01958,Customer 1958,Consumer,2024-09-22
CUST01959,Customer 1959,Corporate,2022-03-06
CUST01960,Customer 1960,Corporate,2023-04-04
CUST01961,Customer 1961,Corporate,2022-02-19
CUST01962,Customer 1962,Consumer,2022-10-08
CUST01963,Customer 1963,Consumer,2022-05-12
CUST01964,Customer 1964,Consumer,2023-10-27
CUST01965,Customer 1965,Corporate,2021-04-29
CUST01966,Customer 1966,Consumer,2024-05-08
CUST01967,Customer 1967,Corporate,2024-08-12
CUST01968,Customer 1968,Corporate,2023-04-02
CUST01969,Customer 1969,Consumer,2023-03-11
CUST01970,Customer 1970,Consumer,2023-10-19
CUST01971,Customer 1971,Consumer,2021-10-18
CUST01972,Customer 1972,Small Business,2023-12-31
CUST01973,Customer 1973,Corporate,2021-11-16
CUST01974,Customer 1974,Consumer,2023-09-15
CUST01975,Customer 1975,Consumer,2022-03-23
CUST01976,Customer 1976,Consumer,2023-12-26
CUST01977,Customer 1977,Consumer,2024-02-29
CUST01978,Customer 1978,Small Business,2021-11-01
CUST01979,Customer 1979,Corporate,2023-06-21
CUST01980,Customer 1980,Consumer,2022-12-29
CUST01981,Customer 1981,Small Business,2022-03-06
CUST01982,Customer 1982,Consumer,2023-05-09
CUST01983,Customer 1983,Small Business,2024-12-20
CUST01984,Customer 1984,Consumer,2021-01-04
CUST01985,Customer 1985,Corporate,2024-10-29
CUST01986,Customer 1986,Small Business,2024-06-03
CUST01987,Customer 1987,Consumer,2023-02-12
CUST01988,Customer 1988,Corporate,2023-06-10
CUST01989,Customer 1989,Small Business,2022-06-24
CUST01990,Customer 1990,Consumer,2021-07-08
CUST01991,Customer 1991,Consumer,2023-04-15
CUST01992,Customer 1992,Corporate,2024-04-06
CUST01993,Customer 1993,Consumer,2021-12-04
CUST01994,Customer 1994,Consumer,2023-11-13
CUST01995,Customer 1995,Consumer,2023-12-29
CUST01996,Customer 1996,Corporate,2024-01-13
CUST01997,Customer 1997,Consumer,2022-05-12
CUST01998,Customer 1998,Consumer,2022-07-27
CUST01999,Customer 1999,Corporate,2022-08-31
CUST02000,Customer 2000,Consumer,2024-06-01
CUST02001,Customer 2001,Corporate,2024-08-07
CUST02002,Customer 2002,Consumer,2022-08-28
CUST02003,Customer 2003,Small Business,2024-11-17
CUST02004,Customer 2004,Corporate,2023-04-13
CUST02005,Customer 2005,Consumer,2022-07-17
CUST02006,Customer 2006,Small Business,2021-01-01
CUST02007,Customer 2007,Consumer,2023-06-12
CUST02008,Customer 2008,Consumer,2023-07-31
CUST02009,Customer 2009,Consumer,2024-11-14
CUST02010,Customer 2010,Corporate,2023-11-15
CUST02011,Customer 2011,Consumer,2021-02-13
CUST02012,Customer 2012,Consumer,2023-04-08
CUST02013,Customer 2013,Consumer,2023-12-21
CUST02014,Customer 2014,Consumer,2022-12-26
CUST02015,Customer 2015,Consumer,2022-09-19
CUST02016,Customer 2016,Consumer,2024-03-28
CUST02017,Customer 2017,Consumer,2023-06-12
CUST02018,Customer 2018,Consumer,2023-09-22
CUST02019,Customer 2019,Corporate,2022-11-09
CUST02020,Customer 2020,Consumer,2022-02-10
CUST02021,Customer 2021,Corporate,2023-01-28
CUST02022,Customer 2022,Consumer,2024-11-01
CUST02023,Customer 2023,Consumer,2023-05-30
CUST02024,Customer 2024,Consumer,2023-10-30
CUST02025,Customer 2025,Consumer,2021-07-01
CUST02026,Customer 2026,Consumer,2024-12-13
CUST02027,Customer 2027,Corporate,2021-12-24
CUST02028,Customer 2028,Consumer,2024-11-19
CUST02029,Customer 2029,Consumer,2022-10-13
CUST02030,Customer 2030,Corporate,2024-09-03
CUST02031,Customer 2031,Consumer,2024-07-26
CUST02032,Customer 2032,Consumer,2024-01-08
CUST02033,Customer 2033,Consumer,2024-08-30
CUST02034,Customer 2034,Consumer,2023-06-09
CUST02035,Customer 2035,Consumer,2024-05-24
CUST02036,Customer 2036,Corporate,2021-09-09
CUST02037,Customer 2037,Small Business,2021-04-13
CUST02038,Customer 2038,Consumer,2023-03-05
CUST02039,Customer 2039,Corporate,2024-03-28
CUST02040,Customer 2040,Corporate,2024-01-23
CUST02041,Customer 2041,Consumer,2023-02-10
CUST02042,Customer 2042,Corporate,2023-01-31
CUST02043,Customer 2043,Corporate,2023-06-10
CUST02044,Customer 2044,Small Business,2024-06-21
CUST02045,Customer 2045,Small Business,2024-05-14
CUST02046,Customer 2046,Consumer,2021-06-10
CUST02047,Customer 2047,Consumer,2023-05-20
CUST02048,Customer 2048,Consumer,2022-07-11
CUST02049,Customer 2049,Consumer,2024-03-13
CUST02050,Customer 2050,Consumer,2023-01-09
CUST02051,Customer 2051,Small Business,2024-12-18
CUST02052,Customer 2052,Consumer,2022-09-24
CUST02053,Customer 2053,Consumer,2023-09-19
CUST02054,Customer 2054,Corporate,2021-06-08
CUST02055,Customer 2055,Consumer,2024-09-23
CUST02056,Customer 2056,Consumer,2021-08-13
CUST02057,Customer 2057,Small Business,2022-07-07
CUST02058,Customer 2058,Consumer,2024-05-07
CUST02059,Customer 2059,Consumer,2024-11-13
CUST02060,Customer 2060,Consumer,2022-12-09
CUST02061,Customer 2061,Small Business,2022-12-09
CUST02062,Customer 2062,Consumer,2021-03-13
CUST02063,Customer 2063,Consumer,2024-11-30
CUST02064,Customer 2064,Consumer,2021-01-25
CUST02065,Customer 2065,Consumer,2021-02-08
CUST02066,Customer 2066,Small Business,2022-11-23
CUST02067,Customer 2067,Consumer,2021-01-06
CUST02068,Customer 2068,Small Business,2021-08-28
CUST02069,Customer 2069,Consumer,2023-07-06
CUST02070,Customer 2070,Consumer,2023-10-27
CUST02071,Customer 2071,Small Business,2022-03-12
CUST02072,Customer 2072,Consumer,2024-03-07
CUST02073,Customer 2073,Consumer,2023-06-07
CUST02074,Customer 2074,Small Business,2021-11-30
CUST02075,Customer 2075,Consumer,2023-11-07
CUST02076,Customer 2076,Consumer,2023-05-15
CUST02077,Customer 2077,Small Business,2024-03-31
CUST02078,Customer 2078,Consumer,2021-08-14
CUST02079,Customer 2079,Consumer,2021-12-04
CUST02080,Customer 2080,Consumer,2022-03-20
CUST02081,Customer 2081,Consumer,2022-05-14
CUST02082,Customer 2082,Consumer,2024-07-21
CUST02083,Customer 2083,Corporate,2023-12-06
CUST02084,Customer 2084,Consumer,2023-03-06
CUST02085,Customer 2085,Corporate,2023-03-01
CUST02086,Customer 2086,Consumer,2024-07-17
CUST02087,Customer 2087,Consumer,2022-10-15
CUST02088,Customer 2088,Consumer,2021-11-25
CUST02089,Customer 2089,Corporate,2021-07-19
CUST02090,Customer 2090,Consumer,2022-04-27
CUST02091,Customer 2091,Consumer,2023-08-12
CUST02092,Customer 2092,Small Business,2022-11-19
CUST02093,Customer 2093,Consumer,2022-09-08
CUST02094,Customer 2094,Consumer,2022-12-02
CUST02095,Customer 2095,Small Business,2024-11-24
CUST02096,Customer 2096,Consumer,2024-12-27
CUST02097,Customer 2097,Consumer,2021-08-24
CUST02098,Customer 2098,Consumer,2021-06-17
CUST02099,Customer 2099,Consumer,2021-12-23
CUST02100,Customer 2100,Consumer,2024-05-28
CUST02101,Customer 2101,Corporate,2022-11-02
CUST02102,Customer 2102,Consumer,2024-06-14
CUST02103,Customer 2103,Corporate,2023-08-03
CUST02104,Customer 2104,Small Business,2023-03-19
CUST02105,Customer 2105,Corporate,2022-02-16
CUST02106,Customer 2106,Corporate,2022-05-18
CUST02107,Customer 2107,Corporate,2021-08-04
CUST02108,Customer 2108,Small Business,2023-01-29
CUST02109,Customer 2109,Consumer,2022-02-14
CUST02110,Customer 2110,Consumer,2022-03-04
CUST02111,Customer 2111,Consumer,2021-02-27
CUST02112,Customer 2112,Consumer,2024-03-12
CUST02113,Customer 2113,Consumer,2024-10-03
CUST02114,Customer 2114,Corporate,2022-12-29
CUST02115,Customer 2115,Consumer,2023-02-22
CUST02116,Customer 2116,Small Business,2024-09-13
CUST02117,Customer 2117,Consumer,2023-01-17
CUST02118,Customer 2118,Consumer,2023-06-29
CUST02119,Customer 2119,Consumer,2022-09-18
CUST02120,Customer 2120,Consumer,2023-01-21
CUST02121,Customer 2121,Consumer,2023-02-01
CUST02122,Customer 2122,Consumer,2023-11-05
CUST02123,Customer 2123,Consumer,2023-06-02
CUST02124,Customer 2124,Consumer,2023-01-06
CUST02125,Customer 2125,Consumer,2021-04-21
CUST02126,Customer 2126,Consumer,2024-08-13
CUST02127,Customer 2127,Consumer,2024-07-20
CUST02128,Customer 2128,Consumer,2021-09-27
CUST02129,Customer 2129,Consumer,2022-03-05
CUST02130,Customer 2130,Consumer,2024-11-22
CUST02131,Customer 2131,Consumer,2022-04-14
CUST02132,Customer 2132,Corporate,2024-03-31
CUST02133,Customer 2133,Small Business,2024-02-22
CUST02134,Customer 2134,Small Business,2024-06-10
CUST02135,Customer 2135,Consumer,2021-01-24
CUST02136,Customer 2136,Consumer,2022-12-07
CUST02137,Customer 2137,Consumer,2023-04-06
CUST02138,Customer 2138,Corporate,2024-05-07
CUST02139,Customer 2139,Corporate,2021-11-24
CUST02140,Customer 2140,Corporate,2022-03-24
CUST02141,Customer 2141,Small Business,2021-09-20
CUST02142,Customer 2142,Consumer,2024-01-18
CUST02143,Customer 2143,Corporate,2024-12-29
CUST02144,Customer 2144,Corporate,2021-07-25
CUST02145,Customer 2145,Consumer,2021-12-07
CUST02146,Customer 2146,Small Business,2022-03-25
CUST02147,Customer 2147,Consumer,2024-07-21
CUST02148,Customer 2148,Small Business,2022-10-13
CUST02149,Customer 2149,Corporate,2022-02-16
CUST02150,Customer 2150,Consumer,2022-04-16
CUST02151,Customer 2151,Corporate,2023-05-24
CUST02152,Customer 2152,Consumer,2022-07-20
CUST02153,Customer 2153,Corporate,2021-07-24
CUST02154,Customer 2154,Corporate,2024-04-12
CUST02155,Customer 2155,Corporate,2022-09-09
CUST02156,Customer 2156,Small Business,2022-01-10
CUST02157,Customer 2157,Consumer,2023-11-30
CUST02158,Customer 2158,Consumer,2023-12-25
CUST02159,Customer 2159,Consumer,2021-08-15
CUST02160,Customer 2160,Consumer,2021-04-18
CUST02161,Customer 2161,Consumer,2021-03-08
CUST02162,Customer 2162,Consumer,2024-01-23
CUST02163,Customer 2163,Consumer,2023-07-03
CUST02164,Customer 2164,Consumer,2024-03-02
CUST02165,Customer 2165,Small Business,2023-07-04
CUST02166,Customer 2166,Consumer,2022-08-10
CUST02167,Customer 2167,Small Business,2023-05-11
CUST02168,Customer 2168,Consumer,2023-11-21
CUST02169,Customer 2169,Consumer,2022-08-06
CUST02170,Customer 2170,Consumer,2024-08-29
CUST02171,Customer 2171,Consumer,2024-08-06
CUST02172,Customer 2172,Consumer,2024-03-15
CUST02173,Customer 2173,Consumer,2024-12-19
CUST02174,Customer 2174,Consumer,2022-07-25
CUST02175,Customer 2175,Consumer,2021-06-16
CUST02176,Customer 2176,Consumer,2022-12-08
CUST02177,Customer 2177,Consumer,2023-12-25
CUST02178,Customer 2178,Corporate,2024-02-12
CUST02179,Customer 2179,Consumer,2022-07-22
CUST02180,Customer 2180,Small Business,2022-03-04
CUST02181,Customer 2181,Corporate,2022-10-13
CUST02182,Customer 2182,Small Business,2024-03-19
CUST02183,Customer 2183,Corporate,2021-03-30
CUST02184,Customer 2184,Consumer,2022-04-24
CUST02185,Customer 2185,Consumer,2021-12-02
CUST02186,Customer 2186,Consumer,2024-03-22
CUST02187,Customer 2187,Corporate,2022-11-17
CUST02188,Customer 2188,Corporate,2021-05-07
CUST02189,Customer 2189,Consumer,2022-01-18
CUST02190,Customer 2190,Small Business,2021-03-06
CUST02191,Customer 2191,Consumer,2022-11-26
CUST02192,Customer 2192,Consumer,2024-12-27
CUST02193,Customer 2193,Corporate,2023-04-09
CUST02194,Customer 2194,Consumer,2024-06-23
CUST02195,Customer 2195,Corporate,2023-12-21
CUST02196,Customer 2196,Corporate,2024-07-12
CUST02197,Customer 2197,Consumer,2022-03-31
CUST02198,Customer 2198,Consumer,2024-10-20
CUST02199,Customer 2199,Consumer,2021-12-15
CUST02200,Customer 2200,Corporate,2022-10-02
CUST02201,Customer 2201,Consumer,2023-09-22
CUST02202,Customer 2202,Small Business,2022-02-23
CUST02203,Customer 2203,Small Business,2022-01-22
CUST02204,Customer 2204,Consumer,2021-07-09
CUST02205,Customer 2205,Consumer,2021-01-07
CUST02206,Customer 2206,Corporate,2023-01-02
CUST02207,Customer 2207,Corporate,2024-12-11
CUST02208,Customer 2208,Consumer,2021-11-18
CUST02209,Customer 2209,Consumer,2022-10-05
CUST02210,Customer 2210,Consumer,2024-09-27
CUST02211,Customer 2211,Small Business,2024-02-02
CUST02212,Customer 2212,Consumer,2021-01-06
CUST02213,Customer 2213,Small Business,2023-01-01
CUST02214,Customer 2214,Consumer,2021-07-29
CUST02215,Customer 2215,Small Business,2021-12-27
CUST02216,Customer 2216,Consumer,2021-12-26
CUST02217,Customer 2217,Consumer,2023-06-14
CUST02218,Customer 2218,Small Business,2021-10-18
CUST02219,Customer 2219,Small Business,2022-01-03
CUST02220,Customer 2220,Consumer,2021-11-26
CUST02221,Customer 2221,Consumer,2022-06-06
CUST02222,Customer 2222,Consumer,2023-08-16
CUST02223,Customer 2223,Consumer,2022-08-07
CUST02224,Customer 2224,Consumer,2022-04-24
CUST02225,Customer 2225,Small Business,2023-01-26
CUST02226,Customer 2226,Consumer,2023-06-17
CUST02227,Customer 2227,Corporate,2021-01-23
CUST02228,Customer 2228,Consumer,2024-07-23
CUST02229,Customer 2229,Consumer,2024-08-30
CUST02230,Customer 2230,Corporate,2023-05-30
CUST02231,Customer 2231,Consumer,2023-04-19
CUST02232,Customer 2232,Corporate,2023-10-12
CUST02233,Customer 2233,Consumer,2022-10-06
CUST02234,Customer 2234,Small Business,2022-06-18
CUST02235,Customer 2235,Corporate,2022-05-30
CUST02236,Customer 2236,Small Business,2021-08-22
CUST02237,Customer 2237,Consumer,2024-05-13
CUST02238,Customer 2238,Consumer,2022-04-14
CUST02239,Customer 2239,Consumer,2022-02-20
CUST02240,Customer 2240,Consumer,2024-11-08
CUST02241,Customer 2241,Consumer,2023-01-10
CUST02242,Customer 2242,Consumer,2023-06-27
CUST02243,Customer 2243,Consumer,2021-12-25
CUST02244,Customer 2244,Consumer,2022-02-10
CUST02245,Customer 2245,Consumer,2023-11-30
CUST02246,Customer 2246,Consumer,2022-10-21
CUST02247,Customer 2247,Consumer,2021-08-04
CUST02248,Customer 2248,Corporate,2024-05-04
CUST02249,Customer 2249,Consumer,2022-08-12
CUST02250,Customer 2250,Consumer,2023-09-03
CUST02251,Customer 2251,Consumer,2022-05-14
CUST02252,Customer 2252,Corporate,2023-03-30
CUST02253,Customer 2253,Consumer,2024-02-07
CUST02254,Customer 2254,Corporate,2024-07-16
CUST02255,Customer 2255,Small Business,2021-10-30
CUST02256,Customer 2256,Consumer,2023-09-09
CUST02257,Customer 2257,Small Business,2024-08-28
CUST02258,Customer 2258,Corporate,2023-07-28
CUST02259,Customer 2259,Consumer,2021-07-28
CUST02260,Customer 2260,Consumer,2021-10-05
CUST02261,Customer 2261,Corporate,2021-10-24
CUST02262,Customer 2262,Small Business,2021-06-05
CUST02263,Customer 2263,Consumer,2024-01-06
CUST02264,Customer 2264,Consumer,2024-11-10
CUST02265,Customer 2265,Consumer,2023-01-25
CUST02266,Customer 2266,Consumer,2023-05-25
CUST02267,Customer 2267,Corporate,2024-02-04
CUST02268,Customer 2268,Consumer,2022-08-30
CUST02269,Customer 2269,Corporate,2022-11-21
CUST02270,Customer 2270,Small Business,2023-05-10
CUST02271,Customer 2271,Corporate,2022-03-21
CUST02272,Customer 2272,Corporate,2021-04-01
CUST02273,Customer 2273,Corporate,2023-04-09
CUST02274,Customer 2274,Corporate,2024-04-15
CUST02275,Customer 2275,Small Business,2021-04-17
CUST02276,Customer 2276,Consumer,2021-11-13
CUST02277,Customer 2277,Consumer,2022-01-19
CUST02278,Customer 2278,Consumer,2024-03-20
CUST02279,Customer 2279,Small Business,2023-01-07
CUST02280,Customer 2280,Corporate,2023-02-20
CUST02281,Customer 2281,Consumer,2023-08-01
CUST02282,Customer 2282,Consumer,2022-02-08
CUST02283,Customer 2283,Consumer,2023-11-08
CUST02284,Customer 2284,Corporate,2021-02-14
CUST02285,Customer 2285,Consumer,2021-06-16
CUST02286,Customer 2286,Consumer,2024-04-06
CUST02287,Customer 2287,Small Business,2023-08-19
CUST02288,Customer 2288,Corporate,2021-09-15
CUST02289,Customer 2289,Consumer,2022-10-03
CUST02290,Customer 2290,Consumer,2021-03-17
CUST02291,Customer 2291,Small Business,2023-09-08
CUST02292,Customer 2292,Corporate,2024-01-09
CUST02293,Customer 2293,Corporate,2022-02-11
CUST02294,Customer 2294,Consumer,2022-05-27
CUST02295,Customer 2295,Consumer,2021-12-12
CUST02296,Customer 2296,Consumer,2022-07-23
CUST02297,Customer 2297,Corporate,2022-02-02
CUST02298,Customer 2298,Consumer,2021-12-27
CUST02299,Customer 2299,Consumer,2022-09-21
CUST02300,Customer 2300,Corporate,2024-06-08
CUST02301,Customer 2301,Small Business,2024-01-19
CUST02302,Customer 2302,Corporate,2022-03-11
CUST02303,Customer 2303,Consumer,2024-10-08
CUST02304,Customer 2304,Consumer,2021-11-03
CUST02305,Customer 2305,Consumer,2024-08-22
CUST02306,Customer 2306,Consumer,2022-03-28
CUST02307,Customer 2307,Consumer,2023-02-28
CUST02308,Customer 2308,Consumer,2021-10-24
CUST02309,Customer 2309,Corporate,2024-01-18
CUST02310,Customer 2310,Small Business,2022-04-09
CUST02311,Customer 2311,Small Business,2024-06-27
CUST02312,Customer 2312,Consumer,2021-05-02
CUST02313,Customer 2313,Consumer,2023-01-03
CUST02314,Customer 2314,Consumer,2021-08-20
CUST02315,Customer 2315,Consumer,2024-07-21
CUST02316,Customer 2316,Consumer,2022-09-01
CUST02317,Customer 2317,Consumer,2023-09-12
CUST02318,Customer 2318,Corporate,2024-07-08
CUST02319,Customer 2319,Consumer,2023-02-22
CUST02320,Customer 2320,Small Business,2021-03-25
CUST02321,Customer 2321,Consumer,2021-11-19
CUST02322,Customer 2322,Consumer,2021-11-07
CUST02323,Customer 2323,Consumer,2024-08-27
CUST02324,Customer 2324,Consumer,2024-08-19
CUST02325,Customer 2325,Consumer,2022-11-28
CUST02326,Customer 2326,Small Business,2024-07-23
CUST02327,Customer 2327,Consumer,2021-12-26
CUST02328,Customer 2328,Consumer,2023-09-19
CUST02329,Customer 2329,Consumer,2022-07-27
CUST02330,Customer 2330,Consumer,2021-12-18
CUST02331,Customer 2331,Corporate,2022-01-01
CUST02332,Customer 2332,Consumer,2022-09-05
CUST02333,Customer 2333,Corporate,2022-05-11
CUST02334,Customer 2334,Consumer,2021-11-05
CUST02335,Customer 2335,Consumer,2022-05-03
CUST02336,Customer 2336,Corporate,2021-07-07
CUST02337,Customer 2337,Small Business,2024-11-16
CUST02338,Customer 2338,Consumer,2022-07-09
CUST02339,Customer 2339,Consumer,2021-06-06
CUST02340,Customer 2340,Consumer,2023-04-21
CUST02341,Customer 2341,Consumer,2024-07-13
CUST02342,Customer 2342,Consumer,2022-06-10
CUST02343,Customer 2343,Corporate,2024-05-19
CUST02344,Customer 2344,Consumer,2023-06-11
CUST02345,Customer 2345,Corporate,2023-12-16
CUST02346,Customer 2346,Consumer,2022-03-09
CUST02347,Customer 2347,Small Business,2021-02-23
CUST02348,Customer 2348,Corporate,2022-05-20
CUST02349,Customer 2349,Consumer,2024-09-11
CUST02350,Customer 2350,Consumer,2024-02-29
CUST02351,Customer 2351,Consumer,2024-02-19
CUST02352,Customer 2352,Small Business,2024-07-06
CUST02353,Customer 2353,Consumer,2022-06-29
CUST02354,Customer 2354,Consumer,2022-04-16
CUST02355,Customer 2355,Consumer,2024-09-12
CUST02356,Customer 2356,Corporate,2023-04-15
CUST02357,Customer 2357,Consumer,2022-03-12
CUST02358,Customer 2358,Consumer,2022-02-11
CUST02359,Customer 2359,Small Business,2024-07-04
CUST02360,Customer 2360,Consumer,2021-03-19
CUST02361,Customer 2361,Corporate,2021-04-01
CUST02362,Customer 2362,Consumer,2023-12-14
CUST02363,Customer 2363,Consumer,2021-01-02
CUST02364,Customer 2364,Small Business,2021-09-07
CUST02365,Customer 2365,Corporate,2024-12-17
CUST02366,Customer 2366,Corporate,2022-09-14
CUST02367,Customer 2367,Consumer,2023-11-29
CUST02368,Customer 2368,Consumer,2022-12-13
CUST02369,Customer 2369,Consumer,2021-05-13
CUST02370,Customer 2370,Consumer,2021-09-27
CUST02371,Customer 2371,Consumer,2024-01-17
CUST02372,Customer 2372,Consumer,2021-05-19
CUST02373,Customer 2373,Consumer,2023-05-19
CUST02374,Customer 2374,Consumer,2022-05-24
CUST02375,Customer 2375,Consumer,2022-06-25
CUST02376,Customer 2376,Consumer,2024-10-22
CUST02377,Customer 2377,Small Business,2023-06-04
CUST02378,Customer 2378,Corporate,2023-06-18
CUST02379,Customer 2379,Consumer,2022-05-27
CUST02380,Customer 2380,Corporate,2022-07-11
CUST02381,Customer 2381,Corporate,2023-09-29
CUST02382,Customer 2382,Consumer,2021-02-26
CUST02383,Customer 2383,Consumer,2021-12-13
CUST02384,Customer 2384,Consumer,2023-05-27
CUST02385,Customer 2385,Consumer,2023-06-30
CUST02386,Customer 2386,Corporate,2021-05-15
CUST02387,Customer 2387,Small Business,2024-02-25
CUST02388,Customer 2388,Consumer,2023-03-04
CUST02389,Customer 2389,Corporate,2021-12-14
CUST02390,Customer 2390,Consumer,2024-01-03
CUST02391,Customer 2391,Corporate,2024-12-17
CUST02392,Customer 2392,Corporate,2022-09-11
CUST02393,Customer 2393,Consumer,2022-02-18
CUST02394,Customer 2394,Consumer,2022-03-14
CUST02395,Customer 2395,Corporate,2023-05-16
CUST02396,Customer 2396,Small Business,2021-03-11
CUST02397,Customer 2397,Consumer,2022-12-07
CUST02398,Customer 2398,Consumer,2021-02-06
CUST02399,Customer 2399,Consumer,2021-02-26
CUST02400,Customer 2400,Consumer,2022-09-20
CUST02401,Customer 2401,Corporate,2023-12-25
CUST02402,Customer 2402,Corporate,2024-07-13
CUST02403,Customer 2403,Corporate,2021-05-08
CUST02404,Customer 2404,Small Business,2021-12-23
CUST02405,Customer 2405,Corporate,2022-09-08
CUST02406,Customer 2406,Consumer,2023-04-19
CUST02407,Customer 2407,Consumer,2024-12-12
CUST02408,Customer 2408,Consumer,2023-09-27
CUST02409,Customer 2409,Consumer,2023-02-26
CUST02410,Customer 2410,Small Business,2021-03-30
CUST02411,Customer 2411,Corporate,2021-04-28
CUST02412,Customer 2412,Small Business,2021-08-12
CUST02413,Customer 2413,Consumer,2023-08-23
CUST02414,Customer 2414,Consumer,2022-04-29
CUST02415,Customer 2415,Consumer,2021-12-18
CUST02416,Customer 2416,Consumer,2023-09-06
CUST02417,Customer 2417,Consumer,2024-04-05
CUST02418,Customer 2418,Consumer,2022-10-03
CUST02419,Customer 2419,Consumer,2024-07-11
CUST02420,Customer 2420,Small Business,2023-12-08
CUST02421,Customer 2421,Consumer,2023-11-12
CUST02422,Customer 2422,Consumer,2024-06-20
CUST02423,Customer 2423,Corporate,2021-09-26
CUST02424,Customer 2424,Consumer,2024-01-13
CUST02425,Customer 2425,Small Business,2024-10-30
CUST02426,Customer 2426,Corporate,2024-12-19
CUST02427,Customer 2427,Consumer,2023-04-24
CUST02428,Customer 2428,Corporate,2024-01-07
CUST02429,Customer 2429,Corporate,2024-07-21
CUST02430,Customer 2430,Corporate,2024-05-29
CUST02431,Customer 2431,Corporate,2024-08-03
CUST02432,Customer 2432,Corporate,2024-04-30
CUST02433,Customer 2433,Corporate,2022-07-11
CUST02434,Customer 2434,Consumer,2023-12-03
CUST02435,Customer 2435,Corporate,2022-08-23
CUST02436,Customer 2436,Small Business,2024-03-16
CUST02437,Customer 2437,Corporate,2024-03-28
CUST02438,Customer 2438,Corporate,2024-09-26
CUST02439,Customer 2439,Consumer,2023-05-09
CUST02440,Customer 2440,Corporate,2022-11-25
CUST02441,Customer 2441,Small Business,2021-08-30
CUST02442,Customer 2442,Consumer,2023-07-21
CUST02443,Customer 2443,Consumer,2023-04-07
CUST02444,Customer 2444,Consumer,2023-01-22
CUST02445,Customer 2445,Consumer,2023-09-15
CUST02446,Customer 2446,Consumer,2024-05-27
CUST02447,Customer 2447,Consumer,2021-08-06
CUST02448,Customer 2448,Consumer,2022-09-22
CUST02449,Customer 2449,Corporate,2023-11-21
CUST02450,Customer 2450,Corporate,2024-04-11
CUST02451,Customer 2451,Corporate,2024-02-11
CUST02452,Customer 2452,Corporate,2024-03-13
CUST02453,Customer 2453,Corporate,2024-06-02
CUST02454,Customer 2454,Corporate,2024-11-05
CUST02455,Customer 2455,Corporate,2023-06-07
CUST02456,Customer 2456,Consumer,2021-12-30
CUST02457,Customer 2457,Corporate,2023-04-03
CUST02458,Customer 2458,Consumer,2023-11-03
CUST02459,Customer 2459,Consumer,2021-05-28
CUST02460,Customer 2460,Consumer,2024-01-11
CUST02461,Customer 2461,Small Business,2023-03-06
CUST02462,Customer 2462,Corporate,2024-09-28
CUST02463,Customer 2463,Consumer,2021-11-06
CUST02464,Customer 2464,Corporate,2024-08-17
CUST02465,Customer 2465,Consumer,2022-10-17
CUST02466,Customer 2466,Corporate,2023-04-18
CUST02467,Customer 2467,Corporate,2023-08-22
CUST02468,Customer 2468,Corporate,2023-04-26
CUST02469,Customer 2469,Corporate,2024-08-12
CUST02470,Customer 2470,Consumer,2021-09-02
CUST02471,Customer 2471,Consumer,2023-12-02
CUST02472,Customer 2472,Small Business,2024-11-24
CUST02473,Customer 2473,Corporate,2021-11-18
CUST02474,Customer 2474,Consumer,2022-01-08
CUST02475,Customer 2475,Consumer,2022-11-25
CUST02476,Customer 2476,Consumer,2023-11-25
CUST02477,Customer 2477,Consumer,2024-11-01
CUST02478,Customer 2478,Consumer,2024-03-07
CUST02479,Customer 2479,Consumer,2024-03-05
CUST02480,Customer 2480,Small Business,2022-10-07
CUST02481,Customer 2481,Consumer,2023-08-01
CUST02482,Customer 2482,Consumer,2021-11-05
CUST02483,Customer 2483,Consumer,2022-11-08
CUST02484,Customer 2484,Consumer,2021-10-03
CUST02485,Customer 2485,Corporate,2021-02-09
CUST02486,Customer 2486,Consumer,2024-06-04
CUST02487,Customer 2487,Corporate,2024-03-20
CUST02488,Customer 2488,Corporate,2023-01-16
CUST02489,Customer 2489,Consumer,2021-01-22
CUST02490,Customer 2490,Corporate,2021-05-12
CUST02491,Customer 2491,Small Business,2021-06-13
CUST02492,Customer 2492,Consumer,2023-11-13
CUST02493,Customer 2493,Consumer,2021-10-25
CUST02494,Customer 2494,Small Business,2022-01-01
CUST02495,Customer 2495,Small Business,2024-06-11
CUST02496,Customer 2496,Consumer,2024-07-03
CUST02497,Customer 2497,Consumer,2024-01-20
CUST02498,Customer 2498,Consumer,2022-03-28
CUST02499,Customer 2499,Corporate,2023-04-27
CUST02500,Customer 2500,Consumer,2021-10-20
CUST00032,Customer 0032 - Duplicate,Small Business,2024-05-06
CUST00146,Customer 0146 - Duplicate,Consumer,2024-01-02
CUST00210,Customer 0210 - Duplicate,Consumer,2021-02-16
CUST00221,Customer 0221 - Duplicate,Consumer,2022-03-18
CUST00376,Customer 0376 - Duplicate,Consumer,2023-09-08
CUST00391,Customer 0391 - Duplicate,Corporate,2021-09-19
CUST00411,Customer 0411 - Duplicate,Corporate,2021-02-01
CUST00557,Customer 0557 - Duplicate,Consumer,2021-05-29
CUST00588,Customer 0588 - Duplicate,Consumer,2024-12-14
CUST00620,Customer 0620 - Duplicate,Consumer,2021-08-30
CUST00649,Customer 0649 - Duplicate,Corporate,2024-11-23
CUST00691,Customer 0691 - Duplicate,Consumer,2022-06-26
CUST00701,Customer 0701 - Duplicate,Consumer,2023-06-29
CUST00782,Customer 0782 - Duplicate,Small Business,2021-08-02
CUST00814,Customer 0814 - Duplicate,Corporate,2024-11-14
CUST00852,Customer 0852 - Duplicate,Consumer,2023-05-12
CUST00923,Customer 0923 - Duplicate,Corporate,2023-08-16
CUST01006,Customer 1006 - Duplicate,Consumer,2021-12-24
CUST01062,Customer 1062 - Duplicate,Corporate,2024-02-28
CUST01114,Customer 1114 - Duplicate,Small Business,2023-06-21
CUST01150,Customer 1150 - Duplicate,Small Business,2024-06-22
CUST01187,Customer 1187 - Duplicate,Consumer,2022-07-24
CUST01193,Customer 1193 - Duplicate,Small Business,2022-01-22
CUST01263,Customer 1263 - Duplicate,Consumer,2021-12-08
CUST01281,Customer 1281 - Duplicate,Consumer,2021-01-24
CUST01562,Customer 1562 - Duplicate,Corporate,2023-08-29
CUST01838,Customer 1838 - Duplicate,Consumer,2021-03-25
CUST01858,Customer 1858 - Duplicate,Consumer,2024-09-11
CUST01871,Customer 1871 - Duplicate,Consumer,2021-08-09
CUST01973,Customer 1973 - Duplicate,Corporate,2021-11-16
CUST02004,Customer 2004 - Duplicate,Corporate,2023-04-13
CUST02083,Customer 2083 - Duplicate,Corporate,2023-12-06
CUST02116,Customer 2116 - Duplicate,Small Business,2024-09-13
CUST02304,Customer 2304 - Duplicate,Consumer,2021-11-03
CUST02458,Customer 2458 - Duplicate,Consumer,2023-11-03
