OrderID,OrderDate,CustomerID,ProductID,BranchID,Quantity,GrossSales,DiscountPct,Amount,Cost,Profit,OrderStatus
ORD000014,2023-01-30,CUST02140,PROD0010,B004,1,1842.55,0.1,1658.3,1072.0,586.3,Completed
ORD000019,2023-01-10,CUST00178,PROD0005,B002,2,2444.79,0.1,2200.31,1507.46,692.85,Completed
ORD000020,2023-10-30,CUST00701,PROD0077,B005,2,608.04,0.15,516.84,492.1,24.74,Completed
ORD000027,2023-07-15,CUST01234,PROD0114,B001,3,4123.61,0.1,3711.24,3129.5,581.74,Completed
ORD000030,2023-05-30,CUST02016,PROD0009,B001,1,319.28,0.15,271.39,195.53,75.86,Completed
ORD000032,2023-04-01,CUST00507,PROD0090,B003,2,393.36,0.1,354.02,400.36,-46.34,Completed
ORD000034,2023-09-29,CUST00178,PROD0041,B005,2,230.15,0.05,218.65,124.98,93.67,Completed
ORD000036,2023-08-12,CUST02182,PROD0068,B003,5,5124.67,0.1,4612.2,4116.82,495.38,Completed
ORD000037,2023-09-15,CUST00640,PROD0050,B005,4,4396.56,0.15,3737.08,2537.07,1200.01,Completed
ORD000038,2023-02-17,CUST01933,PROD0048,B001,3,2665.1,0.1,2398.59,1846.48,552.11,Completed
ORD000039,2023-09-09,CUST02171,PROD0097,B003,4,7044.68,0.15,5987.98,4338.46,1649.52,Completed
ORD000042,2023-01-31,CUST02001,PROD0073,B002,2,365.6,0.05,347.32,239.94,107.38,Completed
ORD000043,2023-08-07,CUST01327,PROD0055,B004,4,1858.97,0.0,1858.97,1054.16,804.81,Completed
ORD000044,2023-04-14,CUST01163,PROD0068,B005,5,5124.67,0.25,3843.5,4116.82,-273.32,Completed
ORD000049,2023-03-03,CUST02142,PROD0113,B002,3,3762.55,0.0,3762.55,2720.86,1041.69,Completed
ORD000051,2023-07-09,CUST00391,PROD0113,B005,5,6270.92,0.25,4703.19,4534.77,168.42,Completed
ORD000052,2023-11-13,CUST01512,PROD0109,B001,2,2711.73,0.0,2711.73,1950.22,761.51,Completed
ORD000053,2023-04-06,CUST01475,PROD0092,B004,3,313.33,0.1,282.0,199.91,82.09,Completed
ORD000061,2023-03-28,CUST01378,PROD0107,B001,1,1778.2,0.2,1422.56,1087.67,334.89,Completed
ORD000064,2023-04-13,CUST00063,PROD0115,B003,3,2239.64,0.0,2239.64,1381.96,857.68,Completed
ORD000066,2023-12-09,CUST02375,PROD0042,B004,3,4360.58,0.1,3924.52,3193.16,731.36,Completed
ORD000068,2023-04-10,CUST00130,PROD0071,B005,2,959.57,0.25,719.68,747.14,-27.46,Completed
ORD000073,2023-06-23,CUST00415,PROD0011,B003,2,1695.9,0.15,1441.51,1315.25,126.26,Completed
ORD000074,2023-09-05,CUST00489,PROD0088,B005,2,897.74,0.1,807.97,579.21,228.76,Completed
ORD000075,2023-02-08,CUST00801,PROD0094,B001,2,390.56,0.2,312.45,234.04,78.41,Completed
ORD000077,2023-08-14,CUST01455,PROD0018,B001,1,1721.31,0.1,1549.18,1071.91,477.27,Completed
ORD000083,2023-03-18,CUST00377,PROD0028,B001,5,3650.96,0.1,3285.87,2292.57,993.3,Completed
ORD000086,2023-11-30,CUST00949,PROD0031,B001,3,2001.1,0.05,1901.05,1642.48,258.57,Completed
ORD000087,2023-07-21,CUST00075,PROD0035,B002,5,2902.06,0.2,2321.65,2178.08,143.57,Completed
ORD000101,2023-12-19,CUST00701,PROD0074,B004,1,652.84,0.05,620.2,504.84,115.36,Completed
ORD000102,2023-06-13,CUST01335,PROD0092,B003,5,522.22,0.25,391.66,333.18,58.48,Completed
ORD000107,2023-10-02,CUST00804,PROD0015,B003,4,5684.27,0.2,4547.41,3534.91,1012.5,Completed
ORD000110,2023-12-25,CUST01035,PROD0066,B004,5,6991.07,0.15,5942.41,5022.45,919.96,Completed
ORD000114,2023-05-12,CUST02165,PROD0051,B001,1,896.09,0.0,896.09,594.05,302.04,Completed
ORD000122,2023-02-24,CUST01440,PROD0111,B002,1,1834.82,0.0,1834.82,1107.06,727.76,Completed
ORD000124,2023-10-06,CUST00198,PROD0111,B002,3,5504.46,0.15,4678.79,3321.19,1357.6,Completed
ORD000125,2023-04-21,CUST01977,PROD0080,B004,4,1626.4,0.15,1382.44,1127.99,254.45,Completed
ORD000132,2023-11-15,CUST02434,PROD0013,B005,3,2029.66,0.15,1725.21,1373.17,352.04,Completed
ORD000139,2023-03-19,CUST01725,PROD0008,B001,5,1327.77,0.05,1261.38,1094.54,166.84,Completed
ORD000140,2023-11-19,CUST00003,PROD0015,B002,3,4263.2,0.05,4050.04,2651.18,1398.86,Completed
ORD000141,2023-02-26,CUST02488,PROD0069,B005,1,1265.03,0.05,1201.78,686.44,515.34,Completed
ORD000142,2023-11-11,CUST01160,PROD0102,B004,3,2314.2,0.0,2314.2,1334.6,979.6,Completed
ORD000145,2023-08-16,CUST02292,PROD0099,B002,1,849.27,0.1,764.34,593.57,170.77,Completed
ORD000146,2023-05-02,CUST01022,PROD0013,B004,5,3382.77,0.2,2706.22,2288.62,417.6,Completed
ORD000149,2023-07-27,CUST00331,PROD0050,B001,4,4396.56,0.25,3297.42,2537.07,760.35,Completed
ORD000153,2023-12-24,CUST02137,PROD0096,B002,2,3553.84,0.1,3198.46,2068.95,1129.51,Completed
ORD000158,2023-12-26,CUST02253,PROD0053,B003,1,555.84,0.05,528.04,361.6,166.44,Completed
ORD000159,2023-10-11,CUST01476,PROD0051,B002,2,1792.18,0.1,1612.97,1188.1,424.87,Completed
ORD000160,2023-08-06,CUST01358,PROD0023,B001,5,6365.28,0.0,6365.28,3934.59,2430.69,Completed
ORD000174,2023-04-20,CUST00205,PROD0057,B001,4,2119.99,0.05,2013.99,2595.81,-581.82,Completed
ORD000178,2023-01-25,CUST02389,PROD0112,B002,2,1732.73,0.05,1646.09,1356.66,289.43,Completed
ORD000179,2023-09-23,CUST01199,PROD0054,B004,3,3383.03,0.1,3044.73,2286.1,758.63,Completed
ORD000184,2023-01-24,CUST01252,PROD0087,B003,5,5905.32,0.15,5019.53,4123.48,896.05,Completed
ORD000190,2023-08-16,CUST01063,PROD0053,B001,4,2223.35,0.1,2001.02,1446.41,554.61,Completed
ORD000197,2023-12-14,CUST01589,PROD0111,B002,3,5504.46,0.15,4678.79,3321.19,1357.6,Completed
ORD000198,2023-12-24,CUST01462,PROD0030,B003,2,2038.77,0.05,1936.83,1627.19,309.64,Completed
ORD000207,2023-06-27,CUST00542,PROD0055,B001,2,929.48,0.1,836.54,527.08,309.46,Completed
ORD000214,2023-08-13,CUST01811,PROD0106,B003,3,2155.74,0.2,1724.6,1293.66,430.94,Completed
ORD000215,2023-10-02,CUST00134,PROD0046,B003,4,893.34,0.1,804.01,674.21,129.8,Completed
ORD000219,2023-12-12,CUST00608,PROD0063,B002,4,530.72,0.0,530.72,401.86,128.86,Completed
ORD000221,2023-12-23,CUST00024,PROD0042,B002,1,1453.53,0.0,1453.53,1064.39,389.14,Completed
ORD000223,2023-04-14,CUST02183,PROD0083,B003,3,4962.56,0.1,4466.31,3364.43,1101.88,Completed
ORD000226,2023-08-23,CUST00833,PROD0024,B003,3,3846.1,0.2,3076.88,2109.28,967.6,Completed
ORD000227,2023-10-05,CUST00258,PROD0031,B001,2,1334.07,0.15,1133.96,1094.99,38.97,Completed
ORD000229,2023-11-23,CUST01178,PROD0116,B002,3,786.52,0.05,747.19,645.27,101.92,Completed
ORD000231,2023-09-01,CUST01099,PROD0079,B004,4,693.21,0.15,589.23,466.28,122.95,Completed
ORD000239,2023-10-17,CUST00476,PROD0093,B005,5,4331.76,0.05,4115.17,3178.36,936.81,Completed
ORD000245,2023-03-23,CUST00403,PROD0087,B002,3,3543.19,0.2,2834.55,2474.09,360.46,Completed
ORD000246,2023-07-31,CUST01283,PROD0035,B003,1,580.41,0.05,551.39,435.62,115.77,Completed
ORD000249,2023-11-23,CUST00374,PROD0057,B002,5,5025.49,0.0,5025.49,3244.76,1780.73,Completed
ORD000251,2023-03-17,CUST01035,PROD0010,B004,5,9212.77,0.2,7370.22,5359.98,2010.24,Completed
ORD000262,2023-11-09,CUST02442,PROD0061,B002,5,2241.0,0.05,2128.95,1575.12,553.83,Completed
ORD000263,2023-09-13,CUST01195,PROD0040,B005,5,4953.37,0.0,4953.37,2701.76,2251.61,Completed
ORD000268,2023-05-09,CUST00544,PROD0079,B001,2,346.61,0.05,329.27,233.14,96.13,Completed
ORD000269,2023-01-06,CUST01474,PROD0064,B002,1,925.23,0.25,693.92,703.29,-9.37,Completed
ORD000274,2023-03-12,CUST00011,PROD0073,B002,5,679.46,0.15,577.54,599.86,-22.32,Completed
ORD000283,2023-12-25,CUST02278,PROD0092,B002,3,313.33,0.05,297.67,199.91,97.76,Completed
ORD000285,2023-06-29,CUST01403,PROD0042,B001,3,4360.58,0.1,3924.52,3193.16,731.36,Completed
ORD000286,2023-05-31,CUST01106,PROD0096,B001,1,1776.92,0.05,1688.08,1034.47,653.61,Completed
ORD000287,2023-01-07,CUST00590,PROD0011,B004,1,847.95,0.1,763.15,657.62,105.53,Completed
ORD000292,2023-10-22,CUST02055,PROD0084,B002,4,2073.08,0.05,1969.42,1530.5,438.92,Completed
ORD000293,2023-04-01,CUST02011,PROD0005,B004,3,3667.18,0.1,3300.47,2261.19,1039.28,Completed
ORD000295,2023-10-11,CUST01463,PROD0040,B001,5,4953.37,0.05,4705.7,2701.76,2003.94,Completed
ORD000305,2023-05-16,CUST01534,PROD0009,B004,3,957.85,0.0,957.85,586.58,371.27,Completed
ORD000311,2023-03-02,CUST00366,PROD0064,B003,2,1850.46,0.1,1665.41,1406.57,258.84,Completed
ORD000326,2023-10-04,CUST01948,PROD0007,B001,1,47.71,0.1,42.94,35.75,7.19,Completed
ORD000327,2023-10-06,CUST02326,PROD0035,B003,3,1741.24,0.25,1305.93,1306.85,-0.92,Completed
ORD000330,2023-03-01,CUST00504,PROD0032,B002,4,2945.74,0.1,2651.16,1621.2,1029.96,Completed
ORD000331,2023-08-03,CUST01824,PROD0048,B002,1,888.37,0.05,843.95,615.49,228.46,Completed
ORD000332,2023-08-27,CUST02046,PROD0061,B001,1,448.2,0.05,425.79,315.02,110.77,Completed
ORD000336,2023-01-09,CUST01615,PROD0016,B005,2,177.73,0.2,142.18,106.43,35.75,Completed
ORD000339,2023-05-15,CUST00511,PROD0058,B005,4,624.85,0.0,624.85,698.33,-73.48,Completed
ORD000340,2023-08-16,CUST02030,PROD0046,B004,1,223.34,0.25,167.5,168.55,-1.05,Completed
ORD000345,2023-04-03,CUST00277,PROD0076,B001,4,1199.9,0.0,1199.9,960.2,239.7,Completed
ORD000347,2023-07-26,CUST00242,PROD0081,B003,4,532.43,0.25,399.32,396.43,2.89,Completed
ORD000348,2023-04-02,CUST00520,PROD0095,B003,1,355.14,0.05,337.38,267.88,69.5,Completed
ORD000349,2023-07-07,CUST01128,PROD0012,B003,4,518.47,0.0,518.47,350.3,168.17,Completed
ORD000352,2023-07-29,CUST01865,PROD0076,B002,5,1499.88,0.05,1424.88,1200.24,224.64,Completed
ORD000362,2023-10-17,CUST02027,PROD0107,B002,3,5334.6,0.1,4801.14,3263.01,1538.13,Completed
ORD000365,2023-01-02,CUST01375,PROD0080,B003,3,1219.8,0.1,1097.82,845.99,251.83,Completed
ORD000368,2023-04-05,CUST00441,PROD0075,B003,2,2827.8,0.05,2686.41,2184.91,501.5,Completed
ORD000370,2023-08-07,CUST00910,PROD0032,B001,2,1472.87,0.2,1178.29,810.6,367.69,Completed
ORD000371,2023-09-13,CUST00618,PROD0091,B003,5,2068.37,0.05,1964.95,1576.45,388.5,Completed
ORD000372,2023-08-17,CUST02199,PROD0069,B001,5,6325.17,0.1,5692.66,3432.19,2260.47,Completed
ORD000373,2023-01-28,CUST02157,PROD0042,B002,1,1453.53,0.25,1090.15,1064.39,25.76,Completed
ORD000374,2023-07-07,CUST01692,PROD0072,B004,4,1860.63,0.15,1581.54,1306.48,275.06,Completed
ORD000384,2023-11-28,CUST02090,PROD0011,B003,5,4239.74,0.1,3815.77,3288.12,527.65,Completed
ORD000385,2023-04-11,CUST00780,PROD0034,B003,1,1077.45,0.0,1077.45,716.59,360.86,Completed
ORD000388,2023-09-20,CUST00178,PROD0019,B001,3,2666.08,0.05,2532.78,1662.57,870.21,Completed
ORD000392,2023-04-29,CUST00457,PROD0034,B005,1,1077.45,0.1,969.7,716.59,253.11,Completed
ORD000394,2023-10-24,CUST01999,PROD0096,B001,4,7107.69,0.1,6396.92,4137.9,2259.02,Completed
ORD000396,2023-07-09,CUST01741,PROD0120,B001,3,1707.5,0.15,1451.37,1100.84,350.53,Completed
ORD000402,2023-10-13,CUST02231,PROD0013,B003,1,676.55,0.1,608.9,457.72,151.18,Completed
ORD000403,2023-06-04,CUST02140,PROD0066,B004,1,1398.21,0.0,1398.21,1004.49,393.72,Completed
ORD000405,2023-03-20,CUST00244,PROD0006,B001,5,2209.4,0.1,1988.46,2429.52,-441.06,Completed
ORD000409,2023-10-17,CUST02492,PROD0027,B001,5,3421.89,0.15,2908.6,2478.73,429.87,Completed
ORD000410,2023-05-27,CUST00161,PROD0040,B001,4,3962.7,0.15,3368.29,2161.41,1206.88,Completed
ORD000420,2023-03-19,CUST02278,PROD0030,B004,2,2038.77,0.1,1834.89,1627.19,207.7,Completed
ORD000424,2023-02-24,CUST01373,PROD0081,B004,5,665.54,0.25,499.15,495.54,3.61,Completed
ORD000425,2023-05-09,CUST02486,PROD0104,B002,1,1602.45,0.05,1522.33,1059.57,462.76,Completed
ORD000433,2023-04-20,CUST01792,PROD0061,B003,4,1792.8,0.05,1703.16,1260.1,443.06,Completed
ORD000436,2023-09-12,CUST00397,PROD0060,B003,4,358.1,0.1,322.29,235.11,87.18,Completed
ORD000437,2023-12-29,CUST01980,PROD0063,B003,5,663.4,0.05,630.23,502.33,127.9,Completed
ORD000439,2023-05-21,CUST01282,PROD0107,B002,1,1778.2,0.05,1689.29,1087.67,601.62,Completed
ORD000440,2023-10-17,CUST00833,PROD0113,B001,4,5016.73,0.1,4515.06,3627.81,887.25,Completed
ORD000442,2023-11-17,CUST01964,PROD0116,B005,5,1310.86,0.0,1310.86,1075.45,235.41,Completed
ORD000452,2023-08-19,CUST00213,PROD0116,B005,5,1310.86,0.1,1179.77,1075.45,104.32,Completed
ORD000455,2023-03-31,CUST00069,PROD0065,B001,4,5405.34,0.1,4864.81,4044.87,819.94,Completed
ORD000458,2023-06-03,CUST00682,PROD0067,B001,3,2720.42,0.15,2312.36,1491.98,820.38,Completed
ORD000463,2023-12-29,CUST00624,PROD0072,B001,2,930.32,0.05,883.8,653.24,230.56,Completed
ORD000473,2023-03-10,CUST02489,PROD0058,B005,4,1251.03,0.15,1063.37,698.33,365.04,Completed
ORD000474,2023-11-19,CUST00863,PROD0044,B001,1,1093.95,0.1,984.55,607.41,377.14,Completed
ORD000481,2023-08-17,CUST01247,PROD0018,B003,5,8606.54,0.15,7315.56,5359.54,1956.02,Completed
ORD000484,2023-03-27,CUST02059,PROD0054,B004,4,4510.71,0.25,3383.03,3048.13,334.9,Completed
ORD000487,2023-06-20,CUST00435,PROD0025,B002,1,990.04,0.0,990.04,590.72,399.32,Completed
ORD000492,2023-05-21,CUST01256,PROD0053,B002,1,555.84,0.2,444.67,361.6,83.07,Completed
ORD000494,2023-02-25,CUST01427,PROD0080,B004,1,406.6,0.15,345.61,282.0,63.61,Completed
ORD000497,2023-11-27,CUST00342,PROD0071,B005,1,479.79,0.0,479.79,373.57,106.22,Completed
ORD000498,2023-03-15,CUST00458,PROD0004,B004,1,299.17,0.15,254.3,191.1,63.2,Completed
ORD000501,2023-05-02,CUST02001,PROD0083,B002,1,1654.19,0.05,1571.48,1121.48,450.0,Completed
ORD000502,2023-12-19,CUST01824,PROD0005,B001,1,1222.39,0.1,1100.15,753.73,346.42,Completed
ORD000503,2023-06-20,CUST01518,PROD0016,B005,4,355.46,0.0,355.46,212.86,142.6,Completed
ORD000505,2023-07-23,CUST00495,PROD0090,B004,2,639.76,0.1,575.78,400.36,175.42,Completed
ORD000507,2023-07-08,CUST01501,PROD0113,B001,3,3762.55,0.05,3574.42,2720.86,853.56,Completed
ORD000510,2023-01-01,CUST00911,PROD0061,B003,1,448.2,0.0,448.2,315.02,133.18,Completed
ORD000512,2023-01-08,CUST00292,PROD0005,B002,2,2444.79,0.15,2078.07,1507.46,570.61,Completed
ORD000514,2023-12-27,CUST00477,PROD0079,B001,1,173.3,0.05,164.64,116.57,48.07,Completed
ORD000519,2023-05-22,CUST00108,PROD0062,B001,2,1459.06,0.15,1240.2,1157.44,82.76,Completed
ORD000528,2023-07-18,CUST01215,PROD0065,B001,1,1351.33,0.15,1148.64,1011.22,137.42,Completed
ORD000531,2023-09-29,CUST01694,PROD0102,B002,1,771.4,0.0,771.4,444.87,326.53,Completed
ORD000534,2023-08-16,CUST01740,PROD0042,B001,3,4360.58,0.1,3924.52,3193.16,731.36,Completed
ORD000536,2023-08-02,CUST00284,PROD0079,B002,1,173.3,0.1,155.97,116.57,39.4,Completed
ORD000539,2023-04-20,CUST01672,PROD0100,B004,3,2432.96,0.15,2068.02,1899.84,168.18,Completed
ORD000543,2023-10-27,CUST00893,PROD0038,B005,3,179.79,0.15,152.83,122.13,30.7,Completed
ORD000545,2023-12-25,CUST00347,PROD0054,B001,3,3383.03,0.1,3044.73,2286.1,758.63,Completed
ORD000548,2023-11-20,CUST00065,PROD0099,B001,2,1698.54,0.05,1613.61,1187.14,426.47,Completed
ORD000550,2023-03-28,CUST00672,PROD0084,B002,3,1554.81,0.2,1243.85,1147.87,95.98,Completed
ORD000551,2023-05-07,CUST01402,PROD0024,B002,2,2564.07,0.05,2435.87,1406.19,1029.68,Completed
ORD000556,2023-08-25,CUST00223,PROD0102,B003,3,2314.2,0.05,2198.49,1334.6,863.89,Completed
ORD000561,2023-06-10,CUST00461,PROD0045,B004,4,4019.0,0.1,3617.1,2866.23,750.87,Completed
ORD000571,2023-07-08,CUST00898,PROD0109,B002,2,2711.73,0.1,2440.56,1950.22,490.34,Completed
ORD000572,2023-10-28,CUST01756,PROD0015,B005,2,2842.13,0.25,2131.6,1767.45,364.15,Completed
ORD000573,2023-03-17,CUST01760,PROD0039,B002,4,5930.76,0.05,5634.22,3304.98,2329.24,Completed
ORD000574,2023-10-26,CUST02190,PROD0081,B002,5,665.54,0.15,565.71,495.54,70.17,Completed
ORD000577,2023-07-07,CUST00505,PROD0048,B001,3,2665.1,0.05,2531.85,1846.48,685.37,Completed
ORD000582,2023-11-01,CUST00530,PROD0016,B001,2,177.73,0.1,159.95,106.43,53.52,Completed
ORD000584,2023-08-19,CUST00508,PROD0039,B005,4,5930.76,0.05,5634.22,3304.98,2329.24,Completed
ORD000599,2023-03-08,CUST01060,PROD0032,B001,3,2209.3,0.15,1877.91,1215.9,662.01,Completed
ORD000604,2023-01-18,CUST01181,PROD0031,B002,2,1334.07,0.2,1067.26,1094.99,-27.73,Completed
ORD000607,2023-03-10,CUST01439,PROD0107,B004,1,1778.2,0.0,1778.2,1087.67,690.53,Completed
ORD000608,2023-08-05,CUST01881,PROD0025,B001,1,990.04,0.15,841.54,590.72,250.82,Completed
ORD000611,2023-11-17,CUST02499,PROD0018,B002,2,3442.62,0.1,3098.36,2143.81,954.55,Completed
ORD000612,2023-02-08,CUST00210,PROD0028,B001,3,2190.58,0.15,1861.99,1375.54,486.45,Completed
ORD000614,2023-09-08,CUST01468,PROD0114,B002,5,6872.68,0.2,5498.14,5215.83,282.31,Completed
ORD000618,2023-12-18,CUST00197,PROD0112,B001,1,866.36,0.2,693.09,678.33,14.76,Completed
ORD000620,2023-12-02,CUST00882,PROD0057,B001,3,3015.3,0.1,2713.77,1946.86,766.91,Completed
ORD000626,2023-09-18,CUST00644,PROD0090,B001,1,319.88,0.2,255.9,200.18,55.72,Completed
ORD000631,2023-08-22,CUST00265,PROD0010,B005,1,1842.55,0.0,1842.55,1072.0,770.55,Completed
ORD000632,2023-11-20,CUST00026,PROD0037,B004,3,1739.02,0.1,1565.12,1447.68,117.44,Completed
ORD000634,2023-07-03,CUST02130,PROD0022,B001,1,1264.34,0.15,1074.69,913.58,161.11,Completed
ORD000638,2023-03-30,CUST01449,PROD0078,B004,3,2795.86,0.0,2795.86,1721.93,1073.93,Completed
ORD000642,2023-02-07,CUST00779,PROD0021,B003,3,2535.48,0.15,2155.16,1540.73,614.43,Completed
ORD000649,2023-07-20,CUST02230,PROD0120,B001,1,569.17,0.15,483.79,366.95,116.84,Completed
ORD000653,2023-03-27,CUST02046,PROD0106,B002,1,718.58,0.05,682.65,431.22,251.43,Completed
ORD000656,2023-06-28,CUST01236,PROD0107,B001,3,5334.6,0.1,4801.14,3263.01,1538.13,Completed
ORD000661,2023-07-08,CUST00974,PROD0004,B001,2,598.35,0.15,508.59,382.21,126.38,Completed
ORD000666,2023-01-13,CUST00247,PROD0043,B003,1,291.4,0.1,262.26,178.65,83.61,Completed
ORD000669,2023-04-30,CUST02213,PROD0036,B002,5,1416.8,0.0,1416.8,766.09,650.71,Completed
ORD000670,2023-12-22,CUST01478,PROD0032,B005,5,3682.17,0.05,3498.06,2026.5,1471.56,Completed
ORD000676,2023-03-30,CUST01263,PROD0011,B002,4,3391.79,0.15,2883.02,2630.5,252.52,Completed
ORD000680,2023-08-19,CUST01660,PROD0039,B002,5,7413.45,0.2,5930.76,4131.23,1799.53,Completed
ORD000684,2023-10-08,CUST00476,PROD0071,B001,1,479.79,0.15,407.82,373.57,34.25,Completed
ORD000686,2023-02-18,CUST01396,PROD0045,B001,4,4019.0,0.1,3617.1,2866.23,750.87,Completed
ORD000689,2023-08-26,CUST01591,PROD0029,B005,5,2290.03,0.15,1946.52,1329.25,617.27,Completed
ORD000695,2023-06-14,CUST02265,PROD0100,B001,1,810.99,0.1,729.89,633.28,96.61,Completed
ORD000697,2023-03-05,CUST01409,PROD0081,B003,2,266.21,0.1,239.59,198.21,41.38,Completed
ORD000700,2023-06-08,CUST01631,PROD0106,B002,1,718.58,0.2,574.87,431.22,143.65,Completed
ORD000704,2023-07-01,CUST00035,PROD0071,B003,3,1439.36,0.05,1367.39,1120.72,246.67,Completed
ORD000722,2023-09-11,CUST01419,PROD0098,B004,5,4996.96,0.05,4747.11,2794.15,1952.96,Completed
ORD000724,2023-02-09,CUST00492,PROD0105,B004,1,421.74,0.25,316.3,310.8,5.5,Completed
ORD000727,2023-03-21,CUST00145,PROD0069,B001,1,1265.03,0.2,1012.03,686.44,325.59,Completed
ORD000732,2023-03-20,CUST01321,PROD0069,B001,5,6325.17,0.0,6325.17,3432.19,2892.98,Completed
ORD000738,2023-12-01,CUST00310,PROD0055,B001,3,1394.23,0.0,1394.23,790.62,603.61,Completed
ORD000741,2023-12-05,CUST02406,PROD0118,B002,2,579.77,0.1,521.79,388.34,133.45,Completed
ORD000743,2023-11-20,CUST01074,PROD0119,B001,1,598.58,0.2,478.86,434.31,44.55,Completed
ORD000746,2023-04-01,CUST02026,PROD0016,B004,3,266.59,0.1,239.93,159.65,80.28,Completed
ORD000748,2023-11-14,CUST01325,PROD0048,B004,2,1776.73,0.05,1687.9,1230.99,456.91,Completed
ORD000751,2023-11-01,CUST01892,PROD0088,B004,2,897.74,0.05,852.85,579.21,273.64,Completed
ORD000755,2023-01-15,CUST00641,PROD0097,B003,5,8805.85,0.05,8365.56,5423.08,2942.48,Completed
ORD000756,2023-04-02,CUST00112,PROD0044,B003,5,5469.74,0.05,5196.25,3037.05,2159.2,Completed
ORD000765,2023-08-17,CUST01783,PROD0041,B004,3,345.23,0.2,276.19,187.47,88.72,Completed
ORD000766,2023-05-19,CUST01810,PROD0068,B002,2,2049.87,0.15,1742.39,1646.73,95.66,Completed
ORD000770,2023-08-30,CUST01124,PROD0043,B003,3,874.19,0.2,699.35,535.94,163.41,Completed
ORD000772,2023-10-15,CUST00055,PROD0056,B002,2,2823.44,0.15,2399.92,2115.29,284.63,Completed
ORD000774,2023-01-09,CUST02433,PROD0106,B005,3,2155.74,0.05,2047.95,1293.66,754.29,Completed
ORD000782,2023-03-01,CUST01559,PROD0043,B003,5,1456.99,0.15,1238.44,893.23,345.21,Completed
ORD000784,2023-04-10,CUST01789,PROD0108,B001,1,909.88,0.05,864.39,523.42,340.97,Completed
ORD000785,2023-10-13,CUST00496,PROD0053,B003,4,2223.35,0.15,1889.85,1446.41,443.44,Completed
ORD000786,2023-07-18,CUST00263,PROD0085,B001,2,86.1,0.05,81.8,68.23,13.57,Completed
ORD000788,2023-11-21,CUST00935,PROD0078,B003,3,2795.86,0.05,2656.07,1721.93,934.14,Completed
ORD000792,2023-10-15,CUST01503,PROD0117,B003,3,2316.79,0.2,1853.44,1428.37,425.07,Completed
ORD000794,2023-03-13,CUST02271,PROD0048,B004,2,1776.73,0.2,1421.39,1230.99,190.4,Completed
ORD000795,2023-03-16,CUST02067,PROD0059,B003,2,1950.0,0.1,1755.0,1233.42,521.58,Completed
ORD000796,2023-02-02,CUST00137,PROD0019,B002,2,1777.39,0.2,1421.91,1108.38,313.53,Completed
ORD000801,2023-07-13,CUST02284,PROD0022,B004,5,6321.69,0.1,5689.52,4567.91,1121.61,Completed
ORD000802,2023-06-20,CUST00469,PROD0104,B002,2,3204.91,0.2,2563.92,2119.14,444.78,Completed
ORD000809,2023-09-10,CUST02428,PROD0004,B002,4,1196.7,0.0,1196.7,764.42,432.28,Completed
ORD000816,2023-03-21,CUST01343,PROD0088,B002,4,1795.48,0.05,1705.71,1158.41,547.3,Completed
ORD000818,2023-08-19,CUST01439,PROD0084,B002,5,2591.35,0.15,2202.64,1913.12,289.52,Completed
ORD000824,2023-08-02,CUST02394,PROD0116,B002,3,786.52,0.05,747.19,645.27,101.92,Completed
ORD000826,2023-04-02,CUST01975,PROD0028,B003,4,2920.77,0.0,2920.77,1834.06,1086.71,Completed
ORD000827,2023-07-07,CUST00561,PROD0060,B001,2,179.05,0.05,170.1,117.55,52.55,Completed
ORD000828,2023-01-21,CUST01846,PROD0028,B004,5,3650.96,0.1,3285.87,2292.57,993.3,Completed
ORD000835,2023-05-22,CUST00495,PROD0064,B002,4,3700.91,0.15,3145.78,2813.15,332.63,Completed
ORD000837,2023-08-24,CUST02323,PROD0120,B004,3,1707.5,0.15,1451.37,1100.84,350.53,Completed
ORD000841,2023-08-14,CUST01635,PROD0089,B003,2,686.67,0.1,618.0,451.18,166.82,Completed
ORD000847,2023-09-21,CUST01496,PROD0034,B001,5,5387.24,0.05,5117.88,3582.94,1534.94,Completed
ORD000852,2023-01-29,CUST00055,PROD0016,B005,3,266.59,0.15,226.61,159.65,66.96,Completed
ORD000855,2023-02-05,CUST01831,PROD0069,B001,2,2530.07,0.1,2277.06,1372.88,904.18,Completed
ORD000860,2023-01-29,CUST00880,PROD0065,B002,5,6756.67,0.05,6418.84,5056.08,1362.76,Completed
ORD000861,2023-09-01,CUST00576,PROD0015,B004,4,5684.27,0.1,5115.84,3534.91,1580.93,Completed
ORD000863,2023-05-08,CUST00114,PROD0084,B002,4,2073.08,0.1,1865.77,1530.5,335.27,Completed
ORD000867,2023-03-21,CUST00018,PROD0082,B005,3,6283.58,0.05,5969.4,3400.99,2568.41,Completed
ORD000882,2023-04-06,CUST02242,PROD0094,B004,1,195.28,0.15,165.99,117.02,48.97,Completed
ORD000886,2023-07-21,CUST00139,PROD0042,B005,3,4360.58,0.0,4360.58,3193.16,1167.42,Completed
ORD000889,2023-01-04,CUST02374,PROD0095,B003,3,1065.41,0.0,1065.41,803.65,261.76,Completed
ORD000893,2023-11-21,CUST00102,PROD0118,B001,2,579.77,0.15,492.8,388.34,104.46,Completed
ORD000898,2023-09-12,CUST01004,PROD0074,B002,1,652.84,0.05,620.2,504.84,115.36,Completed
ORD000909,2023-03-08,CUST02078,PROD0027,B004,3,2053.13,0.05,1950.48,1487.24,463.24,Completed
ORD000923,2023-05-16,CUST02382,PROD0082,B003,5,10472.63,0.05,9949.0,5668.32,4280.68,Completed
ORD000926,2023-11-22,CUST02413,PROD0103,B003,5,4363.29,0.1,3926.96,2582.17,1344.79,Completed
ORD000937,2023-08-03,CUST00465,PROD0070,B005,3,350.1,0.0,350.1,412.77,-62.67,Completed
ORD000947,2023-09-27,CUST01736,PROD0083,B001,5,8270.93,0.05,7857.39,5607.38,2250.01,Completed
ORD000948,2023-03-05,CUST00209,PROD0102,B003,5,3857.01,0.15,3278.46,2224.33,1054.13,Completed
ORD000949,2023-06-30,CUST01944,PROD0006,B005,3,2008.39,0.05,1907.97,1457.71,450.26,Completed
ORD000952,2023-11-17,CUST01648,PROD0057,B003,3,3015.3,0.0,3015.3,1946.86,1068.44,Completed
ORD000958,2023-07-25,CUST02184,PROD0052,B005,4,2642.73,0.2,2114.18,1813.4,300.78,Completed
ORD000973,2023-08-08,CUST00036,PROD0086,B004,4,2111.47,0.2,1689.18,1602.97,86.21,Completed
ORD000981,2023-02-07,CUST01756,PROD0003,B003,2,755.58,0.2,604.47,535.46,69.01,Completed
ORD000984,2023-12-19,CUST01775,PROD0022,B002,3,3793.01,0.05,3603.36,2740.74,862.62,Completed
ORD001002,2023-09-10,CUST00256,PROD0029,B002,4,1832.02,0.05,1740.42,1063.4,677.02,Completed
ORD001003,2023-04-06,CUST02476,PROD0105,B001,1,421.74,0.0,421.74,310.8,110.94,Completed
ORD001011,2023-10-13,CUST00891,PROD0005,B002,4,4889.58,0.1,4400.62,3014.92,1385.7,Completed
ORD001017,2023-10-29,CUST00232,PROD0108,B003,2,1819.76,0.1,1637.79,1046.85,590.94,Completed
ORD001021,2023-11-21,CUST01681,PROD0049,B003,3,3998.17,0.05,3798.26,2313.24,1485.02,Completed
ORD001026,2023-02-19,CUST02322,PROD0014,B002,4,5523.51,0.15,4694.98,3162.41,1532.57,Completed
ORD001030,2023-10-24,CUST02453,PROD0019,B001,4,3554.78,0.05,3377.04,2216.76,1160.28,Completed
ORD001034,2023-04-02,CUST01435,PROD0020,B002,4,3042.55,0.05,2890.43,2190.93,699.5,Completed
ORD001037,2023-08-26,CUST01639,PROD0053,B001,3,1667.51,0.2,1334.01,1084.81,249.2,Completed
ORD001038,2023-11-02,CUST01520,PROD0037,B005,1,579.67,0.2,463.74,482.56,-18.82,Completed
ORD001039,2023-06-11,CUST01301,PROD0039,B003,4,5930.76,0.0,5930.76,3304.98,2625.78,Completed
ORD001042,2023-04-17,CUST00131,PROD0005,B002,1,1222.39,0.15,1039.04,753.73,285.31,Completed
ORD001043,2023-07-22,CUST02084,PROD0073,B003,4,731.21,0.15,621.52,479.89,141.63,Completed
ORD001044,2023-10-20,CUST00624,PROD0073,B004,1,182.8,0.05,173.66,119.97,53.69,Completed
ORD001047,2023-10-12,CUST00874,PROD0099,B002,2,1698.54,0.25,1273.9,1187.14,86.76,Completed
ORD001048,2023-08-18,CUST01816,PROD0086,B001,4,1639.18,0.1,1475.26,1602.97,-127.71,Completed
ORD001067,2023-07-25,CUST00127,PROD0002,B005,3,2040.42,0.15,1734.35,1233.78,500.57,Completed
ORD001070,2023-08-23,CUST02253,PROD0085,B002,3,129.15,0.1,116.24,102.34,13.9,Completed
ORD001085,2023-05-17,CUST02108,PROD0002,B003,4,2720.55,0.05,2584.53,1645.04,939.49,Completed
ORD001087,2023-12-08,CUST01481,PROD0070,B001,2,401.05,0.2,320.84,275.18,45.66,Completed
ORD001088,2023-02-06,CUST01614,PROD0054,B004,4,4510.71,0.1,4059.64,3048.13,1011.51,Completed
ORD001090,2023-09-09,CUST00770,PROD0082,B002,3,6283.58,0.2,5026.86,3400.99,1625.87,Completed
ORD001093,2023-05-13,CUST02436,PROD0033,B001,3,1801.02,0.25,1350.77,1149.73,201.04,Completed
ORD001094,2023-04-26,CUST02232,PROD0036,B003,4,1133.44,0.2,906.75,612.87,293.88,Completed
ORD001099,2023-12-05,CUST01124,PROD0055,B002,5,2323.71,0.0,2323.71,1317.7,1006.01,Completed
ORD001102,2023-04-03,CUST01772,PROD0014,B001,3,4142.63,0.1,3728.37,2371.81,1356.56,Completed
ORD001105,2023-01-09,CUST01945,PROD0103,B001,5,4363.29,0.15,3708.79,2582.17,1126.62,Completed
ORD001107,2023-12-18,CUST02151,PROD0062,B002,2,1459.06,0.1,1313.16,1157.44,155.72,Completed
ORD001110,2023-06-04,CUST00915,PROD0030,B005,3,3058.15,0.0,3058.15,2440.78,617.37,Completed
ORD001113,2023-02-25,CUST02331,PROD0117,B004,4,3089.06,0.0,3089.06,1904.49,1184.57,Completed
ORD001114,2023-12-04,CUST02373,PROD0030,B001,1,1019.38,0.05,968.41,813.59,154.82,Completed
ORD001119,2023-08-01,CUST01843,PROD0105,B002,5,2108.69,0.05,2003.25,1553.98,449.27,Completed
ORD001121,2023-12-27,CUST00920,PROD0056,B005,5,7058.6,0.15,5999.81,5288.22,711.59,Completed
ORD001125,2023-08-18,CUST00904,PROD0014,B003,2,2761.75,0.2,2209.4,1581.2,628.2,Completed
ORD001126,2023-01-03,CUST00905,PROD0071,B001,2,959.57,0.1,863.62,747.14,116.48,Completed
ORD001128,2023-03-05,CUST01142,PROD0043,B001,2,582.79,0.15,495.38,357.29,138.09,Completed
ORD001140,2023-01-22,CUST02475,PROD0062,B001,1,729.53,0.05,693.05,578.72,114.33,Completed
ORD001142,2023-12-28,CUST01613,PROD0002,B002,4,2720.55,0.25,2040.42,1645.04,395.38,Completed
ORD001144,2023-10-31,CUST01228,PROD0079,B003,5,866.51,0.05,823.19,582.85,240.34,Completed
ORD001155,2023-06-14,CUST01374,PROD0027,B001,4,2737.51,0.1,2463.76,1982.98,480.78,Completed
ORD001157,2023-02-26,CUST00876,PROD0022,B004,3,3793.01,0.15,3224.06,2740.74,483.32,Completed
ORD001158,2023-07-11,CUST01790,PROD0011,B001,4,3391.79,0.05,3222.2,2630.5,591.7,Completed
ORD001159,2023-02-09,CUST00141,PROD0071,B003,5,2398.93,0.15,2039.09,1867.86,171.23,Completed
ORD001160,2023-02-27,CUST01233,PROD0035,B004,2,1160.82,0.1,1044.74,871.23,173.51,Completed
ORD001169,2023-12-14,CUST00416,PROD0059,B002,2,1950.0,0.1,1755.0,1233.42,521.58,Completed
ORD001170,2023-10-10,CUST00255,PROD0002,B001,1,680.14,0.1,612.12,411.26,200.86,Completed
ORD001174,2023-09-20,CUST01996,PROD0019,B005,1,888.69,0.1,799.82,554.19,245.63,Completed
ORD001175,2023-12-13,CUST00393,PROD0049,B005,1,1332.72,0.15,1132.81,771.08,361.73,Completed
ORD001181,2023-11-07,CUST01375,PROD0025,B001,1,990.04,0.2,792.04,590.72,201.32,Completed
ORD001189,2023-04-30,CUST01828,PROD0034,B001,3,3232.34,0.0,3232.34,2149.77,1082.57,Completed
ORD001193,2023-08-08,CUST01494,PROD0088,B003,4,1795.48,0.2,1436.39,1158.41,277.98,Completed
ORD001194,2023-09-27,CUST02392,PROD0002,B001,2,1360.28,0.05,1292.26,822.52,469.74,Completed
ORD001195,2023-10-30,CUST00969,PROD0095,B004,3,1065.41,0.0,1065.41,803.65,261.76,Completed
ORD001201,2023-02-06,CUST00383,PROD0094,B001,2,390.56,0.15,331.98,234.04,97.94,Completed
ORD001204,2023-06-24,CUST00757,PROD0068,B002,5,5124.67,0.05,4868.44,4116.82,751.62,Completed
ORD001205,2023-09-13,CUST02254,PROD0051,B004,4,3584.37,0.25,2688.28,2376.21,312.07,Completed
ORD001224,2023-04-25,CUST02298,PROD0024,B004,2,2564.07,0.1,2307.66,1406.19,901.47,Completed
ORD001228,2023-09-21,CUST00914,PROD0095,B002,5,1775.68,0.2,1420.55,1339.42,81.13,Completed
ORD001231,2023-02-13,CUST01764,PROD0096,B001,5,8884.61,0.15,7551.92,5172.37,2379.55,Completed
ORD001240,2023-03-06,CUST00349,PROD0026,B002,4,1574.03,0.05,1495.32,1137.19,358.13,Completed
ORD001249,2023-07-04,CUST01721,PROD0052,B001,5,3303.42,0.1,2973.07,2266.75,706.32,Completed
ORD001251,2023-10-30,CUST00233,PROD0002,B001,3,2040.42,0.1,1836.37,1233.78,602.59,Completed
ORD001265,2023-08-02,CUST02360,PROD0004,B001,1,299.17,0.0,299.17,191.1,108.07,Completed
ORD001272,2023-07-02,CUST00758,PROD0087,B001,2,2362.13,0.0,2362.13,1649.39,712.74,Completed
ORD001275,2023-02-22,CUST00250,PROD0075,B002,4,5655.6,0.15,4807.26,4369.82,437.44,Completed
ORD001279,2023-08-02,CUST00614,PROD0034,B002,4,4309.79,0.0,4309.79,2866.35,1443.44,Completed
ORD001285,2023-08-25,CUST00820,PROD0106,B002,1,718.58,0.0,718.58,431.22,287.36,Completed
ORD001294,2023-11-02,CUST02251,PROD0025,B002,4,2348.22,0.25,1761.16,2362.87,-601.71,Completed
ORD001299,2023-03-07,CUST00117,PROD0022,B002,5,6321.69,0.25,4741.27,4567.91,173.36,Completed
ORD001301,2023-09-17,CUST00256,PROD0023,B005,1,1273.06,0.1,1145.75,786.92,358.83,Completed
ORD001305,2023-05-19,CUST00922,PROD0105,B001,5,2108.69,0.0,2108.69,1553.98,554.71,Completed
ORD001310,2023-05-20,CUST00707,PROD0018,B001,2,3442.62,0.1,3098.36,2143.81,954.55,Completed
ORD001312,2023-03-28,CUST01503,PROD0106,B003,3,2155.74,0.05,2047.95,1293.66,754.29,Completed
ORD001313,2023-03-10,CUST01533,PROD0003,B003,1,377.79,0.1,340.01,267.73,72.28,Completed
ORD001316,2023-10-20,CUST01443,PROD0002,B002,2,1360.28,0.15,1156.24,822.52,333.72,Completed
ORD001320,2023-04-13,CUST01118,PROD0019,B003,3,2666.08,0.15,2266.17,1662.57,603.6,Completed
ORD001323,2023-05-03,CUST02422,PROD0018,B003,5,8606.54,0.25,6454.91,5359.54,1095.37,Completed
ORD001324,2023-11-14,CUST00437,PROD0003,B002,1,377.79,0.1,340.01,267.73,72.28,Completed
ORD001325,2023-09-09,CUST01048,PROD0043,B002,3,874.19,0.1,786.77,535.94,250.83,Completed
ORD001332,2023-07-05,CUST01615,PROD0108,B002,4,3639.53,0.05,3457.56,2093.7,1363.86,Completed
ORD001336,2023-10-24,CUST01954,PROD0115,B001,2,1493.09,0.15,1269.13,921.31,347.82,Completed
ORD001338,2023-10-29,CUST01137,PROD0078,B004,1,931.95,0.05,885.36,573.98,311.38,Completed
ORD001340,2023-09-17,CUST02371,PROD0022,B004,2,2528.68,0.15,2149.38,1827.16,322.22,Completed
ORD001344,2023-07-20,CUST00448,PROD0005,B003,2,2444.79,0.2,1955.83,1507.46,448.37,Completed
ORD001346,2023-08-18,CUST00590,PROD0025,B001,5,4950.22,0.1,4455.2,2953.59,1501.61,Completed
ORD001348,2023-05-22,CUST00207,PROD0095,B002,2,710.27,0.1,639.25,535.77,103.48,Completed
ORD001354,2023-08-23,CUST00270,PROD0074,B005,3,1958.53,0.15,1664.75,1514.51,150.24,Completed
ORD001355,2023-11-06,CUST01592,PROD0088,B003,2,897.74,0.1,807.97,579.21,228.76,Completed
ORD001356,2023-10-29,CUST01564,PROD0104,B003,4,6409.81,0.15,5448.34,4238.27,1210.07,Completed
ORD001357,2023-09-29,CUST00184,PROD0011,B003,2,1695.9,0.05,1611.1,1315.25,295.85,Completed
ORD001360,2023-07-20,CUST01569,PROD0102,B001,5,3857.01,0.0,3857.01,2224.33,1632.68,Completed
ORD001362,2023-05-02,CUST00656,PROD0013,B003,1,676.55,0.25,507.41,457.72,49.69,Completed
ORD001365,2023-05-10,CUST02385,PROD0105,B002,3,1265.21,0.1,1138.69,932.39,206.3,Completed
ORD001368,2023-06-18,CUST00258,PROD0004,B001,1,299.17,0.05,284.21,191.1,93.11,Completed
ORD001369,2023-01-31,CUST01599,PROD0035,B003,3,1342.13,0.15,1140.81,1306.85,-166.04,Completed
ORD001375,2023-04-18,CUST00159,PROD0027,B001,3,2053.13,0.15,1745.16,1487.24,257.92,Completed
ORD001378,2023-05-23,CUST01594,PROD0036,B002,2,566.72,0.05,538.39,306.44,231.95,Completed
ORD001389,2023-02-05,CUST02022,PROD0081,B003,4,532.43,0.15,452.56,396.43,56.13,Completed
ORD001391,2023-05-28,CUST01245,PROD0093,B002,1,866.35,0.05,823.04,635.67,187.37,Completed
ORD001399,2023-06-09,CUST01752,PROD0030,B002,1,1019.38,0.1,917.45,813.59,103.86,Completed
ORD001403,2023-09-29,CUST00146,PROD0081,B003,2,266.21,0.1,239.59,198.21,41.38,Completed
ORD001405,2023-11-18,CUST00289,PROD0074,B005,1,652.84,0.05,620.2,504.84,115.36,Completed
ORD001410,2023-01-12,CUST02471,PROD0102,B002,1,771.4,0.1,694.26,444.87,249.39,Completed
ORD001420,2023-12-24,CUST00095,PROD0060,B004,5,447.63,0.1,402.86,293.88,108.98,Completed
ORD001424,2023-06-07,CUST01644,PROD0030,B003,2,2038.77,0.05,1936.83,1627.19,309.64,Completed
ORD001426,2023-11-23,CUST01597,PROD0007,B001,3,143.12,0.05,135.96,107.26,28.7,Completed
ORD001428,2023-06-26,CUST00113,PROD0102,B001,2,1542.8,0.0,1542.8,889.73,653.07,Completed
ORD001432,2023-03-24,CUST01920,PROD0040,B002,3,2972.02,0.15,2526.22,1621.06,905.16,Completed
ORD001434,2023-09-12,CUST00014,PROD0094,B002,1,195.28,0.15,165.99,117.02,48.97,Completed
ORD001438,2023-11-24,CUST01777,PROD0115,B004,3,2239.64,0.0,2239.64,1381.96,857.68,Completed
ORD001439,2023-01-13,CUST01178,PROD0050,B004,3,3297.42,0.1,2967.68,1902.8,1064.88,Completed
ORD001444,2023-05-19,CUST01532,PROD0030,B003,1,1019.38,0.0,1019.38,813.59,205.79,Completed
ORD001461,2023-03-01,CUST02430,PROD0019,B003,4,3554.78,0.15,3021.56,2216.76,804.8,Completed
ORD001462,2023-02-19,CUST01272,PROD0056,B001,4,3887.44,0.1,3498.7,4230.57,-731.87,Completed
ORD001467,2023-12-19,CUST01373,PROD0024,B001,3,3846.1,0.15,3269.19,2109.28,1159.91,Completed
ORD001473,2023-05-18,CUST00842,PROD0070,B003,5,1002.62,0.15,852.23,687.96,164.27,Completed
ORD001474,2023-06-11,CUST02102,PROD0042,B001,4,5814.11,0.05,5523.4,4257.54,1265.86,Completed
ORD001475,2023-07-03,CUST00030,PROD0083,B005,2,3308.37,0.1,2977.54,2242.95,734.59,Completed
ORD001481,2023-02-23,CUST00393,PROD0047,B002,2,620.39,0.05,589.38,359.3,230.08,Completed
ORD001484,2023-05-31,CUST01981,PROD0067,B001,3,1111.49,0.0,1111.49,1491.98,-380.49,Completed
ORD001487,2023-08-25,CUST01627,PROD0026,B003,2,787.01,0.15,668.96,568.59,100.37,Completed
ORD001493,2023-02-04,CUST01032,PROD0098,B004,3,2998.18,0.0,2998.18,1676.49,1321.69,Completed
ORD001494,2023-09-10,CUST00971,PROD0108,B004,3,2729.65,0.2,2183.72,1570.27,613.45,Completed
ORD001496,2023-04-13,CUST02311,PROD0078,B002,2,1863.91,0.05,1770.71,1147.95,622.76,Completed
ORD001503,2023-06-01,CUST01585,PROD0065,B005,2,2702.67,0.0,2702.67,2022.43,680.24,Completed
ORD001505,2023-12-06,CUST01928,PROD0092,B005,5,522.22,0.15,443.89,333.18,110.71,Completed
ORD001511,2023-07-05,CUST00756,PROD0028,B001,1,730.19,0.0,730.19,458.51,271.68,Completed
ORD001513,2023-06-05,CUST02112,PROD0077,B003,2,608.04,0.15,516.84,492.1,24.74,Completed
ORD001514,2023-11-04,CUST01704,PROD0053,B002,5,2779.19,0.0,2779.19,1808.01,971.18,Completed
ORD001515,2023-03-09,CUST02064,PROD0046,B002,5,1116.68,0.1,1005.01,842.77,162.24,Completed
ORD001516,2023-07-21,CUST02303,PROD0025,B001,1,990.04,0.1,891.04,590.72,300.32,Completed
ORD001517,2023-03-24,CUST01690,PROD0087,B002,4,4724.26,0.0,4724.26,3298.78,1425.48,Completed
ORD001526,2023-03-13,CUST00223,PROD0090,B003,5,1599.39,0.05,1519.42,1000.91,518.51,Completed
ORD001528,2023-06-23,CUST01179,PROD0022,B001,2,2528.68,0.0,2528.68,1827.16,701.52,Completed
ORD001532,2023-10-28,CUST00897,PROD0007,B001,3,143.12,0.0,143.12,107.26,35.86,Completed
ORD001537,2023-04-19,CUST00903,PROD0013,B003,5,3382.77,0.05,3213.63,2288.62,925.01,Completed
ORD001539,2023-12-31,CUST00443,PROD0009,B002,4,1277.14,0.05,1213.28,782.1,431.18,Completed
ORD001546,2023-12-22,CUST01061,PROD0095,B002,2,710.27,0.15,603.73,535.77,67.96,Completed
ORD001549,2023-07-16,CUST01173,PROD0016,B001,5,444.32,0.15,377.68,266.08,111.6,Completed
ORD001557,2023-06-29,CUST00331,PROD0022,B001,3,3793.01,0.1,3413.71,2740.74,672.97,Completed
ORD001562,2023-10-10,CUST02222,PROD0023,B002,1,1273.06,0.1,1145.75,786.92,358.83,Completed
ORD001573,2023-01-29,CUST00612,PROD0007,B004,5,238.54,0.1,214.68,178.76,35.92,Completed
ORD001575,2023-01-22,CUST01536,PROD0060,B001,5,447.63,0.15,380.48,293.88,86.6,Completed
ORD001583,2023-02-03,CUST01296,PROD0082,B002,4,8378.11,0.1,7540.3,4534.66,3005.64,Completed
ORD001592,2023-05-03,CUST00688,PROD0111,B002,4,7339.28,0.15,6238.38,4428.25,1810.13,Completed
ORD001597,2023-10-19,CUST00638,PROD0083,B001,2,3308.37,0.15,2812.12,2242.95,569.17,Completed
ORD001599,2023-04-08,CUST01085,PROD0054,B001,5,5638.39,0.25,4228.79,3810.16,418.63,Completed
ORD001602,2023-04-12,CUST01591,PROD0029,B001,4,1832.02,0.25,1374.02,1063.4,310.62,Completed
ORD001607,2023-05-04,CUST01956,PROD0065,B003,3,4054.0,0.0,4054.0,3033.65,1020.35,Completed
ORD001609,2023-09-08,CUST01634,PROD0042,B003,3,4360.58,0.2,3488.47,3193.16,295.31,Completed
ORD001613,2023-04-06,CUST01793,PROD0048,B001,5,4441.84,0.15,3775.56,3077.47,698.09,Completed
ORD001618,2023-11-10,CUST00079,PROD0012,B004,3,280.2,0.1,252.18,262.72,-10.54,Completed
ORD001621,2023-10-08,CUST01077,PROD0034,B001,4,4309.79,0.05,4094.3,2866.35,1227.95,Completed
ORD001625,2023-05-07,CUST01039,PROD0105,B002,4,1686.95,0.1,1518.25,1243.18,275.07,Completed
ORD001633,2023-10-12,CUST00355,PROD0014,B003,1,1380.88,0.05,1311.83,790.6,521.23,Completed
ORD001637,2023-04-04,CUST01519,PROD0075,B001,5,7069.49,0.25,5302.12,5462.28,-160.16,Completed
ORD001639,2023-04-16,CUST02232,PROD0010,B003,5,9212.77,0.15,7830.86,5359.98,2470.88,Completed
ORD001647,2023-02-14,CUST00257,PROD0079,B001,4,693.21,0.05,658.55,466.28,192.27,Completed
ORD001654,2023-06-12,CUST01513,PROD0001,B005,1,1939.39,0.15,1648.49,1063.18,585.31,Completed
ORD001661,2023-09-05,CUST02497,PROD0080,B004,1,406.6,0.15,345.61,282.0,63.61,Completed
ORD001663,2023-02-21,CUST02462,PROD0116,B001,3,786.52,0.05,747.19,645.27,101.92,Completed
ORD001676,2023-12-31,CUST02173,PROD0062,B004,1,729.53,0.0,729.53,578.72,150.81,Completed
ORD001677,2023-07-20,CUST00439,PROD0101,B005,2,1292.78,0.1,1163.5,921.0,242.5,Completed
ORD001681,2023-03-31,CUST01462,PROD0064,B002,2,1850.46,0.05,1757.93,1406.57,351.36,Completed
ORD001684,2023-04-15,CUST01817,PROD0002,B001,4,2720.55,0.25,2040.42,1645.04,395.38,Completed
ORD001688,2023-03-03,CUST01712,PROD0023,B002,1,1273.06,0.05,1209.41,786.92,422.49,Completed
ORD001689,2023-04-25,CUST01779,PROD0013,B001,5,3382.77,0.15,2875.35,2288.62,586.73,Completed
ORD001692,2023-03-21,CUST01267,PROD0054,B002,2,2255.35,0.1,2029.82,1524.07,505.75,Completed
ORD001696,2023-10-31,CUST00670,PROD0086,B001,1,527.87,0.15,448.69,400.74,47.95,Completed
ORD001697,2023-03-17,CUST02433,PROD0093,B002,5,4331.76,0.15,3682.0,3178.36,503.64,Completed
ORD001698,2023-08-03,CUST00654,PROD0061,B005,2,896.4,0.05,851.58,630.05,221.53,Completed
ORD001703,2023-12-20,CUST01160,PROD0010,B003,4,7370.22,0.05,7001.71,4287.98,2713.73,Completed
ORD001705,2023-06-02,CUST00782,PROD0065,B002,2,2702.67,0.05,2567.53,2022.43,545.1,Completed
ORD001707,2023-02-04,CUST02323,PROD0114,B004,3,4123.61,0.15,3505.06,3129.5,375.56,Completed
ORD001710,2023-01-02,CUST01633,PROD0102,B004,3,2314.2,0.05,2198.49,1334.6,863.89,Completed
ORD001714,2023-06-30,CUST01544,PROD0076,B002,1,299.98,0.15,254.98,240.05,14.93,Completed
ORD001726,2023-07-23,CUST00555,PROD0108,B001,3,2729.65,0.05,2593.16,1570.27,1022.89,Completed
ORD001745,2023-04-30,CUST01442,PROD0032,B001,3,2209.3,0.05,2098.84,1215.9,882.94,Completed
ORD001748,2023-06-21,CUST00818,PROD0050,B005,3,3297.42,0.0,3297.42,1902.8,1394.62,Completed
ORD001753,2023-12-13,CUST00937,PROD0116,B001,5,1032.88,0.0,1032.88,1075.45,-42.57,Completed
ORD001761,2023-04-23,CUST00789,PROD0060,B002,1,89.53,0.0,89.53,58.78,30.75,Completed
ORD001762,2023-11-22,CUST01976,PROD0117,B001,2,1544.53,0.05,1467.3,952.25,515.05,Completed
ORD001765,2023-09-07,CUST00732,PROD0013,B004,1,676.55,0.0,676.55,457.72,218.83,Completed
ORD001766,2023-02-07,CUST01708,PROD0051,B001,4,3584.37,0.0,3584.37,2376.21,1208.16,Completed
ORD001767,2023-03-12,CUST01727,PROD0062,B001,2,1459.06,0.05,1386.11,1157.44,228.67,Completed
ORD001768,2023-08-02,CUST01878,PROD0089,B001,1,343.33,0.2,274.67,225.59,49.08,Completed
ORD001769,2023-02-21,CUST02191,PROD0026,B001,2,787.01,0.05,747.66,568.59,179.07,Completed
ORD001778,2023-06-21,CUST01481,PROD0038,B003,1,59.93,0.0,59.93,40.71,19.22,Completed
ORD001780,2023-05-24,CUST00301,PROD0027,B003,5,3421.89,0.0,3421.89,2478.73,943.16,Completed
ORD001781,2023-09-18,CUST00407,PROD0051,B002,5,4480.46,0.15,3808.39,2970.26,838.13,Completed
ORD001784,2023-05-14,CUST00942,PROD0115,B003,5,3732.73,0.05,3546.1,2303.26,1242.84,Completed
ORD001790,2023-07-20,CUST00197,PROD0103,B002,2,1745.31,0.2,1396.25,1032.87,363.38,Completed
ORD001794,2023-03-15,CUST00885,PROD0105,B002,1,421.74,0.1,379.57,310.8,68.77,Completed
ORD001801,2023-04-23,CUST00712,PROD0092,B005,4,417.78,0.1,376.0,266.55,109.45,Completed
ORD001809,2023-11-21,CUST00036,PROD0001,B003,5,9696.97,0.05,9212.12,5315.89,3896.23,Completed
ORD001810,2023-12-28,CUST00838,PROD0052,B003,3,1982.05,0.0,1982.05,1360.05,622.0,Completed
ORD001812,2023-03-06,CUST02405,PROD0109,B003,5,6779.33,0.1,6101.4,4875.55,1225.85,Completed
ORD001814,2023-02-21,CUST01196,PROD0064,B002,5,4626.14,0.1,4163.53,3516.44,647.09,Completed
ORD001815,2023-11-14,CUST00454,PROD0033,B002,2,1200.68,0.15,1020.58,766.49,254.09,Completed
ORD001816,2023-10-13,CUST01292,PROD0100,B004,1,810.99,0.1,729.89,633.28,96.61,Completed
ORD001817,2023-03-25,CUST02418,PROD0038,B001,3,179.79,0.0,179.79,122.13,57.66,Completed
ORD001819,2023-08-19,CUST02307,PROD0058,B001,4,1251.03,0.2,1000.82,698.33,302.49,Completed
ORD001820,2023-06-06,CUST01151,PROD0118,B005,1,289.88,0.15,246.4,194.17,52.23,Completed
ORD001824,2023-04-06,CUST00752,PROD0016,B003,1,88.86,0.15,75.54,53.22,22.32,Completed
ORD001831,2023-09-10,CUST01041,PROD0112,B003,3,2599.09,0.1,2339.18,2034.98,304.2,Completed
ORD001833,2023-04-21,CUST01389,PROD0022,B005,2,2528.68,0.15,2149.38,1827.16,322.22,Completed
ORD001836,2023-06-25,CUST01733,PROD0043,B004,5,1456.99,0.0,1456.99,893.23,563.76,Completed
ORD001837,2023-08-21,CUST02217,PROD0086,B001,1,527.87,0.15,448.69,400.74,47.95,Completed
ORD001838,2023-02-21,CUST02120,PROD0019,B003,4,3554.78,0.05,3377.04,2216.76,1160.28,Completed
ORD001841,2023-03-15,CUST00065,PROD0060,B004,5,447.63,0.15,380.48,293.88,86.6,Completed
ORD001844,2023-02-01,CUST00134,PROD0070,B005,4,802.1,0.1,721.89,550.37,171.52,Completed
ORD001845,2023-01-08,CUST01060,PROD0082,B003,4,5272.98,0.2,4218.38,4534.66,-316.28,Completed
ORD001849,2023-02-05,CUST02143,PROD0117,B004,4,3089.06,0.15,2625.7,1904.49,721.21,Completed
ORD001853,2023-02-09,CUST00426,PROD0118,B003,5,1449.42,0.0,1449.42,970.84,478.58,Completed
ORD001857,2023-01-06,CUST00765,PROD0073,B001,2,365.6,0.1,329.04,239.94,89.1,Completed
ORD001861,2023-01-23,CUST01980,PROD0003,B001,2,755.58,0.15,642.24,535.46,106.78,Completed
ORD001863,2023-03-14,CUST01819,PROD0096,B001,2,3553.84,0.1,3198.46,2068.95,1129.51,Completed
ORD001864,2023-12-20,CUST00411,PROD0043,B004,4,1165.59,0.2,932.47,714.58,217.89,Completed
ORD001871,2023-10-04,CUST01080,PROD0084,B002,4,2073.08,0.1,1865.77,1530.5,335.27,Completed
ORD001874,2023-04-10,CUST00548,PROD0109,B003,3,4067.6,0.1,3660.84,2925.33,735.51,Completed
ORD001877,2023-11-14,CUST00524,PROD0098,B002,2,1998.78,0.2,1599.03,1117.66,481.37,Completed
ORD001878,2023-12-12,CUST01677,PROD0093,B002,5,4331.76,0.1,3898.59,3178.36,720.23,Completed
ORD001880,2023-05-11,CUST00319,PROD0118,B001,5,1449.42,0.05,1376.95,970.84,406.11,Completed
ORD001884,2023-07-31,CUST00367,PROD0040,B002,3,2972.02,0.15,2526.22,1621.06,905.16,Completed
ORD001885,2023-12-16,CUST00864,PROD0061,B002,5,2241.0,0.2,1792.8,1575.12,217.68,Completed
ORD001899,2023-11-12,CUST02364,PROD0020,B002,5,3803.19,0.1,3422.87,2738.67,684.2,Completed
ORD001907,2023-04-27,CUST01630,PROD0094,B003,5,976.4,0.0,976.4,585.09,391.31,Completed
ORD001908,2023-03-21,CUST00879,PROD0075,B004,5,7069.49,0.05,6716.02,5462.28,1253.74,Completed
ORD001917,2023-08-12,CUST01899,PROD0075,B004,1,1413.9,0.15,1201.82,1092.46,109.36,Completed
ORD001918,2023-06-17,CUST01419,PROD0118,B003,4,1159.53,0.25,869.65,776.67,92.98,Completed
ORD001921,2023-08-05,CUST00171,PROD0063,B003,1,132.68,0.0,132.68,100.47,32.21,Completed
ORD001924,2023-02-07,CUST00864,PROD0084,B002,1,518.27,0.0,518.27,382.62,135.65,Completed
ORD001937,2023-09-23,CUST00225,PROD0076,B001,5,1499.88,0.1,1349.89,1200.24,149.65,Completed
ORD001938,2023-11-04,CUST01104,PROD0011,B001,4,3391.79,0.1,3052.62,2630.5,422.12,Completed
ORD001940,2023-01-24,CUST02144,PROD0033,B003,4,2401.36,0.1,2161.23,1532.97,628.26,Completed
ORD001952,2023-06-07,CUST00029,PROD0015,B002,1,1421.07,0.1,1278.96,883.73,395.23,Completed
ORD001953,2023-08-13,CUST01996,PROD0066,B001,4,5592.86,0.05,5313.22,4017.96,1295.26,Completed
ORD001954,2023-08-28,CUST00640,PROD0085,B002,5,215.26,0.0,215.26,170.57,44.69,Completed
ORD001966,2023-12-26,CUST01579,PROD0046,B001,5,1116.68,0.1,1005.01,842.77,162.24,Completed
ORD001970,2023-10-31,CUST00445,PROD0048,B004,4,3553.47,0.05,3375.8,2461.98,913.82,Completed
ORD001971,2023-12-26,CUST00274,PROD0050,B004,5,5495.7,0.1,4946.13,3171.34,1774.79,Completed
ORD001973,2023-11-27,CUST00804,PROD0006,B001,5,3347.32,0.0,3347.32,2429.52,917.8,Completed
ORD001974,2023-12-18,CUST01172,PROD0118,B001,4,1159.53,0.1,1043.58,776.67,266.91,Completed
ORD001976,2023-10-14,CUST00752,PROD0067,B001,3,2720.42,0.2,2176.34,1491.98,684.36,Completed
ORD001977,2023-10-03,CUST01668,PROD0110,B005,4,3186.86,0.2,2549.48,1852.77,696.71,Completed
ORD001983,2023-03-19,CUST00152,PROD0068,B002,3,3074.8,0.25,2306.1,2470.09,-163.99,Completed
ORD001984,2023-03-20,CUST02286,PROD0006,B003,5,3347.32,0.05,3179.95,2429.52,750.43,Completed
ORD001985,2023-11-15,CUST01124,PROD0042,B002,4,5814.11,0.15,4941.99,4257.54,684.45,Completed
ORD001986,2023-02-01,CUST01534,PROD0065,B005,2,2702.67,0.05,2567.53,2022.43,545.1,Completed
ORD001991,2023-03-19,CUST01755,PROD0011,B003,4,3391.79,0.1,3052.62,2630.5,422.12,Completed
ORD001993,2023-07-24,CUST01098,PROD0024,B005,4,5128.14,0.05,4871.73,2812.38,2059.35,Completed
ORD001998,2023-08-19,CUST00108,PROD0101,B003,5,3231.94,0.1,2908.75,2302.51,606.24,Completed
ORD002002,2023-08-11,CUST01537,PROD0086,B002,4,2111.47,0.05,2005.9,1602.97,402.93,Completed
ORD002003,2023-12-14,CUST00981,PROD0032,B002,2,1472.87,0.1,1325.58,810.6,514.98,Completed
ORD002007,2023-06-01,CUST00044,PROD0001,B002,1,1939.39,0.15,1648.49,1063.18,585.31,Completed
ORD002013,2023-09-15,CUST02002,PROD0011,B005,1,847.95,0.1,763.15,657.62,105.53,Completed
ORD002016,2023-08-10,CUST00142,PROD0070,B002,4,802.1,0.05,761.99,550.37,211.62,Completed
ORD002019,2023-06-01,CUST01789,PROD0005,B001,1,1222.39,0.0,1222.39,753.73,468.66,Completed
ORD002027,2023-09-12,CUST00290,PROD0034,B003,2,1234.68,0.0,1234.68,1433.18,-198.5,Completed
ORD002028,2023-07-19,CUST00957,PROD0089,B001,2,686.67,0.0,686.67,451.18,235.49,Completed
ORD002029,2023-08-02,CUST00641,PROD0082,B003,4,8378.11,0.2,6702.49,4534.66,2167.83,Completed
ORD002033,2023-03-22,CUST02162,PROD0112,B002,1,866.36,0.1,779.72,678.33,101.39,Completed
ORD002034,2023-04-13,CUST00859,PROD0060,B005,5,447.63,0.15,380.48,293.88,86.6,Completed
ORD002043,2023-07-04,CUST00062,PROD0114,B001,3,4123.61,0.15,3505.06,3129.5,375.56,Completed
ORD002046,2023-10-23,CUST00258,PROD0105,B002,4,1686.95,0.0,1686.95,1243.18,443.77,Completed
ORD002047,2023-09-06,CUST00359,PROD0007,B005,3,143.12,0.05,135.96,107.26,28.7,Completed
ORD002048,2023-09-15,CUST00346,PROD0019,B004,2,1777.39,0.25,1333.04,1108.38,224.66,Completed
ORD002055,2023-07-31,CUST01136,PROD0075,B005,4,4440.79,0.15,3774.67,4369.82,-595.15,Completed
ORD002062,2023-07-30,CUST01403,PROD0089,B001,2,686.67,0.15,583.67,451.18,132.49,Completed
ORD002067,2023-08-16,CUST00585,PROD0120,B005,5,2845.83,0.1,2561.24,1834.73,726.51,Completed
ORD002072,2023-11-08,CUST00588,PROD0061,B005,4,1792.8,0.0,1792.8,1260.1,532.7,Completed
ORD002073,2023-10-07,CUST00031,PROD0054,B001,2,2255.35,0.0,2255.35,1524.07,731.28,Completed
ORD002074,2023-10-05,CUST02170,PROD0067,B004,3,2720.42,0.15,2312.36,1491.98,820.38,Completed
ORD002082,2023-10-30,CUST01480,PROD0074,B003,1,652.84,0.2,522.28,504.84,17.44,Completed
ORD002085,2023-09-18,CUST00744,PROD0051,B002,1,896.09,0.05,851.29,594.05,257.24,Completed
ORD002086,2023-01-16,CUST00073,PROD0093,B003,2,1732.71,0.25,1299.53,1271.34,28.19,Completed
ORD002091,2023-11-27,CUST00408,PROD0099,B003,3,2547.81,0.15,2165.64,1780.7,384.94,Completed
ORD002095,2023-07-14,CUST00882,PROD0092,B001,5,522.22,0.2,417.78,333.18,84.6,Completed
ORD002096,2023-04-26,CUST01947,PROD0075,B002,2,2827.8,0.05,2686.41,2184.91,501.5,Completed
ORD002097,2023-06-20,CUST00533,PROD0091,B004,3,1241.02,0.05,1178.97,945.87,233.1,Completed
ORD002098,2023-11-11,CUST00081,PROD0095,B003,2,710.27,0.15,603.73,535.77,67.96,Completed
ORD002105,2023-11-15,CUST00201,PROD0050,B001,3,3297.42,0.1,2967.68,1902.8,1064.88,Completed
ORD002108,2023-10-28,CUST01756,PROD0018,B002,3,5163.92,0.1,4647.53,3215.72,1431.81,Completed
ORD002110,2023-10-24,CUST01379,PROD0106,B005,4,2874.32,0.15,2443.18,1724.88,718.3,Completed
ORD002111,2023-12-17,CUST00382,PROD0001,B004,3,5818.18,0.15,4945.46,3189.54,1755.92,Completed
ORD002112,2023-01-17,CUST00409,PROD0087,B001,3,3543.19,0.05,3366.04,2474.09,891.95,Completed
ORD002117,2023-10-19,CUST00977,PROD0081,B003,1,133.11,0.15,113.14,99.11,14.03,Completed
ORD002131,2023-08-18,CUST01888,PROD0112,B003,3,2599.09,0.05,2469.13,2034.98,434.15,Completed
ORD002133,2023-10-13,CUST01757,PROD0091,B001,5,2068.37,0.1,1861.54,1576.45,285.09,Completed
ORD002145,2023-11-20,CUST00814,PROD0071,B003,1,479.79,0.05,455.79,373.57,82.22,Completed
ORD002149,2023-09-23,CUST01640,PROD0005,B001,3,3667.18,0.25,2750.39,2261.19,489.2,Completed
ORD002151,2023-07-28,CUST01159,PROD0015,B004,1,1421.07,0.0,1421.07,883.73,537.34,Completed
ORD002157,2023-08-16,CUST00635,PROD0030,B003,3,3058.15,0.15,2599.43,2440.78,158.65,Completed
ORD002158,2023-12-04,CUST01284,PROD0049,B001,5,6663.61,0.1,5997.25,3855.39,2141.86,Completed
ORD002160,2023-12-07,CUST00238,PROD0027,B001,5,3421.89,0.0,3421.89,2478.73,943.16,Completed
ORD002163,2023-05-26,CUST02151,PROD0078,B004,5,4659.77,0.05,4426.78,2869.89,1556.89,Completed
ORD002168,2023-07-11,CUST00371,PROD0068,B005,1,1024.93,0.05,973.69,823.36,150.33,Completed
ORD002174,2023-03-18,CUST00039,PROD0042,B002,4,5814.11,0.0,5814.11,4257.54,1556.57,Completed
ORD002178,2023-08-05,CUST00007,PROD0117,B001,2,1544.53,0.2,1235.62,952.25,283.37,Completed
ORD002181,2023-08-03,CUST00540,PROD0009,B005,2,638.57,0.25,478.93,391.05,87.88,Completed
ORD002187,2023-08-22,CUST00337,PROD0062,B002,4,2918.12,0.0,2918.12,2314.89,603.23,Completed
ORD002189,2023-07-06,CUST00721,PROD0078,B002,2,1863.91,0.1,1677.52,1147.95,529.57,Completed
ORD002191,2023-11-22,CUST01339,PROD0057,B002,3,3015.3,0.0,3015.3,1946.86,1068.44,Completed
ORD002196,2023-08-23,CUST02207,PROD0080,B001,4,1626.4,0.0,1626.4,1127.99,498.41,Completed
ORD002198,2023-06-22,CUST01938,PROD0119,B002,2,1197.16,0.15,1017.59,868.62,148.97,Completed
ORD002202,2023-12-12,CUST01133,PROD0069,B004,3,3795.1,0.05,3605.35,2059.31,1546.04,Completed
ORD002211,2023-10-26,CUST00245,PROD0053,B003,3,1667.51,0.0,1667.51,1084.81,582.7,Completed
ORD002212,2023-03-30,CUST01493,PROD0074,B003,2,1305.69,0.1,1175.12,1009.68,165.44,Completed
ORD002218,2023-07-08,CUST01337,PROD0099,B005,5,4246.35,0.05,4034.03,2967.84,1066.19,Completed
ORD002222,2023-10-22,CUST00924,PROD0084,B001,2,1036.54,0.2,829.23,765.25,63.98,Completed
ORD002224,2023-04-12,CUST01250,PROD0099,B001,1,849.27,0.05,806.81,593.57,213.24,Completed
ORD002227,2023-02-19,CUST00546,PROD0089,B002,4,1373.33,0.1,1236.0,902.35,333.65,Completed
ORD002234,2023-09-16,CUST01123,PROD0063,B002,2,240.27,0.2,192.21,200.93,-8.72,Completed
ORD002235,2023-10-26,CUST01108,PROD0090,B003,3,959.63,0.0,959.63,600.54,359.09,Completed
ORD002236,2023-06-14,CUST00169,PROD0083,B002,1,1654.19,0.05,1571.48,1121.48,450.0,Completed
ORD002244,2023-12-22,CUST01416,PROD0025,B002,1,990.04,0.05,940.54,590.72,349.82,Completed
ORD002248,2023-08-01,CUST00608,PROD0114,B001,4,5498.14,0.1,4948.33,4172.67,775.66,Completed
ORD002252,2023-07-11,CUST02071,PROD0035,B002,3,1741.24,0.1,1567.11,1306.85,260.26,Completed
ORD002258,2023-05-23,CUST00162,PROD0120,B001,3,1707.5,0.1,1536.75,1100.84,435.91,Completed
ORD002267,2023-08-09,CUST00621,PROD0055,B004,2,929.48,0.1,836.54,527.08,309.46,Completed
ORD002270,2023-02-20,CUST00515,PROD0083,B004,1,1654.19,0.05,1571.48,1121.48,450.0,Completed
ORD002271,2023-08-12,CUST01573,PROD0011,B001,3,2543.84,0.1,2289.46,1972.87,316.59,Completed
ORD002273,2023-08-27,CUST01176,PROD0018,B001,1,1721.31,0.1,1549.18,1071.91,477.27,Completed
ORD002274,2023-06-23,CUST00884,PROD0113,B001,5,6270.92,0.1,5643.82,4534.77,1109.05,Completed
ORD002276,2023-09-26,CUST00675,PROD0004,B001,4,1196.7,0.0,1196.7,764.42,432.28,Completed
ORD002277,2023-05-19,CUST01883,PROD0088,B002,2,897.74,0.05,852.85,579.21,273.64,Completed
ORD002284,2023-10-02,CUST01452,PROD0074,B003,4,2611.38,0.1,2350.24,2019.35,330.89,Completed
ORD002286,2023-11-09,CUST00887,PROD0007,B003,5,238.54,0.0,238.54,178.76,59.78,Completed
ORD002289,2023-10-30,CUST01673,PROD0046,B001,2,446.67,0.0,446.67,337.11,109.56,Completed
ORD002290,2023-06-17,CUST00783,PROD0040,B005,1,990.67,0.05,941.14,540.35,400.79,Completed
ORD002291,2023-08-18,CUST02302,PROD0078,B005,1,931.95,0.2,745.56,573.98,171.58,Completed
ORD002292,2023-12-01,CUST00348,PROD0067,B004,3,2720.42,0.1,2448.38,1491.98,956.4,Completed
ORD002293,2023-01-20,CUST00619,PROD0001,B004,1,1939.39,0.1,1745.46,1063.18,682.28,Completed
ORD002294,2023-01-24,CUST01742,PROD0055,B001,4,1858.97,0.05,1766.02,1054.16,711.86,Completed
ORD002301,2023-12-17,CUST01633,PROD0080,B005,1,406.6,0.1,365.94,282.0,83.94,Completed
ORD002307,2023-09-13,CUST00794,PROD0068,B003,3,3074.8,0.0,3074.8,2470.09,604.71,Completed
ORD002310,2023-03-01,CUST00056,PROD0105,B004,4,1686.95,0.15,1433.91,1243.18,190.73,Completed
ORD002315,2023-03-02,CUST00242,PROD0036,B001,5,1416.8,0.0,1416.8,766.09,650.71,Completed
ORD002316,2023-03-28,CUST02120,PROD0110,B004,2,1593.43,0.1,1434.09,926.38,507.71,Completed
ORD002320,2023-05-14,CUST00060,PROD0103,B002,3,2617.97,0.05,2487.08,1549.3,937.78,Completed
ORD002326,2023-02-05,CUST01079,PROD0032,B001,5,3682.17,0.1,3313.96,2026.5,1287.46,Completed
ORD002330,2023-11-06,CUST01166,PROD0023,B002,1,1273.06,0.0,1273.06,786.92,486.14,Completed
ORD002333,2023-12-10,CUST00683,PROD0111,B001,5,9174.1,0.2,7339.28,5535.31,1803.97,Completed
ORD002340,2023-06-22,CUST00263,PROD0025,B002,1,990.04,0.1,891.04,590.72,300.32,Completed
ORD002342,2023-07-04,CUST00156,PROD0050,B002,3,3297.42,0.05,3132.55,1902.8,1229.75,Completed
ORD002351,2023-08-05,CUST02182,PROD0073,B002,5,914.01,0.1,822.61,599.86,222.75,Completed
ORD002352,2023-08-06,CUST02480,PROD0003,B001,1,377.79,0.2,302.23,267.73,34.5,Completed
ORD002356,2023-12-06,CUST01660,PROD0022,B001,2,2528.68,0.05,2402.24,1827.16,575.08,Completed
ORD002361,2023-11-23,CUST00253,PROD0101,B004,3,1939.17,0.1,1745.25,1381.51,363.74,Completed
ORD002362,2023-06-04,CUST01493,PROD0104,B004,3,4807.36,0.05,4566.99,3178.71,1388.28,Completed
ORD002363,2023-04-20,CUST02274,PROD0119,B003,1,598.58,0.15,508.8,434.31,74.49,Completed
ORD002369,2023-06-23,CUST02483,PROD0020,B004,2,1521.28,0.0,1521.28,1095.47,425.81,Completed
ORD002372,2023-07-29,CUST02178,PROD0119,B002,1,598.58,0.25,448.94,434.31,14.63,Completed
ORD002373,2023-04-02,CUST01702,PROD0023,B003,5,6365.28,0.1,5728.76,3934.59,1794.17,Completed
ORD002381,2023-11-22,CUST01638,PROD0094,B001,4,781.12,0.1,703.01,468.07,234.94,Completed
ORD002384,2023-07-09,CUST02485,PROD0049,B001,5,6663.61,0.1,5997.25,3855.39,2141.86,Completed
ORD002389,2023-11-11,CUST00652,PROD0022,B004,3,3793.01,0.0,3793.01,2740.74,1052.27,Completed
ORD002390,2023-07-26,CUST01848,PROD0038,B002,3,179.79,0.05,170.81,122.13,48.68,Completed
ORD002391,2023-08-05,CUST01987,PROD0019,B003,4,3554.78,0.0,3554.78,2216.76,1338.02,Completed
ORD002394,2023-09-28,CUST01208,PROD0038,B003,2,119.86,0.1,107.88,81.42,26.46,Completed
ORD002395,2023-06-26,CUST01389,PROD0007,B005,1,47.71,0.15,40.55,35.75,4.8,Completed
ORD002400,2023-04-05,CUST00373,PROD0026,B001,2,787.01,0.05,747.66,568.59,179.07,Completed
ORD002405,2023-03-31,CUST00764,PROD0032,B001,4,2945.74,0.0,2945.74,1621.2,1324.54,Completed
ORD002409,2023-08-11,CUST00632,PROD0111,B003,1,1834.82,0.1,1651.34,1107.06,544.28,Completed
ORD002410,2023-05-10,CUST00594,PROD0004,B003,4,1196.7,0.2,957.36,764.42,192.94,Completed
ORD002426,2023-01-16,CUST01758,PROD0062,B003,3,2188.59,0.0,2188.59,1736.16,452.43,Completed
ORD002427,2023-12-11,CUST01571,PROD0036,B002,4,1133.44,0.05,1076.77,612.87,463.9,Completed
ORD002438,2023-03-03,CUST02101,PROD0097,B004,2,3522.34,0.15,2993.99,2169.23,824.76,Completed
ORD002442,2023-11-01,CUST00613,PROD0038,B002,3,179.79,0.05,170.81,122.13,48.68,Completed
ORD002458,2023-01-21,CUST00257,PROD0045,B005,3,3014.25,0.0,3014.25,2149.67,864.58,Completed
ORD002466,2023-10-30,CUST01979,PROD0052,B004,4,2642.73,0.25,1982.05,1813.4,168.65,Completed
ORD002467,2023-02-03,CUST01115,PROD0102,B005,1,771.4,0.2,617.12,444.87,172.25,Completed
ORD002470,2023-08-18,CUST00514,PROD0072,B005,2,930.32,0.2,744.25,653.24,91.01,Completed
ORD002478,2023-01-02,CUST00908,PROD0101,B002,4,2585.55,0.05,2456.27,1842.01,614.26,Completed
ORD002479,2023-12-24,CUST01137,PROD0094,B001,2,390.56,0.1,351.51,234.04,117.47,Completed
ORD002481,2023-12-20,CUST02082,PROD0102,B005,4,3085.61,0.25,2314.2,1779.46,534.74,Completed
ORD002494,2023-03-24,CUST00941,PROD0043,B001,5,1456.99,0.0,1456.99,893.23,563.76,Completed
ORD002495,2023-06-04,CUST00515,PROD0112,B004,3,2599.09,0.1,2339.18,2034.98,304.2,Completed
ORD002502,2023-05-04,CUST00472,PROD0036,B002,2,566.72,0.2,453.38,306.44,146.94,Completed
ORD002507,2023-11-21,CUST01743,PROD0019,B005,2,1094.65,0.1,985.19,1108.38,-123.19,Completed
ORD002509,2023-04-03,CUST00059,PROD0065,B003,2,2702.67,0.1,2432.4,2022.43,409.97,Completed
ORD002525,2023-04-29,CUST02095,PROD0090,B003,5,957.01,0.2,765.61,1000.91,-235.3,Completed
ORD002535,2023-01-20,CUST00795,PROD0065,B004,2,2702.67,0.1,2432.4,2022.43,409.97,Completed
ORD002538,2023-11-16,CUST00505,PROD0072,B001,3,1395.47,0.25,1046.61,979.86,66.75,Completed
ORD002540,2023-01-15,CUST00168,PROD0025,B004,5,4950.22,0.05,4702.71,2953.59,1749.12,Completed
ORD002541,2023-12-13,CUST01525,PROD0038,B003,1,59.93,0.0,59.93,40.71,19.22,Completed
ORD002543,2023-12-10,CUST00038,PROD0067,B005,4,3627.23,0.0,3627.23,1989.31,1637.92,Completed
ORD002546,2023-04-23,CUST01552,PROD0111,B004,2,3669.64,0.15,3119.19,2214.12,905.07,Completed
ORD002552,2023-05-27,CUST00931,PROD0025,B005,3,2970.13,0.1,2673.12,1772.15,900.97,Completed
ORD002558,2023-09-18,CUST01207,PROD0025,B005,3,2970.13,0.1,2673.12,1772.15,900.97,Completed
ORD002559,2023-05-03,CUST01800,PROD0041,B003,4,460.31,0.1,414.28,249.96,164.32,Completed
ORD002562,2023-09-19,CUST00487,PROD0116,B001,1,262.17,0.0,262.17,215.09,47.08,Completed
ORD002564,2023-06-30,CUST02074,PROD0065,B002,5,6756.67,0.1,6081.01,5056.08,1024.93,Completed
ORD002576,2023-05-28,CUST01604,PROD0043,B003,3,874.19,0.05,830.48,535.94,294.54,Completed
ORD002579,2023-11-17,CUST00331,PROD0084,B001,3,1554.81,0.0,1554.81,1147.87,406.94,Completed
ORD002583,2023-01-02,CUST01928,PROD0113,B001,5,6270.92,0.2,5016.73,4534.77,481.96,Completed
ORD002585,2023-11-01,CUST01416,PROD0088,B002,2,897.74,0.05,852.85,579.21,273.64,Completed
ORD002587,2023-07-02,CUST01750,PROD0032,B002,4,2945.74,0.15,2503.88,1621.2,882.68,Completed
ORD002591,2023-09-05,CUST00842,PROD0104,B004,4,6409.81,0.15,5448.34,4238.27,1210.07,Completed
ORD002594,2023-11-13,CUST00668,PROD0015,B003,2,2842.13,0.15,2415.81,1767.45,648.36,Completed
ORD002597,2023-10-20,CUST02341,PROD0104,B002,5,8012.27,0.0,8012.27,5297.84,2714.43,Completed
ORD002598,2023-01-30,CUST00081,PROD0052,B002,1,660.68,0.1,594.61,453.35,141.26,Completed
ORD002607,2023-04-09,CUST02310,PROD0103,B005,1,872.66,0.15,741.76,516.43,225.33,Completed
ORD002613,2023-05-21,CUST00707,PROD0025,B005,1,990.04,0.05,940.54,590.72,349.82,Completed
ORD002617,2023-02-25,CUST00055,PROD0052,B002,4,1899.33,0.1,1709.4,1813.4,-104.0,Completed
ORD002618,2023-03-20,CUST02032,PROD0095,B003,4,1420.55,0.0,1420.55,1071.54,349.01,Completed
ORD002622,2023-07-31,CUST02462,PROD0116,B005,3,786.52,0.05,747.19,645.27,101.92,Completed
ORD002624,2023-11-23,CUST00188,PROD0103,B001,5,4363.29,0.15,3708.79,2582.17,1126.62,Completed
ORD002634,2023-03-07,CUST01780,PROD0074,B002,3,1958.53,0.1,1762.68,1514.51,248.17,Completed
ORD002635,2023-07-30,CUST01307,PROD0104,B005,2,3204.91,0.25,2403.68,2119.14,284.54,Completed
ORD002638,2023-03-08,CUST02038,PROD0083,B001,3,4962.56,0.15,4218.18,3364.43,853.75,Completed
ORD002643,2023-06-09,CUST01530,PROD0102,B001,1,771.4,0.25,578.55,444.87,133.68,Completed
ORD002644,2023-06-12,CUST00831,PROD0120,B002,5,2845.83,0.15,2418.96,1834.73,584.23,Completed
ORD002648,2023-10-13,CUST01152,PROD0039,B005,2,1773.23,0.1,1595.9,1652.49,-56.59,Completed
ORD002649,2023-05-10,CUST01801,PROD0057,B001,5,5025.49,0.2,4020.4,3244.76,775.64,Completed
ORD002653,2023-05-05,CUST00511,PROD0037,B004,2,1159.35,0.05,1101.38,965.12,136.26,Completed
ORD002656,2023-01-25,CUST00067,PROD0074,B002,3,1958.53,0.1,1762.68,1514.51,248.17,Completed
ORD002659,2023-03-08,CUST01854,PROD0117,B001,4,3089.06,0.2,2471.25,1904.49,566.76,Completed
ORD002662,2023-06-13,CUST01230,PROD0006,B004,4,2677.86,0.0,2677.86,1943.61,734.25,Completed
ORD002663,2023-11-15,CUST01854,PROD0094,B003,2,390.56,0.15,331.98,234.04,97.94,Completed
ORD002671,2023-11-26,CUST02009,PROD0109,B001,5,6779.33,0.05,6440.36,4875.55,1564.81,Completed
ORD002674,2023-05-06,CUST00621,PROD0044,B005,5,3234.09,0.1,2910.68,3037.05,-126.37,Completed
ORD002675,2023-01-09,CUST01556,PROD0102,B003,4,3085.61,0.0,3085.61,1779.46,1306.15,Completed
ORD002681,2023-04-12,CUST01831,PROD0040,B003,2,1981.35,0.1,1783.21,1080.7,702.51,Completed
ORD002682,2023-01-09,CUST00017,PROD0042,B005,3,4360.58,0.2,3488.47,3193.16,295.31,Completed
ORD002687,2023-05-24,CUST02235,PROD0008,B002,4,1062.22,0.2,849.77,875.63,-25.86,Completed
ORD002690,2023-03-14,CUST01037,PROD0052,B002,2,1321.37,0.0,1321.37,906.7,414.67,Completed
ORD002696,2023-08-10,CUST00319,PROD0085,B002,4,172.21,0.1,154.99,136.46,18.53,Completed
ORD002697,2023-01-05,CUST00746,PROD0029,B003,3,1374.02,0.2,1099.21,797.55,301.66,Completed
ORD002701,2023-06-05,CUST01724,PROD0049,B003,2,2665.44,0.2,2132.35,1542.16,590.19,Completed
ORD002707,2023-05-31,CUST01607,PROD0107,B001,3,5334.6,0.1,4801.14,3263.01,1538.13,Completed
ORD002709,2023-11-22,CUST00622,PROD0019,B004,4,3554.78,0.1,3199.3,2216.76,982.54,Completed
ORD002711,2023-12-15,CUST01680,PROD0001,B002,4,7757.58,0.1,6981.82,4252.71,2729.11,Completed
ORD002713,2023-10-19,CUST00239,PROD0051,B005,3,2688.28,0.1,2419.45,1782.15,637.3,Completed
ORD002714,2023-02-09,CUST00146,PROD0104,B004,1,1602.45,0.1,1442.21,1059.57,382.64,Completed
ORD002715,2023-11-05,CUST02292,PROD0021,B003,4,3380.64,0.15,2873.54,2054.31,819.23,Completed
ORD002716,2023-09-18,CUST01104,PROD0012,B001,3,388.85,0.15,330.52,262.72,67.8,Completed
ORD002728,2023-08-03,CUST00868,PROD0063,B004,1,132.68,0.1,119.41,100.47,18.94,Completed
ORD002739,2023-01-13,CUST00139,PROD0086,B002,5,2639.34,0.1,2375.41,2003.71,371.7,Completed
ORD002745,2023-06-16,CUST02441,PROD0062,B003,5,3647.66,0.1,3282.89,2893.61,389.28,Completed
ORD002746,2023-09-15,CUST01615,PROD0025,B004,5,4950.22,0.0,4950.22,2953.59,1996.63,Completed
ORD002750,2023-05-12,CUST01367,PROD0066,B002,2,2796.43,0.05,2656.61,2008.98,647.63,Completed
ORD002755,2023-11-17,CUST00977,PROD0030,B004,3,3058.15,0.1,2752.33,2440.78,311.55,Completed
ORD002756,2023-02-05,CUST01630,PROD0014,B002,5,6904.38,0.1,6213.95,3953.01,2260.94,Completed
ORD002757,2023-12-14,CUST02125,PROD0112,B001,4,3465.45,0.25,2599.09,2713.31,-114.22,Completed
ORD002762,2023-09-28,CUST01053,PROD0010,B004,4,7370.22,0.15,6264.69,4287.98,1976.71,Completed
ORD002763,2023-03-27,CUST01252,PROD0088,B003,2,897.74,0.0,897.74,579.21,318.53,Completed
ORD002770,2023-08-03,CUST00625,PROD0107,B004,1,1778.2,0.1,1600.38,1087.67,512.71,Completed
ORD002775,2023-11-24,CUST02006,PROD0019,B004,5,4443.47,0.25,3332.6,2770.95,561.65,Completed
ORD002783,2023-12-16,CUST01688,PROD0005,B001,3,3667.18,0.1,3300.47,2261.19,1039.28,Completed
ORD002793,2023-08-13,CUST00602,PROD0105,B001,1,421.74,0.15,358.48,310.8,47.68,Completed
ORD002794,2023-04-14,CUST00466,PROD0024,B001,5,6410.17,0.05,6089.67,3515.47,2574.2,Completed
ORD002795,2023-09-05,CUST02354,PROD0025,B002,3,2970.13,0.0,2970.13,1772.15,1197.98,Completed
ORD002797,2023-06-10,CUST00258,PROD0018,B002,3,5163.92,0.0,5163.92,3215.72,1948.2,Completed
ORD002802,2023-08-16,CUST01014,PROD0056,B004,5,7058.6,0.15,5999.81,5288.22,711.59,Completed
ORD002803,2023-05-15,CUST01280,PROD0005,B005,4,4889.58,0.0,4889.58,3014.92,1874.66,Completed
ORD002804,2023-10-03,CUST00491,PROD0097,B001,1,1761.17,0.0,1761.17,1084.62,676.55,Completed
ORD002806,2023-12-27,CUST01681,PROD0076,B002,1,299.98,0.15,254.98,240.05,14.93,Completed
ORD002810,2023-05-20,CUST01520,PROD0033,B002,2,1200.68,0.2,960.54,766.49,194.05,Completed
ORD002811,2023-04-22,CUST00788,PROD0105,B001,5,2108.69,0.1,1897.82,1553.98,343.84,Completed
ORD002812,2023-05-28,CUST00665,PROD0117,B004,3,2316.79,0.0,2316.79,1428.37,888.42,Completed
ORD002814,2023-01-23,CUST00513,PROD0068,B005,3,3074.8,0.05,2921.06,2470.09,450.97,Completed
ORD002816,2023-08-30,CUST02399,PROD0062,B002,1,729.53,0.1,656.58,578.72,77.86,Completed
ORD002823,2023-03-20,CUST00818,PROD0080,B004,2,813.2,0.25,609.9,563.99,45.91,Completed
ORD002827,2023-11-11,CUST00310,PROD0021,B002,2,1690.32,0.2,1352.26,1027.16,325.1,Completed
ORD002832,2023-09-06,CUST00366,PROD0040,B005,4,3962.7,0.15,3368.29,2161.41,1206.88,Completed
ORD002834,2023-07-25,CUST02073,PROD0094,B002,1,195.28,0.15,165.99,117.02,48.97,Completed
ORD002835,2023-01-14,CUST00501,PROD0055,B003,2,929.48,0.1,836.54,527.08,309.46,Completed
ORD002836,2023-01-22,CUST00985,PROD0096,B005,3,5330.76,0.0,5330.76,3103.42,2227.34,Completed
ORD002846,2023-03-21,CUST00146,PROD0032,B005,2,1472.87,0.0,1472.87,810.6,662.27,Completed
ORD002847,2023-03-05,CUST00451,PROD0025,B001,3,2970.13,0.15,2524.61,1772.15,752.46,Completed
ORD002851,2023-07-04,CUST02065,PROD0066,B001,1,1398.21,0.05,1328.31,1004.49,323.82,Completed
ORD002853,2023-03-28,CUST01035,PROD0106,B002,5,3592.9,0.15,3053.97,2156.1,897.87,Completed
ORD002855,2023-08-17,CUST02393,PROD0037,B002,1,579.67,0.0,579.67,482.56,97.11,Completed
ORD002861,2023-07-05,CUST01683,PROD0089,B002,1,343.33,0.1,309.0,225.59,83.41,Completed
ORD002864,2023-06-05,CUST00088,PROD0089,B003,5,1716.67,0.05,1630.84,1127.94,502.9,Completed
ORD002876,2023-06-08,CUST01563,PROD0004,B001,3,897.52,0.0,897.52,573.31,324.21,Completed
ORD002878,2023-01-05,CUST01208,PROD0037,B003,4,1711.15,0.0,1711.15,1930.23,-219.08,Completed
ORD002879,2023-02-20,CUST00874,PROD0079,B003,3,519.91,0.05,493.91,349.71,144.2,Completed
ORD002881,2023-02-09,CUST01061,PROD0103,B001,5,4363.29,0.05,4145.12,2582.17,1562.95,Completed
ORD002891,2023-01-06,CUST00360,PROD0017,B002,2,1739.19,0.1,1565.27,1263.96,301.31,Completed
ORD002898,2023-04-02,CUST01339,PROD0034,B001,1,1077.45,0.15,915.83,716.59,199.24,Completed
ORD002899,2023-08-30,CUST00039,PROD0059,B004,5,4875.0,0.15,4143.75,3083.56,1060.19,Completed
ORD002903,2023-08-23,CUST01970,PROD0003,B005,4,1511.16,0.25,1133.37,1070.91,62.46,Completed
ORD002905,2023-06-19,CUST02339,PROD0039,B002,2,2965.38,0.15,2520.57,1652.49,868.08,Completed
ORD002923,2023-01-05,CUST00297,PROD0097,B002,2,3522.34,0.0,3522.34,2169.23,1353.11,Completed
ORD002926,2023-11-11,CUST00032,PROD0087,B005,2,2362.13,0.1,2125.91,1649.39,476.52,Completed
ORD002932,2023-02-01,CUST00496,PROD0041,B003,1,115.08,0.05,109.32,62.49,46.83,Completed
ORD002941,2023-05-03,CUST00823,PROD0007,B002,1,47.71,0.25,35.78,35.75,0.03,Completed
ORD002942,2023-10-07,CUST02357,PROD0059,B002,5,4875.0,0.15,4143.75,3083.56,1060.19,Completed
ORD002947,2023-03-14,CUST02289,PROD0014,B001,3,4142.63,0.0,4142.63,2371.81,1770.82,Completed
ORD002952,2023-05-10,CUST00252,PROD0106,B002,5,3592.9,0.05,3413.26,2156.1,1257.16,Completed
ORD002957,2023-09-01,CUST01070,PROD0054,B005,4,4510.71,0.05,4285.17,3048.13,1237.04,Completed
ORD002959,2023-03-28,CUST00543,PROD0045,B001,1,1004.75,0.0,1004.75,716.56,288.19,Completed
ORD002964,2023-01-04,CUST01443,PROD0021,B004,2,1690.32,0.1,1521.29,1027.16,494.13,Completed
ORD002965,2023-08-12,CUST01613,PROD0117,B001,4,3089.06,0.05,2934.61,1904.49,1030.12,Completed
ORD002968,2023-09-17,CUST00564,PROD0074,B002,1,652.84,0.15,554.92,504.84,50.08,Completed
ORD002970,2023-07-02,CUST01420,PROD0042,B003,4,5814.11,0.05,5523.4,4257.54,1265.86,Completed
ORD002972,2023-12-10,CUST01541,PROD0009,B002,2,638.57,0.15,542.79,391.05,151.74,Completed
ORD002976,2023-05-05,CUST00385,PROD0104,B004,2,3204.91,0.0,3204.91,2119.14,1085.77,Completed
ORD002981,2023-05-03,CUST02399,PROD0106,B004,3,2155.74,0.1,1940.17,1293.66,646.51,Completed
ORD002982,2023-12-24,CUST01786,PROD0098,B002,3,2998.18,0.15,2548.45,1676.49,871.96,Completed
ORD002984,2023-11-03,CUST01726,PROD0104,B004,2,3204.91,0.05,3044.66,2119.14,925.52,Completed
ORD002990,2023-04-22,CUST01228,PROD0061,B001,1,448.2,0.15,380.97,315.02,65.95,Completed
ORD003000,2023-04-02,CUST01752,PROD0009,B003,1,319.28,0.15,271.39,195.53,75.86,Completed
ORD003002,2023-01-09,CUST00725,PROD0004,B001,5,1495.87,0.0,1495.87,955.52,540.35,Completed
ORD003011,2023-10-02,CUST01983,PROD0096,B005,1,1776.92,0.1,1599.23,1034.47,564.76,Completed
ORD003017,2023-10-19,CUST00278,PROD0077,B001,3,912.07,0.05,866.46,738.16,128.3,Completed
ORD003018,2023-06-20,CUST01216,PROD0073,B002,1,182.8,0.05,173.66,119.97,53.69,Completed
ORD003021,2023-07-25,CUST00185,PROD0058,B003,4,1251.03,0.05,1188.47,698.33,490.14,Completed
ORD003023,2023-04-24,CUST00171,PROD0032,B005,5,3682.17,0.15,3129.84,2026.5,1103.34,Completed
ORD003026,2023-03-10,CUST00346,PROD0044,B003,4,4375.79,0.25,3281.84,2429.64,852.2,Completed
ORD003028,2023-03-21,CUST01953,PROD0020,B002,4,3042.55,0.1,2738.3,2190.93,547.37,Completed
ORD003039,2023-05-22,CUST01237,PROD0054,B001,5,5638.39,0.1,5074.55,3810.16,1264.39,Completed
ORD003041,2023-01-22,CUST00843,PROD0091,B003,5,2068.37,0.1,1861.54,1576.45,285.09,Completed
ORD003042,2023-04-15,CUST02037,PROD0005,B001,4,4889.58,0.1,4400.62,3014.92,1385.7,Completed
ORD003044,2023-07-26,CUST00219,PROD0042,B004,2,2907.05,0.0,2907.05,2128.77,778.28,Completed
ORD003046,2023-03-05,CUST00699,PROD0120,B003,5,2845.83,0.15,2418.96,1834.73,584.23,Completed
ORD003047,2023-09-13,CUST02105,PROD0009,B005,2,638.57,0.0,638.57,391.05,247.52,Completed
ORD003049,2023-07-03,CUST02342,PROD0115,B003,1,746.55,0.25,559.91,460.65,99.26,Completed
ORD003050,2023-03-15,CUST02020,PROD0058,B002,5,1563.78,0.15,1329.22,872.91,456.31,Completed
ORD003065,2023-05-27,CUST01689,PROD0076,B002,1,299.98,0.15,254.98,240.05,14.93,Completed
ORD003066,2023-01-14,CUST00101,PROD0045,B002,2,2009.5,0.25,1507.13,1433.11,74.02,Completed
ORD003076,2023-05-06,CUST00879,PROD0069,B001,4,5060.14,0.15,4301.12,2745.75,1555.37,Completed
ORD003085,2023-07-21,CUST01801,PROD0089,B003,4,1373.33,0.15,1167.33,902.35,264.98,Completed
ORD003087,2023-07-02,CUST00054,PROD0012,B004,5,648.08,0.2,518.47,437.87,80.6,Completed
ORD003088,2023-11-29,CUST02262,PROD0085,B001,1,43.05,0.1,38.74,34.11,4.63,Completed
ORD003092,2023-06-02,CUST00704,PROD0050,B004,3,3297.42,0.05,3132.55,1902.8,1229.75,Completed
ORD003096,2023-03-28,CUST01901,PROD0092,B003,4,417.78,0.05,396.89,266.55,130.34,Completed
ORD003101,2023-11-15,CUST02368,PROD0045,B003,3,1857.31,0.1,1671.58,2149.67,-478.09,Completed
ORD003103,2023-03-09,CUST01666,PROD0091,B001,2,827.35,0.15,703.25,630.58,72.67,Completed
ORD003107,2023-11-08,CUST00289,PROD0072,B001,3,1395.47,0.05,1325.7,979.86,345.84,Completed
ORD003108,2023-08-31,CUST01914,PROD0092,B001,2,208.89,0.1,188.0,133.27,54.73,Completed
ORD003111,2023-03-31,CUST01279,PROD0031,B001,5,3335.17,0.0,3335.17,2737.47,597.7,Completed
ORD003112,2023-05-12,CUST00094,PROD0008,B003,4,1062.22,0.15,902.89,875.63,27.26,Completed
ORD003113,2023-08-16,CUST02248,PROD0059,B002,1,975.0,0.1,877.5,616.71,260.79,Completed
ORD003114,2023-08-29,CUST02204,PROD0078,B002,2,1863.91,0.25,1397.93,1147.95,249.98,Completed
ORD003115,2023-06-08,CUST01250,PROD0061,B002,3,1344.6,0.2,1075.68,945.07,130.61,Completed
ORD003119,2023-05-06,CUST01330,PROD0017,B001,4,3478.37,0.15,2956.62,2527.92,428.7,Completed
ORD003120,2023-01-21,CUST00895,PROD0002,B001,5,3400.69,0.25,2550.52,2056.3,494.22,Completed
ORD003125,2023-02-28,CUST02165,PROD0031,B001,1,667.03,0.25,500.28,547.49,-47.21,Completed
ORD003131,2023-06-14,CUST00273,PROD0005,B005,3,3667.18,0.0,3667.18,2261.19,1405.99,Completed
ORD003138,2023-08-20,CUST00331,PROD0076,B003,1,299.98,0.25,224.98,240.05,-15.07,Completed
ORD003159,2023-08-13,CUST00689,PROD0111,B003,1,1834.82,0.05,1743.08,1107.06,636.02,Completed
ORD003161,2023-08-19,CUST01080,PROD0066,B005,5,6991.07,0.2,5592.86,5022.45,570.41,Completed
ORD003162,2023-10-10,CUST02040,PROD0076,B001,4,1199.9,0.15,1019.91,960.2,59.71,Completed
ORD003171,2023-02-25,CUST02481,PROD0013,B001,4,2706.22,0.1,2435.6,1830.9,604.7,Completed
ORD003175,2023-02-26,CUST02150,PROD0011,B001,1,847.95,0.1,763.15,657.62,105.53,Completed
ORD003176,2023-08-22,CUST01403,PROD0058,B002,1,312.76,0.15,265.85,174.58,91.27,Completed
ORD003177,2023-02-10,CUST00608,PROD0029,B003,3,1374.02,0.1,1236.62,797.55,439.07,Completed
ORD003182,2023-03-13,CUST00904,PROD0025,B005,1,990.04,0.2,792.04,590.72,201.32,Completed
ORD003187,2023-01-21,CUST01629,PROD0084,B001,2,1036.54,0.0,1036.54,765.25,271.29,Completed
ORD003192,2023-06-02,CUST01018,PROD0046,B004,4,893.34,0.0,893.34,674.21,219.13,Completed
ORD003196,2023-06-07,CUST01189,PROD0117,B002,2,1544.53,0.0,1544.53,952.25,592.28,Completed
ORD003199,2023-03-25,CUST00150,PROD0028,B002,1,730.19,0.05,693.68,458.51,235.17,Completed
ORD003210,2023-06-15,CUST01725,PROD0065,B004,2,2702.67,0.15,2297.27,2022.43,274.84,Completed
ORD003213,2023-05-30,CUST01326,PROD0014,B003,3,4142.63,0.15,3521.24,2371.81,1149.43,Completed
ORD003215,2023-05-04,CUST01476,PROD0009,B001,2,638.57,0.2,510.86,391.05,119.81,Completed
ORD003219,2023-07-27,CUST01185,PROD0087,B004,1,1181.06,0.2,944.85,824.7,120.15,Completed
ORD003220,2023-09-11,CUST01710,PROD0090,B002,3,959.63,0.1,863.67,600.54,263.13,Completed
ORD003224,2023-08-07,CUST01873,PROD0041,B005,4,460.31,0.2,368.25,249.96,118.29,Completed
ORD003226,2023-03-28,CUST01219,PROD0065,B001,5,6756.67,0.1,6081.01,5056.08,1024.93,Completed
ORD003229,2023-01-29,CUST01889,PROD0103,B001,3,2617.97,0.1,2356.17,1549.3,806.87,Completed
ORD003233,2023-08-29,CUST01559,PROD0006,B004,3,2008.39,0.15,1707.13,1457.71,249.42,Completed
ORD003234,2023-02-01,CUST01213,PROD0111,B003,3,5504.46,0.15,4678.79,3321.19,1357.6,Completed
ORD003238,2023-03-10,CUST01355,PROD0027,B002,3,2053.13,0.25,1539.85,1487.24,52.61,Completed
ORD003241,2023-02-28,CUST02487,PROD0049,B001,5,6663.61,0.1,5997.25,3855.39,2141.86,Completed
ORD003244,2023-10-21,CUST02314,PROD0050,B002,4,4396.56,0.25,3297.42,2537.07,760.35,Completed
ORD003248,2023-12-30,CUST00697,PROD0050,B002,4,4396.56,0.0,4396.56,2537.07,1859.49,Completed
ORD003250,2023-11-08,CUST00904,PROD0043,B002,4,1165.59,0.2,932.47,714.58,217.89,Completed
ORD003257,2023-01-05,CUST01461,PROD0056,B003,2,2823.44,0.0,2823.44,2115.29,708.15,Completed
ORD003263,2023-08-28,CUST00259,PROD0099,B001,1,849.27,0.15,721.88,593.57,128.31,Completed
ORD003265,2023-09-21,CUST00125,PROD0111,B003,1,1834.82,0.15,1559.59,1107.06,452.53,Completed
ORD003266,2023-04-03,CUST02340,PROD0102,B004,1,771.4,0.05,732.83,444.87,287.96,Completed
ORD003268,2023-04-29,CUST00919,PROD0045,B005,1,1004.75,0.1,904.27,716.56,187.71,Completed
ORD003271,2023-03-25,CUST01751,PROD0108,B001,4,3639.53,0.15,3093.6,2093.7,999.9,Completed
ORD003272,2023-12-03,CUST00375,PROD0071,B003,3,1439.36,0.05,1367.39,1120.72,246.67,Completed
ORD003275,2023-02-13,CUST00786,PROD0050,B004,5,5495.7,0.1,4946.13,3171.34,1774.79,Completed
ORD003276,2023-04-21,CUST01372,PROD0021,B002,4,3380.64,0.0,3380.64,2054.31,1326.33,Completed
ORD003281,2023-08-12,CUST02161,PROD0079,B005,3,519.91,0.2,415.93,349.71,66.22,Completed
ORD003282,2023-05-01,CUST01822,PROD0098,B004,4,3997.57,0.1,3597.81,2235.32,1362.49,Completed
ORD003289,2023-04-12,CUST01296,PROD0013,B002,1,676.55,0.05,642.73,457.72,185.01,Completed
ORD003290,2023-01-15,CUST01515,PROD0026,B001,1,393.51,0.15,334.48,284.3,50.18,Completed
ORD003292,2023-07-24,CUST02034,PROD0006,B003,1,669.46,0.25,502.1,485.9,16.2,Completed
ORD003300,2023-02-11,CUST02329,PROD0051,B005,5,4480.46,0.2,3584.37,2970.26,614.11,Completed
ORD003301,2023-01-09,CUST00435,PROD0071,B003,4,1919.14,0.05,1823.19,1494.29,328.9,Completed
ORD003303,2023-10-11,CUST00510,PROD0011,B001,2,1695.9,0.1,1526.31,1315.25,211.06,Completed
ORD003305,2023-02-07,CUST00984,PROD0100,B003,4,3243.95,0.2,2595.16,2533.12,62.04,Completed
ORD003308,2023-10-17,CUST02272,PROD0109,B002,2,2711.73,0.15,2304.97,1950.22,354.75,Completed
ORD003311,2023-06-02,CUST01368,PROD0098,B004,5,4996.96,0.0,4996.96,2794.15,2202.81,Completed
ORD003315,2023-08-06,CUST00938,PROD0032,B001,1,736.43,0.0,736.43,405.3,331.13,Completed
ORD003321,2023-06-19,CUST00114,PROD0014,B005,1,1380.88,0.1,1242.79,790.6,452.19,Completed
ORD003322,2023-01-31,CUST00689,PROD0085,B002,2,86.1,0.15,73.19,68.23,4.96,Completed
ORD003330,2023-06-05,CUST01909,PROD0041,B002,5,575.39,0.05,546.62,312.45,234.17,Completed
ORD003331,2023-12-25,CUST01531,PROD0008,B001,3,796.66,0.2,637.33,656.72,-19.39,Completed
ORD003336,2023-02-04,CUST02324,PROD0009,B002,1,319.28,0.1,287.36,195.53,91.83,Completed
ORD003337,2023-01-31,CUST00790,PROD0087,B001,4,4724.26,0.0,4724.26,3298.78,1425.48,Completed
ORD003338,2023-09-04,CUST00828,PROD0080,B002,5,2033.0,0.1,1829.7,1409.99,419.71,Completed
ORD003343,2023-01-25,CUST00152,PROD0082,B001,2,4189.05,0.15,3560.69,2267.33,1293.36,Completed
ORD003345,2023-05-22,CUST00626,PROD0044,B005,3,3281.84,0.15,2789.57,1822.23,967.34,Completed
ORD003346,2023-12-05,CUST01364,PROD0109,B001,4,5423.46,0.15,4609.94,3900.44,709.5,Completed
ORD003355,2023-12-22,CUST02408,PROD0084,B001,5,2591.35,0.05,2461.78,1913.12,548.66,Completed
ORD003357,2023-12-18,CUST00229,PROD0089,B004,3,1030.0,0.1,927.0,676.76,250.24,Completed
ORD003358,2023-11-06,CUST00869,PROD0076,B003,4,1199.9,0.1,1079.91,960.2,119.71,Completed
ORD003368,2023-07-16,CUST01001,PROD0098,B001,4,3997.57,0.2,3198.06,2235.32,962.74,Completed
ORD003369,2023-03-29,CUST02220,PROD0044,B001,2,2187.9,0.0,2187.9,1214.82,973.08,Completed
ORD003373,2023-09-17,CUST01989,PROD0089,B003,1,343.33,0.2,274.67,225.59,49.08,Completed
ORD003377,2023-04-13,CUST00369,PROD0013,B004,2,1353.11,0.0,1353.11,915.45,437.66,Completed
ORD003381,2023-06-15,CUST01271,PROD0062,B004,3,2188.59,0.15,1860.3,1736.16,124.14,Completed
ORD003382,2023-07-05,CUST01032,PROD0075,B001,1,1413.9,0.05,1343.2,1092.46,250.74,Completed
ORD003385,2023-10-26,CUST00482,PROD0089,B004,4,1373.33,0.25,1030.0,902.35,127.65,Completed
ORD003395,2023-03-25,CUST00502,PROD0062,B001,4,2918.12,0.05,2772.22,2314.89,457.33,Completed
ORD003402,2023-12-25,CUST00699,PROD0089,B001,2,563.95,0.25,422.96,451.18,-28.22,Completed
ORD003403,2023-01-29,CUST01400,PROD0103,B002,4,3490.63,0.05,3316.1,2065.73,1250.37,Completed
ORD003406,2023-01-26,CUST01009,PROD0115,B003,1,746.55,0.2,597.24,460.65,136.59,Completed
ORD003407,2023-11-22,CUST01804,PROD0053,B005,5,2779.19,0.25,2084.39,1808.01,276.38,Completed
ORD003413,2023-04-26,CUST00407,PROD0053,B005,3,1667.51,0.0,1667.51,1084.81,582.7,Completed
ORD003420,2023-02-15,CUST01271,PROD0007,B005,4,190.83,0.0,190.83,143.01,47.82,Completed
ORD003427,2023-09-25,CUST00300,PROD0024,B005,3,3846.1,0.05,3653.8,2109.28,1544.52,Completed
ORD003428,2023-03-09,CUST00350,PROD0071,B003,4,1919.14,0.2,1535.31,1494.29,41.02,Completed
ORD003438,2023-08-06,CUST00347,PROD0107,B003,5,8891.01,0.0,8891.01,5438.35,3452.66,Completed
ORD003442,2023-04-24,CUST01322,PROD0118,B002,1,289.88,0.05,275.39,194.17,81.22,Completed
ORD003447,2023-10-12,CUST01929,PROD0061,B005,4,1792.8,0.05,1703.16,1260.1,443.06,Completed
ORD003449,2023-05-19,CUST02318,PROD0075,B001,3,4241.7,0.1,3817.52,3277.37,540.15,Completed
ORD003451,2023-01-05,CUST01199,PROD0030,B004,3,2826.93,0.2,2261.55,2440.78,-179.23,Completed
ORD003456,2023-09-27,CUST00015,PROD0101,B003,4,2585.55,0.15,2197.72,1842.01,355.71,Completed
ORD003466,2023-11-07,CUST02072,PROD0039,B002,1,1482.69,0.05,1408.56,826.25,582.31,Completed
ORD003469,2023-12-02,CUST02347,PROD0115,B004,3,2239.64,0.1,2015.68,1381.96,633.72,Completed
ORD003475,2023-06-02,CUST01373,PROD0055,B005,3,1394.23,0.15,1185.09,790.62,394.47,Completed
ORD003478,2023-10-31,CUST00710,PROD0007,B001,2,95.41,0.15,81.1,71.51,9.59,Completed
ORD003479,2023-04-30,CUST01488,PROD0101,B004,2,1292.78,0.0,1292.78,921.0,371.78,Completed
ORD003487,2023-09-15,CUST01665,PROD0016,B001,4,165.86,0.05,157.57,212.86,-55.29,Completed
ORD003489,2023-01-01,CUST01571,PROD0079,B005,4,693.21,0.0,693.21,466.28,226.93,Completed
ORD003494,2023-09-29,CUST01096,PROD0101,B005,5,3231.94,0.15,2747.15,2302.51,444.64,Completed
ORD003504,2023-07-04,CUST01344,PROD0012,B004,1,129.62,0.1,116.65,87.57,29.08,Completed
ORD003509,2023-03-24,CUST00343,PROD0012,B002,5,648.08,0.15,550.87,437.87,113.0,Completed
ORD003511,2023-11-13,CUST01276,PROD0083,B002,2,2890.47,0.25,2167.85,2242.95,-75.1,Completed
ORD003513,2023-01-12,CUST00892,PROD0007,B005,4,190.83,0.05,181.29,143.01,38.28,Completed
ORD003514,2023-09-14,CUST02476,PROD0026,B002,3,1180.52,0.15,1003.44,852.89,150.55,Completed
ORD003516,2023-05-02,CUST00698,PROD0031,B004,5,3335.17,0.2,2668.14,2737.47,-69.33,Completed
ORD003518,2023-07-28,CUST00852,PROD0079,B002,4,693.21,0.15,589.23,466.28,122.95,Completed
ORD003524,2023-02-15,CUST01117,PROD0093,B004,1,866.35,0.1,779.72,635.67,144.05,Completed
ORD003528,2023-05-27,CUST00981,PROD0012,B002,1,129.62,0.0,129.62,87.57,42.05,Completed
ORD003530,2023-05-30,CUST00767,PROD0070,B002,5,1002.62,0.0,1002.62,687.96,314.66,Completed
ORD003531,2023-05-28,CUST00889,PROD0110,B004,5,3983.57,0.0,3983.57,2315.96,1667.61,Completed
ORD003535,2023-12-12,CUST01950,PROD0101,B001,3,1939.17,0.1,1745.25,1381.51,363.74,Completed
ORD003540,2023-02-11,CUST00114,PROD0105,B002,5,2108.69,0.0,2108.69,1553.98,554.71,Completed
ORD003543,2023-09-25,CUST00514,PROD0083,B005,1,1654.19,0.1,1488.77,1121.48,367.29,Completed
ORD003555,2023-10-13,CUST00323,PROD0078,B001,4,3727.82,0.15,3168.64,2295.91,872.73,Completed
ORD003560,2023-01-10,CUST01500,PROD0081,B004,4,532.43,0.05,505.81,396.43,109.38,Completed
ORD003569,2023-01-06,CUST00602,PROD0119,B001,2,1197.16,0.1,1077.45,868.62,208.83,Completed
ORD003570,2023-06-24,CUST01514,PROD0051,B001,3,2688.28,0.0,2688.28,1782.15,906.13,Completed
ORD003573,2023-11-25,CUST01064,PROD0077,B001,2,608.04,0.15,516.84,492.1,24.74,Completed
ORD003578,2023-12-06,CUST02300,PROD0033,B002,5,3001.7,0.1,2701.53,1916.21,785.32,Completed
ORD003581,2023-03-19,CUST01806,PROD0065,B002,5,6756.67,0.0,6756.67,5056.08,1700.59,Completed
ORD003585,2023-05-30,CUST00075,PROD0034,B003,2,2154.89,0.15,1831.66,1433.18,398.48,Completed
ORD003590,2023-08-30,CUST00534,PROD0012,B001,4,518.47,0.2,414.77,350.3,64.47,Completed
ORD003592,2023-04-11,CUST00860,PROD0024,B001,3,3846.1,0.15,3269.19,2109.28,1159.91,Completed
ORD003597,2023-05-08,CUST01044,PROD0058,B002,2,625.51,0.2,500.41,349.16,151.25,Completed
ORD003599,2023-12-16,CUST01420,PROD0004,B004,2,598.35,0.15,508.59,382.21,126.38,Completed
ORD003600,2023-06-16,CUST00923,PROD0035,B002,3,1741.24,0.15,1480.05,1306.85,173.2,Completed
ORD003602,2023-11-16,CUST00379,PROD0007,B002,3,143.12,0.0,143.12,107.26,35.86,Completed
ORD003606,2023-06-21,CUST01662,PROD0004,B004,2,390.79,0.1,351.71,382.21,-30.5,Completed
ORD003611,2023-07-07,CUST01004,PROD0001,B001,2,3878.79,0.15,3296.97,2126.36,1170.61,Completed
ORD003614,2023-04-09,CUST02023,PROD0097,B003,1,1761.17,0.15,1496.99,1084.62,412.37,Completed
ORD003615,2023-12-15,CUST01770,PROD0029,B004,5,2290.03,0.15,1946.52,1329.25,617.27,Completed
ORD003621,2023-01-10,CUST01503,PROD0098,B003,5,4996.96,0.15,4247.42,2794.15,1453.27,Completed
ORD003627,2023-03-03,CUST00013,PROD0019,B002,2,1777.39,0.1,1599.65,1108.38,491.27,Completed
ORD003629,2023-04-14,CUST00792,PROD0020,B001,4,3042.55,0.2,2434.04,2190.93,243.11,Completed
ORD003637,2023-11-23,CUST02013,PROD0069,B001,3,3795.1,0.15,3225.84,2059.31,1166.53,Completed
ORD003649,2023-02-04,CUST00393,PROD0106,B004,5,3592.9,0.2,2874.32,2156.1,718.22,Completed
ORD003657,2023-11-30,CUST01998,PROD0086,B002,3,1583.6,0.0,1583.6,1202.23,381.37,Completed
ORD003660,2023-08-22,CUST01984,PROD0044,B004,4,4375.79,0.0,4375.79,2429.64,1946.15,Completed
ORD003662,2023-11-25,CUST01657,PROD0018,B005,1,1721.31,0.2,1377.05,1071.91,305.14,Completed
ORD003663,2023-06-11,CUST02307,PROD0104,B005,3,4807.36,0.05,4566.99,3178.71,1388.28,Completed
ORD003664,2023-01-08,CUST01729,PROD0030,B002,2,2038.77,0.15,1732.95,1627.19,105.76,Completed
ORD003665,2023-03-31,CUST00072,PROD0068,B002,2,2049.87,0.1,1844.88,1646.73,198.15,Completed
ORD003670,2023-11-25,CUST00044,PROD0066,B004,1,1398.21,0.1,1258.39,1004.49,253.9,Completed
ORD003676,2023-03-23,CUST00392,PROD0087,B003,4,4724.26,0.25,3543.19,3298.78,244.41,Completed
ORD003677,2023-01-09,CUST02140,PROD0064,B002,3,2775.68,0.15,2359.33,2109.86,249.47,Completed
ORD003682,2023-01-20,CUST01444,PROD0111,B004,4,7339.28,0.2,5871.42,4428.25,1443.17,Completed
ORD003691,2023-06-29,CUST01111,PROD0047,B005,1,310.2,0.25,232.65,179.65,53.0,Completed
ORD003698,2023-01-08,CUST01351,PROD0091,B001,2,827.35,0.0,827.35,630.58,196.77,Completed
ORD003702,2023-08-22,CUST01960,PROD0053,B001,4,2223.35,0.15,1889.85,1446.41,443.44,Completed
ORD003707,2023-11-15,CUST01318,PROD0019,B001,4,3554.78,0.25,2666.08,2216.76,449.32,Completed
ORD003709,2023-07-17,CUST01702,PROD0088,B001,5,2244.35,0.2,1795.48,1448.01,347.47,Completed
ORD003711,2023-10-12,CUST00489,PROD0043,B005,1,291.4,0.15,247.69,178.65,69.04,Completed
ORD003717,2023-11-08,CUST01969,PROD0049,B005,1,1332.72,0.2,1066.18,771.08,295.1,Completed
ORD003721,2023-10-01,CUST02426,PROD0014,B004,5,6904.38,0.1,6213.95,3953.01,2260.94,Completed
ORD003723,2023-07-31,CUST00273,PROD0027,B003,1,684.38,0.0,684.38,495.75,188.63,Completed
ORD003724,2023-10-10,CUST02168,PROD0067,B001,1,906.81,0.1,816.13,497.33,318.8,Completed
ORD003726,2023-01-01,CUST01189,PROD0117,B001,5,3861.32,0.1,3475.19,2380.62,1094.57,Completed
ORD003735,2023-11-22,CUST01162,PROD0029,B003,3,861.34,0.2,689.07,797.55,-108.48,Completed
ORD003737,2023-10-17,CUST02079,PROD0069,B003,2,2530.07,0.15,2150.56,1372.88,777.68,Completed
ORD003743,2023-08-23,CUST01723,PROD0005,B001,5,6111.97,0.1,5500.77,3768.65,1732.12,Completed
ORD003749,2023-01-06,CUST01834,PROD0057,B001,5,5025.49,0.1,4522.94,3244.76,1278.18,Completed
ORD003751,2023-12-02,CUST00871,PROD0048,B003,3,2665.1,0.05,2531.85,1846.48,685.37,Completed
ORD003759,2023-04-15,CUST00743,PROD0119,B003,5,2992.91,0.05,2843.27,2171.55,671.72,Completed
ORD003761,2023-01-24,CUST02091,PROD0014,B001,5,3043.56,0.05,2891.39,3953.01,-1061.62,Completed
ORD003771,2023-06-05,CUST01232,PROD0086,B004,1,527.87,0.2,422.29,400.74,21.55,Completed
ORD003774,2023-12-04,CUST00363,PROD0111,B004,3,5504.46,0.1,4954.01,3321.19,1632.82,Completed
ORD003775,2023-11-23,CUST01411,PROD0098,B001,2,1998.78,0.2,1599.03,1117.66,481.37,Completed
ORD003783,2023-12-19,CUST01249,PROD0042,B003,1,1453.53,0.2,1162.82,1064.39,98.43,Completed
ORD003789,2023-02-20,CUST00593,PROD0069,B002,4,5060.14,0.15,4301.12,2745.75,1555.37,Completed
ORD003794,2023-01-07,CUST01291,PROD0055,B005,3,1394.23,0.1,1254.8,790.62,464.18,Completed
ORD003795,2023-11-29,CUST01417,PROD0104,B003,3,4807.36,0.0,4807.36,3178.71,1628.65,Completed
ORD003798,2023-04-23,CUST00569,PROD0091,B001,3,1241.02,0.0,1241.02,945.87,295.15,Completed
ORD003799,2023-01-13,CUST01014,PROD0074,B003,1,652.84,0.1,587.56,504.84,82.72,Completed
ORD003807,2023-08-30,CUST01703,PROD0040,B001,4,3962.7,0.15,3368.29,2161.41,1206.88,Completed
ORD003809,2023-08-13,CUST00398,PROD0106,B003,4,2874.32,0.05,2730.61,1724.88,1005.73,Completed
ORD003812,2023-01-01,CUST02491,PROD0010,B004,5,9212.77,0.15,7830.86,5359.98,2470.88,Completed
ORD003814,2023-08-15,CUST02349,PROD0113,B004,3,3762.55,0.15,3198.17,2720.86,477.31,Completed
ORD003817,2023-03-21,CUST02027,PROD0089,B001,4,1373.33,0.15,1167.33,902.35,264.98,Completed
ORD003818,2023-02-25,CUST00500,PROD0061,B005,1,448.2,0.05,425.79,315.02,110.77,Completed
ORD003819,2023-01-14,CUST00106,PROD0082,B004,2,4189.05,0.2,3351.24,2267.33,1083.91,Completed
ORD003821,2023-12-05,CUST02166,PROD0119,B001,3,1795.75,0.2,1436.6,1302.93,133.67,Completed
ORD003828,2023-07-11,CUST01134,PROD0023,B002,1,1273.06,0.1,1145.75,786.92,358.83,Completed
ORD003832,2023-09-19,CUST02165,PROD0074,B004,2,1305.69,0.1,1175.12,1009.68,165.44,Completed
ORD003833,2023-07-02,CUST01296,PROD0001,B001,3,5818.18,0.1,5236.37,3189.54,2046.83,Completed
ORD003840,2023-11-10,CUST00386,PROD0109,B002,5,6779.33,0.0,6779.33,4875.55,1903.78,Completed
ORD003843,2023-03-21,CUST00447,PROD0101,B003,3,1939.17,0.1,1745.25,1381.51,363.74,Completed
ORD003846,2023-04-17,CUST02418,PROD0089,B001,3,1030.0,0.15,875.5,676.76,198.74,Completed
ORD003868,2023-03-30,CUST00424,PROD0071,B001,3,1439.36,0.0,1439.36,1120.72,318.64,Completed
ORD003869,2023-12-07,CUST02230,PROD0113,B004,3,3762.55,0.0,3762.55,2720.86,1041.69,Completed
ORD003870,2023-02-15,CUST01958,PROD0085,B001,2,86.1,0.0,86.1,68.23,17.87,Completed
ORD003872,2023-09-09,CUST02164,PROD0072,B005,5,2325.79,0.2,1860.63,1633.1,227.53,Completed
ORD003874,2023-06-12,CUST01572,PROD0048,B001,4,3553.47,0.05,3375.8,2461.98,913.82,Completed
ORD003877,2023-12-19,CUST01123,PROD0070,B001,3,601.57,0.05,571.5,412.77,158.73,Completed
ORD003886,2023-05-28,CUST00127,PROD0006,B004,3,2008.39,0.05,1907.97,1457.71,450.26,Completed
ORD003891,2023-08-14,CUST01679,PROD0082,B005,3,6283.58,0.1,5655.22,3400.99,2254.23,Completed
ORD003895,2023-06-15,CUST02219,PROD0087,B002,5,5905.32,0.05,5610.06,4123.48,1486.58,Completed
ORD003899,2023-09-02,CUST01468,PROD0054,B003,1,1127.68,0.0,1127.68,762.03,365.65,Completed
ORD003901,2023-11-06,CUST00168,PROD0115,B002,4,2986.19,0.0,2986.19,1842.61,1143.58,Completed
ORD003906,2023-04-04,CUST01533,PROD0013,B004,2,1353.11,0.05,1285.45,915.45,370.0,Completed
ORD003908,2023-01-11,CUST00605,PROD0032,B001,4,2945.74,0.2,2356.59,1621.2,735.39,Completed
ORD003913,2023-11-16,CUST02393,PROD0057,B003,1,1005.1,0.15,854.34,648.95,205.39,Completed
ORD003916,2023-10-30,CUST01591,PROD0008,B003,3,796.66,0.05,756.83,656.72,100.11,Completed
ORD003923,2023-04-15,CUST01571,PROD0033,B001,3,1801.02,0.05,1710.97,1149.73,561.24,Completed
ORD003924,2023-08-24,CUST00736,PROD0052,B001,5,3303.42,0.2,2642.73,2266.75,375.98,Completed
ORD003925,2023-09-10,CUST01752,PROD0052,B002,4,2642.73,0.0,2642.73,1813.4,829.33,Completed
ORD003929,2023-09-21,CUST00460,PROD0016,B003,5,444.32,0.1,399.89,266.08,133.81,Completed
ORD003930,2023-12-14,CUST01501,PROD0051,B003,5,4480.46,0.0,4480.46,2970.26,1510.2,Completed
ORD003934,2023-10-11,CUST00947,PROD0014,B004,5,6904.38,0.2,5523.51,3953.01,1570.5,Completed
ORD003937,2023-09-30,CUST02169,PROD0089,B003,2,686.67,0.15,583.67,451.18,132.49,Completed
ORD003944,2023-10-20,CUST01876,PROD0086,B005,5,2639.34,0.0,2639.34,2003.71,635.63,Completed
ORD003947,2023-11-09,CUST01418,PROD0054,B002,3,3383.03,0.15,2875.58,2286.1,589.48,Completed
ORD003956,2023-11-02,CUST02479,PROD0055,B003,5,2323.71,0.25,1742.78,1317.7,425.08,Completed
ORD003957,2023-11-02,CUST00841,PROD0057,B001,5,5025.49,0.05,4774.22,3244.76,1529.46,Completed
ORD003967,2023-03-26,CUST02258,PROD0069,B004,2,2530.07,0.1,2277.06,1372.88,904.18,Completed
ORD003972,2023-01-06,CUST00554,PROD0101,B005,5,3231.94,0.2,2585.55,2302.51,283.04,Completed
ORD003978,2023-03-16,CUST00512,PROD0014,B005,3,4142.63,0.1,3728.37,2371.81,1356.56,Completed
ORD003980,2023-07-26,CUST02490,PROD0025,B001,1,990.04,0.1,891.04,590.72,300.32,Completed
ORD003981,2023-12-24,CUST01038,PROD0062,B003,1,729.53,0.15,620.1,578.72,41.38,Completed
ORD003984,2023-11-24,CUST00998,PROD0055,B004,1,464.74,0.2,371.79,263.54,108.25,Completed
ORD003986,2023-01-26,CUST00823,PROD0092,B002,1,104.44,0.15,88.78,66.64,22.14,Completed
ORD003987,2023-08-20,CUST00701,PROD0082,B001,5,10472.63,0.15,8901.74,5668.32,3233.42,Completed
ORD003991,2023-06-07,CUST01516,PROD0101,B004,5,3231.94,0.0,3231.94,2302.51,929.43,Completed
ORD003992,2023-07-29,CUST01571,PROD0114,B002,5,6872.68,0.2,5498.14,5215.83,282.31,Completed
ORD003994,2023-02-24,CUST02440,PROD0067,B003,4,3627.23,0.2,2901.78,1989.31,912.47,Completed
ORD003996,2023-01-31,CUST01559,PROD0078,B002,3,2795.86,0.1,2516.27,1721.93,794.34,Completed
ORD004000,2023-04-08,CUST01588,PROD0107,B003,1,1778.2,0.25,1333.65,1087.67,245.98,Completed
ORD004001,2023-12-04,CUST01396,PROD0045,B005,5,5023.75,0.1,4521.38,3582.79,938.59,Completed
ORD004002,2023-08-28,CUST00840,PROD0096,B004,3,5330.76,0.1,4797.69,3103.42,1694.27,Completed
ORD004004,2023-03-15,CUST00725,PROD0103,B001,1,872.66,0.0,872.66,516.43,356.23,Completed
ORD004010,2023-08-07,CUST00837,PROD0058,B005,2,625.51,0.15,531.69,349.16,182.53,Completed
ORD004014,2023-11-24,CUST00137,PROD0080,B003,4,1626.4,0.05,1545.08,1127.99,417.09,Completed
ORD004022,2023-09-16,CUST00964,PROD0057,B003,5,5025.49,0.15,4271.67,3244.76,1026.91,Completed
ORD004044,2023-06-27,CUST01113,PROD0057,B001,2,2010.2,0.15,1708.67,1297.91,410.76,Completed
ORD004049,2023-07-04,CUST00460,PROD0024,B001,1,1282.03,0.0,1282.03,703.09,578.94,Completed
ORD004051,2023-03-26,CUST00836,PROD0082,B004,4,8378.11,0.15,7121.39,4534.66,2586.73,Completed
ORD004055,2023-07-29,CUST01767,PROD0061,B002,5,2241.0,0.15,1904.85,1575.12,329.73,Completed
ORD004057,2023-12-24,CUST00538,PROD0073,B001,4,731.21,0.1,658.09,479.89,178.2,Completed
ORD004060,2023-08-23,CUST02168,PROD0074,B004,4,2611.38,0.2,2089.1,2019.35,69.75,Completed
ORD004063,2023-11-25,CUST00630,PROD0034,B001,1,1077.45,0.1,969.7,716.59,253.11,Completed
ORD004065,2023-04-01,CUST01982,PROD0108,B005,4,3639.53,0.2,2911.62,2093.7,817.92,Completed
ORD004066,2023-12-25,CUST02230,PROD0073,B003,1,182.8,0.05,173.66,119.97,53.69,Completed
ORD004069,2023-05-13,CUST02427,PROD0066,B002,4,5592.86,0.0,5592.86,4017.96,1574.9,Completed
ORD004071,2023-09-28,CUST02067,PROD0074,B001,1,652.84,0.25,489.63,504.84,-15.21,Completed
ORD004072,2023-03-19,CUST01012,PROD0031,B003,2,1334.07,0.05,1267.37,1094.99,172.38,Completed
ORD004073,2023-07-05,CUST01150,PROD0011,B003,5,4239.74,0.2,3391.79,3288.12,103.67,Completed
ORD004077,2023-02-14,CUST01316,PROD0034,B003,1,1077.45,0.0,1077.45,716.59,360.86,Completed
ORD004081,2023-12-15,CUST02290,PROD0002,B003,2,1360.28,0.15,1156.24,822.52,333.72,Completed
ORD004083,2023-06-06,CUST02354,PROD0016,B001,5,444.32,0.2,355.46,266.08,89.38,Completed
ORD004086,2023-12-15,CUST01625,PROD0030,B004,1,1019.38,0.1,917.45,813.59,103.86,Completed
ORD004090,2023-02-03,CUST01966,PROD0076,B002,1,299.98,0.05,284.98,240.05,44.93,Completed
ORD004092,2023-11-04,CUST00907,PROD0032,B004,4,2945.74,0.0,2945.74,1621.2,1324.54,Completed
ORD004097,2023-11-23,CUST00132,PROD0103,B004,1,872.66,0.05,829.02,516.43,312.59,Completed
ORD004102,2023-10-29,CUST01440,PROD0111,B001,2,3669.64,0.05,3486.16,2214.12,1272.04,Completed
ORD004108,2023-01-16,CUST00735,PROD0107,B005,3,5334.6,0.0,5334.6,3263.01,2071.59,Completed
ORD004111,2023-10-26,CUST01978,PROD0112,B004,1,866.36,0.1,779.72,678.33,101.39,Completed
ORD004112,2023-01-07,CUST02486,PROD0016,B003,2,177.73,0.1,159.95,106.43,53.52,Completed
ORD004115,2023-02-10,CUST00928,PROD0005,B005,4,4889.58,0.0,4889.58,3014.92,1874.66,Completed
ORD004123,2023-04-24,CUST01970,PROD0093,B002,3,2599.06,0.05,2469.1,1907.02,562.08,Completed
ORD004124,2023-02-09,CUST01706,PROD0057,B001,4,2245.33,0.0,2245.33,2595.81,-350.48,Completed
ORD004126,2023-06-09,CUST00396,PROD0110,B001,5,3983.57,0.0,3983.57,2315.96,1667.61,Completed
ORD004134,2023-12-04,CUST02341,PROD0026,B005,1,393.51,0.05,373.83,284.3,89.53,Completed
ORD004146,2023-12-21,CUST02118,PROD0110,B005,5,3983.57,0.05,3784.39,2315.96,1468.43,Completed
ORD004148,2023-01-24,CUST00028,PROD0104,B003,3,4807.36,0.2,3845.89,3178.71,667.18,Completed
ORD004153,2023-08-26,CUST02156,PROD0077,B003,1,304.02,0.1,273.62,246.05,27.57,Completed
ORD004157,2023-06-17,CUST01653,PROD0044,B005,3,3281.84,0.1,2953.66,1822.23,1131.43,Completed
ORD004159,2023-04-25,CUST01925,PROD0118,B005,1,289.88,0.05,275.39,194.17,81.22,Completed
ORD004160,2023-01-18,CUST01163,PROD0105,B001,2,843.47,0.1,759.12,621.59,137.53,Completed
ORD004161,2023-02-09,CUST01624,PROD0108,B002,4,3639.53,0.25,2729.65,2093.7,635.95,Completed
ORD004166,2023-08-04,CUST02496,PROD0044,B001,4,4375.79,0.15,3719.42,2429.64,1289.78,Completed
ORD004167,2023-10-05,CUST01899,PROD0116,B003,4,1048.69,0.0,1048.69,860.36,188.33,Completed
ORD004170,2023-05-10,CUST02244,PROD0057,B001,4,4020.4,0.0,4020.4,2595.81,1424.59,Completed
ORD004172,2023-06-19,CUST02009,PROD0107,B001,1,1778.2,0.15,1511.47,1087.67,423.8,Completed
ORD004188,2023-06-07,CUST01237,PROD0093,B001,3,2599.06,0.15,2209.2,1907.02,302.18,Completed
ORD004195,2023-04-04,CUST01970,PROD0049,B001,5,6663.61,0.0,6663.61,3855.39,2808.22,Completed
ORD004196,2023-06-12,CUST00675,PROD0084,B001,4,2073.08,0.05,1969.42,1530.5,438.92,Completed
ORD004197,2023-01-21,CUST02491,PROD0107,B002,2,3556.4,0.1,3200.76,2175.34,1025.42,Completed
ORD004198,2023-11-05,CUST00574,PROD0083,B003,2,3308.37,0.2,2646.7,2242.95,403.75,Completed
ORD004200,2023-11-12,CUST00764,PROD0106,B004,4,2874.32,0.15,2443.18,1724.88,718.3,Completed
ORD004201,2023-02-12,CUST00809,PROD0058,B002,3,938.27,0.05,891.36,523.75,367.61,Completed
ORD004203,2023-12-23,CUST02141,PROD0118,B002,1,289.88,0.1,260.89,194.17,66.72,Completed
ORD004205,2023-01-22,CUST01256,PROD0061,B001,4,1792.8,0.05,1703.16,1260.1,443.06,Completed
ORD004221,2023-06-14,CUST01546,PROD0036,B003,5,1416.8,0.05,1345.96,766.09,579.87,Completed
ORD004227,2023-11-29,CUST00285,PROD0102,B001,5,3857.01,0.0,3857.01,2224.33,1632.68,Completed
ORD004239,2023-05-12,CUST01878,PROD0019,B001,4,3554.78,0.1,3199.3,2216.76,982.54,Completed
ORD004241,2023-09-04,CUST01946,PROD0031,B002,1,667.03,0.0,667.03,547.49,119.54,Completed
ORD004243,2023-11-25,CUST01541,PROD0040,B001,3,2972.02,0.2,2377.62,1621.06,756.56,Completed
ORD004245,2023-05-18,CUST01124,PROD0112,B002,5,4331.81,0.05,4115.22,3391.64,723.58,Completed
ORD004247,2023-08-25,CUST01589,PROD0100,B005,2,1621.98,0.2,1297.58,1266.56,31.02,Completed
ORD004248,2023-04-03,CUST02049,PROD0047,B001,5,1550.99,0.05,1473.44,898.25,575.19,Completed
ORD004249,2023-07-29,CUST00287,PROD0061,B004,3,1344.6,0.1,1210.14,945.07,265.07,Completed
ORD004254,2023-05-14,CUST01142,PROD0033,B005,5,3001.7,0.0,3001.7,1916.21,1085.49,Completed
ORD004256,2023-09-06,CUST00076,PROD0093,B005,2,1732.71,0.1,1559.43,1271.34,288.09,Completed
ORD004259,2023-11-13,CUST00771,PROD0053,B001,4,2223.35,0.0,2223.35,1446.41,776.94,Completed
ORD004269,2023-09-08,CUST02308,PROD0053,B005,2,1111.68,0.05,1056.09,723.21,332.88,Completed
ORD004270,2023-12-21,CUST00960,PROD0038,B002,4,239.73,0.0,239.73,162.84,76.89,Completed
ORD004271,2023-05-11,CUST01063,PROD0005,B001,1,1222.39,0.15,1039.04,753.73,285.31,Completed
ORD004276,2023-05-29,CUST00831,PROD0039,B004,3,4448.07,0.1,4003.26,2478.74,1524.52,Completed
ORD004283,2023-11-07,CUST00079,PROD0004,B003,3,443.95,0.05,421.76,573.31,-151.55,Completed
ORD004288,2023-11-22,CUST01023,PROD0004,B002,5,1495.87,0.05,1421.08,955.52,465.56,Completed
ORD004294,2023-06-24,CUST02466,PROD0051,B001,5,4480.46,0.1,4032.41,2970.26,1062.15,Completed
ORD004296,2023-10-15,CUST01098,PROD0066,B004,4,5592.86,0.25,4194.64,4017.96,176.68,Completed
ORD004301,2023-06-20,CUST00318,PROD0063,B004,3,398.04,0.05,378.14,301.4,76.74,Completed
ORD004311,2023-09-29,CUST01979,PROD0098,B003,5,4996.96,0.1,4497.27,2794.15,1703.12,Completed
ORD004313,2023-05-17,CUST02371,PROD0088,B005,1,448.87,0.1,403.98,289.6,114.38,Completed
ORD004319,2023-02-10,CUST01739,PROD0031,B001,1,667.03,0.0,667.03,547.49,119.54,Completed
ORD004320,2023-04-20,CUST02018,PROD0106,B004,2,1437.16,0.15,1221.59,862.44,359.15,Completed
ORD004326,2023-10-01,CUST00638,PROD0092,B004,3,313.33,0.2,250.67,199.91,50.76,Completed
ORD004329,2023-09-30,CUST00782,PROD0119,B005,4,2394.33,0.1,2154.89,1737.24,417.65,Completed
ORD004330,2023-03-24,CUST01408,PROD0112,B003,1,866.36,0.0,866.36,678.33,188.03,Completed
ORD004343,2023-05-25,CUST01245,PROD0094,B005,4,781.12,0.15,663.96,468.07,195.89,Completed
ORD004345,2023-05-15,CUST02040,PROD0062,B002,3,2188.59,0.0,2188.59,1736.16,452.43,Completed
ORD004349,2023-07-29,CUST00319,PROD0101,B005,4,2585.55,0.15,2197.72,1842.01,355.71,Completed
ORD004350,2023-05-15,CUST01943,PROD0056,B001,4,5646.88,0.1,5082.19,4230.57,851.62,Completed
ORD004354,2023-12-15,CUST00843,PROD0114,B004,4,5498.14,0.05,5223.24,4172.67,1050.57,Completed
ORD004363,2023-12-31,CUST00803,PROD0109,B002,3,4067.6,0.05,3864.22,2925.33,938.89,Completed
ORD004365,2023-02-28,CUST00778,PROD0004,B001,4,1196.7,0.05,1136.86,764.42,372.44,Completed
ORD004366,2023-04-30,CUST00121,PROD0104,B005,4,6409.81,0.1,5768.83,4238.27,1530.56,Completed
ORD004375,2023-05-06,CUST02030,PROD0017,B005,2,1739.19,0.0,1739.19,1263.96,475.23,Completed
ORD004377,2023-04-18,CUST01347,PROD0115,B002,4,2986.19,0.0,2986.19,1842.61,1143.58,Completed
ORD004383,2023-10-16,CUST00468,PROD0063,B002,1,132.68,0.0,132.68,100.47,32.21,Completed
ORD004388,2023-07-11,CUST01505,PROD0038,B002,1,59.93,0.0,59.93,40.71,19.22,Completed
ORD004389,2023-08-25,CUST01854,PROD0107,B005,2,3556.4,0.15,3022.94,2175.34,847.6,Completed
ORD004392,2023-03-17,CUST02184,PROD0059,B004,5,4875.0,0.0,4875.0,3083.56,1791.44,Completed
ORD004421,2023-04-19,CUST01012,PROD0039,B002,4,5930.76,0.25,4448.07,3304.98,1143.09,Completed
ORD004424,2023-04-01,CUST01133,PROD0067,B004,1,906.81,0.1,816.13,497.33,318.8,Completed
ORD004429,2023-08-30,CUST01777,PROD0082,B001,3,6283.58,0.1,5655.22,3400.99,2254.23,Completed
ORD004431,2023-08-16,CUST01861,PROD0081,B001,2,266.21,0.1,239.59,198.21,41.38,Completed
ORD004433,2023-03-22,CUST01616,PROD0019,B002,3,2666.08,0.05,2532.78,1662.57,870.21,Completed
ORD004437,2023-01-12,CUST01134,PROD0021,B001,1,845.16,0.15,718.38,513.58,204.8,Completed
ORD004442,2023-07-06,CUST00679,PROD0044,B005,4,4375.79,0.0,4375.79,2429.64,1946.15,Completed
ORD004446,2023-11-03,CUST00344,PROD0109,B004,3,4067.6,0.05,3864.22,2925.33,938.89,Completed
ORD004459,2023-03-16,CUST01333,PROD0048,B001,1,888.37,0.05,843.95,615.49,228.46,Completed
ORD004462,2023-11-24,CUST01707,PROD0010,B002,2,3685.11,0.15,3132.35,2143.99,988.36,Completed
ORD004471,2023-01-26,CUST00508,PROD0007,B003,3,143.12,0.1,128.81,107.26,21.55,Completed
ORD004472,2023-12-01,CUST00449,PROD0066,B002,1,1398.21,0.05,1328.31,1004.49,323.82,Completed
ORD004473,2023-07-19,CUST00498,PROD0045,B004,2,1106.96,0.0,1106.96,1433.11,-326.15,Completed
ORD004475,2023-11-28,CUST01000,PROD0091,B005,3,1241.02,0.0,1241.02,945.87,295.15,Completed
ORD004477,2023-07-21,CUST00192,PROD0010,B001,3,5527.66,0.15,4698.52,3215.99,1482.53,Completed
ORD004478,2023-06-22,CUST00049,PROD0048,B005,3,2665.1,0.05,2531.85,1846.48,685.37,Completed
ORD004481,2023-02-09,CUST01544,PROD0117,B003,5,3861.32,0.1,3475.19,2380.62,1094.57,Completed
ORD004491,2023-01-31,CUST00199,PROD0052,B002,3,1982.05,0.15,1684.74,1360.05,324.69,Completed
ORD004494,2023-06-23,CUST02035,PROD0111,B004,4,7339.28,0.05,6972.31,4428.25,2544.06,Completed
ORD004496,2023-09-23,CUST01188,PROD0013,B005,4,2706.22,0.0,2706.22,1830.9,875.32,Completed
ORD004498,2023-06-23,CUST01844,PROD0042,B004,5,7267.64,0.2,5814.11,5321.93,492.18,Completed
ORD004502,2023-06-08,CUST02009,PROD0027,B003,1,684.38,0.2,547.5,495.75,51.75,Completed
ORD004505,2023-06-13,CUST00195,PROD0085,B005,1,43.05,0.0,43.05,34.11,8.94,Completed
ORD004507,2023-03-29,CUST01971,PROD0108,B002,2,1819.76,0.0,1819.76,1046.85,772.91,Completed
ORD004509,2023-12-03,CUST02330,PROD0074,B004,3,1958.53,0.1,1762.68,1514.51,248.17,Completed
ORD004511,2023-05-10,CUST00478,PROD0050,B001,2,2198.28,0.1,1978.45,1268.54,709.91,Completed
ORD004514,2023-05-30,CUST00319,PROD0055,B004,1,464.74,0.1,418.27,263.54,154.73,Completed
ORD004516,2023-12-17,CUST00631,PROD0075,B004,5,7069.49,0.1,6362.54,5462.28,900.26,Completed
ORD004517,2023-01-23,CUST01815,PROD0029,B004,4,1832.02,0.05,1740.42,1063.4,677.02,Completed
ORD004519,2023-12-08,CUST00590,PROD0116,B001,1,262.17,0.0,262.17,215.09,47.08,Completed
ORD004524,2023-04-19,CUST00345,PROD0016,B001,1,88.86,0.25,66.65,53.22,13.43,Completed
ORD004526,2023-10-02,CUST00140,PROD0025,B002,1,990.04,0.05,940.54,590.72,349.82,Completed
ORD004528,2023-11-06,CUST00186,PROD0078,B001,1,931.95,0.15,792.16,573.98,218.18,Completed
ORD004536,2023-03-02,CUST00693,PROD0041,B001,5,575.39,0.0,575.39,312.45,262.94,Completed
ORD004540,2023-06-19,CUST01541,PROD0017,B001,4,3478.37,0.15,2956.62,2527.92,428.7,Completed
ORD004541,2023-11-21,CUST00640,PROD0113,B001,5,6270.92,0.2,5016.73,4534.77,481.96,Completed
ORD004545,2023-06-03,CUST02430,PROD0114,B004,3,4123.61,0.15,3505.06,3129.5,375.56,Completed
ORD004548,2023-11-21,CUST00435,PROD0036,B001,5,1416.8,0.05,1345.96,766.09,579.87,Completed
ORD004552,2023-03-15,CUST02188,PROD0070,B001,5,1002.62,0.05,952.49,687.96,264.53,Completed
ORD004559,2023-11-30,CUST01711,PROD0010,B002,4,7370.22,0.15,6264.69,4287.98,1976.71,Completed
ORD004561,2023-04-16,CUST02498,PROD0016,B005,1,88.86,0.15,75.54,53.22,22.32,Completed
ORD004572,2023-04-11,CUST02220,PROD0046,B001,5,1116.68,0.1,1005.01,842.77,162.24,Completed
ORD004573,2023-07-12,CUST00704,PROD0070,B001,5,645.83,0.1,581.24,687.96,-106.72,Completed
ORD004579,2023-08-18,CUST02021,PROD0116,B003,4,1048.69,0.1,943.82,860.36,83.46,Completed
ORD004585,2023-06-04,CUST01055,PROD0005,B001,1,1222.39,0.15,1039.04,753.73,285.31,Completed
ORD004597,2023-02-22,CUST01368,PROD0035,B001,1,580.41,0.1,522.37,435.62,86.75,Completed
ORD004603,2023-01-06,CUST01512,PROD0063,B005,5,663.4,0.1,597.06,502.33,94.73,Completed
ORD004609,2023-12-10,CUST01173,PROD0039,B001,5,7413.45,0.0,7413.45,4131.23,3282.22,Completed
ORD004611,2023-09-11,CUST01505,PROD0102,B004,4,3085.61,0.0,3085.61,1779.46,1306.15,Completed
ORD004617,2023-03-11,CUST01473,PROD0082,B004,3,6283.58,0.1,5655.22,3400.99,2254.23,Completed
ORD004621,2023-07-09,CUST00131,PROD0101,B002,5,3231.94,0.25,2423.96,2302.51,121.45,Completed
ORD004622,2023-12-14,CUST00909,PROD0012,B002,5,648.08,0.0,648.08,437.87,210.21,Completed
ORD004629,2023-10-07,CUST02306,PROD0017,B003,2,1739.19,0.15,1478.31,1263.96,214.35,Completed
ORD004633,2023-05-12,CUST02165,PROD0103,B004,2,1745.31,0.1,1570.78,1032.87,537.91,Completed
ORD004636,2023-01-19,CUST00010,PROD0108,B002,1,909.88,0.1,818.9,523.42,295.48,Completed
ORD004639,2023-12-08,CUST01132,PROD0047,B002,2,620.39,0.2,496.32,359.3,137.02,Completed
ORD004651,2023-07-25,CUST02193,PROD0067,B002,3,2720.42,0.0,2720.42,1491.98,1228.44,Completed
ORD004673,2023-05-08,CUST00037,PROD0058,B002,5,1563.78,0.15,1329.22,872.91,456.31,Completed
ORD004676,2023-02-09,CUST01594,PROD0086,B002,3,1583.6,0.15,1346.06,1202.23,143.83,Completed
ORD004679,2023-02-23,CUST01836,PROD0056,B001,4,5646.88,0.05,5364.53,4230.57,1133.96,Completed
ORD004687,2023-04-24,CUST00073,PROD0100,B004,5,4054.94,0.0,4054.94,3166.4,888.54,Completed
ORD004696,2023-02-12,CUST01144,PROD0067,B004,3,2720.42,0.15,2312.36,1491.98,820.38,Completed
ORD004701,2023-12-13,CUST01307,PROD0086,B001,4,2111.47,0.15,1794.75,1602.97,191.78,Completed
ORD004702,2023-04-05,CUST00822,PROD0031,B003,3,2001.1,0.1,1801.0,1642.48,158.52,Completed
ORD004703,2023-06-02,CUST01580,PROD0074,B002,3,1958.53,0.05,1860.61,1514.51,346.1,Completed
ORD004709,2023-04-07,CUST00427,PROD0029,B001,5,2290.03,0.2,1832.02,1329.25,502.77,Completed
ORD004710,2023-09-11,CUST00554,PROD0029,B004,2,916.01,0.1,824.41,531.7,292.71,Completed
ORD004715,2023-03-07,CUST00078,PROD0058,B001,3,938.27,0.15,797.53,523.75,273.78,Completed
ORD004721,2023-08-23,CUST01363,PROD0069,B002,2,2530.07,0.0,2530.07,1372.88,1157.19,Completed
ORD004725,2023-02-02,CUST01688,PROD0077,B004,5,1520.11,0.2,1216.09,1230.26,-14.17,Completed
ORD004727,2023-10-04,CUST00853,PROD0010,B003,4,7370.22,0.15,6264.69,4287.98,1976.71,Completed
ORD004731,2023-06-23,CUST02365,PROD0005,B004,2,2444.79,0.15,2078.07,1507.46,570.61,Completed
ORD004733,2023-01-21,CUST01807,PROD0058,B001,5,1563.78,0.0,1563.78,872.91,690.87,Completed
ORD004739,2023-05-30,CUST01596,PROD0007,B001,1,47.71,0.05,45.32,35.75,9.57,Completed
ORD004750,2023-11-03,CUST00931,PROD0061,B002,2,896.4,0.0,896.4,630.05,266.35,Completed
ORD004751,2023-05-01,CUST00947,PROD0102,B005,4,3085.61,0.15,2622.76,1779.46,843.3,Completed
ORD004757,2023-05-12,CUST00143,PROD0112,B002,1,627.97,0.15,533.78,678.33,-144.55,Completed
ORD004760,2023-09-03,CUST00890,PROD0024,B001,1,1282.03,0.15,1089.73,703.09,386.64,Completed
ORD004765,2023-07-04,CUST01479,PROD0071,B002,4,1457.14,0.2,1165.71,1494.29,-328.58,Completed
ORD004779,2023-04-17,CUST00548,PROD0011,B004,5,4239.74,0.1,3815.77,3288.12,527.65,Completed
ORD004780,2023-12-11,CUST01682,PROD0086,B001,3,1583.6,0.2,1266.88,1202.23,64.65,Completed
ORD004789,2023-02-15,CUST01809,PROD0042,B005,3,4360.58,0.25,3270.44,3193.16,77.28,Completed
ORD004799,2023-10-06,CUST01862,PROD0016,B004,1,88.86,0.1,79.98,53.22,26.76,Completed
ORD004800,2023-12-11,CUST01040,PROD0094,B003,3,585.84,0.0,585.84,351.05,234.79,Completed
ORD004802,2023-08-18,CUST00182,PROD0071,B002,3,1439.36,0.15,1223.46,1120.72,102.74,Completed
ORD004806,2023-06-04,CUST01935,PROD0104,B003,2,3204.91,0.25,2403.68,2119.14,284.54,Completed
ORD004812,2023-06-13,CUST02191,PROD0100,B001,5,4054.94,0.15,3446.7,3166.4,280.3,Completed
ORD004818,2023-07-20,CUST00028,PROD0018,B004,2,3442.62,0.15,2926.22,2143.81,782.41,Completed
ORD004819,2023-02-24,CUST01456,PROD0116,B003,1,262.17,0.05,249.06,215.09,33.97,Completed
ORD004826,2023-01-10,CUST00111,PROD0092,B003,3,313.33,0.1,282.0,199.91,82.09,Completed
ORD004828,2023-07-30,CUST00051,PROD0094,B001,5,976.4,0.1,878.76,585.09,293.67,Completed
ORD004834,2023-09-06,CUST01352,PROD0114,B001,2,2749.07,0.0,2749.07,2086.33,662.74,Completed
ORD004837,2023-02-03,CUST00253,PROD0080,B004,4,1626.4,0.2,1301.12,1127.99,173.13,Completed
ORD004838,2023-04-16,CUST01353,PROD0029,B003,5,2290.03,0.0,2290.03,1329.25,960.78,Completed
ORD004839,2023-07-11,CUST00885,PROD0033,B003,4,2401.36,0.05,2281.3,1532.97,748.33,Completed
ORD004843,2023-08-17,CUST01978,PROD0023,B001,1,1273.06,0.1,1145.75,786.92,358.83,Completed
ORD004849,2023-10-26,CUST00504,PROD0011,B002,2,1695.9,0.0,1695.9,1315.25,380.65,Completed
ORD004854,2023-03-29,CUST00799,PROD0118,B002,4,1159.53,0.05,1101.56,776.67,324.89,Completed
ORD004859,2023-01-01,CUST00059,PROD0058,B002,4,1251.03,0.1,1125.92,698.33,427.59,Completed
ORD004871,2023-05-24,CUST00046,PROD0047,B001,3,426.42,0.0,426.42,538.95,-112.53,Completed
ORD004879,2023-10-29,CUST01120,PROD0032,B004,2,1472.87,0.25,1104.65,810.6,294.05,Completed
ORD004883,2023-11-21,CUST02115,PROD0107,B005,4,7112.81,0.05,6757.16,4350.68,2406.48,Completed
ORD004887,2023-04-27,CUST00420,PROD0101,B002,3,1939.17,0.25,1454.38,1381.51,72.87,Completed
ORD004891,2023-02-02,CUST01004,PROD0073,B001,4,731.21,0.0,731.21,479.89,251.32,Completed
ORD004894,2023-04-07,CUST01023,PROD0077,B002,2,608.04,0.25,456.03,492.1,-36.07,Completed
ORD004898,2023-05-12,CUST02427,PROD0007,B003,5,238.54,0.15,202.76,178.76,24.0,Completed
ORD004900,2023-11-01,CUST00039,PROD0068,B003,4,3282.86,0.15,2790.43,3293.45,-503.02,Completed
ORD004907,2023-08-29,CUST01756,PROD0097,B004,2,3522.34,0.1,3170.11,2169.23,1000.88,Completed
ORD004909,2023-04-11,CUST02244,PROD0112,B002,4,3465.45,0.1,3118.91,2713.31,405.6,Completed
ORD004912,2023-04-03,CUST00174,PROD0110,B002,2,1593.43,0.15,1354.41,926.38,428.03,Completed
ORD004913,2023-10-29,CUST01159,PROD0009,B002,5,1596.42,0.25,1197.32,977.63,219.69,Completed
ORD004915,2023-06-10,CUST02115,PROD0071,B002,5,2398.93,0.1,2159.04,1867.86,291.18,Completed
ORD004916,2023-08-04,CUST01672,PROD0031,B002,1,667.03,0.05,633.69,547.49,86.2,Completed
ORD004917,2023-05-01,CUST01727,PROD0005,B005,1,1222.39,0.2,977.91,753.73,224.18,Completed
ORD004918,2023-10-05,CUST01142,PROD0069,B003,5,6325.17,0.1,5692.66,3432.19,2260.47,Completed
ORD004923,2023-09-28,CUST00152,PROD0107,B001,3,5334.6,0.0,5334.6,3263.01,2071.59,Completed
ORD004924,2023-01-17,CUST01601,PROD0086,B001,2,1055.73,0.15,897.38,801.48,95.9,Completed
ORD004928,2023-01-06,CUST00004,PROD0068,B002,4,4099.74,0.1,3689.76,3293.45,396.31,Completed
ORD004934,2023-02-13,CUST00652,PROD0080,B003,4,1626.4,0.1,1463.76,1127.99,335.77,Completed
ORD004936,2023-03-07,CUST01480,PROD0026,B003,1,393.51,0.05,373.83,284.3,89.53,Completed
ORD004940,2023-01-03,CUST01207,PROD0034,B003,4,4309.79,0.0,4309.79,2866.35,1443.44,Completed
ORD004942,2023-02-23,CUST00710,PROD0084,B001,5,2591.35,0.05,2461.78,1913.12,548.66,Completed
ORD004947,2023-04-22,CUST01460,PROD0107,B003,4,7112.81,0.25,5334.6,4350.68,983.92,Completed
ORD004953,2023-09-28,CUST01077,PROD0099,B003,2,1698.54,0.25,1273.9,1187.14,86.76,Completed
ORD004955,2023-06-27,CUST00495,PROD0077,B001,1,304.02,0.2,243.22,246.05,-2.83,Completed
ORD004966,2023-12-18,CUST00266,PROD0055,B001,3,1394.23,0.0,1394.23,790.62,603.61,Completed
ORD004968,2023-06-19,CUST02412,PROD0021,B003,4,3380.64,0.1,3042.58,2054.31,988.27,Completed
ORD004974,2023-06-15,CUST00343,PROD0116,B001,2,524.35,0.05,498.13,430.18,67.95,Completed
ORD004977,2023-11-26,CUST01879,PROD0092,B004,1,104.44,0.2,83.55,66.64,16.91,Completed
ORD004979,2023-07-31,CUST01958,PROD0077,B002,3,912.07,0.15,775.26,738.16,37.1,Completed
ORD004981,2023-09-13,CUST00758,PROD0110,B001,3,2390.14,0.05,2270.63,1389.57,881.06,Completed
ORD004989,2023-11-03,CUST02024,PROD0007,B004,5,238.54,0.05,226.61,178.76,47.85,Completed
ORD004990,2023-12-19,CUST00896,PROD0048,B003,3,2665.1,0.25,1998.83,1846.48,152.35,Completed
ORD004991,2023-10-01,CUST00155,PROD0119,B005,1,598.58,0.05,568.66,434.31,134.35,Completed
ORD004992,2023-04-11,CUST00627,PROD0113,B001,2,2508.37,0.1,2257.53,1813.91,443.62,Completed
ORD004994,2023-12-21,CUST00061,PROD0018,B002,2,3442.62,0.0,3442.62,2143.81,1298.81,Completed
ORD004996,2023-11-17,CUST01870,PROD0077,B003,4,1216.09,0.0,1216.09,984.21,231.88,Completed
ORD004997,2023-10-23,CUST01844,PROD0110,B003,4,3186.86,0.05,3027.52,1852.77,1174.75,Completed
ORD005001,2023-04-09,CUST01571,PROD0053,B002,1,555.84,0.05,528.04,361.6,166.44,Completed
ORD005008,2023-01-24,CUST00293,PROD0034,B001,5,5387.24,0.0,5387.24,3582.94,1804.3,Completed
ORD005012,2023-08-18,CUST00513,PROD0030,B005,5,5096.92,0.2,4077.53,4067.97,9.56,Completed
ORD005013,2023-01-30,CUST00104,PROD0067,B004,5,4534.04,0.0,4534.04,2486.63,2047.41,Completed
ORD005016,2023-12-19,CUST01742,PROD0043,B002,2,582.79,0.05,553.65,357.29,196.36,Completed
ORD005018,2023-03-22,CUST02110,PROD0039,B002,3,4448.07,0.15,3780.86,2478.74,1302.12,Completed
ORD005019,2023-07-09,CUST00552,PROD0103,B003,2,1745.31,0.05,1658.05,1032.87,625.18,Completed
ORD005024,2023-08-07,CUST01639,PROD0015,B005,3,4263.2,0.25,3197.4,2651.18,546.22,Completed
ORD005028,2023-12-10,CUST02248,PROD0021,B002,4,3380.64,0.2,2704.51,2054.31,650.2,Completed
ORD005030,2023-08-20,CUST01407,PROD0024,B002,1,1282.03,0.0,1282.03,703.09,578.94,Completed
ORD005031,2023-04-06,CUST02384,PROD0002,B002,1,680.14,0.05,646.13,411.26,234.87,Completed
ORD005034,2023-02-28,CUST01391,PROD0041,B001,5,575.39,0.0,575.39,312.45,262.94,Completed
ORD005041,2023-06-08,CUST01593,PROD0027,B003,4,2737.51,0.1,2463.76,1982.98,480.78,Completed
ORD005045,2023-02-17,CUST02106,PROD0050,B003,3,3297.42,0.25,2473.06,1902.8,570.26,Completed
ORD005048,2023-12-13,CUST01059,PROD0074,B002,3,1958.53,0.25,1468.9,1514.51,-45.61,Completed
ORD005050,2023-12-26,CUST00767,PROD0024,B004,2,2564.07,0.05,2435.87,1406.19,1029.68,Completed
ORD005051,2023-09-30,CUST01030,PROD0052,B002,3,1982.05,0.2,1585.64,1360.05,225.59,Completed
ORD005053,2023-05-10,CUST00773,PROD0110,B003,5,3983.57,0.15,3386.03,2315.96,1070.07,Completed
ORD005056,2023-02-10,CUST00710,PROD0034,B001,3,3232.34,0.2,2585.88,2149.77,436.11,Completed
ORD005061,2023-08-21,CUST01791,PROD0028,B001,1,377.74,0.1,339.97,458.51,-118.54,Completed
ORD005069,2023-07-26,CUST01411,PROD0108,B005,3,2729.65,0.15,2320.2,1570.27,749.93,Completed
ORD005070,2023-06-22,CUST02101,PROD0017,B004,2,1739.19,0.1,1565.27,1263.96,301.31,Completed
ORD005071,2023-01-15,CUST00289,PROD0104,B001,5,8012.27,0.25,6009.2,5297.84,711.36,Completed
ORD005073,2023-12-23,CUST00314,PROD0074,B004,5,3264.22,0.0,3264.22,2524.19,740.03,Completed
ORD005074,2023-10-12,CUST01815,PROD0013,B001,3,2029.66,0.1,1826.7,1373.17,453.53,Completed
ORD005078,2023-06-05,CUST02469,PROD0111,B002,2,3669.64,0.05,3486.16,2214.12,1272.04,Completed
ORD005082,2023-05-09,CUST02193,PROD0029,B003,1,458.01,0.15,389.3,265.85,123.45,Completed
ORD005088,2023-08-03,CUST00347,PROD0082,B001,2,4189.05,0.1,3770.15,2267.33,1502.82,Completed
ORD005090,2023-04-19,CUST00576,PROD0115,B001,1,746.55,0.15,634.56,460.65,173.91,Completed
ORD005096,2023-02-19,CUST01353,PROD0023,B001,5,6365.28,0.1,5728.76,3934.59,1794.17,Completed
ORD005103,2023-05-21,CUST00957,PROD0098,B003,1,999.39,0.05,949.42,558.83,390.59,Completed
ORD005105,2023-12-20,CUST01295,PROD0114,B004,1,1374.54,0.05,1305.81,1043.17,262.64,Completed
ORD005107,2023-08-06,CUST01204,PROD0016,B004,2,177.73,0.2,142.18,106.43,35.75,Completed
ORD005114,2023-12-01,CUST01165,PROD0001,B002,1,1939.39,0.05,1842.42,1063.18,779.24,Completed
ORD005118,2023-04-18,CUST00370,PROD0119,B005,5,2992.91,0.0,2992.91,2171.55,821.36,Completed
ORD005123,2023-01-14,CUST01114,PROD0044,B001,3,3281.84,0.05,3117.75,1822.23,1295.52,Completed
ORD005124,2023-05-06,CUST00770,PROD0083,B002,1,1654.19,0.15,1406.06,1121.48,284.58,Completed
ORD005127,2023-03-27,CUST00802,PROD0064,B002,2,1850.46,0.1,1665.41,1406.57,258.84,Completed
ORD005128,2023-04-25,CUST02253,PROD0080,B004,4,1626.4,0.15,1382.44,1127.99,254.45,Completed
ORD005139,2023-04-26,CUST01116,PROD0098,B005,3,2998.18,0.05,2848.27,1676.49,1171.78,Completed
ORD005145,2023-10-12,CUST01740,PROD0047,B002,4,1240.79,0.15,1054.67,718.6,336.07,Completed
ORD005146,2023-03-06,CUST00112,PROD0080,B002,2,813.2,0.1,731.88,563.99,167.89,Completed
ORD005149,2023-08-23,CUST01804,PROD0021,B001,5,4225.8,0.1,3803.22,2567.89,1235.33,Completed
ORD005152,2023-12-14,CUST01791,PROD0071,B004,5,2398.93,0.0,2398.93,1867.86,531.07,Completed
ORD005153,2023-12-14,CUST00183,PROD0054,B003,5,5638.39,0.25,4228.79,3810.16,418.63,Completed
ORD005154,2023-08-08,CUST02403,PROD0008,B001,1,203.92,0.05,193.73,218.91,-25.18,Completed
ORD005168,2023-04-23,CUST01765,PROD0051,B001,3,2688.28,0.2,2150.62,1782.15,368.47,Completed
ORD005169,2023-06-09,CUST00503,PROD0022,B002,2,2528.68,0.0,2528.68,1827.16,701.52,Completed
ORD005173,2023-07-29,CUST00114,PROD0107,B004,5,8891.01,0.0,8891.01,5438.35,3452.66,Completed
ORD005174,2023-08-12,CUST02361,PROD0024,B003,1,1282.03,0.1,1153.83,703.09,450.74,Completed
ORD005177,2023-07-30,CUST01896,PROD0027,B004,5,3421.89,0.25,2566.42,2478.73,87.69,Completed
ORD005180,2023-05-05,CUST00907,PROD0039,B004,5,7413.45,0.0,7413.45,4131.23,3282.22,Completed
ORD005182,2023-11-04,CUST00311,PROD0037,B005,5,2898.37,0.25,2173.77,2412.79,-239.02,Completed
ORD005183,2023-12-03,CUST00661,PROD0074,B004,5,3264.22,0.1,2937.8,2524.19,413.61,Completed
ORD005184,2023-01-16,CUST00924,PROD0056,B002,5,7058.6,0.15,5999.81,5288.22,711.59,Completed
ORD005186,2023-07-09,CUST01066,PROD0051,B001,1,896.09,0.0,896.09,594.05,302.04,Completed
ORD005188,2023-07-28,CUST00534,PROD0022,B001,2,2528.68,0.0,2528.68,1827.16,701.52,Completed
ORD005190,2023-12-27,CUST00657,PROD0084,B003,3,1554.81,0.15,1321.59,1147.87,173.72,Completed
ORD005192,2023-04-12,CUST00464,PROD0046,B004,4,893.34,0.0,893.34,674.21,219.13,Completed
ORD005195,2023-12-06,CUST00653,PROD0076,B004,3,899.93,0.1,809.93,720.15,89.78,Completed
ORD005197,2023-08-16,CUST00680,PROD0098,B001,3,2998.18,0.15,2548.45,1676.49,871.96,Completed
ORD005200,2023-11-18,CUST02368,PROD0016,B004,2,177.73,0.2,142.18,106.43,35.75,Completed
ORD005210,2023-05-12,CUST00129,PROD0053,B003,5,2779.19,0.2,2223.35,1808.01,415.34,Completed
ORD005211,2023-05-04,CUST01899,PROD0048,B001,3,2665.1,0.0,2665.1,1846.48,818.62,Completed
ORD005216,2023-01-06,CUST00207,PROD0115,B001,4,2986.19,0.25,2239.64,1842.61,397.03,Completed
ORD005220,2023-02-09,CUST00967,PROD0068,B003,3,3074.8,0.15,2613.58,2470.09,143.49,Completed
ORD005229,2023-01-15,CUST01388,PROD0029,B001,2,916.01,0.25,687.01,531.7,155.31,Completed
ORD005233,2023-08-12,CUST00449,PROD0094,B001,1,195.28,0.15,165.99,117.02,48.97,Completed
ORD005238,2023-02-17,CUST01190,PROD0033,B001,3,1801.02,0.1,1620.92,1149.73,471.19,Completed
ORD005240,2023-01-04,CUST00675,PROD0078,B003,2,1863.91,0.0,1863.91,1147.95,715.96,Completed
ORD005245,2023-08-03,CUST02486,PROD0009,B001,2,638.57,0.15,542.79,391.05,151.74,Completed
ORD005246,2023-09-02,CUST01324,PROD0045,B002,4,4019.0,0.25,3014.25,2866.23,148.02,Completed
ORD005247,2023-10-12,CUST00431,PROD0117,B001,4,3089.06,0.0,3089.06,1904.49,1184.57,Completed
ORD005253,2023-01-08,CUST00490,PROD0005,B004,3,3667.18,0.1,3300.47,2261.19,1039.28,Completed
ORD005256,2023-11-16,CUST01748,PROD0057,B004,3,3015.3,0.1,2713.77,1946.86,766.91,Completed
ORD005260,2023-11-01,CUST02024,PROD0074,B005,5,3264.22,0.2,2611.38,2524.19,87.19,Completed
ORD005268,2023-07-11,CUST00722,PROD0033,B003,1,600.34,0.05,570.33,383.24,187.09,Completed
ORD005269,2023-07-17,CUST00155,PROD0089,B001,4,1373.33,0.2,1098.67,902.35,196.32,Completed
ORD005271,2023-05-07,CUST01166,PROD0034,B004,1,1077.45,0.05,1023.58,716.59,306.99,Completed
ORD005278,2023-02-02,CUST02035,PROD0031,B004,5,3335.17,0.05,3168.42,2737.47,430.95,Completed
ORD005280,2023-07-24,CUST02129,PROD0067,B004,3,2720.42,0.15,2312.36,1491.98,820.38,Completed
ORD005284,2023-01-19,CUST01532,PROD0011,B001,1,847.95,0.1,763.15,657.62,105.53,Completed
ORD005285,2023-08-25,CUST01089,PROD0112,B002,1,866.36,0.2,693.09,678.33,14.76,Completed
ORD005286,2023-11-15,CUST02460,PROD0030,B002,4,4077.53,0.2,3262.02,3254.38,7.64,Completed
ORD005294,2023-08-14,CUST00105,PROD0057,B003,1,1005.1,0.0,1005.1,648.95,356.15,Completed
ORD005301,2023-04-23,CUST01456,PROD0076,B003,1,299.98,0.0,299.98,240.05,59.93,Completed
ORD005306,2023-02-26,CUST01903,PROD0073,B004,3,548.4,0.15,466.15,359.92,106.23,Completed
ORD005310,2023-04-07,CUST02256,PROD0079,B003,2,346.61,0.2,277.28,233.14,44.14,Completed
ORD005311,2023-03-31,CUST01634,PROD0084,B001,1,518.27,0.0,518.27,382.62,135.65,Completed
ORD005316,2023-10-31,CUST00145,PROD0029,B001,3,1374.02,0.1,1236.62,797.55,439.07,Completed
ORD005318,2023-05-10,CUST00873,PROD0069,B002,4,5060.14,0.05,4807.13,2745.75,2061.38,Completed
ORD005320,2023-05-11,CUST01130,PROD0081,B001,5,665.54,0.1,598.98,495.54,103.44,Completed
ORD005323,2023-02-10,CUST00546,PROD0018,B001,1,1721.31,0.05,1635.24,1071.91,563.33,Completed
ORD005325,2023-11-06,CUST01285,PROD0022,B001,2,2528.68,0.15,2149.38,1827.16,322.22,Completed
ORD005326,2023-04-29,CUST01237,PROD0069,B003,5,6325.17,0.15,5376.4,3432.19,1944.21,Completed
ORD005338,2023-12-09,CUST01763,PROD0036,B004,1,283.36,0.0,283.36,153.22,130.14,Completed
ORD005343,2023-03-03,CUST00546,PROD0042,B001,4,5814.11,0.15,4941.99,4257.54,684.45,Completed
ORD005349,2023-08-24,CUST00364,PROD0101,B001,2,1292.78,0.1,1163.5,921.0,242.5,Completed
ORD005351,2023-02-25,CUST00447,PROD0026,B004,3,1180.52,0.05,1121.49,852.89,268.6,Completed
ORD005352,2023-01-22,CUST01412,PROD0034,B004,2,2154.89,0.25,1616.17,1433.18,182.99,Completed
ORD005354,2023-02-25,CUST02439,PROD0036,B003,4,1133.44,0.25,850.08,612.87,237.21,Completed
ORD005360,2023-08-30,CUST01885,PROD0016,B003,2,177.73,0.0,177.73,106.43,71.3,Completed
ORD005363,2023-04-04,CUST01800,PROD0030,B001,1,1019.38,0.1,917.45,813.59,103.86,Completed
ORD005366,2023-10-01,CUST01711,PROD0073,B002,2,365.6,0.0,365.6,239.94,125.66,Completed
ORD005368,2023-12-08,CUST00141,PROD0031,B002,2,1334.07,0.15,1133.96,1094.99,38.97,Completed
ORD005370,2023-04-20,CUST00603,PROD0081,B002,2,266.21,0.1,239.59,198.21,41.38,Completed
ORD005374,2023-09-26,CUST01643,PROD0067,B005,5,4534.04,0.15,3853.93,2486.63,1367.3,Completed
ORD005376,2023-06-23,CUST02292,PROD0072,B001,4,1860.63,0.1,1674.57,1306.48,368.09,Completed
ORD005379,2023-06-14,CUST02202,PROD0068,B003,4,4099.74,0.2,3279.79,3293.45,-13.66,Completed
ORD005385,2023-12-14,CUST01710,PROD0049,B001,2,2665.44,0.1,2398.9,1542.16,856.74,Completed
ORD005386,2023-12-05,CUST00078,PROD0033,B002,1,600.34,0.0,600.34,383.24,217.1,Completed
ORD005404,2023-11-21,CUST01836,PROD0040,B004,4,3962.7,0.15,3368.29,2161.41,1206.88,Completed
ORD005406,2023-12-30,CUST02458,PROD0087,B001,2,1292.98,0.05,1228.33,1649.39,-421.06,Completed
ORD005407,2023-02-16,CUST02111,PROD0093,B005,3,2599.06,0.1,2339.15,1907.02,432.13,Completed
ORD005408,2023-06-23,CUST01836,PROD0107,B003,3,5334.6,0.05,5067.87,3263.01,1804.86,Completed
ORD005409,2023-12-07,CUST01486,PROD0038,B001,4,239.73,0.05,227.74,162.84,64.9,Completed
ORD005415,2023-01-15,CUST00250,PROD0089,B001,4,1373.33,0.05,1304.67,902.35,402.32,Completed
ORD005418,2023-12-17,CUST01056,PROD0045,B003,2,2009.5,0.0,2009.5,1433.11,576.39,Completed
ORD005427,2023-02-27,CUST01637,PROD0028,B004,5,3650.96,0.1,3285.87,2292.57,993.3,Completed
ORD005433,2023-03-09,CUST01987,PROD0038,B002,3,179.79,0.1,161.82,122.13,39.69,Completed
ORD005434,2023-10-06,CUST01921,PROD0053,B001,1,555.84,0.15,472.46,361.6,110.86,Completed
ORD005444,2023-01-24,CUST00078,PROD0115,B002,2,1493.09,0.0,1493.09,921.31,571.78,Completed
ORD005448,2023-07-01,CUST02292,PROD0037,B002,2,1159.35,0.25,869.51,965.12,-95.61,Completed
ORD005457,2023-10-20,CUST02380,PROD0010,B004,1,1842.55,0.15,1566.17,1072.0,494.17,Completed
ORD005459,2023-05-07,CUST00658,PROD0008,B005,5,1327.77,0.1,1194.99,1094.54,100.45,Completed
ORD005460,2023-12-11,CUST01051,PROD0113,B004,5,6270.92,0.1,5643.82,4534.77,1109.05,Completed
ORD005462,2023-07-08,CUST01654,PROD0112,B001,2,1732.73,0.1,1559.45,1356.66,202.79,Completed
ORD005463,2023-07-08,CUST01131,PROD0061,B005,1,448.2,0.1,403.38,315.02,88.36,Completed
ORD005466,2023-06-23,CUST00671,PROD0084,B002,5,2591.35,0.0,2591.35,1913.12,678.23,Completed
ORD005470,2023-06-03,CUST02106,PROD0040,B005,3,2972.02,0.15,2526.22,1621.06,905.16,Completed
ORD005471,2023-10-07,CUST02186,PROD0109,B005,2,2711.73,0.05,2576.14,1950.22,625.92,Completed
ORD005479,2023-01-19,CUST00158,PROD0022,B002,3,3793.01,0.05,3603.36,2740.74,862.62,Completed
ORD005480,2023-10-08,CUST02450,PROD0078,B001,4,3727.82,0.15,3168.64,2295.91,872.73,Completed
ORD005482,2023-10-22,CUST01977,PROD0109,B004,4,5423.46,0.2,4338.77,3900.44,438.33,Completed
ORD005485,2023-10-16,CUST00414,PROD0029,B001,1,458.01,0.0,458.01,265.85,192.16,Completed
ORD005487,2023-07-20,CUST00062,PROD0045,B003,1,1004.75,0.15,854.04,716.56,137.48,Completed
ORD005489,2023-02-01,CUST00813,PROD0097,B002,4,7044.68,0.0,7044.68,4338.46,2706.22,Completed
ORD005494,2023-02-20,CUST00528,PROD0097,B005,2,3522.34,0.1,3170.11,2169.23,1000.88,Completed
ORD005500,2023-04-13,CUST01618,PROD0008,B002,5,1327.77,0.2,1062.22,1094.54,-32.32,Completed
ORD005501,2023-12-28,CUST00739,PROD0043,B001,2,582.79,0.05,553.65,357.29,196.36,Completed
ORD005502,2023-10-19,CUST01307,PROD0069,B001,2,2530.07,0.2,2024.06,1372.88,651.18,Completed
ORD005505,2023-04-17,CUST02187,PROD0119,B002,4,2394.33,0.05,2274.61,1737.24,537.37,Completed
ORD005507,2023-09-19,CUST00514,PROD0007,B001,2,95.41,0.25,71.56,71.51,0.05,Completed
ORD005517,2023-06-07,CUST02499,PROD0076,B001,4,1199.9,0.05,1139.91,960.2,179.71,Completed
ORD005518,2023-12-02,CUST01963,PROD0098,B002,3,2998.18,0.1,2698.36,1676.49,1021.87,Completed
ORD005520,2023-08-19,CUST01221,PROD0033,B001,4,2401.36,0.15,2041.16,1532.97,508.19,Completed
ORD005524,2023-11-21,CUST00975,PROD0045,B003,5,5023.75,0.1,4521.38,3582.79,938.59,Completed
ORD005526,2023-12-28,CUST00317,PROD0037,B003,3,1739.02,0.05,1652.07,1447.68,204.39,Completed
ORD005527,2023-06-21,CUST02224,PROD0048,B002,4,3553.47,0.1,3198.12,2461.98,736.14,Completed
ORD005531,2023-06-15,CUST00590,PROD0086,B002,1,527.87,0.1,475.08,400.74,74.34,Completed
ORD005533,2023-07-10,CUST01059,PROD0102,B003,4,3085.61,0.1,2777.05,1779.46,997.59,Completed
ORD005534,2023-11-13,CUST02043,PROD0032,B005,1,736.43,0.15,625.97,405.3,220.67,Completed
ORD005536,2023-10-10,CUST00404,PROD0081,B005,5,665.54,0.0,665.54,495.54,170.0,Completed
ORD005537,2023-10-12,CUST02109,PROD0002,B001,3,2040.42,0.1,1836.37,1233.78,602.59,Completed
ORD005538,2023-02-05,CUST02424,PROD0036,B001,4,1133.44,0.05,1076.77,612.87,463.9,Completed
ORD005543,2023-07-10,CUST01338,PROD0111,B004,2,3669.64,0.15,3119.19,2214.12,905.07,Completed
ORD005544,2023-11-25,CUST00039,PROD0101,B005,2,1292.78,0.1,1163.5,921.0,242.5,Completed
ORD005550,2023-06-08,CUST00072,PROD0067,B004,3,2720.42,0.0,2720.42,1491.98,1228.44,Completed
ORD005555,2023-02-08,CUST00100,PROD0057,B001,2,2010.2,0.0,2010.2,1297.91,712.29,Completed
ORD005558,2023-05-23,CUST00019,PROD0002,B002,3,2040.42,0.15,1734.35,1233.78,500.57,Completed
ORD005560,2023-09-28,CUST00781,PROD0065,B002,3,4054.0,0.15,3445.9,3033.65,412.25,Completed
ORD005561,2023-04-21,CUST01122,PROD0007,B001,5,238.54,0.15,202.76,178.76,24.0,Completed
ORD005567,2023-10-05,CUST00129,PROD0003,B001,1,223.16,0.0,223.16,267.73,-44.57,Completed
ORD005573,2023-01-04,CUST02264,PROD0051,B004,3,2688.28,0.1,2419.45,1782.15,637.3,Completed
ORD005585,2023-03-09,CUST02353,PROD0070,B003,5,1002.62,0.1,902.36,687.96,214.4,Completed
ORD005590,2023-03-20,CUST01691,PROD0081,B004,5,665.54,0.05,632.26,495.54,136.72,Completed
ORD005591,2023-05-07,CUST00597,PROD0046,B005,5,1116.68,0.1,1005.01,842.77,162.24,Completed
ORD005594,2023-10-26,CUST01333,PROD0080,B002,4,1626.4,0.1,1463.76,1127.99,335.77,Completed
ORD005606,2023-02-17,CUST02244,PROD0022,B003,5,6321.69,0.1,5689.52,4567.91,1121.61,Completed
ORD005609,2023-09-06,CUST00489,PROD0049,B005,3,3998.17,0.15,3398.44,2313.24,1085.2,Completed
ORD005614,2023-01-18,CUST01731,PROD0116,B003,3,786.52,0.15,668.54,645.27,23.27,Completed
ORD005615,2023-12-13,CUST02182,PROD0120,B002,3,1182.3,0.1,1064.07,1100.84,-36.77,Completed
ORD005623,2023-08-20,CUST00764,PROD0057,B002,3,3015.3,0.1,2713.77,1946.86,766.91,Completed
ORD005626,2023-02-26,CUST02074,PROD0081,B003,5,665.54,0.0,665.54,495.54,170.0,Completed
ORD005627,2023-07-24,CUST02229,PROD0087,B003,1,1181.06,0.2,944.85,824.7,120.15,Completed
ORD005628,2023-09-09,CUST01802,PROD0119,B002,1,598.58,0.15,508.8,434.31,74.49,Completed
ORD005631,2023-01-16,CUST01963,PROD0057,B001,2,2010.2,0.1,1809.18,1297.91,511.27,Completed
ORD005634,2023-06-24,CUST02480,PROD0097,B004,1,1761.17,0.1,1585.05,1084.62,500.43,Completed
ORD005638,2023-11-28,CUST02396,PROD0106,B001,2,1437.16,0.15,1221.59,862.44,359.15,Completed
ORD005659,2023-11-29,CUST00006,PROD0012,B005,4,518.47,0.25,388.85,350.3,38.55,Completed
ORD005661,2023-09-05,CUST00900,PROD0073,B003,3,548.4,0.25,411.3,359.92,51.38,Completed
ORD005665,2023-03-22,CUST02033,PROD0053,B001,3,1667.51,0.15,1417.39,1084.81,332.58,Completed
ORD005670,2023-04-29,CUST02302,PROD0105,B005,1,241.87,0.0,241.87,310.8,-68.93,Completed
ORD005674,2023-12-04,CUST00481,PROD0024,B001,2,2564.07,0.05,2435.87,1406.19,1029.68,Completed
ORD005675,2023-06-24,CUST01015,PROD0085,B002,5,215.26,0.1,193.73,170.57,23.16,Completed
ORD005684,2023-09-30,CUST00259,PROD0120,B001,2,1138.33,0.05,1081.42,733.89,347.53,Completed
ORD005689,2023-04-28,CUST02182,PROD0050,B002,3,3297.42,0.05,3132.55,1902.8,1229.75,Completed
ORD005693,2023-04-28,CUST02327,PROD0051,B001,3,2688.28,0.05,2553.86,1782.15,771.71,Completed
ORD005694,2023-12-18,CUST00588,PROD0078,B005,4,3727.82,0.2,2982.25,2295.91,686.34,Completed
ORD005700,2023-01-25,CUST00656,PROD0051,B004,4,3584.37,0.05,3405.15,2376.21,1028.94,Completed
ORD005703,2023-04-14,CUST01743,PROD0059,B005,1,975.0,0.15,828.75,616.71,212.04,Completed
ORD005706,2023-09-13,CUST01829,PROD0033,B004,1,600.34,0.2,480.27,383.24,97.03,Completed
ORD005707,2023-06-08,CUST02099,PROD0085,B003,3,129.15,0.2,103.32,102.34,0.98,Completed
ORD005712,2023-01-02,CUST02436,PROD0037,B002,1,579.67,0.2,463.74,482.56,-18.82,Completed
ORD005722,2023-09-16,CUST01154,PROD0072,B004,4,1860.63,0.25,1395.47,1306.48,88.99,Completed
ORD005733,2023-06-19,CUST01669,PROD0074,B004,5,3264.22,0.2,2611.38,2524.19,87.19,Completed
ORD005737,2023-10-20,CUST01540,PROD0059,B004,1,975.0,0.1,877.5,616.71,260.79,Completed
ORD005739,2023-07-09,CUST00907,PROD0037,B001,5,2898.37,0.25,2173.77,2412.79,-239.02,Completed
ORD005744,2023-06-12,CUST00083,PROD0087,B004,3,3543.19,0.15,3011.72,2474.09,537.63,Completed
ORD005749,2023-10-24,CUST01296,PROD0001,B004,5,9696.97,0.05,9212.12,5315.89,3896.23,Completed
ORD005751,2023-04-02,CUST01619,PROD0072,B005,4,1860.63,0.0,1860.63,1306.48,554.15,Completed
ORD005752,2023-03-02,CUST01481,PROD0050,B003,4,4396.56,0.25,3297.42,2537.07,760.35,Completed
ORD005757,2023-07-23,CUST01048,PROD0110,B005,3,2390.14,0.05,2270.63,1389.57,881.06,Completed
ORD005762,2023-10-10,CUST00639,PROD0036,B004,3,850.08,0.15,722.57,459.65,262.92,Completed
ORD005763,2023-08-16,CUST01404,PROD0054,B003,3,3383.03,0.0,3383.03,2286.1,1096.93,Completed
ORD005773,2023-04-21,CUST00445,PROD0003,B001,3,1133.37,0.0,1133.37,803.19,330.18,Completed
ORD005780,2023-10-30,CUST01936,PROD0062,B002,1,729.53,0.2,583.63,578.72,4.91,Completed
ORD005787,2023-11-12,CUST00612,PROD0051,B001,3,2688.28,0.25,2016.21,1782.15,234.06,Completed
ORD005791,2023-10-10,CUST01718,PROD0056,B001,2,1892.94,0.0,1892.94,2115.29,-222.35,Completed
ORD005796,2023-11-14,CUST01007,PROD0070,B001,4,802.1,0.2,641.68,550.37,91.31,Completed
ORD005797,2023-01-31,CUST00198,PROD0118,B002,3,869.65,0.1,782.68,582.5,200.18,Completed
ORD005798,2023-10-06,CUST00488,PROD0065,B004,4,5405.34,0.05,5135.07,4044.87,1090.2,Completed
ORD005799,2023-11-25,CUST00543,PROD0049,B002,3,3998.17,0.05,3798.26,2313.24,1485.02,Completed
ORD005801,2023-10-15,CUST01319,PROD0080,B002,2,813.2,0.15,691.22,563.99,127.23,Completed
ORD005807,2023-01-09,CUST00154,PROD0107,B003,4,7112.81,0.2,5690.25,4350.68,1339.57,Completed
ORD005808,2023-01-23,CUST02369,PROD0022,B005,5,6321.69,0.1,5689.52,4567.91,1121.61,Completed
ORD005809,2023-11-28,CUST02228,PROD0032,B003,4,2945.74,0.2,2356.59,1621.2,735.39,Completed
ORD005815,2023-03-26,CUST01829,PROD0047,B002,3,930.59,0.25,697.94,538.95,158.99,Completed
ORD005818,2023-08-09,CUST01181,PROD0009,B004,2,638.57,0.15,542.79,391.05,151.74,Completed
ORD005820,2023-07-13,CUST00801,PROD0110,B005,1,796.71,0.1,717.04,463.19,253.85,Completed
ORD005823,2023-03-02,CUST01943,PROD0045,B005,3,3014.25,0.1,2712.82,2149.67,563.15,Completed
ORD005824,2023-06-03,CUST01467,PROD0025,B005,1,990.04,0.05,940.54,590.72,349.82,Completed
ORD005829,2023-04-28,CUST01081,PROD0091,B003,4,1654.7,0.1,1489.23,1261.16,228.07,Completed
ORD005832,2023-03-14,CUST02274,PROD0038,B002,5,299.66,0.25,224.74,203.55,21.19,Completed
ORD005833,2023-11-22,CUST00956,PROD0013,B005,5,3382.77,0.1,3044.49,2288.62,755.87,Completed
ORD005835,2023-10-06,CUST01176,PROD0080,B002,4,1626.4,0.05,1545.08,1127.99,417.09,Completed
ORD005840,2023-06-02,CUST01437,PROD0039,B001,5,7413.45,0.0,7413.45,4131.23,3282.22,Completed
ORD005842,2023-11-22,CUST01749,PROD0066,B004,4,5592.86,0.1,5033.57,4017.96,1015.61,Completed
ORD005847,2023-04-10,CUST01645,PROD0104,B001,1,1602.45,0.15,1362.09,1059.57,302.52,Completed
ORD005848,2023-02-18,CUST00366,PROD0043,B002,2,582.79,0.0,582.79,357.29,225.5,Completed
ORD005851,2023-07-16,CUST02239,PROD0022,B004,1,1264.34,0.0,1264.34,913.58,350.76,Completed
ORD005853,2023-12-16,CUST01071,PROD0118,B003,2,579.77,0.05,550.78,388.34,162.44,Completed
ORD005859,2023-07-16,CUST01494,PROD0106,B005,4,2874.32,0.1,2586.89,1724.88,862.01,Completed
ORD005863,2023-01-20,CUST00208,PROD0052,B003,2,1321.37,0.05,1255.3,906.7,348.6,Completed
ORD005865,2023-04-05,CUST00666,PROD0117,B003,3,2316.79,0.0,2316.79,1428.37,888.42,Completed
ORD005867,2023-10-28,CUST01508,PROD0012,B001,4,518.47,0.1,466.62,350.3,116.32,Completed
ORD005872,2023-01-20,CUST00611,PROD0111,B004,1,1834.82,0.05,1743.08,1107.06,636.02,Completed
ORD005876,2023-07-14,CUST01713,PROD0011,B001,4,3391.79,0.1,3052.62,2630.5,422.12,Completed
ORD005883,2023-11-15,CUST00394,PROD0048,B004,3,2665.1,0.15,2265.34,1846.48,418.86,Completed
ORD005884,2023-05-19,CUST00135,PROD0022,B001,4,5057.35,0.1,4551.62,3654.32,897.3,Completed
ORD005900,2023-09-10,CUST00319,PROD0048,B004,4,3553.47,0.05,3375.8,2461.98,913.82,Completed
ORD005911,2023-06-25,CUST01221,PROD0120,B005,2,1138.33,0.2,910.66,733.89,176.77,Completed
ORD005919,2023-10-24,CUST02393,PROD0015,B003,3,4263.2,0.0,4263.2,2651.18,1612.02,Completed
ORD005923,2023-01-03,CUST00381,PROD0005,B002,4,3486.34,0.25,2614.76,3014.92,-400.16,Completed
ORD005927,2023-09-19,CUST01286,PROD0108,B005,2,1819.76,0.0,1819.76,1046.85,772.91,Completed
ORD005934,2023-04-02,CUST00025,PROD0104,B002,1,1602.45,0.15,1362.09,1059.57,302.52,Completed
ORD005939,2023-08-07,CUST01731,PROD0060,B002,1,89.53,0.15,76.09,58.78,17.31,Completed
ORD005940,2023-07-07,CUST02006,PROD0012,B003,3,388.85,0.1,349.97,262.72,87.25,Completed
ORD005945,2023-09-21,CUST00586,PROD0022,B003,2,2528.68,0.05,2402.24,1827.16,575.08,Completed
ORD005951,2023-08-15,CUST01406,PROD0077,B003,4,1216.09,0.0,1216.09,984.21,231.88,Completed
ORD005952,2023-04-30,CUST00991,PROD0065,B002,5,6756.67,0.1,6081.01,5056.08,1024.93,Completed
ORD005955,2023-08-20,CUST01131,PROD0064,B003,3,2775.68,0.05,2636.9,2109.86,527.04,Completed
ORD005960,2023-03-05,CUST01907,PROD0005,B004,5,6111.97,0.1,5500.77,3768.65,1732.12,Completed
ORD005962,2023-12-23,CUST01317,PROD0040,B003,4,3962.7,0.05,3764.56,2161.41,1603.15,Completed
ORD005963,2023-08-26,CUST00433,PROD0102,B004,5,3857.01,0.0,3857.01,2224.33,1632.68,Completed
ORD005966,2023-12-06,CUST02253,PROD0029,B003,1,458.01,0.1,412.21,265.85,146.36,Completed
ORD005970,2023-12-15,CUST02252,PROD0031,B002,4,2668.14,0.0,2668.14,2189.98,478.16,Completed
ORD005972,2023-07-16,CUST00466,PROD0063,B001,3,398.04,0.25,298.53,301.4,-2.87,Completed
ORD005986,2023-07-31,CUST01570,PROD0024,B002,4,5128.14,0.1,4615.33,2812.38,1802.95,Completed
ORD005987,2023-05-30,CUST02174,PROD0052,B002,5,3303.42,0.1,2973.07,2266.75,706.32,Completed
ORD005988,2023-08-07,CUST02324,PROD0085,B001,2,86.1,0.1,77.49,68.23,9.26,Completed
ORD005989,2023-08-17,CUST00850,PROD0091,B005,5,2068.37,0.0,2068.37,1576.45,491.92,Completed
ORD005992,2023-02-26,CUST02340,PROD0005,B002,4,4889.58,0.0,4889.58,3014.92,1874.66,Completed
ORD005993,2023-02-22,CUST01727,PROD0109,B004,2,2711.73,0.05,2576.14,1950.22,625.92,Completed
ORD005994,2023-06-18,CUST01410,PROD0085,B003,2,86.1,0.1,77.49,68.23,9.26,Completed
ORD005995,2023-08-18,CUST01406,PROD0080,B001,1,406.6,0.2,325.28,282.0,43.28,Completed
ORD005996,2023-11-23,CUST02200,PROD0094,B002,3,585.84,0.15,497.97,351.05,146.92,Completed
ORD006006,2023-10-08,CUST00182,PROD0114,B002,2,2749.07,0.1,2474.16,2086.33,387.83,Completed
ORD006009,2023-06-14,CUST01787,PROD0085,B001,2,86.1,0.15,73.19,68.23,4.96,Completed
ORD006013,2023-07-31,CUST00835,PROD0116,B005,5,1310.86,0.05,1245.32,1075.45,169.87,Completed
ORD006016,2023-02-18,CUST01906,PROD0040,B003,1,990.67,0.05,941.14,540.35,400.79,Completed
ORD006020,2023-08-17,CUST00818,PROD0023,B005,3,3819.17,0.1,3437.25,2360.76,1076.49,Completed
ORD006024,2023-01-30,CUST01652,PROD0056,B001,4,5646.88,0.15,4799.84,4230.57,569.27,Completed
ORD006027,2023-10-28,CUST01986,PROD0063,B004,5,663.4,0.15,563.89,502.33,61.56,Completed
ORD006029,2023-07-30,CUST02482,PROD0058,B005,4,1251.03,0.1,1125.92,698.33,427.59,Completed
ORD006031,2023-02-15,CUST01046,PROD0104,B005,5,8012.27,0.25,6009.2,5297.84,711.36,Completed
ORD006033,2023-03-08,CUST00744,PROD0003,B003,4,1511.16,0.2,1208.93,1070.91,138.02,Completed
ORD006037,2023-11-06,CUST00690,PROD0105,B003,3,1265.21,0.05,1201.95,932.39,269.56,Completed
ORD006042,2023-09-21,CUST00152,PROD0098,B001,3,2998.18,0.05,2848.27,1676.49,1171.78,Completed
ORD006045,2023-12-10,CUST02427,PROD0001,B001,2,3878.79,0.0,3878.79,2126.36,1752.43,Completed
ORD006047,2023-04-01,CUST02315,PROD0051,B003,2,1792.18,0.05,1702.58,1188.1,514.48,Completed
ORD006051,2023-10-15,CUST00902,PROD0103,B003,5,4363.29,0.15,3708.79,2582.17,1126.62,Completed
ORD006053,2023-01-22,CUST01366,PROD0020,B002,4,3042.55,0.0,3042.55,2190.93,851.62,Completed
ORD006056,2023-03-02,CUST01477,PROD0063,B005,4,293.68,0.0,293.68,401.86,-108.18,Completed
ORD006059,2023-04-26,CUST01352,PROD0056,B002,2,2823.44,0.15,2399.92,2115.29,284.63,Completed
ORD006063,2023-09-11,CUST02228,PROD0117,B004,5,3861.32,0.1,3475.19,2380.62,1094.57,Completed
ORD006071,2023-07-28,CUST01431,PROD0045,B004,3,3014.25,0.1,2712.82,2149.67,563.15,Completed
ORD006084,2023-04-05,CUST00373,PROD0074,B003,1,652.84,0.2,522.28,504.84,17.44,Completed
ORD006095,2023-12-25,CUST00419,PROD0081,B001,2,266.21,0.05,252.9,198.21,54.69,Completed
ORD006101,2023-09-08,CUST00821,PROD0019,B002,1,888.69,0.15,755.39,554.19,201.2,Completed
ORD006108,2023-08-30,CUST01303,PROD0012,B002,4,518.47,0.25,388.85,350.3,38.55,Completed
ORD006110,2023-10-04,CUST00763,PROD0096,B001,5,8884.61,0.05,8440.38,5172.37,3268.01,Completed
ORD006115,2023-10-28,CUST00310,PROD0025,B005,1,547.92,0.1,493.13,590.72,-97.59,Completed
ORD006118,2023-07-22,CUST01759,PROD0095,B001,1,229.74,0.15,195.28,267.88,-72.6,Completed
ORD006121,2023-05-15,CUST01100,PROD0031,B005,4,2668.14,0.0,2668.14,2189.98,478.16,Completed
ORD006123,2023-01-24,CUST02221,PROD0093,B002,2,1732.71,0.1,1559.43,1271.34,288.09,Completed
ORD006127,2023-12-17,CUST02161,PROD0106,B003,2,1437.16,0.15,1221.59,862.44,359.15,Completed
ORD006131,2023-07-21,CUST01528,PROD0099,B003,1,849.27,0.1,764.34,593.57,170.77,Completed
ORD006135,2023-09-05,CUST00694,PROD0095,B002,3,1065.41,0.1,958.87,803.65,155.22,Completed
ORD006136,2023-03-07,CUST00472,PROD0118,B002,2,579.77,0.05,550.78,388.34,162.44,Completed
ORD006140,2023-03-12,CUST00468,PROD0014,B004,5,6904.38,0.0,6904.38,3953.01,2951.37,Completed
ORD006144,2023-01-24,CUST01324,PROD0013,B005,3,2029.66,0.2,1623.73,1373.17,250.56,Completed
ORD006146,2023-09-10,CUST01481,PROD0050,B002,4,4396.56,0.05,4176.73,2537.07,1639.66,Completed
ORD006151,2023-11-11,CUST00200,PROD0052,B002,1,660.68,0.0,660.68,453.35,207.33,Completed
ORD006155,2023-07-05,CUST01909,PROD0007,B002,2,95.41,0.05,90.64,71.51,19.13,Completed
ORD006158,2023-08-05,CUST01283,PROD0015,B004,4,5684.27,0.05,5400.05,3534.91,1865.14,Completed
ORD006165,2023-06-27,CUST00077,PROD0029,B001,3,1374.02,0.15,1167.91,797.55,370.36,Completed
ORD006166,2023-11-19,CUST00103,PROD0062,B005,2,1459.06,0.2,1167.25,1157.44,9.81,Completed
ORD006172,2023-08-20,CUST01042,PROD0107,B002,5,8891.01,0.2,7112.81,5438.35,1674.46,Completed
ORD006179,2023-09-04,CUST00782,PROD0069,B002,5,6325.17,0.05,6008.92,3432.19,2576.73,Completed
ORD006183,2023-07-16,CUST00388,PROD0061,B003,4,1792.8,0.05,1703.16,1260.1,443.06,Completed
ORD006191,2023-12-09,CUST02339,PROD0012,B002,2,259.23,0.2,207.39,175.15,32.24,Completed
ORD006202,2023-05-28,CUST00958,PROD0055,B003,4,1858.97,0.0,1858.97,1054.16,804.81,Completed
ORD006208,2023-03-09,CUST00318,PROD0091,B001,5,2068.37,0.0,2068.37,1576.45,491.92,Completed
ORD006209,2023-08-04,CUST00859,PROD0094,B004,2,390.56,0.0,390.56,234.04,156.52,Completed
ORD006211,2023-09-09,CUST00842,PROD0120,B002,3,1707.5,0.1,1536.75,1100.84,435.91,Completed
ORD006219,2023-01-24,CUST01241,PROD0044,B001,4,4375.79,0.05,4157.0,2429.64,1727.36,Completed
ORD006225,2023-12-08,CUST01922,PROD0086,B002,2,1055.73,0.1,950.16,801.48,148.68,Completed
ORD006227,2023-06-06,CUST02067,PROD0025,B002,1,990.04,0.1,891.04,590.72,300.32,Completed
ORD006231,2023-07-23,CUST02212,PROD0020,B005,1,760.64,0.1,684.58,547.73,136.85,Completed
ORD006233,2023-06-10,CUST02031,PROD0002,B003,5,3400.69,0.15,2890.59,2056.3,834.29,Completed
ORD006245,2023-07-17,CUST00402,PROD0115,B001,5,3732.73,0.1,3359.46,2303.26,1056.2,Completed
ORD006246,2023-09-29,CUST01242,PROD0043,B001,2,582.79,0.25,437.09,357.29,79.8,Completed
ORD006252,2023-04-12,CUST02405,PROD0102,B005,2,1542.8,0.0,1542.8,889.73,653.07,Completed
ORD006253,2023-08-02,CUST00385,PROD0091,B004,5,2068.37,0.0,2068.37,1576.45,491.92,Completed
ORD006254,2023-08-23,CUST00976,PROD0014,B005,3,4142.63,0.15,3521.24,2371.81,1149.43,Completed
ORD006261,2023-10-27,CUST00842,PROD0095,B002,3,1065.41,0.2,852.33,803.65,48.68,Completed
ORD006267,2023-02-22,CUST01271,PROD0100,B005,3,2432.96,0.0,2432.96,1899.84,533.12,Completed
ORD006273,2023-05-04,CUST00280,PROD0024,B005,1,1282.03,0.05,1217.93,703.09,514.84,Completed
ORD006277,2023-01-10,CUST01549,PROD0113,B002,3,3762.55,0.15,3198.17,2720.86,477.31,Completed
ORD006278,2023-03-11,CUST01856,PROD0097,B005,2,3522.34,0.1,3170.11,2169.23,1000.88,Completed
ORD006289,2023-09-22,CUST02108,PROD0111,B002,5,9174.1,0.0,9174.1,5535.31,3638.79,Completed
ORD006291,2023-05-02,CUST00327,PROD0108,B004,2,1819.76,0.15,1546.8,1046.85,499.95,Completed
ORD006295,2023-03-11,CUST01969,PROD0018,B005,3,5163.92,0.1,4647.53,3215.72,1431.81,Completed
ORD006303,2023-04-19,CUST00229,PROD0053,B005,4,2223.35,0.15,1889.85,1446.41,443.44,Completed
ORD006304,2023-02-16,CUST00719,PROD0076,B005,5,1499.88,0.0,1499.88,1200.24,299.64,Completed
ORD006306,2023-08-07,CUST02420,PROD0034,B003,2,2154.89,0.1,1939.4,1433.18,506.22,Completed
ORD006307,2023-01-16,CUST00394,PROD0086,B004,3,1583.6,0.05,1504.42,1202.23,302.19,Completed
ORD006308,2023-02-11,CUST00596,PROD0092,B005,2,208.89,0.15,177.56,133.27,44.29,Completed
ORD006309,2023-04-25,CUST01196,PROD0033,B004,2,1200.68,0.2,960.54,766.49,194.05,Completed
ORD006310,2023-11-10,CUST02376,PROD0098,B001,2,1998.78,0.25,1499.09,1117.66,381.43,Completed
ORD006311,2023-12-21,CUST01086,PROD0083,B004,3,4962.56,0.05,4714.43,3364.43,1350.0,Completed
ORD006315,2023-06-26,CUST02254,PROD0099,B002,3,2547.81,0.15,2165.64,1780.7,384.94,Completed
ORD006318,2023-09-03,CUST02237,PROD0093,B001,2,1732.71,0.2,1386.16,1271.34,114.82,Completed
ORD006319,2023-12-20,CUST01421,PROD0089,B004,3,1030.0,0.15,875.5,676.76,198.74,Completed
ORD006322,2023-05-19,CUST00222,PROD0091,B003,3,1241.02,0.1,1116.92,945.87,171.05,Completed
ORD006330,2023-12-02,CUST00110,PROD0045,B003,4,4019.0,0.25,3014.25,2866.23,148.02,Completed
ORD006341,2023-08-26,CUST00651,PROD0110,B003,2,1593.43,0.1,1434.09,926.38,507.71,Completed
ORD006345,2023-08-23,CUST02477,PROD0031,B004,2,1334.07,0.1,1200.66,1094.99,105.67,Completed
ORD006346,2023-07-22,CUST01013,PROD0058,B003,1,312.76,0.15,265.85,174.58,91.27,Completed
ORD006348,2023-11-10,CUST02073,PROD0101,B002,1,646.39,0.05,614.07,460.5,153.57,Completed
ORD006353,2023-06-04,CUST02494,PROD0119,B003,3,1795.75,0.0,1795.75,1302.93,492.82,Completed
ORD006354,2023-11-04,CUST00891,PROD0015,B001,1,1421.07,0.15,1207.91,883.73,324.18,Completed
ORD006363,2023-05-02,CUST00448,PROD0044,B005,3,3281.84,0.15,2789.57,1822.23,967.34,Completed
ORD006364,2023-12-10,CUST00158,PROD0019,B001,2,1777.39,0.15,1510.78,1108.38,402.4,Completed
ORD006368,2023-01-31,CUST01502,PROD0053,B004,2,1111.68,0.2,889.34,723.21,166.13,Completed
ORD006382,2023-01-01,CUST00404,PROD0106,B001,1,718.58,0.05,682.65,431.22,251.43,Completed
ORD006383,2023-12-10,CUST01214,PROD0089,B004,5,1716.67,0.0,1716.67,1127.94,588.73,Completed
ORD006387,2023-05-26,CUST02101,PROD0093,B001,3,2599.06,0.15,2209.2,1907.02,302.18,Completed
ORD006401,2023-10-26,CUST00368,PROD0111,B001,3,5504.46,0.1,4954.01,3321.19,1632.82,Completed
ORD006405,2023-12-25,CUST01275,PROD0120,B002,5,1692.26,0.15,1438.42,1834.73,-396.31,Completed
ORD006417,2023-07-07,CUST02371,PROD0068,B005,5,5124.67,0.1,4612.2,4116.82,495.38,Completed
ORD006418,2023-04-08,CUST02096,PROD0090,B002,5,1599.39,0.05,1519.42,1000.91,518.51,Completed
ORD006421,2023-05-07,CUST01799,PROD0044,B002,1,1093.95,0.0,1093.95,607.41,486.54,Completed
ORD006423,2023-05-10,CUST01553,PROD0120,B001,1,569.17,0.2,455.33,366.95,88.38,Completed
ORD006425,2023-01-27,CUST00888,PROD0040,B005,4,3962.7,0.15,3368.29,2161.41,1206.88,Completed
ORD006426,2023-05-10,CUST02035,PROD0043,B004,3,874.19,0.05,830.48,535.94,294.54,Completed
ORD006428,2023-12-19,CUST01744,PROD0045,B002,5,5023.75,0.15,4270.19,3582.79,687.4,Completed
ORD006440,2023-08-17,CUST01581,PROD0011,B004,2,1695.9,0.1,1526.31,1315.25,211.06,Completed
ORD006447,2023-03-19,CUST02462,PROD0058,B003,1,312.76,0.1,281.48,174.58,106.9,Completed
ORD006450,2023-03-27,CUST00014,PROD0011,B001,5,4239.74,0.05,4027.75,3288.12,739.63,Completed
ORD006451,2023-08-16,CUST02271,PROD0065,B001,1,1351.33,0.15,1148.64,1011.22,137.42,Completed
ORD006457,2023-12-16,CUST01661,PROD0102,B001,4,3085.61,0.05,2931.33,1779.46,1151.87,Completed
ORD006463,2023-01-03,CUST01999,PROD0001,B001,1,1939.39,0.1,1745.46,1063.18,682.28,Completed
ORD006465,2023-12-31,CUST00522,PROD0115,B005,5,3732.73,0.15,3172.82,2303.26,869.56,Completed
ORD006466,2023-11-05,CUST01975,PROD0052,B004,3,1982.05,0.0,1982.05,1360.05,622.0,Completed
ORD006467,2023-01-16,CUST02473,PROD0102,B003,2,1542.8,0.0,1542.8,889.73,653.07,Completed
ORD006468,2023-04-04,CUST02027,PROD0003,B005,3,1133.37,0.05,1076.7,803.19,273.51,Completed
ORD006471,2023-04-04,CUST01787,PROD0085,B002,1,43.05,0.05,40.9,34.11,6.79,Completed
ORD006474,2023-05-24,CUST01636,PROD0091,B001,5,2068.37,0.1,1861.54,1576.45,285.09,Completed
ORD006475,2023-01-12,CUST00867,PROD0024,B001,3,3846.1,0.15,3269.19,2109.28,1159.91,Completed
ORD006480,2023-08-12,CUST01053,PROD0087,B005,1,1181.06,0.0,1181.06,824.7,356.36,Completed
ORD006481,2023-05-04,CUST01089,PROD0072,B001,2,930.32,0.05,883.8,653.24,230.56,Completed
ORD006491,2023-12-13,CUST02448,PROD0016,B001,5,444.32,0.0,444.32,266.08,178.24,Completed
ORD006498,2023-02-03,CUST00255,PROD0022,B002,4,5057.35,0.0,5057.35,3654.32,1403.03,Completed
ORD006500,2023-09-04,CUST00486,PROD0001,B004,3,5818.18,0.05,5527.27,3189.54,2337.73,Completed
ORD006509,2023-01-04,CUST00384,PROD0043,B001,2,582.79,0.25,437.09,357.29,79.8,Completed
ORD006518,2023-11-10,CUST01864,PROD0041,B001,3,345.23,0.0,345.23,187.47,157.76,Completed
ORD006522,2023-02-21,CUST01637,PROD0111,B001,1,1834.82,0.15,1559.59,1107.06,452.53,Completed
ORD006525,2023-10-22,CUST01008,PROD0037,B003,4,2318.69,0.05,2202.76,1930.23,272.53,Completed
ORD006528,2023-06-22,CUST02097,PROD0046,B001,4,893.34,0.15,759.34,674.21,85.13,Completed
ORD006530,2023-10-21,CUST01194,PROD0063,B005,4,530.72,0.05,504.19,401.86,102.33,Completed
ORD006531,2023-08-13,CUST01839,PROD0033,B003,5,3001.7,0.15,2551.45,1916.21,635.24,Completed
ORD006539,2023-05-27,CUST02470,PROD0021,B003,5,4225.8,0.0,4225.8,2567.89,1657.91,Completed
ORD006546,2023-12-03,CUST00288,PROD0071,B002,1,479.79,0.15,407.82,373.57,34.25,Completed
ORD006551,2023-03-14,CUST00472,PROD0062,B001,2,1459.06,0.05,1386.11,1157.44,228.67,Completed
ORD006554,2023-10-19,CUST00633,PROD0004,B004,5,1495.87,0.25,1121.9,955.52,166.38,Completed
ORD006555,2023-10-02,CUST01792,PROD0096,B003,4,7107.69,0.05,6752.3,4137.9,2614.4,Completed
ORD006561,2023-04-22,CUST00662,PROD0112,B004,5,4331.81,0.1,3898.63,3391.64,506.99,Completed
ORD006563,2023-05-05,CUST01917,PROD0026,B002,3,1180.52,0.2,944.41,852.89,91.52,Completed
ORD006566,2023-10-14,CUST00928,PROD0044,B004,4,4375.79,0.1,3938.21,2429.64,1508.57,Completed
ORD006573,2023-05-25,CUST02223,PROD0075,B001,5,7069.49,0.15,6009.07,5462.28,546.79,Completed
ORD006579,2023-05-09,CUST00123,PROD0045,B001,3,3014.25,0.05,2863.54,2149.67,713.87,Completed
ORD006585,2023-12-16,CUST02118,PROD0052,B004,5,3303.42,0.0,3303.42,2266.75,1036.67,Completed
ORD006586,2023-08-22,CUST00564,PROD0077,B004,1,304.02,0.15,258.42,246.05,12.37,Completed
ORD006593,2023-12-29,CUST01213,PROD0020,B005,5,3803.19,0.2,3042.55,2738.67,303.88,Completed
ORD006595,2023-12-16,CUST02067,PROD0086,B001,3,1583.6,0.1,1425.24,1202.23,223.01,Completed
ORD006607,2023-10-12,CUST01737,PROD0057,B003,3,3015.3,0.2,2412.24,1946.86,465.38,Completed
ORD006614,2023-04-22,CUST00230,PROD0105,B002,3,1265.21,0.15,1075.43,932.39,143.04,Completed
ORD006620,2023-08-08,CUST01782,PROD0008,B003,5,1327.77,0.1,1194.99,1094.54,100.45,Completed
ORD006629,2023-02-08,CUST00383,PROD0026,B003,2,787.01,0.0,787.01,568.59,218.42,Completed
ORD006631,2023-09-15,CUST01553,PROD0082,B003,1,2094.53,0.05,1989.8,1133.66,856.14,Completed
ORD006634,2023-07-11,CUST00578,PROD0009,B005,4,1277.14,0.0,1277.14,782.1,495.04,Completed
ORD006635,2023-09-26,CUST00561,PROD0096,B002,4,7107.69,0.2,5686.15,4137.9,1548.25,Completed
ORD006645,2023-02-26,CUST00606,PROD0009,B005,4,634.42,0.1,570.98,782.1,-211.12,Completed
ORD006647,2023-05-14,CUST01458,PROD0059,B005,5,4875.0,0.15,4143.75,3083.56,1060.19,Completed
ORD006648,2023-11-22,CUST00095,PROD0045,B002,3,3014.25,0.2,2411.4,2149.67,261.73,Completed
ORD006654,2023-10-07,CUST02021,PROD0073,B002,4,731.21,0.1,658.09,479.89,178.2,Completed
ORD006659,2023-04-13,CUST01842,PROD0016,B001,1,88.86,0.05,84.42,53.22,31.2,Completed
ORD006666,2023-07-11,CUST00917,PROD0105,B002,5,2108.69,0.25,1581.52,1553.98,27.54,Completed
ORD006669,2023-07-07,CUST00880,PROD0031,B003,4,2668.14,0.05,2534.73,2189.98,344.75,Completed
ORD006671,2023-02-17,CUST00537,PROD0041,B005,4,460.31,0.0,460.31,249.96,210.35,Completed
ORD006675,2023-01-31,CUST01166,PROD0009,B003,1,319.28,0.1,287.36,195.53,91.83,Completed
ORD006688,2023-07-06,CUST01731,PROD0077,B004,1,304.02,0.1,273.62,246.05,27.57,Completed
ORD006692,2023-09-22,CUST01629,PROD0017,B004,1,869.59,0.2,695.68,631.98,63.7,Completed
ORD006700,2023-10-21,CUST02183,PROD0055,B001,4,1858.97,0.15,1580.12,1054.16,525.96,Completed
ORD006701,2023-11-11,CUST01438,PROD0031,B005,2,1334.07,0.2,1067.26,1094.99,-27.73,Completed
ORD006702,2023-02-12,CUST01814,PROD0080,B004,3,1219.8,0.05,1158.81,845.99,312.82,Completed
ORD006704,2023-08-25,CUST00692,PROD0015,B005,2,2842.13,0.1,2557.92,1767.45,790.47,Completed
ORD006715,2023-06-24,CUST00976,PROD0092,B002,4,417.78,0.1,376.0,266.55,109.45,Completed
ORD006716,2023-10-09,CUST00095,PROD0096,B003,2,3553.84,0.2,2843.08,2068.95,774.13,Completed
ORD006722,2023-04-13,CUST00929,PROD0120,B004,4,2276.66,0.2,1821.33,1467.78,353.55,Completed
ORD006726,2023-04-18,CUST00208,PROD0112,B003,1,866.36,0.1,779.72,678.33,101.39,Completed
ORD006728,2023-11-08,CUST00856,PROD0038,B001,3,179.79,0.05,170.81,122.13,48.68,Completed
ORD006734,2023-01-22,CUST00936,PROD0115,B003,1,746.55,0.1,671.89,460.65,211.24,Completed
ORD006735,2023-08-30,CUST01658,PROD0028,B004,3,2190.58,0.05,2081.05,1375.54,705.51,Completed
ORD006739,2023-08-26,CUST00379,PROD0016,B001,5,444.32,0.1,399.89,266.08,133.81,Completed
ORD006740,2023-03-31,CUST01960,PROD0065,B001,2,2702.67,0.2,2162.14,2022.43,139.71,Completed
ORD006746,2023-02-07,CUST00714,PROD0078,B005,4,3727.82,0.05,3541.43,2295.91,1245.52,Completed
ORD006751,2023-06-16,CUST00987,PROD0070,B002,3,601.57,0.1,541.42,412.77,128.65,Completed
ORD006756,2023-09-24,CUST01068,PROD0078,B004,3,2795.86,0.05,2656.07,1721.93,934.14,Completed
ORD006757,2023-03-13,CUST00158,PROD0060,B004,1,89.53,0.2,71.62,58.78,12.84,Completed
ORD006758,2023-06-05,CUST01660,PROD0114,B005,2,2749.07,0.1,2474.16,2086.33,387.83,Completed
ORD006763,2023-03-24,CUST02012,PROD0111,B003,4,7339.28,0.0,7339.28,4428.25,2911.03,Completed
ORD006766,2023-06-14,CUST00993,PROD0013,B004,2,1353.11,0.1,1217.8,915.45,302.35,Completed
ORD006767,2023-06-19,CUST01071,PROD0015,B001,2,1697.98,0.0,1697.98,1767.45,-69.47,Completed
ORD006768,2023-05-21,CUST00048,PROD0061,B002,5,2241.0,0.1,2016.9,1575.12,441.78,Completed
ORD006769,2023-03-21,CUST01094,PROD0009,B002,3,957.85,0.1,862.07,586.58,275.49,Completed
ORD006770,2023-10-08,CUST00981,PROD0078,B005,4,3727.82,0.0,3727.82,2295.91,1431.91,Completed
ORD006771,2023-03-08,CUST02062,PROD0106,B001,4,2874.32,0.2,2299.46,1724.88,574.58,Completed
ORD006772,2023-09-26,CUST01332,PROD0022,B003,4,5057.35,0.05,4804.48,3654.32,1150.16,Completed
ORD006773,2023-01-12,CUST00649,PROD0056,B004,5,7058.6,0.1,6352.74,5288.22,1064.52,Completed
ORD006775,2023-07-06,CUST01748,PROD0099,B004,5,4246.35,0.15,3609.39,2967.84,641.55,Completed
ORD006782,2023-07-30,CUST00257,PROD0077,B005,4,1216.09,0.2,972.87,984.21,-11.34,Completed
ORD006787,2023-02-13,CUST02124,PROD0088,B005,2,897.74,0.1,807.97,579.21,228.76,Completed
ORD006800,2023-01-16,CUST01795,PROD0015,B003,4,5684.27,0.2,4547.41,3534.91,1012.5,Completed
ORD006804,2023-03-15,CUST01822,PROD0011,B001,2,1695.9,0.0,1695.9,1315.25,380.65,Completed
ORD006805,2023-09-13,CUST00563,PROD0024,B001,1,1282.03,0.2,1025.63,703.09,322.54,Completed
ORD006807,2023-07-13,CUST02247,PROD0055,B003,1,464.74,0.05,441.5,263.54,177.96,Completed
ORD006809,2023-10-28,CUST00835,PROD0085,B002,2,86.1,0.15,73.19,68.23,4.96,Completed
ORD006810,2023-07-14,CUST01978,PROD0027,B002,2,1368.76,0.05,1300.32,991.49,308.83,Completed
ORD006816,2023-12-20,CUST00371,PROD0009,B003,1,319.28,0.2,255.43,195.53,59.9,Completed
ORD006820,2023-08-06,CUST01810,PROD0005,B001,2,2444.79,0.2,1955.83,1507.46,448.37,Completed
ORD006822,2023-07-01,CUST00454,PROD0072,B002,5,2325.79,0.15,1976.92,1633.1,343.82,Completed
ORD006829,2023-09-06,CUST00371,PROD0020,B004,1,760.64,0.2,608.51,547.73,60.78,Completed
ORD006831,2023-09-02,CUST00314,PROD0027,B002,2,1368.76,0.15,1163.44,991.49,171.95,Completed
ORD006832,2023-06-03,CUST00706,PROD0016,B003,1,88.86,0.05,84.42,53.22,31.2,Completed
ORD006833,2023-09-06,CUST00285,PROD0119,B003,5,2992.91,0.25,2244.69,2171.55,73.14,Completed
ORD006834,2023-01-06,CUST01041,PROD0050,B003,3,3297.42,0.05,3132.55,1902.8,1229.75,Completed
ORD006841,2023-11-29,CUST01089,PROD0057,B003,3,3015.3,0.1,2713.77,1946.86,766.91,Completed
ORD006842,2023-10-20,CUST01711,PROD0019,B003,4,3554.78,0.1,3199.3,2216.76,982.54,Completed
ORD006846,2023-11-07,CUST02044,PROD0099,B002,5,4246.35,0.15,3609.39,2967.84,641.55,Completed
ORD006849,2023-08-26,CUST01845,PROD0086,B005,4,2111.47,0.15,1794.75,1602.97,191.78,Completed
ORD006859,2023-12-10,CUST01166,PROD0032,B003,4,2945.74,0.1,2651.16,1621.2,1029.96,Completed
ORD006863,2023-06-02,CUST01782,PROD0073,B001,2,365.6,0.2,292.48,239.94,52.54,Completed
ORD006865,2023-05-24,CUST01396,PROD0062,B003,3,2188.59,0.0,2188.59,1736.16,452.43,Completed
ORD006868,2023-08-28,CUST02279,PROD0009,B003,2,638.57,0.15,542.79,391.05,151.74,Completed
ORD006870,2023-06-20,CUST02075,PROD0114,B003,4,5498.14,0.15,4673.42,4172.67,500.75,Completed
ORD006873,2023-07-09,CUST01252,PROD0023,B001,2,2546.11,0.15,2164.2,1573.84,590.36,Completed
ORD006875,2023-08-21,CUST01069,PROD0062,B001,5,3647.66,0.05,3465.27,2893.61,571.66,Completed
ORD006878,2023-10-15,CUST02204,PROD0115,B001,1,746.55,0.1,671.89,460.65,211.24,Completed
ORD006881,2023-09-18,CUST01487,PROD0094,B001,1,195.28,0.1,175.75,117.02,58.73,Completed
ORD006882,2023-10-23,CUST01055,PROD0104,B003,1,1602.45,0.05,1522.33,1059.57,462.76,Completed
ORD006888,2023-04-10,CUST01192,PROD0016,B002,4,355.46,0.05,337.68,212.86,124.82,Completed
ORD006891,2023-02-03,CUST00617,PROD0052,B002,1,660.68,0.15,561.58,453.35,108.23,Completed
ORD006894,2023-03-23,CUST02085,PROD0083,B001,5,8270.93,0.0,8270.93,5607.38,2663.55,Completed
ORD006895,2023-05-10,CUST02201,PROD0059,B001,1,975.0,0.05,926.25,616.71,309.54,Completed
ORD006901,2023-11-03,CUST01341,PROD0029,B005,5,2290.03,0.15,1946.52,1329.25,617.27,Completed
ORD006905,2023-10-02,CUST01446,PROD0088,B002,1,448.87,0.1,403.98,289.6,114.38,Completed
ORD006906,2023-03-01,CUST00586,PROD0106,B003,2,1437.16,0.0,1437.16,862.44,574.72,Completed
ORD006909,2023-01-02,CUST00815,PROD0099,B003,4,3397.08,0.0,3397.08,2374.27,1022.81,Completed
ORD006923,2023-02-01,CUST01275,PROD0056,B001,5,7058.6,0.05,6705.66,5288.22,1417.44,Completed
ORD006927,2023-08-22,CUST00353,PROD0095,B003,2,710.27,0.05,674.76,535.77,138.99,Completed
ORD006934,2023-10-06,CUST00451,PROD0045,B004,4,4019.0,0.1,3617.1,2866.23,750.87,Completed
ORD006937,2023-03-06,CUST01510,PROD0066,B003,3,4194.64,0.1,3775.18,3013.47,761.71,Completed
ORD006939,2023-09-15,CUST02211,PROD0099,B002,3,2547.81,0.2,2038.25,1780.7,257.55,Completed
ORD006940,2023-10-26,CUST00219,PROD0091,B003,3,1241.02,0.05,1178.97,945.87,233.1,Completed
ORD006943,2023-11-22,CUST01775,PROD0049,B001,5,6663.61,0.0,6663.61,3855.39,2808.22,Completed
ORD006944,2023-07-28,CUST00853,PROD0007,B003,3,143.12,0.0,143.12,107.26,35.86,Completed
ORD006949,2023-11-18,CUST02427,PROD0052,B004,1,660.68,0.15,561.58,453.35,108.23,Completed
ORD006951,2023-11-17,CUST01892,PROD0112,B001,2,1732.73,0.15,1472.82,1356.66,116.16,Completed
ORD006954,2023-02-13,CUST01177,PROD0001,B004,2,3878.79,0.05,3684.85,2126.36,1558.49,Completed
ORD006966,2023-07-18,CUST01150,PROD0053,B002,5,2779.19,0.15,2362.31,1808.01,554.3,Completed
ORD006969,2023-02-27,CUST01067,PROD0067,B002,3,2720.42,0.25,2040.32,1491.98,548.34,Completed
ORD006975,2023-12-02,CUST01872,PROD0064,B003,1,925.23,0.05,878.97,703.29,175.68,Completed
ORD006978,2023-12-31,CUST01319,PROD0055,B001,5,2323.71,0.25,1742.78,1317.7,425.08,Completed
ORD006992,2023-04-19,CUST01118,PROD0111,B005,4,4641.58,0.1,4177.42,4428.25,-250.83,Completed
ORD006993,2023-09-14,CUST02496,PROD0094,B001,3,585.84,0.05,556.55,351.05,205.5,Completed
ORD006994,2023-03-10,CUST00563,PROD0032,B002,5,3682.17,0.1,3313.96,2026.5,1287.46,Completed
ORD006996,2023-11-10,CUST00084,PROD0117,B004,5,3861.32,0.05,3668.26,2380.62,1287.64,Completed
ORD007004,2023-12-17,CUST00364,PROD0111,B001,2,3669.64,0.0,3669.64,2214.12,1455.52,Completed
ORD007020,2023-09-18,CUST00690,PROD0054,B002,3,3383.03,0.15,2875.58,2286.1,589.48,Completed
ORD007029,2023-01-29,CUST01689,PROD0063,B002,4,530.72,0.15,451.11,401.86,49.25,Completed
ORD007031,2023-07-22,CUST00577,PROD0058,B001,5,1563.78,0.05,1485.59,872.91,612.68,Completed
ORD007032,2023-10-25,CUST01193,PROD0074,B005,2,1305.69,0.1,1175.12,1009.68,165.44,Completed
ORD007035,2023-10-20,CUST01949,PROD0068,B002,1,1024.93,0.0,1024.93,823.36,201.57,Completed
ORD007038,2023-09-01,CUST00128,PROD0002,B003,2,1360.28,0.15,1156.24,822.52,333.72,Completed
ORD007040,2023-02-21,CUST00844,PROD0111,B003,3,5504.46,0.15,4678.79,3321.19,1357.6,Completed
ORD007041,2023-01-07,CUST02393,PROD0100,B001,4,3243.95,0.15,2757.36,2533.12,224.24,Completed
ORD007042,2023-01-13,CUST01926,PROD0084,B001,3,1554.81,0.05,1477.07,1147.87,329.2,Completed
ORD007044,2023-11-22,CUST01529,PROD0107,B003,2,3556.4,0.1,3200.76,2175.34,1025.42,Completed
ORD007047,2023-04-07,CUST00125,PROD0011,B005,4,3391.79,0.2,2713.43,2630.5,82.93,Completed
ORD007053,2023-03-16,CUST00557,PROD0064,B001,5,4626.14,0.1,4163.53,3516.44,647.09,Completed
ORD007054,2023-03-29,CUST00649,PROD0062,B003,1,729.53,0.0,729.53,578.72,150.81,Completed
ORD007055,2023-08-05,CUST00069,PROD0011,B001,1,847.95,0.1,763.15,657.62,105.53,Completed
ORD007057,2023-11-07,CUST01865,PROD0108,B004,1,909.88,0.0,909.88,523.42,386.46,Completed
ORD007061,2023-08-04,CUST02381,PROD0038,B001,3,179.79,0.15,152.83,122.13,30.7,Completed
ORD007062,2023-09-30,CUST00543,PROD0077,B001,3,912.07,0.15,775.26,738.16,37.1,Completed
ORD007065,2023-01-22,CUST00322,PROD0015,B001,2,2842.13,0.0,2842.13,1767.45,1074.68,Completed
ORD007072,2023-01-18,CUST00055,PROD0093,B002,2,1732.71,0.05,1646.07,1271.34,374.73,Completed
ORD007074,2023-01-05,CUST01143,PROD0068,B001,1,1024.93,0.05,973.69,823.36,150.33,Completed
ORD007075,2023-05-01,CUST00886,PROD0080,B002,2,813.2,0.25,609.9,563.99,45.91,Completed
ORD007076,2023-05-28,CUST00672,PROD0013,B002,4,2706.22,0.05,2570.9,1830.9,740.0,Completed
ORD007080,2023-11-08,CUST01310,PROD0092,B005,2,208.89,0.05,198.44,133.27,65.17,Completed
ORD007083,2023-04-11,CUST01503,PROD0060,B005,4,358.1,0.05,340.2,235.11,105.09,Completed
ORD007087,2023-09-19,CUST02418,PROD0031,B003,4,2668.14,0.1,2401.33,2189.98,211.35,Completed
ORD007088,2023-03-22,CUST01092,PROD0113,B004,1,1254.18,0.0,1254.18,906.95,347.23,Completed
ORD007091,2023-10-31,CUST00328,PROD0018,B001,4,6885.23,0.1,6196.71,4287.63,1909.08,Completed
ORD007092,2023-03-20,CUST00192,PROD0062,B002,1,729.53,0.0,729.53,578.72,150.81,Completed
ORD007097,2023-04-20,CUST01330,PROD0087,B004,5,5905.32,0.25,4428.99,4123.48,305.51,Completed
ORD007101,2023-11-09,CUST01680,PROD0048,B004,4,3553.47,0.05,3375.8,2461.98,913.82,Completed
ORD007103,2023-05-23,CUST00334,PROD0007,B002,1,47.71,0.15,40.55,35.75,4.8,Completed
ORD007112,2023-12-21,CUST00693,PROD0027,B003,2,1368.76,0.05,1300.32,991.49,308.83,Completed
ORD007113,2023-07-26,CUST00561,PROD0084,B001,5,2591.35,0.2,2073.08,1913.12,159.96,Completed
ORD007118,2023-10-01,CUST00553,PROD0117,B001,4,3089.06,0.05,2934.61,1904.49,1030.12,Completed
ORD007121,2023-12-16,CUST00118,PROD0037,B003,5,2898.37,0.0,2898.37,2412.79,485.58,Completed
ORD007134,2023-12-26,CUST00837,PROD0010,B004,3,5527.66,0.1,4974.9,3215.99,1758.91,Completed
ORD007136,2023-09-21,CUST00435,PROD0057,B004,5,5025.49,0.15,4271.67,3244.76,1026.91,Completed
ORD007141,2023-08-02,CUST02379,PROD0119,B001,5,2992.91,0.1,2693.62,2171.55,522.07,Completed
ORD007144,2023-02-20,CUST01287,PROD0016,B003,2,177.73,0.1,159.95,106.43,53.52,Completed
ORD007150,2023-11-03,CUST02333,PROD0114,B001,1,1374.54,0.05,1305.81,1043.17,262.64,Completed
ORD007162,2023-12-13,CUST02311,PROD0052,B004,1,660.68,0.1,594.61,453.35,141.26,Completed
ORD007171,2023-04-22,CUST01905,PROD0050,B001,1,818.16,0.25,613.62,634.27,-20.65,Completed
ORD007173,2023-07-11,CUST01206,PROD0061,B003,2,896.4,0.15,761.94,630.05,131.89,Completed
ORD007178,2023-01-26,CUST00978,PROD0080,B004,4,1626.4,0.15,1382.44,1127.99,254.45,Completed
ORD007179,2023-01-13,CUST01341,PROD0013,B003,4,2706.22,0.15,2300.28,1830.9,469.38,Completed
ORD007185,2023-12-25,CUST00706,PROD0032,B003,4,2945.74,0.05,2798.45,1621.2,1177.25,Completed
ORD007192,2023-06-11,CUST01237,PROD0068,B002,1,1024.93,0.1,922.44,823.36,99.08,Completed
ORD007197,2023-02-11,CUST01813,PROD0015,B004,4,5684.27,0.25,4263.2,3534.91,728.29,Completed
ORD007204,2023-10-14,CUST00880,PROD0070,B004,3,601.57,0.05,571.5,412.77,158.73,Completed
ORD007205,2023-08-03,CUST01732,PROD0083,B003,3,4962.56,0.0,4962.56,3364.43,1598.13,Completed
ORD007212,2023-09-26,CUST00588,PROD0056,B003,4,5646.88,0.05,5364.53,4230.57,1133.96,Completed
ORD007219,2023-06-27,CUST00736,PROD0111,B002,2,3669.64,0.0,3669.64,2214.12,1455.52,Completed
ORD007225,2023-07-14,CUST00652,PROD0025,B002,4,3960.18,0.0,3960.18,2362.87,1597.31,Completed
ORD007228,2023-10-01,CUST02161,PROD0086,B002,4,2111.47,0.1,1900.32,1602.97,297.35,Completed
ORD007232,2023-07-16,CUST01321,PROD0018,B005,4,6885.23,0.05,6540.97,4287.63,2253.34,Completed
ORD007244,2023-07-11,CUST01360,PROD0069,B001,5,6325.17,0.0,6325.17,3432.19,2892.98,Completed
ORD007247,2023-08-06,CUST00402,PROD0092,B001,2,208.89,0.15,177.56,133.27,44.29,Completed
ORD007248,2023-08-16,CUST02465,PROD0112,B005,1,866.36,0.2,693.09,678.33,14.76,Completed
ORD007250,2023-11-30,CUST00354,PROD0017,B004,2,1739.19,0.05,1652.23,1263.96,388.27,Completed
ORD007253,2023-02-24,CUST02212,PROD0120,B001,1,569.17,0.05,540.71,366.95,173.76,Completed
ORD007255,2023-04-06,CUST02064,PROD0053,B001,5,2779.19,0.0,2779.19,1808.01,971.18,Completed
ORD007264,2023-10-02,CUST01232,PROD0028,B003,3,2190.58,0.1,1971.52,1375.54,595.98,Completed
ORD007267,2023-12-28,CUST00731,PROD0086,B002,1,527.87,0.05,501.47,400.74,100.73,Completed
ORD007269,2023-08-20,CUST01175,PROD0064,B001,4,3700.91,0.1,3330.82,2813.15,517.67,Completed
ORD007270,2023-06-13,CUST01030,PROD0032,B002,1,736.43,0.05,699.61,405.3,294.31,Completed
ORD007273,2023-01-11,CUST02220,PROD0092,B002,5,522.22,0.15,443.89,333.18,110.71,Completed
ORD007275,2023-10-29,CUST00420,PROD0079,B001,5,866.51,0.1,779.86,582.85,197.01,Completed
ORD007278,2023-10-01,CUST00182,PROD0087,B005,4,4724.26,0.1,4251.83,3298.78,953.05,Completed
ORD007282,2023-04-14,CUST01240,PROD0110,B001,4,3186.86,0.15,2708.83,1852.77,856.06,Completed
ORD007296,2023-03-15,CUST01259,PROD0050,B001,3,3297.42,0.2,2637.94,1902.8,735.14,Completed
ORD007297,2023-12-31,CUST01005,PROD0056,B005,3,4235.16,0.05,4023.4,3172.93,850.47,Completed
ORD007305,2023-11-24,CUST00407,PROD0120,B004,2,1138.33,0.05,1081.42,733.89,347.53,Completed
ORD007309,2023-08-26,CUST02161,PROD0051,B003,5,4480.46,0.25,3360.35,2970.26,390.09,Completed
ORD007314,2023-12-21,CUST02285,PROD0015,B002,1,1421.07,0.2,1136.85,883.73,253.12,Completed
ORD007320,2023-03-03,CUST01189,PROD0098,B001,1,999.39,0.05,949.42,558.83,390.59,Completed
ORD007321,2023-02-24,CUST00969,PROD0026,B003,3,1180.52,0.1,1062.47,852.89,209.58,Completed
ORD007326,2023-06-26,CUST01449,PROD0044,B002,3,3281.84,0.15,2789.57,1822.23,967.34,Completed
ORD007329,2023-11-17,CUST02125,PROD0075,B001,2,2827.8,0.0,2827.8,2184.91,642.89,Completed
ORD007330,2023-01-27,CUST01598,PROD0026,B001,5,1967.53,0.0,1967.53,1421.48,546.05,Completed
ORD007332,2023-03-07,CUST02295,PROD0086,B003,3,1583.6,0.1,1425.24,1202.23,223.01,Completed
ORD007343,2023-03-01,CUST00365,PROD0085,B001,5,215.26,0.0,215.26,170.57,44.69,Completed
ORD007352,2023-12-14,CUST01563,PROD0023,B001,1,1273.06,0.05,1209.41,786.92,422.49,Completed
ORD007353,2023-05-05,CUST01697,PROD0070,B002,3,601.57,0.0,601.57,412.77,188.8,Completed
ORD007354,2023-08-17,CUST01824,PROD0038,B004,1,59.93,0.1,53.94,40.71,13.23,Completed
ORD007358,2023-08-29,CUST00663,PROD0119,B002,2,1197.16,0.15,1017.59,868.62,148.97,Completed
ORD007364,2023-11-10,CUST01088,PROD0098,B005,1,999.39,0.25,749.54,558.83,190.71,Completed
ORD007365,2023-02-18,CUST00586,PROD0049,B001,5,6663.61,0.1,5997.25,3855.39,2141.86,Completed
ORD007372,2023-02-01,CUST01853,PROD0005,B005,2,2444.79,0.2,1955.83,1507.46,448.37,Completed
ORD007375,2023-06-28,CUST00659,PROD0118,B002,1,289.88,0.1,260.89,194.17,66.72,Completed
ORD007376,2023-07-19,CUST00501,PROD0009,B005,4,1277.14,0.15,1085.57,782.1,303.47,Completed
ORD007386,2023-05-14,CUST00948,PROD0046,B003,4,893.34,0.1,804.01,674.21,129.8,Completed
ORD007388,2023-07-02,CUST01034,PROD0106,B005,1,718.58,0.0,718.58,431.22,287.36,Completed
ORD007391,2023-05-07,CUST02127,PROD0009,B002,5,1596.42,0.15,1356.96,977.63,379.33,Completed
ORD007394,2023-08-19,CUST00376,PROD0008,B003,4,1062.22,0.2,849.77,875.63,-25.86,Completed
ORD007396,2023-11-08,CUST01723,PROD0038,B001,1,59.93,0.15,50.94,40.71,10.23,Completed
ORD007401,2023-10-03,CUST01723,PROD0021,B004,2,1690.32,0.15,1436.77,1027.16,409.61,Completed
ORD007411,2023-05-16,CUST00618,PROD0002,B004,1,680.14,0.2,544.11,411.26,132.85,Completed
ORD007418,2023-06-13,CUST02261,PROD0040,B004,1,990.67,0.15,842.08,540.35,301.73,Completed
ORD007424,2023-12-31,CUST01767,PROD0039,B004,4,5930.76,0.0,5930.76,3304.98,2625.78,Completed
ORD007427,2023-01-01,CUST01819,PROD0047,B002,1,310.2,0.25,232.65,179.65,53.0,Completed
ORD007440,2023-09-13,CUST01354,PROD0050,B001,3,3297.42,0.1,2967.68,1902.8,1064.88,Completed
ORD007444,2023-06-19,CUST00821,PROD0088,B001,2,897.74,0.0,897.74,579.21,318.53,Completed
ORD007456,2023-06-16,CUST01670,PROD0056,B004,5,7058.6,0.1,6352.74,5288.22,1064.52,Completed
ORD007464,2023-04-18,CUST01453,PROD0116,B002,2,524.35,0.05,498.13,430.18,67.95,Completed
ORD007467,2023-08-09,CUST02175,PROD0095,B001,2,710.27,0.2,568.22,535.77,32.45,Completed
ORD007477,2023-12-05,CUST01340,PROD0116,B003,1,262.17,0.1,235.95,215.09,20.86,Completed
ORD007480,2023-07-09,CUST02001,PROD0067,B001,1,906.81,0.1,816.13,497.33,318.8,Completed
ORD007484,2023-09-17,CUST00326,PROD0030,B003,3,3058.15,0.05,2905.24,2440.78,464.46,Completed
ORD007488,2023-04-14,CUST00131,PROD0084,B002,1,518.27,0.1,466.44,382.62,83.82,Completed
ORD007495,2023-05-25,CUST00360,PROD0046,B005,1,223.34,0.0,223.34,168.55,54.79,Completed
ORD007496,2023-05-14,CUST00144,PROD0095,B002,3,1065.41,0.15,905.6,803.65,101.95,Completed
ORD007501,2023-09-12,CUST00954,PROD0061,B004,2,896.4,0.1,806.76,630.05,176.71,Completed
ORD007504,2023-04-01,CUST02318,PROD0023,B001,5,6365.28,0.05,6047.02,3934.59,2112.43,Completed
ORD007506,2023-07-03,CUST02099,PROD0066,B001,4,5592.86,0.05,5313.22,4017.96,1295.26,Completed
ORD007507,2023-06-08,CUST00369,PROD0047,B001,1,310.2,0.0,310.2,179.65,130.55,Completed
ORD007509,2023-12-02,CUST00029,PROD0023,B001,1,1273.06,0.1,1145.75,786.92,358.83,Completed
ORD007511,2023-07-24,CUST00983,PROD0044,B004,1,1093.95,0.05,1039.25,607.41,431.84,Completed
ORD007515,2023-05-02,CUST00474,PROD0023,B003,3,3819.17,0.2,3055.34,2360.76,694.58,Completed
ORD007527,2023-10-29,CUST01673,PROD0031,B003,4,2668.14,0.1,2401.33,2189.98,211.35,Completed
ORD007530,2023-05-16,CUST01823,PROD0065,B002,5,6756.67,0.0,6756.67,5056.08,1700.59,Completed
ORD007533,2023-01-23,CUST01184,PROD0012,B002,2,259.23,0.2,207.39,175.15,32.24,Completed
ORD007534,2023-11-05,CUST00595,PROD0079,B005,4,693.21,0.25,519.91,466.28,53.63,Completed
ORD007535,2023-11-14,CUST01050,PROD0107,B003,5,8891.01,0.2,7112.81,5438.35,1674.46,Completed
ORD007537,2023-01-30,CUST01854,PROD0003,B002,2,755.58,0.15,642.24,535.46,106.78,Completed
ORD007540,2023-08-05,CUST01508,PROD0088,B002,1,448.87,0.15,381.54,289.6,91.94,Completed
ORD007543,2023-07-27,CUST00651,PROD0067,B001,3,2720.42,0.0,2720.42,1491.98,1228.44,Completed
ORD007553,2023-01-21,CUST00065,PROD0038,B005,3,179.79,0.05,170.81,122.13,48.68,Completed
ORD007554,2023-09-03,CUST02366,PROD0048,B001,5,4441.84,0.0,4441.84,3077.47,1364.37,Completed
ORD007555,2023-01-07,CUST02466,PROD0033,B005,2,1200.68,0.15,1020.58,766.49,254.09,Completed
ORD007557,2023-12-10,CUST00415,PROD0069,B003,2,2530.07,0.1,2277.06,1372.88,904.18,Completed
ORD007558,2023-12-23,CUST00492,PROD0052,B001,4,2642.73,0.25,1982.05,1813.4,168.65,Completed
ORD007559,2023-03-10,CUST00283,PROD0033,B002,1,600.34,0.05,570.33,383.24,187.09,Completed
ORD007562,2023-11-15,CUST01982,PROD0043,B005,5,1456.99,0.15,1238.44,893.23,345.21,Completed
ORD007565,2023-07-08,CUST00958,PROD0014,B002,4,5523.51,0.0,5523.51,3162.41,2361.1,Completed
ORD007570,2023-12-13,CUST00631,PROD0060,B004,3,268.58,0.1,241.72,176.33,65.39,Completed
ORD007572,2023-07-09,CUST01974,PROD0103,B003,1,872.66,0.05,829.02,516.43,312.59,Completed
ORD007575,2023-10-17,CUST02247,PROD0058,B001,4,1251.03,0.1,1125.92,698.33,427.59,Completed
ORD007576,2023-11-28,CUST02241,PROD0096,B001,2,3553.84,0.15,3020.77,2068.95,951.82,Completed
ORD007577,2023-11-12,CUST01298,PROD0109,B003,5,6779.33,0.2,5423.46,4875.55,547.91,Completed
ORD007578,2023-01-25,CUST01447,PROD0020,B004,4,3042.55,0.15,2586.17,2190.93,395.24,Completed
ORD007594,2023-06-25,CUST00261,PROD0038,B001,4,239.73,0.15,203.77,162.84,40.93,Completed
ORD007598,2023-01-08,CUST01365,PROD0106,B001,1,718.58,0.15,610.79,431.22,179.57,Completed
ORD007600,2023-12-11,CUST01568,PROD0032,B003,4,1373.45,0.05,1304.78,1621.2,-316.42,Completed
ORD007605,2023-05-13,CUST02353,PROD0094,B001,5,976.4,0.2,781.12,585.09,196.03,Completed
ORD007609,2023-07-25,CUST01665,PROD0022,B004,3,3793.01,0.05,3603.36,2740.74,862.62,Completed
ORD007610,2023-02-02,CUST02364,PROD0104,B001,5,8012.27,0.15,6810.43,5297.84,1512.59,Completed
ORD007614,2023-03-27,CUST02374,PROD0002,B003,3,2040.42,0.0,2040.42,1233.78,806.64,Completed
ORD007615,2023-03-10,CUST01261,PROD0096,B005,2,3553.84,0.05,3376.15,2068.95,1307.2,Completed
ORD007619,2023-03-04,CUST00027,PROD0113,B002,2,2508.37,0.15,2132.11,1813.91,318.2,Completed
ORD007621,2023-03-16,CUST01997,PROD0044,B005,3,3281.84,0.05,3117.75,1822.23,1295.52,Completed
ORD007627,2023-09-12,CUST00319,PROD0011,B003,2,1695.9,0.1,1526.31,1315.25,211.06,Completed
ORD007630,2023-11-24,CUST02406,PROD0109,B001,3,4067.6,0.0,4067.6,2925.33,1142.27,Completed
ORD007631,2023-06-03,CUST00508,PROD0035,B002,3,1741.24,0.0,1741.24,1306.85,434.39,Completed
ORD007632,2023-10-16,CUST00342,PROD0005,B004,2,2444.79,0.15,2078.07,1507.46,570.61,Completed
ORD007635,2023-01-11,CUST01376,PROD0093,B002,1,866.35,0.1,779.72,635.67,144.05,Completed
ORD007638,2023-11-25,CUST02083,PROD0089,B001,1,343.33,0.05,326.17,225.59,100.58,Completed
ORD007644,2023-07-11,CUST02265,PROD0033,B001,4,2401.36,0.1,2161.23,1532.97,628.26,Completed
ORD007655,2023-02-15,CUST02418,PROD0012,B001,3,388.85,0.15,330.52,262.72,67.8,Completed
ORD007660,2023-08-06,CUST01697,PROD0006,B002,4,2677.86,0.2,2142.29,1943.61,198.68,Completed
ORD007662,2023-12-15,CUST00542,PROD0088,B001,4,1795.48,0.1,1615.93,1158.41,457.52,Completed
ORD007675,2023-01-13,CUST02336,PROD0111,B004,1,970.58,0.1,873.53,1107.06,-233.53,Completed
ORD007684,2023-06-12,CUST01713,PROD0027,B001,5,3421.89,0.0,3421.89,2478.73,943.16,Completed
ORD007688,2023-11-12,CUST00296,PROD0017,B005,1,869.59,0.15,739.15,631.98,107.17,Completed
ORD007695,2023-02-25,CUST02252,PROD0045,B001,3,3014.25,0.1,2712.82,2149.67,563.15,Completed
ORD007696,2023-12-28,CUST00052,PROD0021,B004,3,2535.48,0.1,2281.93,1540.73,741.2,Completed
ORD007699,2023-12-31,CUST01715,PROD0007,B002,5,238.54,0.15,202.76,178.76,24.0,Completed
ORD007701,2023-09-27,CUST02049,PROD0009,B001,4,1277.14,0.25,957.85,782.1,175.75,Completed
ORD007708,2023-12-08,CUST01973,PROD0028,B001,2,1460.38,0.0,1460.38,917.03,543.35,Completed
ORD007710,2023-04-11,CUST01827,PROD0061,B002,3,1344.6,0.15,1142.91,945.07,197.84,Completed
ORD007717,2023-12-07,CUST01586,PROD0040,B003,3,2972.02,0.1,2674.82,1621.06,1053.76,Completed
ORD007721,2023-09-26,CUST01201,PROD0014,B005,5,6904.38,0.05,6559.17,3953.01,2606.16,Completed
ORD007726,2023-12-20,CUST01790,PROD0069,B003,2,2530.07,0.1,2277.06,1372.88,904.18,Completed
ORD007727,2023-07-10,CUST02489,PROD0053,B003,1,555.84,0.0,555.84,361.6,194.24,Completed
ORD007732,2023-04-21,CUST00214,PROD0012,B001,4,518.47,0.0,518.47,350.3,168.17,Completed
ORD007739,2023-11-27,CUST01981,PROD0081,B001,5,665.54,0.1,598.98,495.54,103.44,Completed
ORD007741,2023-06-01,CUST02398,PROD0076,B002,5,1499.88,0.2,1199.9,1200.24,-0.34,Completed
ORD007743,2023-04-21,CUST00877,PROD0028,B001,5,3650.96,0.15,3103.31,2292.57,810.74,Completed
ORD007745,2023-07-06,CUST00795,PROD0082,B001,1,2094.53,0.15,1780.35,1133.66,646.69,Completed
ORD007754,2023-03-21,CUST01861,PROD0027,B001,2,1368.76,0.2,1095.0,991.49,103.51,Completed
ORD007760,2023-05-28,CUST02319,PROD0084,B004,2,1036.54,0.05,984.71,765.25,219.46,Completed
ORD007761,2023-12-07,CUST01481,PROD0018,B002,1,1721.31,0.0,1721.31,1071.91,649.4,Completed
ORD007762,2023-06-20,CUST02008,PROD0034,B002,5,5387.24,0.05,5117.88,3582.94,1534.94,Completed
ORD007768,2023-01-30,CUST01367,PROD0001,B002,3,5818.18,0.1,5236.37,3189.54,2046.83,Completed
ORD007771,2023-04-24,CUST01104,PROD0069,B004,4,5060.14,0.0,5060.14,2745.75,2314.39,Completed
ORD007775,2023-05-14,CUST02307,PROD0087,B004,4,4724.26,0.2,3779.41,3298.78,480.63,Completed
ORD007776,2023-04-22,CUST01959,PROD0008,B003,2,531.11,0.05,504.55,437.82,66.73,Completed
ORD007777,2023-07-05,CUST00752,PROD0042,B003,3,4360.58,0.05,4142.55,3193.16,949.39,Completed
ORD007782,2023-02-16,CUST00669,PROD0065,B004,2,2702.67,0.1,2432.4,2022.43,409.97,Completed
ORD007784,2023-02-09,CUST00772,PROD0106,B001,2,1437.16,0.1,1293.45,862.44,431.01,Completed
ORD007785,2023-01-04,CUST01553,PROD0006,B005,5,3347.32,0.0,3347.32,2429.52,917.8,Completed
ORD007789,2023-03-06,CUST02078,PROD0098,B005,5,4996.96,0.2,3997.57,2794.15,1203.42,Completed
ORD007791,2023-08-14,CUST00818,PROD0115,B001,5,3732.73,0.0,3732.73,2303.26,1429.47,Completed
ORD007795,2023-03-08,CUST02207,PROD0083,B001,2,3308.37,0.15,2812.12,2242.95,569.17,Completed
ORD007804,2023-06-01,CUST00681,PROD0084,B005,2,1036.54,0.15,881.06,765.25,115.81,Completed
ORD007809,2023-10-11,CUST01124,PROD0110,B005,4,3186.86,0.1,2868.17,1852.77,1015.4,Completed
ORD007810,2023-12-27,CUST02312,PROD0116,B005,2,524.35,0.0,524.35,430.18,94.17,Completed
ORD007815,2023-06-06,CUST00422,PROD0022,B004,2,2528.68,0.1,2275.81,1827.16,448.65,Completed
ORD007820,2023-10-10,CUST01155,PROD0010,B002,4,7370.22,0.1,6633.2,4287.98,2345.22,Completed
ORD007825,2023-02-01,CUST00464,PROD0001,B004,3,5818.18,0.25,4363.64,3189.54,1174.1,Completed
ORD007828,2023-03-28,CUST01997,PROD0041,B005,4,460.31,0.2,368.25,249.96,118.29,Completed
ORD007833,2023-01-22,CUST01642,PROD0057,B001,2,2010.2,0.0,2010.2,1297.91,712.29,Completed
ORD007836,2023-02-25,CUST01961,PROD0098,B003,5,4996.96,0.0,4996.96,2794.15,2202.81,Completed
ORD007850,2023-07-03,CUST02485,PROD0104,B002,1,1602.45,0.15,1362.09,1059.57,302.52,Completed
ORD007853,2023-09-02,CUST02294,PROD0097,B001,1,1761.17,0.05,1673.11,1084.62,588.49,Completed
ORD007854,2023-10-05,CUST01878,PROD0099,B003,2,1698.54,0.15,1443.76,1187.14,256.62,Completed
ORD007858,2023-02-18,CUST02346,PROD0074,B004,3,1958.53,0.05,1860.61,1514.51,346.1,Completed
ORD007860,2023-01-09,CUST01710,PROD0032,B005,3,2209.3,0.15,1877.91,1215.9,662.01,Completed
ORD007861,2023-06-21,CUST00830,PROD0070,B003,2,401.05,0.2,320.84,275.18,45.66,Completed
ORD007862,2023-05-22,CUST01769,PROD0038,B005,4,239.73,0.2,191.78,162.84,28.94,Completed
ORD007864,2023-05-19,CUST01031,PROD0084,B003,2,1036.54,0.15,881.06,765.25,115.81,Completed
ORD007871,2023-06-08,CUST00534,PROD0013,B003,1,676.55,0.2,541.24,457.72,83.52,Completed
ORD007874,2023-04-23,CUST00566,PROD0074,B001,1,652.84,0.1,587.56,504.84,82.72,Completed
ORD007879,2023-01-13,CUST02383,PROD0016,B004,4,355.46,0.1,319.91,212.86,107.05,Completed
ORD007884,2023-12-11,CUST00383,PROD0001,B001,2,3878.79,0.05,3684.85,2126.36,1558.49,Completed
ORD007887,2023-05-25,CUST02135,PROD0035,B005,4,2321.65,0.0,2321.65,1742.46,579.19,Completed
ORD007890,2023-01-07,CUST02431,PROD0091,B005,3,1241.02,0.15,1054.87,945.87,109.0,Completed
ORD007893,2023-02-20,CUST01495,PROD0015,B003,5,7105.34,0.0,7105.34,4418.64,2686.7,Completed
ORD007901,2023-12-23,CUST01340,PROD0051,B001,1,896.09,0.0,896.09,594.05,302.04,Completed
ORD007906,2023-01-04,CUST00083,PROD0095,B004,5,1775.68,0.0,1775.68,1339.42,436.26,Completed
ORD007907,2023-07-23,CUST00887,PROD0005,B005,4,4889.58,0.05,4645.1,3014.92,1630.18,Completed
ORD007908,2023-02-23,CUST00698,PROD0090,B001,5,1599.39,0.2,1279.51,1000.91,278.6,Completed
ORD007909,2023-05-16,CUST01739,PROD0019,B002,2,1777.39,0.0,1777.39,1108.38,669.01,Completed
ORD007910,2023-12-15,CUST00897,PROD0043,B002,4,1165.59,0.05,1107.31,714.58,392.73,Completed
ORD007921,2023-08-24,CUST00358,PROD0099,B002,1,849.27,0.0,849.27,593.57,255.7,Completed
ORD007922,2023-06-20,CUST01128,PROD0118,B003,4,1159.53,0.0,1159.53,776.67,382.86,Completed
ORD007929,2023-09-22,CUST02268,PROD0064,B001,2,1850.46,0.05,1757.93,1406.57,351.36,Completed
ORD007931,2023-05-01,CUST02397,PROD0087,B001,1,1181.06,0.1,1062.96,824.7,238.26,Completed
ORD007940,2023-01-17,CUST01275,PROD0059,B005,5,4875.0,0.0,4875.0,3083.56,1791.44,Completed
ORD007941,2023-11-13,CUST02117,PROD0016,B002,5,444.32,0.0,444.32,266.08,178.24,Completed
ORD007944,2023-08-22,CUST01627,PROD0071,B001,2,959.57,0.05,911.59,747.14,164.45,Completed
ORD007952,2023-05-14,CUST00573,PROD0064,B005,5,4626.14,0.1,4163.53,3516.44,647.09,Completed
ORD007954,2023-10-13,CUST02130,PROD0006,B004,1,669.46,0.05,635.99,485.9,150.09,Completed
ORD007955,2023-12-22,CUST01804,PROD0063,B001,5,663.4,0.15,563.89,502.33,61.56,Completed
ORD007977,2023-04-19,CUST00450,PROD0049,B001,5,6663.61,0.1,5997.25,3855.39,2141.86,Completed
ORD007981,2023-05-12,CUST02066,PROD0037,B005,1,579.67,0.05,550.69,482.56,68.13,Completed
ORD007986,2023-05-28,CUST00192,PROD0061,B002,1,448.2,0.1,403.38,315.02,88.36,Completed
ORD007991,2023-09-05,CUST02417,PROD0083,B002,1,1654.19,0.0,1654.19,1121.48,532.71,Completed
ORD007995,2023-05-30,CUST02447,PROD0076,B005,5,1499.88,0.05,1424.88,1200.24,224.64,Completed
ORD007997,2023-03-04,CUST00818,PROD0004,B002,4,1196.7,0.2,957.36,764.42,192.94,Completed
ORD008003,2023-01-20,CUST02487,PROD0040,B002,2,1981.35,0.05,1882.28,1080.7,801.58,Completed
ORD008015,2023-05-30,CUST02149,PROD0116,B003,5,1310.86,0.05,1245.32,1075.45,169.87,Completed
ORD008019,2023-07-04,CUST02300,PROD0101,B003,4,2585.55,0.2,2068.44,1842.01,226.43,Completed
ORD008020,2023-12-30,CUST02498,PROD0084,B005,1,518.27,0.25,388.7,382.62,6.08,Completed
ORD008032,2023-10-21,CUST02035,PROD0105,B001,1,421.74,0.05,400.65,310.8,89.85,Completed
ORD008034,2023-06-30,CUST01289,PROD0101,B003,1,646.39,0.1,581.75,460.5,121.25,Completed
ORD008039,2023-08-25,CUST01531,PROD0009,B001,1,319.28,0.1,287.36,195.53,91.83,Completed
ORD008042,2023-09-03,CUST02012,PROD0035,B005,1,580.41,0.0,580.41,435.62,144.79,Completed
ORD008044,2023-07-19,CUST02469,PROD0017,B002,5,4347.97,0.15,3695.77,3159.89,535.88,Completed
ORD008045,2023-12-04,CUST00679,PROD0001,B003,4,7757.58,0.1,6981.82,4252.71,2729.11,Completed
ORD008046,2023-08-18,CUST00272,PROD0048,B004,3,2665.1,0.05,2531.85,1846.48,685.37,Completed
ORD008050,2023-07-22,CUST01828,PROD0077,B001,1,304.02,0.05,288.82,246.05,42.77,Completed
ORD008051,2023-03-15,CUST00995,PROD0094,B002,3,585.84,0.1,527.26,351.05,176.21,Completed
ORD008060,2023-09-01,CUST02175,PROD0117,B001,3,2316.79,0.0,2316.79,1428.37,888.42,Completed
ORD008062,2023-01-05,CUST00791,PROD0046,B004,2,446.67,0.1,402.0,337.11,64.89,Completed
ORD008080,2023-07-18,CUST01905,PROD0117,B001,3,2316.79,0.1,2085.12,1428.37,656.75,Completed
ORD008082,2023-05-12,CUST01599,PROD0112,B002,4,3465.45,0.1,3118.91,2713.31,405.6,Completed
ORD008087,2023-09-23,CUST00312,PROD0097,B002,3,5283.51,0.15,4490.98,3253.85,1237.13,Completed
ORD008089,2023-02-02,CUST00313,PROD0033,B001,5,3001.7,0.15,2551.45,1916.21,635.24,Completed
ORD008090,2023-11-12,CUST00681,PROD0025,B003,2,1980.09,0.1,1782.08,1181.43,600.65,Completed
ORD008098,2023-08-13,CUST02324,PROD0098,B005,3,2998.18,0.15,2548.45,1676.49,871.96,Completed
ORD008099,2023-02-18,CUST00184,PROD0080,B001,1,406.6,0.2,325.28,282.0,43.28,Completed
ORD008100,2023-04-22,CUST01069,PROD0014,B003,2,2761.75,0.2,2209.4,1581.2,628.2,Completed
ORD008101,2023-02-15,CUST02456,PROD0075,B001,1,1413.9,0.15,1201.82,1092.46,109.36,Completed
ORD008103,2023-12-14,CUST01600,PROD0069,B002,2,2530.07,0.15,2150.56,1372.88,777.68,Completed
ORD008104,2023-04-27,CUST02161,PROD0050,B002,1,1099.14,0.1,989.23,634.27,354.96,Completed
ORD008112,2023-11-11,CUST00114,PROD0007,B003,4,190.83,0.15,162.2,143.01,19.19,Completed
ORD008114,2023-08-30,CUST00689,PROD0019,B002,5,4443.47,0.05,4221.3,2770.95,1450.35,Completed
ORD008119,2023-06-27,CUST01624,PROD0034,B001,4,4309.79,0.05,4094.3,2866.35,1227.95,Completed
ORD008121,2023-11-18,CUST01115,PROD0057,B003,4,2206.44,0.1,1985.79,2595.81,-610.02,Completed
ORD008126,2023-11-20,CUST00940,PROD0080,B001,2,813.2,0.1,731.88,563.99,167.89,Completed
ORD008127,2023-12-23,CUST01518,PROD0007,B004,4,190.83,0.1,171.75,143.01,28.74,Completed
ORD008128,2023-12-25,CUST01191,PROD0060,B004,5,447.63,0.0,447.63,293.88,153.75,Completed
ORD008131,2023-04-03,CUST00262,PROD0111,B001,1,1834.82,0.25,1376.11,1107.06,269.05,Completed
ORD008139,2023-02-14,CUST02292,PROD0012,B004,3,388.85,0.1,349.97,262.72,87.25,Completed
ORD008157,2023-12-11,CUST02400,PROD0008,B001,3,796.66,0.05,756.83,656.72,100.11,Completed
ORD008158,2023-07-21,CUST02120,PROD0007,B003,5,238.54,0.1,214.68,178.76,35.92,Completed
ORD008160,2023-06-30,CUST02423,PROD0042,B004,4,5814.11,0.2,4651.29,4257.54,393.75,Completed
ORD008167,2023-05-03,CUST00844,PROD0036,B003,1,283.36,0.1,255.03,153.22,101.81,Completed
ORD008169,2023-08-15,CUST01441,PROD0117,B002,1,772.26,0.1,695.04,476.12,218.92,Completed
ORD008174,2023-05-28,CUST02318,PROD0085,B004,4,172.21,0.0,172.21,136.46,35.75,Completed
ORD008187,2023-07-31,CUST01029,PROD0052,B004,1,660.68,0.2,528.55,453.35,75.2,Completed
ORD008188,2023-09-16,CUST00199,PROD0115,B005,4,2986.19,0.05,2836.87,1842.61,994.26,Completed
ORD008190,2023-02-28,CUST01683,PROD0057,B001,5,5025.49,0.1,4522.94,3244.76,1278.18,Completed
ORD008192,2023-02-11,CUST00539,PROD0066,B003,4,5592.86,0.15,4753.93,4017.96,735.97,Completed
ORD008196,2023-07-05,CUST01596,PROD0115,B001,2,1493.09,0.15,1269.13,921.31,347.82,Completed
ORD008197,2023-03-16,CUST02104,PROD0052,B001,4,2642.73,0.15,2246.32,1813.4,432.92,Completed
ORD008200,2023-04-13,CUST02438,PROD0093,B001,2,1732.71,0.2,1386.16,1271.34,114.82,Completed
ORD008201,2023-03-05,CUST02441,PROD0099,B004,3,2547.81,0.15,2165.64,1780.7,384.94,Completed
ORD008202,2023-07-23,CUST01743,PROD0116,B004,4,1048.69,0.1,943.82,860.36,83.46,Completed
ORD008203,2023-06-14,CUST00691,PROD0020,B003,1,760.64,0.1,684.58,547.73,136.85,Completed
ORD008206,2023-10-26,CUST01094,PROD0049,B003,2,2665.44,0.05,2532.17,1542.16,990.01,Completed
ORD008207,2023-08-07,CUST00201,PROD0081,B003,4,532.43,0.1,479.19,396.43,82.76,Completed
ORD008217,2023-04-22,CUST01158,PROD0117,B001,3,2316.79,0.1,2085.12,1428.37,656.75,Completed
ORD008226,2023-02-14,CUST01961,PROD0088,B002,4,1795.48,0.2,1436.39,1158.41,277.98,Completed
ORD008229,2023-10-27,CUST01373,PROD0087,B001,2,2362.13,0.1,2125.91,1649.39,476.52,Completed
ORD008230,2023-10-16,CUST02115,PROD0116,B005,2,524.35,0.0,524.35,430.18,94.17,Completed
ORD008231,2023-06-15,CUST00305,PROD0114,B003,2,2749.07,0.15,2336.71,2086.33,250.38,Completed
ORD008236,2023-11-14,CUST01952,PROD0053,B004,3,1667.51,0.15,1417.39,1084.81,332.58,Completed
ORD008239,2023-01-13,CUST01115,PROD0026,B004,4,1574.03,0.0,1574.03,1137.19,436.84,Completed
ORD008242,2023-10-18,CUST00009,PROD0055,B003,2,929.48,0.1,836.54,527.08,309.46,Completed
ORD008244,2023-09-26,CUST02454,PROD0045,B003,1,1004.75,0.2,803.8,716.56,87.24,Completed
ORD008250,2023-01-31,CUST02326,PROD0104,B005,5,5412.45,0.15,4600.58,5297.84,-697.26,Completed
ORD008252,2023-12-25,CUST02089,PROD0047,B001,2,620.39,0.1,558.36,359.3,199.06,Completed
ORD008254,2023-05-28,CUST01589,PROD0045,B003,2,2009.5,0.2,1607.6,1433.11,174.49,Completed
ORD008258,2023-02-28,CUST00387,PROD0034,B004,1,1077.45,0.15,915.83,716.59,199.24,Completed
ORD008264,2023-05-21,CUST02380,PROD0089,B001,3,1030.0,0.0,1030.0,676.76,353.24,Completed
ORD008265,2023-02-03,CUST00005,PROD0094,B005,1,195.28,0.15,165.99,117.02,48.97,Completed
ORD008273,2023-11-17,CUST01977,PROD0071,B005,4,1919.14,0.0,1919.14,1494.29,424.85,Completed
ORD008292,2023-01-24,CUST00724,PROD0072,B001,4,1860.63,0.0,1860.63,1306.48,554.15,Completed
ORD008293,2023-06-17,CUST01812,PROD0119,B004,3,1795.75,0.15,1526.39,1302.93,223.46,Completed
ORD008294,2023-09-23,CUST00585,PROD0097,B005,4,7044.68,0.0,7044.68,4338.46,2706.22,Completed
ORD008296,2023-10-17,CUST01652,PROD0054,B001,1,1127.68,0.2,902.14,762.03,140.11,Completed
ORD008299,2023-07-14,CUST02107,PROD0072,B004,1,465.16,0.1,418.64,326.62,92.02,Completed
ORD008300,2023-12-09,CUST02423,PROD0096,B002,5,8884.61,0.15,7551.92,5172.37,2379.55,Completed
ORD008305,2023-01-15,CUST01415,PROD0068,B004,5,5124.67,0.1,4612.2,4116.82,495.38,Completed
ORD008306,2023-10-28,CUST00320,PROD0031,B003,2,1334.07,0.15,1133.96,1094.99,38.97,Completed
ORD008314,2023-06-20,CUST00202,PROD0008,B003,2,531.11,0.1,478.0,437.82,40.18,Completed
ORD008321,2023-09-22,CUST01815,PROD0110,B004,1,796.71,0.1,717.04,463.19,253.85,Completed
ORD008325,2023-08-27,CUST02081,PROD0026,B002,1,393.51,0.1,354.15,284.3,69.85,Completed
ORD008330,2023-05-23,CUST01903,PROD0021,B002,1,845.16,0.1,760.64,513.58,247.06,Completed
ORD008333,2023-09-02,CUST01653,PROD0011,B005,2,1695.9,0.1,1526.31,1315.25,211.06,Completed
ORD008338,2023-12-27,CUST00323,PROD0020,B002,5,3803.19,0.0,3803.19,2738.67,1064.52,Completed
ORD008340,2023-12-06,CUST01311,PROD0053,B001,2,1111.68,0.15,944.92,723.21,221.71,Completed
ORD008341,2023-01-20,CUST01933,PROD0097,B002,5,8805.85,0.25,6604.39,5423.08,1181.31,Completed
ORD008345,2023-04-05,CUST00676,PROD0068,B002,5,5124.67,0.05,4868.44,4116.82,751.62,Completed
ORD008358,2023-11-05,CUST00033,PROD0037,B004,1,579.67,0.2,463.74,482.56,-18.82,Completed
ORD008360,2023-03-14,CUST01927,PROD0021,B001,1,845.16,0.05,802.9,513.58,289.32,Completed
ORD008362,2023-04-25,CUST02285,PROD0091,B001,2,827.35,0.0,827.35,630.58,196.77,Completed
ORD008368,2023-11-30,CUST02405,PROD0098,B003,4,3997.57,0.05,3797.69,2235.32,1562.37,Completed
ORD008370,2023-05-17,CUST02127,PROD0039,B002,1,1482.69,0.1,1334.42,826.25,508.17,Completed
ORD008375,2023-02-27,CUST01081,PROD0112,B005,2,1732.73,0.1,1559.45,1356.66,202.79,Completed
ORD008376,2023-05-18,CUST01985,PROD0036,B002,2,566.72,0.2,453.38,306.44,146.94,Completed
ORD008378,2023-08-01,CUST02245,PROD0113,B001,5,6270.92,0.25,4703.19,4534.77,168.42,Completed
ORD008381,2023-04-02,CUST00052,PROD0077,B002,3,912.07,0.0,912.07,738.16,173.91,Completed
ORD008383,2023-06-14,CUST00316,PROD0120,B002,4,2276.66,0.05,2162.83,1467.78,695.05,Completed
ORD008384,2023-07-05,CUST01809,PROD0005,B003,5,6111.97,0.2,4889.58,3768.65,1120.93,Completed
ORD008391,2023-05-06,CUST01205,PROD0005,B003,3,3667.18,0.1,3300.47,2261.19,1039.28,Completed
ORD008400,2023-01-19,CUST02111,PROD0109,B003,1,1355.87,0.1,1220.28,975.11,245.17,Completed
ORD008405,2023-01-09,CUST00904,PROD0042,B001,4,5814.11,0.25,4360.58,4257.54,103.04,Completed
ORD008408,2023-03-04,CUST01379,PROD0031,B001,3,2001.1,0.05,1901.05,1642.48,258.57,Completed
ORD008409,2023-06-14,CUST01774,PROD0052,B003,1,660.68,0.0,660.68,453.35,207.33,Completed
ORD008424,2023-11-01,CUST00420,PROD0023,B005,1,1273.06,0.05,1209.41,786.92,422.49,Completed
ORD008426,2023-04-02,CUST01526,PROD0089,B004,2,686.67,0.2,549.34,451.18,98.16,Completed
ORD008428,2023-04-29,CUST01403,PROD0056,B003,3,4235.16,0.2,3388.12,3172.93,215.19,Completed
ORD008432,2023-02-22,CUST00217,PROD0093,B002,4,3465.41,0.15,2945.6,2542.69,402.91,Completed
ORD008437,2023-12-09,CUST00290,PROD0101,B003,2,1292.78,0.1,1163.5,921.0,242.5,Completed
ORD008441,2023-04-04,CUST00642,PROD0014,B005,1,1380.88,0.2,1104.7,790.6,314.1,Completed
ORD008445,2023-09-23,CUST02058,PROD0053,B001,2,1111.68,0.15,944.92,723.21,221.71,Completed
ORD008446,2023-06-14,CUST01107,PROD0027,B002,5,3421.89,0.05,3250.79,2478.73,772.06,Completed
ORD008449,2023-11-22,CUST00796,PROD0030,B004,2,2038.77,0.05,1936.83,1627.19,309.64,Completed
ORD008450,2023-12-13,CUST01325,PROD0083,B003,2,3308.37,0.15,2812.12,2242.95,569.17,Completed
ORD008451,2023-08-07,CUST00953,PROD0004,B002,5,1495.87,0.25,1121.9,955.52,166.38,Completed
ORD008452,2023-04-26,CUST01733,PROD0104,B001,5,8012.27,0.0,8012.27,5297.84,2714.43,Completed
ORD008454,2023-03-24,CUST00936,PROD0069,B001,4,5060.14,0.0,5060.14,2745.75,2314.39,Completed
ORD008455,2023-07-09,CUST02125,PROD0091,B002,3,1241.02,0.05,1178.97,945.87,233.1,Completed
ORD008460,2023-08-31,CUST01568,PROD0065,B004,2,2702.67,0.0,2702.67,2022.43,680.24,Completed
ORD008461,2023-09-06,CUST00717,PROD0062,B002,1,729.53,0.0,729.53,578.72,150.81,Completed
ORD008466,2023-11-11,CUST01382,PROD0007,B001,5,238.54,0.05,226.61,178.76,47.85,Completed
ORD008470,2023-09-18,CUST00723,PROD0009,B001,2,638.57,0.1,574.71,391.05,183.66,Completed
ORD008472,2023-01-04,CUST00022,PROD0065,B005,1,1351.33,0.05,1283.77,1011.22,272.55,Completed
ORD008475,2023-06-21,CUST01061,PROD0063,B004,2,265.36,0.0,265.36,200.93,64.43,Completed
ORD008476,2023-10-08,CUST01454,PROD0043,B004,3,874.19,0.15,743.06,535.94,207.12,Completed
ORD008483,2023-09-02,CUST01309,PROD0054,B004,3,3383.03,0.05,3213.88,2286.1,927.78,Completed
ORD008486,2023-01-05,CUST00404,PROD0056,B005,2,2823.44,0.15,2399.92,2115.29,284.63,Completed
ORD008499,2023-08-13,CUST00680,PROD0075,B004,2,2827.8,0.1,2545.02,2184.91,360.11,Completed
ORD008504,2023-07-18,CUST02122,PROD0051,B001,2,1792.18,0.15,1523.36,1188.1,335.26,Completed
ORD008509,2023-03-02,CUST02241,PROD0098,B002,5,4996.96,0.2,3997.57,2794.15,1203.42,Completed
ORD008513,2023-07-22,CUST01718,PROD0004,B001,3,897.52,0.2,718.02,573.31,144.71,Completed
ORD008515,2023-07-16,CUST01270,PROD0057,B002,1,1005.1,0.0,1005.1,648.95,356.15,Completed
ORD008519,2023-12-04,CUST00668,PROD0009,B003,5,1596.42,0.15,1356.96,977.63,379.33,Completed
ORD008523,2023-11-21,CUST02225,PROD0014,B003,4,5523.51,0.15,4694.98,3162.41,1532.57,Completed
ORD008524,2023-09-05,CUST00538,PROD0093,B004,2,1732.71,0.0,1732.71,1271.34,461.37,Completed
ORD008525,2023-04-24,CUST02336,PROD0072,B002,3,1395.47,0.05,1325.7,979.86,345.84,Completed
ORD008526,2023-08-09,CUST00903,PROD0077,B004,5,1520.11,0.0,1520.11,1230.26,289.85,Completed
ORD008527,2023-08-11,CUST02163,PROD0027,B002,5,3421.89,0.0,3421.89,2478.73,943.16,Completed
ORD008528,2023-04-23,CUST02249,PROD0063,B003,1,132.68,0.1,119.41,100.47,18.94,Completed
ORD008532,2023-07-19,CUST02059,PROD0070,B001,2,401.05,0.0,401.05,275.18,125.87,Completed
ORD008534,2023-08-18,CUST00578,PROD0066,B002,4,5592.86,0.2,4474.29,4017.96,456.33,Completed
ORD008541,2023-08-23,CUST00261,PROD0055,B001,1,464.74,0.0,464.74,263.54,201.2,Completed
ORD008546,2023-08-02,CUST00068,PROD0024,B003,3,3846.1,0.1,3461.49,2109.28,1352.21,Completed
ORD008547,2023-09-25,CUST01404,PROD0005,B003,1,1222.39,0.1,1100.15,753.73,346.42,Completed
ORD008551,2023-04-13,CUST01629,PROD0009,B001,2,638.57,0.1,574.71,391.05,183.66,Completed
ORD008555,2023-11-15,CUST00696,PROD0100,B001,4,3243.95,0.2,2595.16,2533.12,62.04,Completed
ORD008556,2023-01-24,CUST01345,PROD0068,B003,3,3074.8,0.0,3074.8,2470.09,604.71,Completed
ORD008562,2023-04-01,CUST01470,PROD0039,B001,4,5930.76,0.15,5041.14,3304.98,1736.16,Completed
ORD008568,2023-01-04,CUST02275,PROD0056,B005,4,5646.88,0.0,5646.88,4230.57,1416.31,Completed
ORD008570,2023-08-07,CUST01155,PROD0009,B004,1,319.28,0.0,319.28,195.53,123.75,Completed
ORD008577,2023-09-05,CUST00985,PROD0119,B004,1,598.58,0.05,568.66,434.31,134.35,Completed
ORD008585,2023-03-29,CUST00482,PROD0119,B004,5,2992.91,0.05,2843.27,2171.55,671.72,Completed
ORD008590,2023-10-03,CUST01381,PROD0071,B003,3,1439.36,0.1,1295.42,1120.72,174.7,Completed
ORD008591,2023-05-26,CUST01080,PROD0098,B002,5,4996.96,0.05,4747.11,2794.15,1952.96,Completed
ORD008593,2023-09-20,CUST02352,PROD0110,B001,5,3983.57,0.05,3784.39,2315.96,1468.43,Completed
ORD008594,2023-11-17,CUST01642,PROD0037,B002,5,2898.37,0.1,2608.53,2412.79,195.74,Completed
ORD008595,2023-01-30,CUST02212,PROD0065,B005,2,2702.67,0.05,2567.53,2022.43,545.1,Completed
ORD008599,2023-11-04,CUST00529,PROD0091,B005,4,1654.7,0.15,1406.49,1261.16,145.33,Completed
ORD008601,2023-06-29,CUST00158,PROD0110,B004,5,3983.57,0.25,2987.68,2315.96,671.72,Completed
ORD008602,2023-03-24,CUST01636,PROD0117,B001,1,772.26,0.2,617.81,476.12,141.69,Completed
ORD008613,2023-02-05,CUST00268,PROD0112,B005,1,866.36,0.05,823.05,678.33,144.72,Completed
ORD008629,2023-01-23,CUST01542,PROD0106,B001,3,2155.74,0.05,2047.95,1293.66,754.29,Completed
ORD008632,2023-04-04,CUST01088,PROD0050,B004,3,3297.42,0.15,2802.81,1902.8,900.01,Completed
ORD008638,2023-08-17,CUST00103,PROD0086,B003,3,1583.6,0.15,1346.06,1202.23,143.83,Completed
ORD008639,2023-09-27,CUST02171,PROD0002,B004,4,2720.55,0.1,2448.5,1645.04,803.46,Completed
ORD008640,2023-04-03,CUST00278,PROD0037,B002,2,1159.35,0.0,1159.35,965.12,194.23,Completed
ORD008651,2023-12-27,CUST00778,PROD0029,B001,4,1832.02,0.0,1832.02,1063.4,768.62,Completed
ORD008653,2023-02-01,CUST01168,PROD0070,B004,5,1002.62,0.05,952.49,687.96,264.53,Completed
ORD008654,2023-09-21,CUST00074,PROD0013,B001,1,676.55,0.1,608.9,457.72,151.18,Completed
ORD008662,2023-08-20,CUST00122,PROD0078,B002,4,3727.82,0.1,3355.04,2295.91,1059.13,Completed
ORD008663,2023-05-25,CUST01999,PROD0039,B001,5,7413.45,0.0,7413.45,4131.23,3282.22,Completed
ORD008666,2023-06-14,CUST01817,PROD0016,B002,4,355.46,0.2,284.37,212.86,71.51,Completed
ORD008667,2023-03-30,CUST02263,PROD0119,B001,2,1197.16,0.2,957.73,868.62,89.11,Completed
ORD008669,2023-02-27,CUST02418,PROD0084,B004,4,2073.08,0.15,1762.12,1530.5,231.62,Completed
ORD008671,2023-10-04,CUST01249,PROD0050,B002,5,5495.7,0.2,4396.56,3171.34,1225.22,Completed
ORD008676,2023-11-23,CUST00284,PROD0107,B002,1,1778.2,0.25,1333.65,1087.67,245.98,Completed
ORD008680,2023-11-04,CUST01224,PROD0114,B004,2,2749.07,0.0,2749.07,2086.33,662.74,Completed
ORD008691,2023-05-01,CUST01965,PROD0094,B005,3,585.84,0.15,497.97,351.05,146.92,Completed
ORD008693,2023-02-28,CUST00489,PROD0049,B004,2,2665.44,0.15,2265.63,1542.16,723.47,Completed
ORD008695,2023-06-15,CUST00962,PROD0039,B004,2,2965.38,0.05,2817.11,1652.49,1164.62,Completed
ORD008696,2023-09-05,CUST01239,PROD0025,B002,2,1980.09,0.1,1782.08,1181.43,600.65,Completed
ORD008697,2023-05-23,CUST00188,PROD0023,B005,1,1273.06,0.1,1145.75,786.92,358.83,Completed
ORD008699,2023-04-12,CUST02277,PROD0111,B002,1,1834.82,0.05,1743.08,1107.06,636.02,Completed
ORD008700,2023-01-20,CUST02353,PROD0008,B001,2,531.11,0.2,424.88,437.82,-12.94,Completed
ORD008701,2023-01-20,CUST02158,PROD0047,B002,2,620.39,0.1,558.36,359.3,199.06,Completed
ORD008702,2023-01-08,CUST02042,PROD0012,B002,2,259.23,0.2,207.39,175.15,32.24,Completed
ORD008703,2023-09-10,CUST01920,PROD0047,B002,3,930.59,0.1,837.53,538.95,298.58,Completed
ORD008708,2023-06-17,CUST02051,PROD0063,B003,4,530.72,0.0,530.72,401.86,128.86,Completed
ORD008712,2023-11-12,CUST01535,PROD0100,B003,3,2432.96,0.1,2189.67,1899.84,289.83,Completed
ORD008713,2023-05-21,CUST00455,PROD0073,B001,5,914.01,0.1,822.61,599.86,222.75,Completed
ORD008717,2023-11-26,CUST00776,PROD0009,B003,2,638.57,0.1,574.71,391.05,183.66,Completed
ORD008720,2023-02-14,CUST01445,PROD0011,B004,4,2212.35,0.1,1991.12,2630.5,-639.38,Completed
ORD008721,2023-06-20,CUST01607,PROD0004,B002,4,1196.7,0.05,1136.86,764.42,372.44,Completed
ORD008730,2023-06-24,CUST01786,PROD0110,B002,5,3983.57,0.15,3386.03,2315.96,1070.07,Completed
ORD008731,2023-12-05,CUST00211,PROD0022,B004,2,2528.68,0.1,2275.81,1827.16,448.65,Completed
ORD008732,2023-11-28,CUST00759,PROD0003,B002,4,1511.16,0.05,1435.61,1070.91,364.7,Completed
ORD008734,2023-04-19,CUST00209,PROD0115,B002,3,2239.64,0.2,1791.71,1381.96,409.75,Completed
ORD008737,2023-04-20,CUST02364,PROD0095,B002,1,355.14,0.0,355.14,267.88,87.26,Completed
ORD008738,2023-10-13,CUST01245,PROD0025,B005,1,990.04,0.1,891.04,590.72,300.32,Completed
ORD008739,2023-03-01,CUST02089,PROD0043,B002,4,1165.59,0.1,1049.03,714.58,334.45,Completed
ORD008741,2023-05-11,CUST00776,PROD0061,B004,4,1792.8,0.2,1434.24,1260.1,174.14,Completed
ORD008745,2023-02-16,CUST01368,PROD0088,B002,4,1795.48,0.15,1526.16,1158.41,367.75,Completed
ORD008746,2023-05-06,CUST00233,PROD0117,B001,3,2316.79,0.15,1969.27,1428.37,540.9,Completed
ORD008750,2023-10-14,CUST00296,PROD0030,B001,3,3058.15,0.0,3058.15,2440.78,617.37,Completed
ORD008761,2023-12-26,CUST01605,PROD0055,B002,3,1394.23,0.05,1324.51,790.62,533.89,Completed
ORD008763,2023-03-07,CUST01881,PROD0049,B005,1,1332.72,0.05,1266.09,771.08,495.01,Completed
ORD008779,2023-10-05,CUST01496,PROD0063,B005,1,132.68,0.0,132.68,100.47,32.21,Completed
ORD008781,2023-09-18,CUST00596,PROD0047,B001,2,620.39,0.15,527.34,359.3,168.04,Completed
ORD008785,2023-05-03,CUST02312,PROD0039,B002,2,1452.78,0.05,1380.14,1652.49,-272.35,Completed
ORD008789,2023-01-17,CUST01207,PROD0049,B001,5,6663.61,0.15,5664.07,3855.39,1808.68,Completed
ORD008794,2023-07-09,CUST02489,PROD0100,B003,5,4054.94,0.15,3446.7,3166.4,280.3,Completed
ORD008798,2023-03-20,CUST00207,PROD0020,B003,1,760.64,0.1,684.58,547.73,136.85,Completed
ORD008803,2023-04-21,CUST00617,PROD0059,B003,3,2925.0,0.15,2486.25,1850.13,636.12,Completed
ORD008805,2023-12-28,CUST02211,PROD0036,B004,2,303.71,0.05,288.53,306.44,-17.91,Completed
ORD008808,2023-06-12,CUST00242,PROD0029,B002,2,916.01,0.1,824.41,531.7,292.71,Completed
ORD008813,2023-11-07,CUST02322,PROD0063,B001,5,663.4,0.1,597.06,502.33,94.73,Completed
ORD008814,2023-01-10,CUST01832,PROD0073,B001,1,182.8,0.0,182.8,119.97,62.83,Completed
ORD008816,2023-09-07,CUST00071,PROD0061,B003,4,1792.8,0.15,1523.88,1260.1,263.78,Completed
ORD008818,2023-07-19,CUST01323,PROD0044,B005,1,1093.95,0.1,984.55,607.41,377.14,Completed
ORD008822,2023-06-28,CUST01404,PROD0050,B002,2,2198.28,0.05,2088.37,1268.54,819.83,Completed
ORD008823,2023-11-06,CUST01275,PROD0001,B001,4,7757.58,0.0,7757.58,4252.71,3504.87,Completed
ORD008825,2023-08-23,CUST01232,PROD0091,B003,3,1241.02,0.1,1116.92,945.87,171.05,Completed
ORD008828,2023-06-27,CUST01211,PROD0006,B002,4,2677.86,0.15,2276.18,1943.61,332.57,Completed
ORD008830,2023-01-28,CUST02397,PROD0023,B002,5,6365.28,0.05,6047.02,3934.59,2112.43,Completed
ORD008832,2023-04-28,CUST01634,PROD0101,B001,1,646.39,0.0,646.39,460.5,185.89,Completed
ORD008833,2023-12-01,CUST02415,PROD0105,B004,1,421.74,0.15,358.48,310.8,47.68,Completed
ORD008834,2023-02-15,CUST02069,PROD0091,B004,5,2068.37,0.1,1861.54,1576.45,285.09,Completed
ORD008840,2023-01-01,CUST01570,PROD0094,B003,1,195.28,0.05,185.52,117.02,68.5,Completed
ORD008843,2023-12-31,CUST01657,PROD0012,B003,3,388.85,0.1,349.97,262.72,87.25,Completed
ORD008847,2023-10-08,CUST00503,PROD0096,B002,3,5330.76,0.2,4264.61,3103.42,1161.19,Completed
ORD008848,2023-10-27,CUST00918,PROD0111,B003,5,9174.1,0.15,7797.98,5535.31,2262.67,Completed
ORD008854,2023-03-18,CUST00064,PROD0105,B001,4,1686.95,0.15,1433.91,1243.18,190.73,Completed
ORD008856,2023-10-07,CUST00907,PROD0034,B004,4,4309.79,0.15,3663.32,2866.35,796.97,Completed
ORD008857,2023-07-09,CUST01296,PROD0081,B005,5,665.54,0.2,532.43,495.54,36.89,Completed
ORD008867,2023-04-14,CUST01357,PROD0023,B004,1,1273.06,0.15,1082.1,786.92,295.18,Completed
ORD008870,2023-01-28,CUST00568,PROD0047,B001,4,1240.79,0.05,1178.75,718.6,460.15,Completed
ORD008878,2023-07-12,CUST02106,PROD0107,B003,2,3556.4,0.25,2667.3,2175.34,491.96,Completed
ORD008879,2023-07-20,CUST02470,PROD0081,B003,1,133.11,0.05,126.45,99.11,27.34,Completed
ORD008883,2023-12-13,CUST00119,PROD0002,B004,5,3400.69,0.15,2890.59,2056.3,834.29,Completed
ORD008884,2023-11-18,CUST02417,PROD0088,B001,4,1795.48,0.15,1526.16,1158.41,367.75,Completed
ORD008895,2023-12-27,CUST02014,PROD0048,B002,3,2665.1,0.05,2531.85,1846.48,685.37,Completed
ORD008896,2023-07-06,CUST00266,PROD0095,B003,2,710.27,0.1,639.25,535.77,103.48,Completed
ORD008897,2023-06-14,CUST01669,PROD0014,B002,3,4142.63,0.05,3935.5,2371.81,1563.69,Completed
ORD008904,2023-01-26,CUST02341,PROD0052,B005,2,1321.37,0.15,1123.16,906.7,216.46,Completed
ORD008907,2023-07-28,CUST02399,PROD0023,B002,1,1273.06,0.05,1209.41,786.92,422.49,Completed
ORD008910,2023-07-18,CUST02009,PROD0025,B001,5,4950.22,0.15,4207.69,2953.59,1254.1,Completed
ORD008918,2023-05-02,CUST00206,PROD0067,B003,4,3627.23,0.0,3627.23,1989.31,1637.92,Completed
ORD008920,2023-08-27,CUST00987,PROD0014,B002,1,1380.88,0.05,1311.83,790.6,521.23,Completed
ORD008923,2023-08-26,CUST00689,PROD0097,B005,3,5283.51,0.2,4226.81,3253.85,972.96,Completed
ORD008924,2023-01-15,CUST02369,PROD0028,B001,5,3650.96,0.15,3103.31,2292.57,810.74,Completed
ORD008926,2023-07-13,CUST01377,PROD0036,B002,3,850.08,0.05,807.58,459.65,347.93,Completed
ORD008930,2023-10-03,CUST02258,PROD0095,B001,4,1420.55,0.1,1278.49,1071.54,206.95,Completed
ORD008931,2023-07-14,CUST01170,PROD0053,B002,5,2779.19,0.2,2223.35,1808.01,415.34,Completed
ORD008934,2023-01-11,CUST00314,PROD0115,B004,5,3732.73,0.0,3732.73,2303.26,1429.47,Completed
ORD008936,2023-10-23,CUST01119,PROD0100,B004,5,4054.94,0.0,4054.94,3166.4,888.54,Completed
ORD008940,2023-08-03,CUST00933,PROD0082,B005,3,6283.58,0.05,5969.4,3400.99,2568.41,Completed
ORD008942,2023-08-07,CUST00631,PROD0048,B002,2,1776.73,0.05,1687.9,1230.99,456.91,Completed
ORD008943,2023-08-04,CUST00056,PROD0085,B004,4,172.21,0.15,146.37,136.46,9.91,Completed
ORD008946,2023-07-24,CUST02270,PROD0110,B005,1,796.71,0.1,717.04,463.19,253.85,Completed
ORD008963,2023-10-19,CUST00601,PROD0003,B002,2,755.58,0.15,642.24,535.46,106.78,Completed
ORD008964,2023-12-27,CUST02411,PROD0104,B001,5,8012.27,0.05,7611.66,5297.84,2313.82,Completed
ORD008965,2023-07-10,CUST02011,PROD0093,B001,4,3465.41,0.0,3465.41,2542.69,922.72,Completed
ORD008966,2023-10-07,CUST00375,PROD0101,B004,5,3231.94,0.05,3070.34,2302.51,767.83,Completed
ORD008972,2023-03-27,CUST01120,PROD0116,B005,4,1048.69,0.1,943.82,860.36,83.46,Completed
ORD008974,2023-02-20,CUST00672,PROD0086,B004,3,1583.6,0.15,1346.06,1202.23,143.83,Completed
ORD008977,2023-10-22,CUST01744,PROD0079,B005,5,866.51,0.1,779.86,582.85,197.01,Completed
ORD008981,2023-01-14,CUST01638,PROD0015,B002,3,4263.2,0.1,3836.88,2651.18,1185.7,Completed
ORD008986,2023-04-27,CUST00454,PROD0034,B005,2,2154.89,0.1,1939.4,1433.18,506.22,Completed
ORD008987,2023-12-22,CUST01864,PROD0096,B001,3,5330.76,0.15,4531.15,3103.42,1427.73,Completed
ORD008989,2023-04-28,CUST00878,PROD0015,B002,2,2842.13,0.0,2842.13,1767.45,1074.68,Completed
ORD008991,2023-05-07,CUST00268,PROD0106,B004,2,890.11,0.1,801.1,862.44,-61.34,Completed
ORD008995,2023-01-08,CUST02308,PROD0014,B003,3,4142.63,0.15,3521.24,2371.81,1149.43,Completed
ORD008997,2023-10-13,CUST00064,PROD0075,B004,4,5655.6,0.2,4524.47,4369.82,154.65,Completed
ORD009000,2023-08-24,CUST01423,PROD0013,B001,3,2029.66,0.05,1928.18,1373.17,555.01,Completed
ORD009003,2023-12-09,CUST00342,PROD0005,B005,2,2444.79,0.15,2078.07,1507.46,570.61,Completed
ORD009006,2023-10-09,CUST00450,PROD0095,B002,1,355.14,0.15,301.87,267.88,33.99,Completed
ORD009014,2023-11-19,CUST01376,PROD0033,B001,1,600.34,0.2,480.27,383.24,97.03,Completed
ORD009023,2023-04-23,CUST01205,PROD0097,B002,1,1761.17,0.15,1496.99,1084.62,412.37,Completed
ORD009027,2023-08-08,CUST01730,PROD0059,B003,3,2925.0,0.05,2778.75,1850.13,928.62,Completed
ORD009041,2023-09-09,CUST01859,PROD0036,B004,2,566.72,0.0,566.72,306.44,260.28,Completed
ORD009047,2023-09-04,CUST02325,PROD0112,B001,1,866.36,0.15,736.41,678.33,58.08,Completed
ORD009056,2023-04-23,CUST00241,PROD0054,B004,3,3383.03,0.05,3213.88,2286.1,927.78,Completed
ORD009057,2023-06-13,CUST01878,PROD0059,B001,4,3900.0,0.15,3315.0,2466.85,848.15,Completed
ORD009058,2023-06-15,CUST01728,PROD0109,B005,2,2711.73,0.0,2711.73,1950.22,761.51,Completed
ORD009060,2023-05-03,CUST01694,PROD0072,B004,3,1395.47,0.15,1186.15,979.86,206.29,Completed
ORD009065,2023-04-28,CUST00687,PROD0105,B001,1,421.74,0.05,400.65,310.8,89.85,Completed
ORD009067,2023-05-24,CUST02424,PROD0002,B004,4,2720.55,0.1,2448.5,1645.04,803.46,Completed
ORD009070,2023-10-31,CUST00637,PROD0028,B003,1,730.19,0.0,730.19,458.51,271.68,Completed
ORD009073,2023-05-29,CUST02074,PROD0024,B003,4,5128.14,0.15,4358.92,2812.38,1546.54,Completed
ORD009075,2023-01-20,CUST01442,PROD0086,B001,2,1055.73,0.0,1055.73,801.48,254.25,Completed
ORD009078,2023-09-25,CUST01031,PROD0117,B002,3,2316.79,0.1,2085.12,1428.37,656.75,Completed
ORD009079,2023-07-20,CUST01257,PROD0068,B005,1,1024.93,0.0,1024.93,823.36,201.57,Completed
ORD009083,2023-09-25,CUST02208,PROD0057,B002,4,4020.4,0.05,3819.38,2595.81,1223.57,Completed
ORD009085,2023-07-21,CUST01739,PROD0111,B002,3,5504.46,0.05,5229.23,3321.19,1908.04,Completed
ORD009086,2023-04-29,CUST01691,PROD0048,B005,4,2582.19,0.1,2323.97,2461.98,-138.01,Completed
ORD009090,2023-04-11,CUST00825,PROD0001,B003,4,7757.58,0.2,6206.06,4252.71,1953.35,Completed
ORD009091,2023-04-14,CUST00002,PROD0034,B005,5,5387.24,0.05,5117.88,3582.94,1534.94,Completed
ORD009092,2023-08-30,CUST02065,PROD0060,B002,4,358.1,0.1,322.29,235.11,87.18,Completed
ORD009094,2023-03-08,CUST00324,PROD0061,B004,2,896.4,0.05,851.58,630.05,221.53,Completed
ORD009104,2023-01-07,CUST01412,PROD0038,B004,2,119.86,0.05,113.87,81.42,32.45,Completed
ORD009107,2023-10-26,CUST01974,PROD0019,B004,5,4443.47,0.0,4443.47,2770.95,1672.52,Completed
ORD009113,2023-12-06,CUST01987,PROD0110,B003,3,2390.14,0.15,2031.62,1389.57,642.05,Completed
ORD009116,2023-01-28,CUST01176,PROD0118,B003,2,579.77,0.15,492.8,388.34,104.46,Completed
ORD009117,2023-08-18,CUST01809,PROD0007,B004,4,190.83,0.15,162.2,143.01,19.19,Completed
ORD009119,2023-02-03,CUST02038,PROD0079,B002,1,173.3,0.15,147.31,116.57,30.74,Completed
ORD009127,2023-09-20,CUST02002,PROD0025,B005,3,2970.13,0.15,2524.61,1772.15,752.46,Completed
ORD009131,2023-04-12,CUST01130,PROD0043,B004,1,291.4,0.15,247.69,178.65,69.04,Completed
ORD009135,2023-11-15,CUST01761,PROD0007,B002,1,47.71,0.1,42.94,35.75,7.19,Completed
ORD009136,2023-12-22,CUST00750,PROD0087,B003,2,2362.13,0.1,2125.91,1649.39,476.52,Completed
ORD009137,2023-06-10,CUST01480,PROD0014,B005,1,1380.88,0.1,1242.79,790.6,452.19,Completed
ORD009144,2023-03-12,CUST02401,PROD0030,B004,2,2038.77,0.15,1732.95,1627.19,105.76,Completed
ORD009145,2023-04-11,CUST00491,PROD0092,B002,2,208.89,0.2,167.11,133.27,33.84,Completed
ORD009151,2023-12-25,CUST00736,PROD0088,B001,1,448.87,0.1,403.98,289.6,114.38,Completed
ORD009156,2023-04-03,CUST02343,PROD0028,B001,4,2920.77,0.2,2336.61,1834.06,502.55,Completed
ORD009158,2023-12-13,CUST00991,PROD0073,B003,3,548.4,0.1,493.57,359.92,133.65,Completed
ORD009163,2023-12-07,CUST02076,PROD0110,B003,4,3186.86,0.1,2868.17,1852.77,1015.4,Completed
ORD009166,2023-12-20,CUST00868,PROD0010,B001,2,3685.11,0.1,3316.6,2143.99,1172.61,Completed
ORD009173,2023-02-19,CUST01036,PROD0105,B001,5,2108.69,0.0,2108.69,1553.98,554.71,Completed
ORD009174,2023-01-19,CUST02310,PROD0006,B004,1,669.46,0.15,569.05,485.9,83.15,Completed
ORD009177,2023-10-26,CUST02138,PROD0020,B003,4,3042.55,0.25,2281.92,2190.93,90.99,Completed
ORD009179,2023-11-07,CUST01642,PROD0017,B003,3,2608.78,0.1,2347.9,1895.94,451.96,Completed
ORD009180,2023-03-11,CUST00547,PROD0102,B005,5,3857.01,0.1,3471.31,2224.33,1246.98,Completed
ORD009184,2023-02-02,CUST01651,PROD0039,B003,2,2965.38,0.1,2668.84,1652.49,1016.35,Completed
ORD009185,2023-03-19,CUST01259,PROD0036,B001,5,1416.8,0.05,1345.96,766.09,579.87,Completed
ORD009186,2023-01-03,CUST01950,PROD0036,B001,3,850.08,0.1,765.07,459.65,305.42,Completed
ORD009200,2023-06-26,CUST00889,PROD0108,B001,3,2729.65,0.1,2456.68,1570.27,886.41,Completed
ORD009204,2023-01-16,CUST00301,PROD0093,B001,1,626.22,0.2,500.98,635.67,-134.69,Completed
ORD009205,2023-02-04,CUST00085,PROD0074,B003,4,2611.38,0.2,2089.1,2019.35,69.75,Completed
ORD009208,2023-06-17,CUST00074,PROD0011,B002,1,847.95,0.0,847.95,657.62,190.33,Completed
ORD009209,2023-10-12,CUST02435,PROD0049,B001,4,5330.89,0.05,5064.35,3084.32,1980.03,Completed
ORD009219,2023-06-16,CUST01903,PROD0095,B003,3,1065.41,0.05,1012.14,803.65,208.49,Completed
ORD009222,2023-02-15,CUST00917,PROD0070,B002,5,1002.62,0.05,952.49,687.96,264.53,Completed
ORD009231,2023-01-21,CUST00649,PROD0046,B003,3,670.01,0.0,670.01,505.66,164.35,Completed
ORD009233,2023-06-24,CUST01536,PROD0066,B002,5,6991.07,0.15,5942.41,5022.45,919.96,Completed
ORD009240,2023-07-27,CUST00795,PROD0089,B005,4,1373.33,0.0,1373.33,902.35,470.98,Completed
ORD009244,2023-06-24,CUST00095,PROD0085,B002,5,215.26,0.1,193.73,170.57,23.16,Completed
ORD009246,2023-07-07,CUST02224,PROD0088,B001,5,2244.35,0.25,1683.27,1448.01,235.26,Completed
ORD009247,2023-02-22,CUST00780,PROD0049,B002,5,6663.61,0.1,5997.25,3855.39,2141.86,Completed
ORD009251,2023-05-29,CUST01459,PROD0030,B001,1,1019.38,0.15,866.48,813.59,52.89,Completed
ORD009257,2023-06-09,CUST00459,PROD0069,B003,4,5060.14,0.0,5060.14,2745.75,2314.39,Completed
ORD009258,2023-08-09,CUST01178,PROD0009,B004,3,957.85,0.1,862.07,586.58,275.49,Completed
ORD009259,2023-12-15,CUST01998,PROD0072,B003,4,1860.63,0.05,1767.6,1306.48,461.12,Completed
ORD009269,2023-07-04,CUST00733,PROD0046,B003,2,446.67,0.0,446.67,337.11,109.56,Completed
ORD009270,2023-01-06,CUST01526,PROD0018,B002,2,3442.62,0.0,3442.62,2143.81,1298.81,Completed
ORD009275,2023-04-29,CUST00083,PROD0024,B004,3,3846.1,0.1,3461.49,2109.28,1352.21,Completed
ORD009279,2023-07-01,CUST01798,PROD0035,B004,5,2902.06,0.15,2466.75,2178.08,288.67,Completed
ORD009280,2023-09-26,CUST00744,PROD0063,B002,2,265.36,0.05,252.09,200.93,51.16,Completed
ORD009281,2023-06-28,CUST00097,PROD0016,B003,4,355.46,0.0,355.46,212.86,142.6,Completed
ORD009285,2023-07-10,CUST01365,PROD0069,B003,3,3795.1,0.0,3795.1,2059.31,1735.79,Completed
ORD009286,2023-07-20,CUST01417,PROD0008,B001,2,531.11,0.15,451.44,437.82,13.62,Completed
ORD009288,2023-07-12,CUST01474,PROD0005,B002,5,6111.97,0.0,6111.97,3768.65,2343.32,Completed
ORD009296,2023-02-03,CUST01790,PROD0039,B004,4,5930.76,0.05,5634.22,3304.98,2329.24,Completed
ORD009300,2023-03-03,CUST02394,PROD0004,B001,5,1495.87,0.2,1196.7,955.52,241.18,Completed
ORD009302,2023-09-20,CUST00053,PROD0009,B003,2,638.57,0.0,638.57,391.05,247.52,Completed
ORD009304,2023-04-26,CUST02308,PROD0088,B004,4,1795.48,0.0,1795.48,1158.41,637.07,Completed
ORD009307,2023-03-29,CUST00625,PROD0007,B003,2,95.41,0.15,81.1,71.51,9.59,Completed
ORD009308,2023-10-09,CUST02392,PROD0077,B003,2,608.04,0.1,547.24,492.1,55.14,Completed
ORD009310,2023-02-25,CUST01727,PROD0094,B001,5,976.4,0.1,878.76,585.09,293.67,Completed
ORD009313,2023-08-06,CUST01567,PROD0049,B002,5,6663.61,0.1,5997.25,3855.39,2141.86,Completed
ORD009322,2023-10-21,CUST02074,PROD0107,B005,4,7112.81,0.1,6401.52,4350.68,2050.84,Completed
ORD009324,2023-05-29,CUST00159,PROD0013,B001,2,1353.11,0.25,1014.83,915.45,99.38,Completed
ORD009327,2023-06-25,CUST00858,PROD0057,B002,3,3015.3,0.1,2713.77,1946.86,766.91,Completed
ORD009333,2023-04-01,CUST01235,PROD0016,B002,1,88.86,0.1,79.98,53.22,26.76,Completed
ORD009335,2023-11-03,CUST02070,PROD0021,B004,4,3380.64,0.1,3042.58,2054.31,988.27,Completed
ORD009350,2023-11-25,CUST00117,PROD0002,B002,1,680.14,0.1,612.12,411.26,200.86,Completed
ORD009352,2023-10-20,CUST02200,PROD0019,B001,2,1777.39,0.25,1333.04,1108.38,224.66,Completed
ORD009357,2023-08-11,CUST00127,PROD0055,B003,2,929.48,0.2,743.59,527.08,216.51,Completed
ORD009360,2023-05-28,CUST02430,PROD0106,B002,5,3592.9,0.0,3592.9,2156.1,1436.8,Completed
ORD009361,2023-07-06,CUST00114,PROD0011,B005,2,1695.9,0.2,1356.72,1315.25,41.47,Completed
ORD009364,2023-02-02,CUST01306,PROD0049,B005,1,1332.72,0.0,1332.72,771.08,561.64,Completed
ORD009372,2023-03-22,CUST01822,PROD0003,B002,4,1511.16,0.1,1360.05,1070.91,289.14,Completed
ORD009375,2023-07-16,CUST02080,PROD0012,B001,5,648.08,0.1,583.27,437.87,145.4,Completed
ORD009380,2023-01-14,CUST00681,PROD0081,B003,4,532.43,0.25,399.32,396.43,2.89,Completed
ORD009383,2023-04-01,CUST01239,PROD0053,B004,4,2223.35,0.1,2001.02,1446.41,554.61,Completed
ORD009395,2023-05-15,CUST00664,PROD0034,B004,3,3232.34,0.1,2909.11,2149.77,759.34,Completed
ORD009399,2023-12-29,CUST01280,PROD0096,B004,5,8884.61,0.1,7996.15,5172.37,2823.78,Completed
ORD009400,2023-01-13,CUST02339,PROD0084,B003,5,2591.35,0.15,2202.64,1913.12,289.52,Completed
ORD009401,2023-06-16,CUST00038,PROD0023,B002,2,2546.11,0.05,2418.81,1573.84,844.97,Completed
ORD009402,2023-12-12,CUST00104,PROD0009,B003,3,957.85,0.05,909.96,586.58,323.38,Completed
ORD009418,2023-03-23,CUST01724,PROD0029,B003,3,1374.02,0.15,1167.91,797.55,370.36,Completed
ORD009421,2023-12-21,CUST01008,PROD0045,B003,1,1004.75,0.1,904.27,716.56,187.71,Completed
ORD009422,2023-03-04,CUST00999,PROD0074,B004,3,1958.53,0.1,1762.68,1514.51,248.17,Completed
ORD009423,2023-03-22,CUST02146,PROD0065,B003,1,1351.33,0.15,1148.64,1011.22,137.42,Completed
ORD009440,2023-02-23,CUST01702,PROD0051,B002,1,896.09,0.0,896.09,594.05,302.04,Completed
ORD009443,2023-07-14,CUST02243,PROD0030,B003,2,2038.77,0.05,1936.83,1627.19,309.64,Completed
ORD009447,2023-06-16,CUST01333,PROD0108,B002,2,1819.76,0.15,1546.8,1046.85,499.95,Completed
ORD009449,2023-02-01,CUST01503,PROD0038,B001,4,239.73,0.25,179.79,162.84,16.95,Completed
ORD009453,2023-05-30,CUST00265,PROD0045,B001,3,3014.25,0.0,3014.25,2149.67,864.58,Completed
ORD009458,2023-08-21,CUST02397,PROD0109,B005,1,1355.87,0.05,1288.07,975.11,312.96,Completed
ORD009461,2023-07-26,CUST01628,PROD0057,B004,1,1005.1,0.05,954.84,648.95,305.89,Completed
ORD009470,2023-05-26,CUST01384,PROD0013,B003,1,676.55,0.15,575.07,457.72,117.35,Completed
ORD009471,2023-05-23,CUST01506,PROD0023,B005,3,3819.17,0.2,3055.34,2360.76,694.58,Completed
ORD009487,2023-01-16,CUST02015,PROD0099,B001,3,2547.81,0.15,2165.64,1780.7,384.94,Completed
ORD009495,2023-06-11,CUST00821,PROD0039,B004,5,7413.45,0.05,7042.78,4131.23,2911.55,Completed
ORD009497,2023-09-09,CUST01502,PROD0053,B001,4,2223.35,0.2,1778.68,1446.41,332.27,Completed
ORD009501,2023-07-19,CUST02072,PROD0007,B003,2,95.41,0.1,85.87,71.51,14.36,Completed
ORD009503,2023-03-04,CUST02104,PROD0058,B001,5,1563.78,0.25,1172.84,872.91,299.93,Completed
ORD009505,2023-04-24,CUST02314,PROD0045,B004,2,2009.5,0.1,1808.55,1433.11,375.44,Completed
ORD009506,2023-06-20,CUST01007,PROD0087,B005,5,5905.32,0.15,5019.53,4123.48,896.05,Completed
ORD009509,2023-08-07,CUST01785,PROD0031,B001,2,1334.07,0.1,1200.66,1094.99,105.67,Completed
ORD009517,2023-10-21,CUST00200,PROD0081,B003,5,665.54,0.2,532.43,495.54,36.89,Completed
ORD009518,2023-12-09,CUST00949,PROD0057,B002,3,3015.3,0.0,3015.3,1946.86,1068.44,Completed
ORD009526,2023-10-02,CUST00770,PROD0042,B002,1,1453.53,0.1,1308.17,1064.39,243.78,Completed
ORD009529,2023-05-14,CUST00047,PROD0069,B001,4,5060.14,0.0,5060.14,2745.75,2314.39,Completed
ORD009536,2023-08-16,CUST01108,PROD0076,B003,5,1499.88,0.1,1349.89,1200.24,149.65,Completed
ORD009539,2023-08-01,CUST02252,PROD0105,B003,3,1265.21,0.15,1075.43,932.39,143.04,Completed
ORD009540,2023-09-02,CUST02294,PROD0016,B003,1,88.86,0.1,79.98,53.22,26.76,Completed
ORD009541,2023-09-25,CUST02350,PROD0004,B001,4,1196.7,0.15,1017.19,764.42,252.77,Completed
ORD009542,2023-09-07,CUST01358,PROD0090,B001,5,1599.39,0.2,1279.51,1000.91,278.6,Completed
ORD009549,2023-08-26,CUST00474,PROD0101,B003,3,1939.17,0.1,1745.25,1381.51,363.74,Completed
ORD009550,2023-05-10,CUST01610,PROD0075,B002,2,2827.8,0.1,2545.02,2184.91,360.11,Completed
ORD009553,2023-08-12,CUST01315,PROD0014,B001,2,2761.75,0.0,2761.75,1581.2,1180.55,Completed
ORD009559,2023-04-28,CUST00907,PROD0096,B004,2,3553.84,0.0,3553.84,2068.95,1484.89,Completed
ORD009562,2023-06-08,CUST01802,PROD0063,B002,5,663.4,0.0,663.4,502.33,161.07,Completed
ORD009564,2023-06-04,CUST00591,PROD0015,B001,2,2842.13,0.05,2700.03,1767.45,932.58,Completed
ORD009566,2023-07-23,CUST01701,PROD0013,B002,2,1353.11,0.15,1150.14,915.45,234.69,Completed
ORD009567,2023-08-05,CUST00048,PROD0056,B002,1,1411.72,0.0,1411.72,1057.64,354.08,Completed
ORD009568,2023-07-05,CUST01377,PROD0045,B001,4,4019.0,0.1,3617.1,2866.23,750.87,Completed
ORD009569,2023-04-11,CUST02110,PROD0089,B002,1,343.33,0.05,326.17,225.59,100.58,Completed
ORD009570,2023-04-27,CUST01116,PROD0107,B002,5,8891.01,0.1,8001.91,5438.35,2563.56,Completed
ORD009572,2023-10-26,CUST00987,PROD0114,B004,3,4123.61,0.15,3505.06,3129.5,375.56,Completed
ORD009578,2023-10-08,CUST00939,PROD0016,B005,2,177.73,0.05,168.84,106.43,62.41,Completed
ORD009586,2023-05-19,CUST00737,PROD0056,B001,1,1411.72,0.05,1341.13,1057.64,283.49,Completed
ORD009587,2023-03-04,CUST01275,PROD0109,B001,1,1355.87,0.2,1084.69,975.11,109.58,Completed
ORD009589,2023-12-06,CUST01502,PROD0014,B005,4,5523.51,0.1,4971.15,3162.41,1808.74,Completed
ORD009593,2023-06-25,CUST00032,PROD0007,B001,1,47.71,0.1,42.94,35.75,7.19,Completed
ORD009594,2023-11-01,CUST00830,PROD0094,B003,5,976.4,0.0,976.4,585.09,391.31,Completed
ORD009600,2023-05-23,CUST01290,PROD0090,B002,2,639.76,0.15,543.79,400.36,143.43,Completed
ORD009601,2023-01-22,CUST00331,PROD0035,B004,5,2902.06,0.1,2611.85,2178.08,433.77,Completed
ORD009603,2023-06-21,CUST01273,PROD0092,B003,2,208.89,0.0,208.89,133.27,75.62,Completed
ORD009605,2023-02-25,CUST00149,PROD0079,B003,2,346.61,0.1,311.94,233.14,78.8,Completed
ORD009606,2023-06-02,CUST01924,PROD0072,B004,1,268.33,0.0,268.33,326.62,-58.29,Completed
ORD009609,2023-11-01,CUST00372,PROD0059,B001,5,4875.0,0.2,3900.0,3083.56,816.44,Completed
ORD009610,2023-01-16,CUST01130,PROD0116,B005,5,1310.86,0.15,1114.24,1075.45,38.79,Completed
ORD009626,2023-10-26,CUST02468,PROD0102,B002,3,2314.2,0.1,2082.79,1334.6,748.19,Completed
ORD009628,2023-05-10,CUST01001,PROD0068,B003,2,2049.87,0.05,1947.37,1646.73,300.64,Completed
ORD009629,2023-04-01,CUST00059,PROD0027,B005,3,2053.13,0.1,1847.82,1487.24,360.58,Completed
ORD009631,2023-07-17,CUST02259,PROD0035,B005,1,580.41,0.05,551.39,435.62,115.77,Completed
ORD009635,2023-06-04,CUST02368,PROD0046,B003,3,670.01,0.1,603.0,505.66,97.34,Completed
ORD009637,2023-03-18,CUST01377,PROD0080,B002,1,406.6,0.2,325.28,282.0,43.28,Completed
ORD009638,2023-11-12,CUST02329,PROD0010,B001,3,5527.66,0.15,4698.52,3215.99,1482.53,Completed
ORD009639,2023-09-06,CUST01936,PROD0027,B002,1,684.38,0.2,547.5,495.75,51.75,Completed
ORD009641,2023-05-06,CUST01395,PROD0036,B005,4,1133.44,0.15,963.43,612.87,350.56,Completed
ORD009659,2023-06-27,CUST00135,PROD0065,B004,5,6756.67,0.1,6081.01,5056.08,1024.93,Completed
ORD009660,2023-11-02,CUST00668,PROD0017,B002,5,4347.97,0.1,3913.17,3159.89,753.28,Completed
ORD009662,2023-06-27,CUST01326,PROD0118,B004,1,289.88,0.1,260.89,194.17,66.72,Completed
ORD009665,2023-06-28,CUST00045,PROD0072,B002,4,1860.63,0.25,1395.47,1306.48,88.99,Completed
ORD009673,2023-07-13,CUST02366,PROD0013,B001,2,1353.11,0.0,1353.11,915.45,437.66,Completed
ORD009675,2023-05-23,CUST02215,PROD0068,B003,5,5124.67,0.2,4099.74,4116.82,-17.08,Completed
ORD009681,2023-02-07,CUST01229,PROD0078,B001,2,1863.91,0.1,1677.52,1147.95,529.57,Completed
ORD009686,2023-06-29,CUST00179,PROD0087,B003,4,4724.26,0.0,4724.26,3298.78,1425.48,Completed
ORD009695,2023-12-15,CUST00101,PROD0089,B002,5,1716.67,0.05,1630.84,1127.94,502.9,Completed
ORD009696,2023-07-15,CUST02174,PROD0006,B005,1,669.46,0.05,635.99,485.9,150.09,Completed
ORD009705,2023-09-16,CUST01527,PROD0072,B001,1,465.16,0.1,418.64,326.62,92.02,Completed
ORD009706,2023-05-28,CUST00304,PROD0018,B003,5,8606.54,0.0,8606.54,5359.54,3247.0,Completed
ORD009710,2023-09-15,CUST00988,PROD0027,B005,3,1281.24,0.15,1089.05,1487.24,-398.19,Completed
ORD009726,2023-11-29,CUST00991,PROD0110,B003,4,3186.86,0.1,2868.17,1852.77,1015.4,Completed
ORD009754,2023-06-14,CUST01057,PROD0040,B005,4,3962.7,0.1,3566.43,2161.41,1405.02,Completed
ORD009755,2023-11-10,CUST00161,PROD0076,B002,1,299.98,0.25,224.98,240.05,-15.07,Completed
ORD009757,2023-03-20,CUST01299,PROD0083,B001,5,8270.93,0.05,7857.39,5607.38,2250.01,Completed
ORD009758,2023-12-28,CUST00024,PROD0082,B004,2,4189.05,0.05,3979.6,2267.33,1712.27,Completed
ORD009760,2023-02-09,CUST01805,PROD0065,B002,5,6756.67,0.05,6418.84,5056.08,1362.76,Completed
ORD009761,2023-12-19,CUST00873,PROD0086,B002,1,527.87,0.05,501.47,400.74,100.73,Completed
ORD009763,2023-09-21,CUST00904,PROD0062,B003,3,2188.59,0.2,1750.88,1736.16,14.72,Completed
ORD009766,2023-03-30,CUST01965,PROD0117,B001,5,3861.32,0.1,3475.19,2380.62,1094.57,Completed
ORD009768,2023-04-17,CUST01976,PROD0093,B001,2,1732.71,0.15,1472.8,1271.34,201.46,Completed
ORD009770,2023-05-31,CUST00593,PROD0030,B002,1,1019.38,0.0,1019.38,813.59,205.79,Completed
ORD009772,2023-12-06,CUST01225,PROD0017,B002,4,3478.37,0.05,3304.46,2527.92,776.54,Completed
ORD009773,2023-04-15,CUST00099,PROD0047,B001,5,1550.99,0.0,1550.99,898.25,652.74,Completed
ORD009774,2023-05-05,CUST01257,PROD0118,B005,4,1159.53,0.15,985.6,776.67,208.93,Completed
ORD009775,2023-10-12,CUST00110,PROD0061,B002,1,448.2,0.0,448.2,315.02,133.18,Completed
ORD009782,2023-11-01,CUST01332,PROD0058,B002,4,1251.03,0.15,1063.37,698.33,365.04,Completed
ORD009787,2023-08-10,CUST00649,PROD0077,B002,2,608.04,0.1,547.24,492.1,55.14,Completed
ORD009791,2023-10-30,CUST00342,PROD0016,B004,5,444.32,0.1,399.89,266.08,133.81,Completed
ORD009792,2023-01-02,CUST00911,PROD0019,B002,3,2666.08,0.2,2132.87,1662.57,470.3,Completed
ORD009795,2023-12-14,CUST01902,PROD0117,B002,2,1544.53,0.15,1312.85,952.25,360.6,Completed
ORD009796,2023-02-26,CUST02372,PROD0101,B005,2,1292.78,0.15,1098.86,921.0,177.86,Completed
ORD009810,2023-09-09,CUST01759,PROD0012,B002,1,129.62,0.15,110.17,87.57,22.6,Completed
ORD009811,2023-02-16,CUST00638,PROD0047,B005,4,1240.79,0.05,1178.75,718.6,460.15,Completed
ORD009822,2023-03-23,CUST01966,PROD0034,B002,4,4309.79,0.0,4309.79,2866.35,1443.44,Completed
ORD009825,2023-11-18,CUST00862,PROD0027,B005,2,1368.76,0.0,1368.76,991.49,377.27,Completed
ORD009826,2023-08-18,CUST02495,PROD0103,B002,4,3490.63,0.1,3141.57,2065.73,1075.84,Completed
ORD009827,2023-08-07,CUST00035,PROD0090,B002,4,1279.51,0.1,1151.56,800.72,350.84,Completed
ORD009828,2023-02-22,CUST01562,PROD0058,B001,1,312.76,0.25,234.57,174.58,59.99,Completed
ORD009832,2023-12-11,CUST02212,PROD0077,B002,5,1520.11,0.15,1292.1,1230.26,61.84,Completed
ORD009838,2023-06-27,CUST01926,PROD0075,B002,3,4241.7,0.0,4241.7,3277.37,964.33,Completed
ORD009850,2023-08-03,CUST01167,PROD0046,B004,4,893.34,0.05,848.67,674.21,174.46,Completed
ORD009852,2023-05-29,CUST00938,PROD0025,B004,3,2970.13,0.2,2376.11,1772.15,603.96,Completed
ORD009853,2023-07-07,CUST02398,PROD0062,B002,1,729.53,0.1,656.58,578.72,77.86,Completed
ORD009854,2023-07-31,CUST00405,PROD0029,B002,3,1374.02,0.0,1374.02,797.55,576.47,Completed
ORD009858,2023-07-18,CUST01300,PROD0023,B001,2,2546.11,0.05,2418.81,1573.84,844.97,Completed
ORD009859,2023-08-29,CUST00207,PROD0072,B001,1,465.16,0.25,348.87,326.62,22.25,Completed
ORD009860,2023-03-31,CUST00403,PROD0051,B001,2,1792.18,0.15,1523.36,1188.1,335.26,Completed
ORD009866,2023-05-21,CUST01603,PROD0105,B001,5,2108.69,0.15,1792.38,1553.98,238.4,Completed
ORD009867,2023-11-08,CUST01637,PROD0063,B003,2,265.36,0.15,225.56,200.93,24.63,Completed
ORD009873,2023-10-30,CUST00860,PROD0065,B003,2,2055.41,0.1,1849.87,2022.43,-172.56,Completed
ORD009874,2023-12-04,CUST01308,PROD0089,B001,1,343.33,0.05,326.17,225.59,100.58,Completed
ORD009885,2023-02-01,CUST00824,PROD0015,B001,5,7105.34,0.0,7105.34,4418.64,2686.7,Completed
ORD009889,2023-01-08,CUST00814,PROD0008,B001,4,1062.22,0.05,1009.1,875.63,133.47,Completed
ORD009895,2023-01-14,CUST00876,PROD0043,B002,3,874.19,0.05,830.48,535.94,294.54,Completed
ORD009896,2023-02-10,CUST02241,PROD0011,B003,3,2543.84,0.0,2543.84,1972.87,570.97,Completed
ORD009898,2023-01-04,CUST00665,PROD0100,B001,1,810.99,0.25,608.24,633.28,-25.04,Completed
ORD009902,2023-09-17,CUST00921,PROD0094,B005,3,585.84,0.0,585.84,351.05,234.79,Completed
ORD009903,2023-02-05,CUST00854,PROD0114,B005,2,2749.07,0.15,2336.71,2086.33,250.38,Completed
ORD009905,2023-05-12,CUST00648,PROD0120,B004,2,1138.33,0.0,1138.33,733.89,404.44,Completed
ORD009908,2023-03-15,CUST02268,PROD0087,B002,2,2362.13,0.1,2125.91,1649.39,476.52,Completed
ORD009911,2023-03-15,CUST00717,PROD0064,B003,5,4626.14,0.1,4163.53,3516.44,647.09,Completed
ORD009915,2023-02-01,CUST00810,PROD0085,B002,3,129.15,0.0,129.15,102.34,26.81,Completed
ORD009916,2023-03-15,CUST00280,PROD0060,B002,3,268.58,0.1,241.72,176.33,65.39,Completed
ORD009920,2023-10-23,CUST00640,PROD0040,B005,3,2972.02,0.25,2229.02,1621.06,607.96,Completed
ORD009924,2023-05-20,CUST01832,PROD0113,B003,5,6270.92,0.1,5643.82,4534.77,1109.05,Completed
ORD009930,2023-10-04,CUST00822,PROD0119,B005,4,2394.33,0.1,2154.89,1737.24,417.65,Completed
ORD009935,2023-07-22,CUST00808,PROD0112,B003,3,2599.09,0.0,2599.09,2034.98,564.11,Completed
ORD009940,2023-09-04,CUST01113,PROD0003,B003,4,1511.16,0.05,1435.61,1070.91,364.7,Completed
ORD009943,2023-01-07,CUST00376,PROD0031,B004,3,2001.1,0.2,1600.88,1642.48,-41.6,Completed
ORD009952,2023-09-26,CUST01171,PROD0107,B002,4,7112.81,0.2,5690.25,4350.68,1339.57,Completed
ORD009954,2023-12-29,CUST00434,PROD0096,B001,2,3553.84,0.1,3198.46,2068.95,1129.51,Completed
ORD009960,2023-02-01,CUST01173,PROD0118,B002,4,1159.53,0.25,869.65,776.67,92.98,Completed
ORD009961,2023-01-03,CUST00434,PROD0113,B001,3,2496.07,0.15,2121.66,2720.86,-599.2,Completed
ORD009968,2023-11-08,CUST00280,PROD0052,B003,2,1321.37,0.0,1321.37,906.7,414.67,Completed
ORD009972,2023-08-07,CUST01598,PROD0068,B005,4,4099.74,0.1,3689.76,3293.45,396.31,Completed
ORD009973,2023-02-26,CUST00486,PROD0055,B003,3,1394.23,0.15,1185.09,790.62,394.47,Completed
ORD009976,2023-12-25,CUST00373,PROD0099,B004,1,849.27,0.15,721.88,593.57,128.31,Completed
ORD009977,2023-03-19,CUST01161,PROD0091,B003,2,827.35,0.1,744.61,630.58,114.03,Completed
ORD009980,2023-04-12,CUST02195,PROD0051,B004,1,896.09,0.25,672.07,594.05,78.02,Completed
ORD009989,2023-02-09,CUST01230,PROD0072,B002,4,1860.63,0.05,1767.6,1306.48,461.12,Completed
ORD009993,2023-05-20,CUST00247,PROD0087,B002,3,3543.19,0.15,3011.72,2474.09,537.63,Completed
ORD009995,2023-09-03,CUST01915,PROD0041,B002,4,460.31,0.0,460.31,249.96,210.35,Completed
ORD009997,2023-10-26,CUST01792,PROD0041,B004,5,575.39,0.1,517.85,312.45,205.4,Completed
ORD009999,2023-01-28,CUST02007,PROD0028,B002,5,3650.96,0.0,3650.96,2292.57,1358.39,Completed
ORD010007,2023-09-14,CUST01872,PROD0016,B002,1,88.86,0.0,88.86,53.22,35.64,Completed
ORD010009,2023-10-18,CUST00438,PROD0054,B004,4,4510.71,0.1,4059.64,3048.13,1011.51,Completed
ORD010011,2023-05-17,CUST00395,PROD0030,B005,5,5096.92,0.2,4077.53,4067.97,9.56,Completed
ORD010017,2023-02-27,CUST01135,PROD0107,B005,2,3556.4,0.1,3200.76,2175.34,1025.42,Completed
ORD010019,2023-10-10,CUST02365,PROD0035,B005,3,1741.24,0.0,1741.24,1306.85,434.39,Completed
ORD010026,2023-06-24,CUST01936,PROD0035,B003,1,580.41,0.15,493.35,435.62,57.73,Completed
ORD010028,2023-10-23,CUST00797,PROD0034,B004,5,5387.24,0.1,4848.51,3582.94,1265.57,Completed
ORD010029,2023-05-21,CUST01429,PROD0088,B004,1,448.87,0.05,426.43,289.6,136.83,Completed
ORD010032,2023-09-21,CUST01987,PROD0113,B004,3,3762.55,0.15,3198.17,2720.86,477.31,Completed
ORD010037,2023-11-10,CUST01469,PROD0048,B005,4,3553.47,0.1,3198.12,2461.98,736.14,Completed
ORD010042,2023-11-25,CUST00859,PROD0002,B003,1,680.14,0.0,680.14,411.26,268.88,Completed
ORD010045,2023-09-11,CUST01527,PROD0012,B003,2,259.23,0.2,207.39,175.15,32.24,Completed
ORD010054,2023-09-08,CUST01489,PROD0024,B003,3,3846.1,0.05,3653.8,2109.28,1544.52,Completed
ORD010057,2023-05-29,CUST02237,PROD0053,B003,1,555.84,0.1,500.26,361.6,138.66,Completed
ORD010072,2023-06-13,CUST02303,PROD0068,B001,2,2049.87,0.05,1947.37,1646.73,300.64,Completed
ORD010073,2023-04-29,CUST01618,PROD0055,B002,4,1858.97,0.15,1580.12,1054.16,525.96,Completed
ORD010074,2023-12-17,CUST00610,PROD0048,B005,5,4441.84,0.1,3997.65,3077.47,920.18,Completed
ORD010076,2023-06-17,CUST01468,PROD0031,B002,3,2001.1,0.25,1500.83,1642.48,-141.65,Completed
ORD010079,2023-12-04,CUST00385,PROD0072,B003,3,1395.47,0.1,1255.93,979.86,276.07,Completed
ORD010080,2023-02-03,CUST00982,PROD0029,B003,4,1832.02,0.0,1832.02,1063.4,768.62,Completed
ORD010081,2023-04-28,CUST00231,PROD0020,B004,5,3803.19,0.0,3803.19,2738.67,1064.52,Completed
ORD010083,2023-05-25,CUST00908,PROD0070,B003,5,1002.62,0.2,802.1,687.96,114.14,Completed
ORD010085,2023-08-15,CUST00233,PROD0010,B002,1,1842.55,0.05,1750.43,1072.0,678.43,Completed
ORD010087,2023-02-19,CUST00260,PROD0001,B002,4,7757.58,0.15,6593.94,4252.71,2341.23,Completed
ORD010092,2023-01-07,CUST00906,PROD0010,B005,4,7370.22,0.05,7001.71,4287.98,2713.73,Completed
ORD010093,2023-07-22,CUST01912,PROD0092,B001,2,208.89,0.15,177.56,133.27,44.29,Completed
ORD010102,2023-04-19,CUST01507,PROD0108,B003,3,2729.65,0.05,2593.16,1570.27,1022.89,Completed
ORD010106,2023-10-18,CUST01045,PROD0023,B001,1,1273.06,0.2,1018.45,786.92,231.53,Completed
ORD010107,2023-12-26,CUST00935,PROD0053,B001,2,1111.68,0.1,1000.51,723.21,277.3,Completed
ORD010108,2023-12-30,CUST00643,PROD0117,B005,1,772.26,0.0,772.26,476.12,296.14,Completed
ORD010109,2023-03-14,CUST01073,PROD0120,B001,2,1138.33,0.2,910.66,733.89,176.77,Completed
ORD010114,2023-06-01,CUST01010,PROD0080,B002,4,1626.4,0.2,1301.12,1127.99,173.13,Completed
ORD010116,2023-08-03,CUST01712,PROD0022,B003,4,5057.35,0.1,4551.62,3654.32,897.3,Completed
ORD010120,2023-03-30,CUST00476,PROD0041,B002,1,115.08,0.15,97.82,62.49,35.33,Completed
ORD010121,2023-07-13,CUST02495,PROD0054,B002,2,2255.35,0.15,1917.05,1524.07,392.98,Completed
ORD010130,2023-01-09,CUST02046,PROD0094,B003,4,781.12,0.1,703.01,468.07,234.94,Completed
ORD010146,2023-12-20,CUST00941,PROD0060,B004,2,179.05,0.25,134.29,117.55,16.74,Completed
ORD010148,2023-10-12,CUST00491,PROD0062,B005,4,2918.12,0.1,2626.31,2314.89,311.42,Completed
ORD010150,2023-06-11,CUST01427,PROD0041,B001,4,460.31,0.05,437.3,249.96,187.34,Completed
ORD010151,2023-05-30,CUST01183,PROD0053,B001,1,555.84,0.0,555.84,361.6,194.24,Completed
ORD010152,2023-07-11,CUST00763,PROD0061,B003,1,448.2,0.05,425.79,315.02,110.77,Completed
ORD010160,2023-04-15,CUST00937,PROD0056,B002,1,1411.72,0.0,1411.72,1057.64,354.08,Completed
ORD010166,2023-08-22,CUST01936,PROD0030,B001,2,2038.77,0.0,2038.77,1627.19,411.58,Completed
ORD010170,2023-05-22,CUST01201,PROD0038,B004,2,119.86,0.1,107.88,81.42,26.46,Completed
ORD010177,2023-09-04,CUST01115,PROD0018,B001,5,8606.54,0.2,6885.23,5359.54,1525.69,Completed
ORD010178,2023-04-21,CUST00227,PROD0005,B001,5,6111.97,0.1,5500.77,3768.65,1732.12,Completed
ORD010179,2023-08-09,CUST01901,PROD0115,B001,1,746.55,0.0,746.55,460.65,285.9,Completed
ORD010186,2023-06-04,CUST01246,PROD0102,B001,5,3857.01,0.05,3664.16,2224.33,1439.83,Completed
ORD010190,2023-07-11,CUST02118,PROD0098,B004,4,3997.57,0.15,3397.94,2235.32,1162.62,Completed
ORD010197,2023-08-09,CUST00871,PROD0050,B005,3,3297.42,0.15,2802.81,1902.8,900.01,Completed
ORD010202,2023-10-02,CUST00243,PROD0082,B003,1,2094.53,0.2,1675.62,1133.66,541.96,Completed
ORD010207,2023-04-20,CUST02240,PROD0040,B001,4,3962.7,0.2,3170.16,2161.41,1008.75,Completed
ORD010208,2023-04-16,CUST01944,PROD0098,B001,2,1998.78,0.2,1599.03,1117.66,481.37,Completed
ORD010209,2023-09-22,CUST00523,PROD0030,B001,5,5096.92,0.15,4332.38,4067.97,264.41,Completed
ORD010214,2023-01-17,CUST00934,PROD0101,B003,4,2585.55,0.15,2197.72,1842.01,355.71,Completed
ORD010216,2023-05-29,CUST00564,PROD0021,B002,5,4225.8,0.1,3803.22,2567.89,1235.33,Completed
ORD010219,2023-07-13,CUST01902,PROD0063,B001,5,663.4,0.05,630.23,502.33,127.9,Completed
ORD010223,2023-08-04,CUST01451,PROD0013,B002,5,3382.77,0.0,3382.77,2288.62,1094.15,Completed
ORD010225,2023-12-03,CUST00626,PROD0118,B002,5,1449.42,0.15,1232.01,970.84,261.17,Completed
ORD010228,2023-06-20,CUST01469,PROD0021,B004,5,4225.8,0.2,3380.64,2567.89,812.75,Completed
ORD010229,2023-09-17,CUST01575,PROD0007,B001,4,190.83,0.15,162.2,143.01,19.19,Completed
ORD010230,2023-03-28,CUST01889,PROD0011,B002,2,1695.9,0.05,1611.1,1315.25,295.85,Completed
ORD010231,2023-08-25,CUST00981,PROD0019,B003,1,888.69,0.15,755.39,554.19,201.2,Completed
ORD010232,2023-10-02,CUST00623,PROD0068,B004,4,3042.04,0.0,3042.04,3293.45,-251.41,Completed
ORD010235,2023-10-05,CUST02371,PROD0028,B001,4,2920.77,0.25,2190.58,1834.06,356.52,Completed
ORD010237,2023-10-13,CUST01246,PROD0093,B004,1,866.35,0.15,736.4,635.67,100.73,Completed
ORD010239,2023-01-05,CUST02066,PROD0082,B004,2,4189.05,0.2,3351.24,2267.33,1083.91,Completed
ORD010240,2023-08-04,CUST00198,PROD0107,B001,4,7112.81,0.05,6757.16,4350.68,2406.48,Completed
ORD010242,2023-11-02,CUST01462,PROD0074,B002,5,3264.22,0.1,2937.8,2524.19,413.61,Completed
ORD010245,2023-03-15,CUST00840,PROD0119,B003,2,1197.16,0.1,1077.45,868.62,208.83,Completed
ORD010246,2023-10-31,CUST02450,PROD0107,B001,2,3556.4,0.0,3556.4,2175.34,1381.06,Completed
ORD010251,2023-05-29,CUST01619,PROD0106,B005,2,1437.16,0.15,1221.59,862.44,359.15,Completed
ORD010254,2023-09-27,CUST00393,PROD0060,B003,5,447.63,0.0,447.63,293.88,153.75,Completed
ORD010257,2023-11-27,CUST00956,PROD0013,B005,3,2029.66,0.05,1928.18,1373.17,555.01,Completed
ORD010258,2023-09-30,CUST01980,PROD0015,B002,3,4263.2,0.15,3623.72,2651.18,972.54,Completed
ORD010261,2023-11-18,CUST01027,PROD0107,B003,5,8891.01,0.05,8446.45,5438.35,3008.1,Completed
ORD010264,2023-07-29,CUST00486,PROD0029,B003,3,1374.02,0.1,1236.62,797.55,439.07,Completed
ORD010266,2023-06-25,CUST01026,PROD0052,B003,5,3303.42,0.15,2807.91,2266.75,541.16,Completed
ORD010270,2023-11-05,CUST01432,PROD0012,B002,2,259.23,0.0,259.23,175.15,84.08,Completed
ORD010272,2023-03-13,CUST01796,PROD0033,B003,5,3001.7,0.1,2701.53,1916.21,785.32,Completed
ORD010276,2023-07-13,CUST00365,PROD0092,B005,3,313.33,0.1,282.0,199.91,82.09,Completed
ORD010278,2023-09-09,CUST00121,PROD0082,B001,1,2094.53,0.05,1989.8,1133.66,856.14,Completed
ORD010281,2023-10-29,CUST02090,PROD0078,B004,1,931.95,0.05,885.36,573.98,311.38,Completed
ORD010282,2023-03-16,CUST02132,PROD0089,B004,2,686.67,0.0,686.67,451.18,235.49,Completed
ORD010284,2023-06-05,CUST01045,PROD0034,B004,1,1077.45,0.0,1077.45,716.59,360.86,Completed
ORD010285,2023-03-21,CUST00752,PROD0055,B005,5,1186.28,0.1,1067.65,1317.7,-250.05,Completed
ORD010290,2023-06-10,CUST00320,PROD0049,B003,1,1332.72,0.1,1199.45,771.08,428.37,Completed
ORD010293,2023-07-27,CUST01018,PROD0090,B005,2,639.76,0.0,639.76,400.36,239.4,Completed
ORD010294,2023-06-24,CUST01878,PROD0027,B001,3,2053.13,0.15,1745.16,1487.24,257.92,Completed
ORD010296,2023-06-01,CUST02149,PROD0078,B004,4,3727.82,0.1,3355.04,2295.91,1059.13,Completed
ORD010297,2023-10-01,CUST01775,PROD0077,B001,4,1216.09,0.25,912.07,984.21,-72.14,Completed
ORD010311,2023-07-05,CUST01840,PROD0120,B001,2,1138.33,0.15,967.58,733.89,233.69,Completed
ORD010314,2023-04-22,CUST00258,PROD0087,B002,4,4724.26,0.15,4015.62,3298.78,716.84,Completed
ORD010315,2023-01-08,CUST01079,PROD0013,B003,4,2706.22,0.15,2300.28,1830.9,469.38,Completed
ORD010318,2023-08-31,CUST01052,PROD0070,B005,5,1002.62,0.15,852.23,687.96,164.27,Completed
ORD010327,2023-02-13,CUST01809,PROD0040,B002,4,3962.7,0.1,3566.43,2161.41,1405.02,Completed
ORD010337,2023-12-23,CUST01329,PROD0110,B001,2,1593.43,0.2,1274.74,926.38,348.36,Completed
ORD010339,2023-04-15,CUST00056,PROD0083,B002,2,3308.37,0.1,2977.54,2242.95,734.59,Completed
ORD010340,2023-03-19,CUST01399,PROD0045,B003,3,3014.25,0.05,2863.54,2149.67,713.87,Completed
ORD010343,2023-07-06,CUST00689,PROD0115,B002,5,3732.73,0.1,3359.46,2303.26,1056.2,Completed
ORD010344,2023-03-31,CUST00760,PROD0095,B001,2,710.27,0.15,603.73,535.77,67.96,Completed
ORD010348,2023-09-09,CUST01068,PROD0069,B002,4,5060.14,0.2,4048.11,2745.75,1302.36,Completed
ORD010350,2023-09-06,CUST01314,PROD0051,B002,4,3584.37,0.0,3584.37,2376.21,1208.16,Completed
ORD010351,2023-11-07,CUST00655,PROD0025,B003,2,1980.09,0.15,1683.07,1181.43,501.64,Completed
ORD010357,2023-02-26,CUST01374,PROD0112,B001,5,4331.81,0.1,3898.63,3391.64,506.99,Completed
ORD010358,2023-02-24,CUST01466,PROD0021,B003,1,845.16,0.1,760.64,513.58,247.06,Completed
ORD010369,2023-01-12,CUST01177,PROD0052,B003,4,2642.73,0.15,2246.32,1813.4,432.92,Completed
ORD010373,2023-07-06,CUST00530,PROD0105,B002,2,843.47,0.05,801.3,621.59,179.71,Completed
ORD010375,2023-01-25,CUST00984,PROD0064,B003,2,1850.46,0.0,1850.46,1406.57,443.89,Completed
ORD010382,2023-09-05,CUST01452,PROD0008,B003,1,265.55,0.05,252.28,218.91,33.37,Completed
ORD010384,2023-03-17,CUST01450,PROD0017,B003,3,2608.78,0.15,2217.46,1895.94,321.52,Completed
ORD010386,2023-08-25,CUST00549,PROD0041,B005,4,460.31,0.05,437.3,249.96,187.34,Completed
ORD010391,2023-09-24,CUST00212,PROD0112,B004,1,866.36,0.0,866.36,678.33,188.03,Completed
ORD010393,2023-02-13,CUST01987,PROD0065,B002,1,1351.33,0.1,1216.2,1011.22,204.98,Completed
ORD010395,2023-09-03,CUST01201,PROD0048,B001,3,2665.1,0.1,2398.59,1846.48,552.11,Completed
ORD010403,2023-04-07,CUST00144,PROD0115,B001,3,2239.64,0.05,2127.66,1381.96,745.7,Completed
ORD010405,2023-05-16,CUST01723,PROD0047,B001,5,1550.99,0.0,1550.99,898.25,652.74,Completed
ORD010410,2023-08-28,CUST01201,PROD0086,B003,3,1583.6,0.05,1504.42,1202.23,302.19,Completed
ORD010411,2023-11-11,CUST00755,PROD0008,B004,2,531.11,0.0,531.11,437.82,93.29,Completed
ORD010415,2023-10-28,CUST02270,PROD0039,B001,2,2965.38,0.1,2668.84,1652.49,1016.35,Completed
ORD010418,2023-09-19,CUST00368,PROD0083,B004,3,4962.56,0.2,3970.05,3364.43,605.62,Completed
ORD010419,2023-03-16,CUST01882,PROD0075,B002,5,7069.49,0.15,6009.07,5462.28,546.79,Completed
ORD010421,2023-09-21,CUST01377,PROD0015,B001,2,2842.13,0.15,2415.81,1767.45,648.36,Completed
ORD010423,2023-03-14,CUST01219,PROD0015,B002,4,5684.27,0.0,5684.27,3534.91,2149.36,Completed
ORD010426,2023-04-30,CUST01905,PROD0057,B001,2,2010.2,0.1,1809.18,1297.91,511.27,Completed
ORD010427,2023-09-25,CUST01874,PROD0042,B002,5,7267.64,0.2,5814.11,5321.93,492.18,Completed
ORD010428,2023-12-16,CUST02181,PROD0106,B003,3,2155.74,0.05,2047.95,1293.66,754.29,Completed
ORD010429,2023-04-19,CUST01547,PROD0063,B004,3,398.04,0.05,378.14,301.4,76.74,Completed
ORD010437,2023-05-20,CUST01950,PROD0088,B003,1,448.87,0.0,448.87,289.6,159.27,Completed
ORD010449,2023-12-14,CUST00208,PROD0097,B003,4,7044.68,0.1,6340.21,4338.46,2001.75,Completed
ORD010451,2023-11-03,CUST01853,PROD0016,B001,1,88.86,0.1,79.98,53.22,26.76,Completed
ORD010453,2023-03-07,CUST00847,PROD0078,B003,2,1863.91,0.25,1397.93,1147.95,249.98,Completed
ORD010462,2023-05-16,CUST01816,PROD0034,B001,5,5387.24,0.15,4579.15,3582.94,996.21,Completed
ORD010468,2023-09-21,CUST00304,PROD0079,B004,3,519.91,0.1,467.91,349.71,118.2,Completed
ORD010480,2023-03-14,CUST01937,PROD0031,B002,1,667.03,0.2,533.63,547.49,-13.86,Completed
ORD010494,2023-01-25,CUST01298,PROD0091,B004,2,827.35,0.0,827.35,630.58,196.77,Completed
ORD010500,2023-01-15,CUST01094,PROD0019,B003,3,2666.08,0.1,2399.47,1662.57,736.9,Completed
ORD010502,2023-11-28,CUST02349,PROD0001,B002,4,7757.58,0.0,7757.58,4252.71,3504.87,Completed
ORD010504,2023-01-30,CUST00373,PROD0116,B004,1,262.17,0.05,249.06,215.09,33.97,Completed
ORD010506,2023-02-26,CUST00456,PROD0024,B005,5,6410.17,0.1,5769.16,3515.47,2253.69,Completed
ORD010507,2023-09-01,CUST01307,PROD0083,B003,1,1654.19,0.1,1488.77,1121.48,367.29,Completed
ORD010515,2023-05-17,CUST00809,PROD0098,B001,1,999.39,0.05,949.42,558.83,390.59,Completed
ORD010523,2023-08-07,CUST00559,PROD0036,B002,5,1416.8,0.1,1275.12,766.09,509.03,Completed
ORD010524,2023-03-10,CUST01853,PROD0093,B001,5,4331.76,0.1,3898.59,3178.36,720.23,Completed
ORD010526,2023-12-19,CUST01570,PROD0107,B002,5,8891.01,0.05,8446.45,5438.35,3008.1,Completed
ORD010527,2023-07-05,CUST00101,PROD0056,B004,4,5646.88,0.15,4799.84,4230.57,569.27,Completed
ORD010529,2023-06-18,CUST01832,PROD0001,B004,4,7757.58,0.15,6593.94,4252.71,2341.23,Completed
ORD010535,2023-06-20,CUST00146,PROD0032,B002,5,3682.17,0.05,3498.06,2026.5,1471.56,Completed
ORD010538,2023-09-06,CUST02248,PROD0071,B005,3,1439.36,0.15,1223.46,1120.72,102.74,Completed
ORD010547,2023-04-16,CUST00021,PROD0010,B005,3,5527.66,0.2,4422.13,3215.99,1206.14,Completed
ORD010550,2023-04-03,CUST00677,PROD0015,B004,3,4263.2,0.15,3623.72,2651.18,972.54,Completed
ORD010553,2023-06-22,CUST00151,PROD0055,B003,3,1394.23,0.15,1185.09,790.62,394.47,Completed
ORD010566,2023-01-19,CUST00903,PROD0046,B001,2,446.67,0.05,424.34,337.11,87.23,Completed
ORD010569,2023-01-05,CUST00585,PROD0101,B001,5,3231.94,0.2,2585.55,2302.51,283.04,Completed
ORD010572,2023-10-31,CUST00702,PROD0064,B003,5,4626.14,0.05,4394.83,3516.44,878.39,Completed
ORD010575,2023-07-03,CUST01217,PROD0018,B001,2,3442.62,0.25,2581.96,2143.81,438.15,Completed
ORD010595,2023-03-01,CUST01944,PROD0114,B002,2,2749.07,0.2,2199.26,2086.33,112.93,Completed
ORD010596,2023-11-01,CUST01091,PROD0031,B004,2,1334.07,0.15,1133.96,1094.99,38.97,Completed
ORD010598,2023-07-03,CUST02386,PROD0118,B003,5,1449.42,0.2,1159.53,970.84,188.69,Completed
ORD010606,2023-02-04,CUST01056,PROD0022,B003,2,2528.68,0.1,2275.81,1827.16,448.65,Completed
ORD010608,2023-12-15,CUST00645,PROD0090,B002,2,639.76,0.0,639.76,400.36,239.4,Completed
ORD010609,2023-10-04,CUST02491,PROD0110,B002,5,3983.57,0.15,3386.03,2315.96,1070.07,Completed
ORD010623,2023-11-16,CUST01874,PROD0120,B004,1,569.17,0.0,569.17,366.95,202.22,Completed
ORD010625,2023-08-04,CUST02443,PROD0071,B005,4,1393.22,0.0,1393.22,1494.29,-101.07,Completed
ORD010627,2023-07-29,CUST02099,PROD0111,B002,1,1834.82,0.15,1559.59,1107.06,452.53,Completed
ORD010628,2023-01-13,CUST00177,PROD0041,B005,3,345.23,0.05,327.97,187.47,140.5,Completed
ORD010629,2023-12-25,CUST00993,PROD0009,B001,5,1596.42,0.2,1277.14,977.63,299.51,Completed
ORD010630,2023-02-03,CUST02160,PROD0052,B005,5,3303.42,0.0,3303.42,2266.75,1036.67,Completed
ORD010635,2023-03-24,CUST01044,PROD0045,B002,5,5023.75,0.2,4019.0,3582.79,436.21,Completed
ORD010637,2023-09-05,CUST02121,PROD0011,B005,3,2543.84,0.15,2162.27,1972.87,189.4,Completed
ORD010643,2023-01-17,CUST01793,PROD0009,B005,4,1277.14,0.1,1149.43,782.1,367.33,Completed
ORD010646,2023-11-24,CUST00092,PROD0054,B002,2,2255.35,0.15,1917.05,1524.07,392.98,Completed
ORD010651,2023-11-16,CUST00181,PROD0113,B003,5,6270.92,0.1,5643.82,4534.77,1109.05,Completed
ORD010654,2023-12-05,CUST01938,PROD0092,B001,1,104.44,0.1,94.0,66.64,27.36,Completed
ORD010655,2023-12-27,CUST01036,PROD0086,B005,4,2111.47,0.0,2111.47,1602.97,508.5,Completed
ORD010662,2023-09-24,CUST02275,PROD0001,B001,1,1939.39,0.1,1745.46,1063.18,682.28,Completed
ORD010663,2023-08-02,CUST02260,PROD0096,B005,1,1776.92,0.0,1776.92,1034.47,742.45,Completed
ORD010665,2023-02-14,CUST01743,PROD0104,B003,2,3204.91,0.05,3044.66,2119.14,925.52,Completed
ORD010666,2023-11-12,CUST01385,PROD0040,B001,3,2972.02,0.15,2526.22,1621.06,905.16,Completed
ORD010667,2023-08-20,CUST00415,PROD0114,B001,4,5498.14,0.0,5498.14,4172.67,1325.47,Completed
ORD010668,2023-09-28,CUST00706,PROD0006,B004,1,669.46,0.0,669.46,485.9,183.56,Completed
ORD010670,2023-10-01,CUST02431,PROD0102,B001,4,3085.61,0.05,2931.33,1779.46,1151.87,Completed
ORD010675,2023-03-02,CUST00544,PROD0010,B001,3,5527.66,0.1,4974.9,3215.99,1758.91,Completed
ORD010677,2023-07-25,CUST01068,PROD0049,B005,1,1332.72,0.15,1132.81,771.08,361.73,Completed
ORD010685,2023-04-18,CUST00583,PROD0093,B001,5,4331.76,0.15,3682.0,3178.36,503.64,Completed
ORD010691,2023-03-06,CUST01134,PROD0083,B002,2,3308.37,0.1,2977.54,2242.95,734.59,Completed
ORD010694,2023-06-17,CUST02062,PROD0085,B001,5,215.26,0.1,193.73,170.57,23.16,Completed
ORD010695,2023-06-02,CUST02101,PROD0094,B002,2,390.56,0.2,312.45,234.04,78.41,Completed
ORD010702,2023-08-19,CUST01412,PROD0062,B002,1,729.53,0.2,583.63,578.72,4.91,Completed
ORD010703,2023-03-13,CUST01689,PROD0102,B005,2,1542.8,0.1,1388.52,889.73,498.79,Completed
ORD010715,2023-10-06,CUST01365,PROD0025,B002,4,3960.18,0.0,3960.18,2362.87,1597.31,Completed
ORD010716,2023-03-06,CUST01444,PROD0009,B004,3,957.85,0.05,909.96,586.58,323.38,Completed
ORD010719,2023-08-23,CUST00156,PROD0001,B001,5,9696.97,0.2,7757.58,5315.89,2441.69,Completed
ORD010724,2023-02-24,CUST01216,PROD0025,B001,3,2970.13,0.25,2227.6,1772.15,455.45,Completed
ORD010726,2023-07-04,CUST01230,PROD0081,B002,3,399.32,0.05,379.36,297.32,82.04,Completed
ORD010733,2023-07-08,CUST00406,PROD0017,B003,2,1739.19,0.05,1652.23,1263.96,388.27,Completed
ORD010738,2023-02-26,CUST00623,PROD0017,B001,1,869.59,0.2,695.68,631.98,63.7,Completed
ORD010740,2023-09-01,CUST01022,PROD0105,B002,4,1686.95,0.15,1433.91,1243.18,190.73,Completed
ORD010743,2023-01-11,CUST01209,PROD0112,B001,3,2599.09,0.15,2209.22,2034.98,174.24,Completed
ORD010749,2023-04-10,CUST01259,PROD0031,B001,1,667.03,0.2,533.63,547.49,-13.86,Completed
ORD010751,2023-05-03,CUST00135,PROD0113,B004,5,6270.92,0.1,5643.82,4534.77,1109.05,Completed
ORD010754,2023-08-28,CUST01603,PROD0026,B001,4,1574.03,0.05,1495.32,1137.19,358.13,Completed
ORD010757,2023-02-07,CUST02207,PROD0086,B002,4,2111.47,0.05,2005.9,1602.97,402.93,Completed
ORD010758,2023-10-22,CUST00958,PROD0074,B002,5,3264.22,0.05,3101.01,2524.19,576.82,Completed
ORD010761,2023-05-07,CUST01859,PROD0063,B001,3,398.04,0.15,338.33,301.4,36.93,Completed
ORD010762,2023-04-23,CUST01414,PROD0108,B005,1,909.88,0.2,727.91,523.42,204.49,Completed
ORD010765,2023-08-07,CUST01690,PROD0052,B002,1,660.68,0.05,627.65,453.35,174.3,Completed
ORD010767,2023-07-12,CUST01478,PROD0114,B001,1,1374.54,0.05,1305.81,1043.17,262.64,Completed
ORD010770,2023-09-17,CUST01435,PROD0083,B001,3,3338.92,0.15,2838.08,3364.43,-526.35,Completed
ORD010771,2023-05-09,CUST01983,PROD0067,B002,1,906.81,0.15,770.79,497.33,273.46,Completed
ORD010780,2023-03-14,CUST01875,PROD0048,B003,2,1776.73,0.15,1510.22,1230.99,279.23,Completed
ORD010782,2023-11-24,CUST01408,PROD0055,B001,5,2323.71,0.1,2091.34,1317.7,773.64,Completed
ORD010786,2023-12-22,CUST01437,PROD0038,B005,5,299.66,0.1,269.69,203.55,66.14,Completed
ORD010788,2023-11-03,CUST01710,PROD0089,B001,4,1373.33,0.05,1304.67,902.35,402.32,Completed
ORD010789,2023-05-28,CUST00344,PROD0099,B003,1,849.27,0.15,721.88,593.57,128.31,Completed
ORD010791,2023-10-10,CUST01312,PROD0110,B004,5,3983.57,0.15,3386.03,2315.96,1070.07,Completed
ORD010806,2023-11-16,CUST00669,PROD0049,B003,1,1332.72,0.05,1266.09,771.08,495.01,Completed
ORD010815,2023-10-27,CUST01779,PROD0085,B004,5,215.26,0.15,182.97,170.57,12.4,Completed
ORD010816,2023-07-20,CUST00818,PROD0071,B003,3,1439.36,0.15,1223.46,1120.72,102.74,Completed
ORD010824,2023-08-07,CUST00674,PROD0057,B002,5,5025.49,0.15,4271.67,3244.76,1026.91,Completed
ORD010832,2023-05-02,CUST01334,PROD0031,B001,2,1334.07,0.05,1267.37,1094.99,172.38,Completed
ORD010837,2023-01-01,CUST01236,PROD0017,B003,5,4347.97,0.05,4130.57,3159.89,970.68,Completed
ORD010838,2023-05-11,CUST02472,PROD0002,B002,3,2040.42,0.05,1938.4,1233.78,704.62,Completed
ORD010840,2023-08-24,CUST00582,PROD0062,B002,1,729.53,0.2,583.63,578.72,4.91,Completed
ORD010844,2023-01-04,CUST00338,PROD0093,B001,1,866.35,0.2,693.08,635.67,57.41,Completed
ORD010850,2023-02-19,CUST02444,PROD0098,B005,2,1998.78,0.2,1599.03,1117.66,481.37,Completed
ORD010851,2023-08-06,CUST00280,PROD0015,B002,3,4263.2,0.2,3410.56,2651.18,759.38,Completed
ORD010852,2023-05-04,CUST00560,PROD0069,B003,4,5060.14,0.1,4554.13,2745.75,1808.38,Completed
ORD010854,2023-08-05,CUST01776,PROD0068,B001,1,1024.93,0.05,973.69,823.36,150.33,Completed
ORD010863,2023-06-14,CUST01465,PROD0001,B002,2,3878.79,0.15,3296.97,2126.36,1170.61,Completed
ORD010865,2023-08-24,CUST02180,PROD0017,B002,3,2608.78,0.0,2608.78,1895.94,712.84,Completed
ORD010868,2023-11-06,CUST01129,PROD0063,B002,3,398.04,0.1,358.24,301.4,56.84,Completed
ORD010869,2023-03-09,CUST00160,PROD0038,B003,1,59.93,0.05,56.94,40.71,16.23,Completed
ORD010875,2023-01-05,CUST02284,PROD0028,B004,1,730.19,0.1,657.17,458.51,198.66,Completed
ORD010877,2023-05-22,CUST01369,PROD0066,B005,2,2796.43,0.2,2237.14,2008.98,228.16,Completed
ORD010880,2023-06-02,CUST00981,PROD0056,B003,2,2823.44,0.1,2541.09,2115.29,425.8,Completed
ORD010882,2023-10-01,CUST00067,PROD0050,B004,1,1099.14,0.0,1099.14,634.27,464.87,Completed
ORD010890,2023-04-02,CUST00739,PROD0067,B005,4,3627.23,0.0,3627.23,1989.31,1637.92,Completed
ORD010891,2023-10-09,CUST01551,PROD0062,B005,1,729.53,0.15,620.1,578.72,41.38,Completed
ORD010892,2023-03-25,CUST00272,PROD0066,B001,5,6991.07,0.15,5942.41,5022.45,919.96,Completed
ORD010902,2023-01-28,CUST00044,PROD0004,B003,3,897.52,0.15,762.9,573.31,189.59,Completed
ORD010919,2023-10-29,CUST02461,PROD0050,B005,1,1099.14,0.05,1044.18,634.27,409.91,Completed
ORD010922,2023-10-12,CUST02485,PROD0110,B002,5,3983.57,0.1,3585.21,2315.96,1269.25,Completed
ORD010923,2023-02-12,CUST00316,PROD0065,B005,5,6756.67,0.0,6756.67,5056.08,1700.59,Completed
ORD010924,2023-07-26,CUST01145,PROD0119,B003,2,684.18,0.05,649.97,868.62,-218.65,Completed
ORD010926,2023-03-11,CUST01172,PROD0094,B002,2,390.56,0.0,390.56,234.04,156.52,Completed
ORD010930,2023-12-11,CUST02434,PROD0075,B004,3,4241.7,0.2,3393.36,3277.37,115.99,Completed
ORD010938,2023-03-13,CUST02207,PROD0113,B003,1,1254.18,0.0,1254.18,906.95,347.23,Completed
ORD010939,2023-09-06,CUST01897,PROD0054,B001,2,2255.35,0.05,2142.59,1524.07,618.52,Completed
ORD010941,2023-06-22,CUST00416,PROD0075,B004,4,5655.6,0.05,5372.82,4369.82,1003.0,Completed
ORD010943,2023-05-01,CUST01312,PROD0042,B001,4,5814.11,0.05,5523.4,4257.54,1265.86,Completed
ORD010945,2023-05-05,CUST00918,PROD0003,B001,2,755.58,0.05,717.81,535.46,182.35,Completed
ORD010949,2023-05-22,CUST00001,PROD0065,B004,2,2702.67,0.2,2162.14,2022.43,139.71,Completed
ORD010954,2023-01-31,CUST01694,PROD0004,B004,1,299.17,0.05,284.21,191.1,93.11,Completed
ORD010958,2023-11-09,CUST02229,PROD0105,B005,5,2108.69,0.1,1897.82,1553.98,343.84,Completed
ORD010973,2023-07-16,CUST00427,PROD0003,B001,5,1888.96,0.25,1416.72,1338.64,78.08,Completed
ORD010976,2023-08-01,CUST00493,PROD0016,B002,3,266.59,0.2,213.27,159.65,53.62,Completed
ORD010989,2023-09-23,CUST00879,PROD0077,B005,3,912.07,0.2,729.66,738.16,-8.5,Completed
ORD010996,2023-11-23,CUST00452,PROD0014,B002,2,2761.75,0.0,2761.75,1581.2,1180.55,Completed
ORD010998,2023-08-28,CUST01733,PROD0042,B001,2,2907.05,0.1,2616.35,2128.77,487.58,Completed
ORD010999,2023-01-30,CUST00553,PROD0052,B004,3,1982.05,0.15,1684.74,1360.05,324.69,Completed
ORD011009,2023-02-22,CUST01352,PROD0090,B002,1,319.88,0.1,287.89,200.18,87.71,Completed
ORD011015,2023-11-29,CUST00507,PROD0031,B003,5,3335.17,0.1,3001.66,2737.47,264.19,Completed
ORD011017,2023-08-18,CUST00785,PROD0021,B002,1,845.16,0.05,802.9,513.58,289.32,Completed
ORD011018,2023-11-06,CUST02176,PROD0052,B005,5,3303.42,0.15,2807.91,2266.75,541.16,Completed
ORD011019,2023-08-22,CUST00569,PROD0086,B003,2,1055.73,0.05,1002.95,801.48,201.47,Completed
ORD011020,2023-10-16,CUST01027,PROD0066,B004,1,1398.21,0.15,1188.48,1004.49,183.99,Completed
ORD011022,2023-06-05,CUST00773,PROD0030,B001,4,4077.53,0.1,3669.78,3254.38,415.4,Completed
ORD011024,2023-11-25,CUST00206,PROD0006,B001,2,1338.93,0.2,1071.14,971.81,99.33,Completed
ORD011025,2023-02-01,CUST01079,PROD0083,B001,2,3308.37,0.2,2646.7,2242.95,403.75,Completed
ORD011028,2023-11-17,CUST01689,PROD0025,B002,5,4950.22,0.0,4950.22,2953.59,1996.63,Completed
ORD011029,2023-02-07,CUST01824,PROD0097,B003,1,1761.17,0.1,1585.05,1084.62,500.43,Completed
ORD011031,2023-12-16,CUST00060,PROD0091,B003,5,2068.37,0.15,1758.12,1576.45,181.67,Completed
ORD011032,2023-11-23,CUST01405,PROD0106,B001,3,2155.74,0.1,1940.17,1293.66,646.51,Completed
ORD011034,2023-10-30,CUST00472,PROD0082,B002,4,8378.11,0.15,7121.39,4534.66,2586.73,Completed
ORD011044,2023-09-17,CUST01685,PROD0004,B003,3,897.52,0.05,852.65,573.31,279.34,Completed
ORD011047,2023-03-02,CUST00872,PROD0067,B004,2,1813.62,0.1,1632.26,994.65,637.61,Completed
ORD011052,2023-11-13,CUST00225,PROD0026,B003,2,787.01,0.1,708.31,568.59,139.72,Completed
ORD011053,2023-11-05,CUST00893,PROD0049,B005,5,6663.61,0.05,6330.43,3855.39,2475.04,Completed
ORD011056,2023-09-30,CUST02480,PROD0119,B004,3,1795.75,0.15,1526.39,1302.93,223.46,Completed
ORD011058,2023-11-20,CUST02004,PROD0098,B005,5,4996.96,0.15,4247.42,2794.15,1453.27,Completed
ORD011060,2023-03-03,CUST01123,PROD0068,B004,5,5124.67,0.1,4612.2,4116.82,495.38,Completed
ORD011062,2023-11-05,CUST00387,PROD0052,B002,4,2642.73,0.0,2642.73,1813.4,829.33,Completed
ORD011068,2023-08-07,CUST00124,PROD0062,B002,3,2188.59,0.0,2188.59,1736.16,452.43,Completed
ORD011070,2023-12-19,CUST01401,PROD0028,B005,5,3650.96,0.15,3103.31,2292.57,810.74,Completed
ORD011076,2023-05-24,CUST02248,PROD0060,B003,4,358.1,0.1,322.29,235.11,87.18,Completed
ORD011090,2023-05-01,CUST00017,PROD0098,B002,2,1998.78,0.15,1698.97,1117.66,581.31,Completed
ORD011102,2023-07-25,CUST00990,PROD0031,B002,2,1334.07,0.0,1334.07,1094.99,239.08,Completed
ORD011111,2023-12-01,CUST01943,PROD0088,B002,5,2244.35,0.1,2019.92,1448.01,571.91,Completed
ORD011115,2023-03-22,CUST01853,PROD0049,B004,3,3998.17,0.05,3798.26,2313.24,1485.02,Completed
ORD011118,2023-08-11,CUST01963,PROD0076,B003,3,899.93,0.1,809.93,720.15,89.78,Completed
ORD011125,2023-01-13,CUST02042,PROD0060,B002,3,268.58,0.2,214.86,176.33,38.53,Completed
ORD011131,2023-02-07,CUST00130,PROD0002,B003,1,680.14,0.0,680.14,411.26,268.88,Completed
ORD011135,2023-04-01,CUST02101,PROD0120,B003,3,1707.5,0.1,1536.75,1100.84,435.91,Completed
ORD011141,2023-08-14,CUST01329,PROD0118,B003,3,869.65,0.05,826.17,582.5,243.67,Completed
ORD011144,2023-01-03,CUST01972,PROD0085,B001,3,129.15,0.1,116.24,102.34,13.9,Completed
ORD011157,2023-03-09,CUST00769,PROD0114,B001,1,1374.54,0.05,1305.81,1043.17,262.64,Completed
ORD011158,2023-11-11,CUST01047,PROD0035,B003,2,1160.82,0.2,928.66,871.23,57.43,Completed
ORD011164,2023-04-11,CUST02314,PROD0036,B001,3,850.08,0.2,680.07,459.65,220.42,Completed
ORD011168,2023-10-26,CUST00633,PROD0026,B001,5,1967.53,0.25,1475.65,1421.48,54.17,Completed
ORD011171,2023-07-18,CUST00284,PROD0075,B002,1,1413.9,0.25,1060.42,1092.46,-32.04,Completed
ORD011173,2023-01-01,CUST00793,PROD0049,B001,1,1332.72,0.15,1132.81,771.08,361.73,Completed
ORD011174,2023-05-30,CUST00142,PROD0095,B003,3,1065.41,0.15,905.6,803.65,101.95,Completed
ORD011177,2023-10-26,CUST00863,PROD0065,B001,5,6756.67,0.15,5743.18,5056.08,687.1,Completed
ORD011183,2023-03-13,CUST01311,PROD0093,B004,5,4331.76,0.1,3898.59,3178.36,720.23,Completed
ORD011187,2023-04-24,CUST02333,PROD0009,B005,2,638.57,0.15,542.79,391.05,151.74,Completed
ORD011195,2023-07-10,CUST02026,PROD0069,B004,5,6325.17,0.1,5692.66,3432.19,2260.47,Completed
ORD011197,2023-08-31,CUST00276,PROD0004,B004,3,897.52,0.15,762.9,573.31,189.59,Completed
ORD011198,2023-06-25,CUST00555,PROD0088,B005,4,1795.48,0.1,1615.93,1158.41,457.52,Completed
ORD011204,2023-11-21,CUST01532,PROD0104,B004,5,8012.27,0.25,6009.2,5297.84,711.36,Completed
ORD011206,2023-05-08,CUST01068,PROD0054,B002,5,5638.39,0.2,4510.71,3810.16,700.55,Completed
ORD011215,2023-04-02,CUST00174,PROD0077,B001,4,1216.09,0.1,1094.48,984.21,110.27,Completed
ORD011218,2023-08-27,CUST00583,PROD0091,B001,1,413.67,0.05,392.99,315.29,77.7,Completed
ORD011219,2023-04-14,CUST01372,PROD0099,B001,1,849.27,0.15,721.88,593.57,128.31,Completed
ORD011220,2023-06-06,CUST01050,PROD0020,B003,1,760.64,0.15,646.54,547.73,98.81,Completed
ORD011221,2023-12-29,CUST02432,PROD0117,B001,5,3861.32,0.15,3282.12,2380.62,901.5,Completed
ORD011223,2023-11-10,CUST01200,PROD0060,B004,2,179.05,0.0,179.05,117.55,61.5,Completed
ORD011224,2023-05-11,CUST00928,PROD0120,B002,5,2845.83,0.0,2845.83,1834.73,1011.1,Completed
ORD011230,2023-03-17,CUST00660,PROD0057,B005,3,3015.3,0.05,2864.53,1946.86,917.67,Completed
ORD011233,2023-01-24,CUST01487,PROD0093,B005,5,4331.76,0.2,3465.41,3178.36,287.05,Completed
ORD011240,2023-01-23,CUST01708,PROD0063,B001,4,530.72,0.05,504.19,401.86,102.33,Completed
ORD011243,2023-03-05,CUST00051,PROD0009,B002,2,638.57,0.1,574.71,391.05,183.66,Completed
ORD011245,2023-08-14,CUST02070,PROD0064,B003,3,2775.68,0.25,2081.76,2109.86,-28.1,Completed
ORD011247,2023-04-19,CUST00170,PROD0086,B001,1,527.87,0.05,501.47,400.74,100.73,Completed
ORD011248,2023-03-24,CUST01098,PROD0108,B001,2,1819.76,0.1,1637.79,1046.85,590.94,Completed
ORD011251,2023-05-15,CUST02186,PROD0040,B005,5,4953.37,0.2,3962.7,2701.76,1260.94,Completed
ORD011255,2023-07-07,CUST00120,PROD0067,B002,1,906.81,0.1,816.13,497.33,318.8,Completed
ORD011258,2023-09-06,CUST02316,PROD0097,B003,4,7044.68,0.15,5987.98,4338.46,1649.52,Completed
ORD011262,2023-05-22,CUST02360,PROD0053,B003,3,1667.51,0.15,1417.39,1084.81,332.58,Completed
ORD011283,2023-05-26,CUST00032,PROD0054,B001,4,4510.71,0.1,4059.64,3048.13,1011.51,Completed
ORD011287,2023-02-18,CUST02390,PROD0021,B003,1,845.16,0.0,845.16,513.58,331.58,Completed
ORD011288,2023-02-22,CUST00983,PROD0077,B005,2,608.04,0.05,577.64,492.1,85.54,Completed
ORD011289,2023-05-05,CUST01380,PROD0060,B001,2,179.05,0.0,179.05,117.55,61.5,Completed
ORD011290,2023-06-21,CUST01257,PROD0093,B002,1,866.35,0.1,779.72,635.67,144.05,Completed
ORD011291,2023-02-27,CUST01827,PROD0016,B003,5,444.32,0.1,399.89,266.08,133.81,Completed
ORD011293,2023-10-06,CUST00840,PROD0108,B001,3,2729.65,0.2,2183.72,1570.27,613.45,Completed
ORD011294,2023-02-09,CUST02095,PROD0074,B001,3,1958.53,0.05,1860.61,1514.51,346.1,Completed
ORD011298,2023-09-03,CUST00378,PROD0012,B001,1,129.62,0.05,123.14,87.57,35.57,Completed
ORD011300,2023-07-12,CUST02204,PROD0018,B001,2,3442.62,0.05,3270.48,2143.81,1126.67,Completed
ORD011303,2023-03-31,CUST01509,PROD0006,B001,4,2677.86,0.0,2677.86,1943.61,734.25,Completed
ORD011318,2023-10-16,CUST00306,PROD0001,B002,4,7757.58,0.05,7369.7,4252.71,3116.99,Completed
ORD011319,2023-09-05,CUST00150,PROD0007,B002,1,47.71,0.15,40.55,35.75,4.8,Completed
ORD011320,2023-08-28,CUST01596,PROD0006,B003,4,2677.86,0.0,2677.86,1943.61,734.25,Completed
ORD011325,2023-12-28,CUST02280,PROD0002,B003,4,2720.55,0.15,2312.47,1645.04,667.43,Completed
ORD011335,2023-09-14,CUST00651,PROD0050,B005,3,3297.42,0.2,2637.94,1902.8,735.14,Completed
ORD011336,2023-03-29,CUST00150,PROD0097,B001,2,3522.34,0.15,2993.99,2169.23,824.76,Completed
ORD011338,2023-08-31,CUST00124,PROD0008,B001,1,265.55,0.1,239.0,218.91,20.09,Completed
ORD011339,2023-09-20,CUST02192,PROD0063,B002,4,530.72,0.0,530.72,401.86,128.86,Completed
ORD011356,2023-12-23,CUST01203,PROD0030,B001,3,3058.15,0.15,2599.43,2440.78,158.65,Completed
ORD011359,2023-02-12,CUST01623,PROD0083,B002,5,8270.93,0.0,8270.93,5607.38,2663.55,Completed
ORD011365,2023-09-23,CUST01072,PROD0038,B003,4,239.73,0.15,203.77,162.84,40.93,Completed
ORD011368,2023-06-03,CUST00806,PROD0034,B001,1,1077.45,0.1,969.7,716.59,253.11,Completed
ORD011375,2023-08-01,CUST02481,PROD0098,B004,3,2998.18,0.15,2548.45,1676.49,871.96,Completed
ORD011380,2023-01-26,CUST01042,PROD0015,B005,4,5684.27,0.1,5115.84,3534.91,1580.93,Completed
ORD011394,2023-07-19,CUST01364,PROD0106,B004,1,718.58,0.15,610.79,431.22,179.57,Completed
ORD011397,2023-06-19,CUST00038,PROD0116,B005,1,172.71,0.0,172.71,215.09,-42.38,Completed
ORD011399,2023-10-27,CUST01312,PROD0068,B003,2,2049.87,0.1,1844.88,1646.73,198.15,Completed
ORD011400,2023-09-03,CUST01316,PROD0112,B005,4,3465.45,0.0,3465.45,2713.31,752.14,Completed
ORD011403,2023-10-28,CUST01523,PROD0001,B005,5,9696.97,0.05,9212.12,5315.89,3896.23,Completed
ORD011409,2023-06-01,CUST01843,PROD0098,B003,5,4996.96,0.05,4747.11,2794.15,1952.96,Completed
ORD011413,2023-10-07,CUST02204,PROD0073,B003,1,182.8,0.15,155.38,119.97,35.41,Completed
ORD011416,2023-06-09,CUST01421,PROD0065,B005,2,2702.67,0.0,2702.67,2022.43,680.24,Completed
ORD011417,2023-10-21,CUST01553,PROD0013,B003,3,2029.66,0.1,1826.7,1373.17,453.53,Completed
ORD011421,2023-03-01,CUST00816,PROD0067,B001,2,1813.62,0.2,1450.9,994.65,456.25,Completed
ORD011424,2023-04-27,CUST01975,PROD0105,B004,4,1686.95,0.0,1686.95,1243.18,443.77,Completed
ORD011428,2023-10-28,CUST01297,PROD0048,B004,1,888.37,0.15,755.11,615.49,139.62,Completed
ORD011431,2023-02-01,CUST02193,PROD0117,B004,1,772.26,0.05,733.65,476.12,257.53,Completed
ORD011437,2023-07-30,CUST01075,PROD0065,B002,2,2702.67,0.1,2432.4,2022.43,409.97,Completed
ORD011440,2023-11-15,CUST00298,PROD0019,B003,5,2339.58,0.1,2105.63,2770.95,-665.32,Completed
ORD011444,2023-02-17,CUST01616,PROD0083,B002,5,8270.93,0.25,6203.2,5607.38,595.82,Completed
ORD011445,2023-03-08,CUST01827,PROD0033,B002,3,1801.02,0.1,1620.92,1149.73,471.19,Completed
ORD011446,2023-10-21,CUST00054,PROD0120,B002,4,2276.66,0.15,1935.16,1467.78,467.38,Completed
ORD011448,2023-05-08,CUST02164,PROD0019,B003,4,3554.78,0.15,3021.56,2216.76,804.8,Completed
ORD011449,2023-12-02,CUST00049,PROD0052,B005,3,1982.05,0.0,1982.05,1360.05,622.0,Completed
ORD011456,2023-09-18,CUST02140,PROD0108,B005,5,4549.41,0.25,3412.06,2617.12,794.94,Completed
ORD011457,2023-11-11,CUST01540,PROD0066,B004,4,5592.86,0.25,4194.64,4017.96,176.68,Completed
ORD011460,2023-06-10,CUST00790,PROD0088,B003,3,1346.61,0.2,1077.29,868.81,208.48,Completed
ORD011461,2023-10-04,CUST01980,PROD0079,B001,3,519.91,0.0,519.91,349.71,170.2,Completed
ORD011465,2023-07-27,CUST02090,PROD0058,B003,4,1251.03,0.2,1000.82,698.33,302.49,Completed
ORD011467,2023-06-25,CUST01597,PROD0050,B001,5,5495.7,0.0,5495.7,3171.34,2324.36,Completed
ORD011468,2023-03-09,CUST02450,PROD0095,B001,2,710.27,0.05,674.76,535.77,138.99,Completed
ORD011471,2023-01-01,CUST00944,PROD0060,B002,1,89.53,0.05,85.05,58.78,26.27,Completed
ORD011473,2023-04-24,CUST01907,PROD0004,B001,2,598.35,0.0,598.35,382.21,216.14,Completed
ORD011475,2023-02-02,CUST00461,PROD0094,B003,1,195.28,0.0,195.28,117.02,78.26,Completed
ORD011481,2023-07-25,CUST01060,PROD0065,B002,3,4054.0,0.2,3243.2,3033.65,209.55,Completed
ORD011482,2023-09-27,CUST00200,PROD0011,B004,1,847.95,0.0,847.95,657.62,190.33,Completed
ORD011486,2023-10-08,CUST00007,PROD0099,B001,3,2547.81,0.15,2165.64,1780.7,384.94,Completed
ORD011491,2023-10-20,CUST01159,PROD0056,B001,4,5646.88,0.1,5082.19,4230.57,851.62,Completed
ORD011496,2023-02-10,CUST00453,PROD0002,B003,4,2720.55,0.0,2720.55,1645.04,1075.51,Completed
ORD011500,2023-03-28,CUST01663,PROD0067,B001,4,3627.23,0.1,3264.51,1989.31,1275.2,Completed
ORD011504,2023-04-22,CUST01449,PROD0018,B002,5,8606.54,0.1,7745.88,5359.54,2386.34,Completed
ORD011507,2023-12-10,CUST02213,PROD0005,B001,1,1222.39,0.15,1039.04,753.73,285.31,Completed
ORD011508,2023-04-28,CUST02397,PROD0109,B001,5,6779.33,0.05,6440.36,4875.55,1564.81,Completed
ORD011514,2023-12-25,CUST01024,PROD0081,B003,4,361.75,0.05,343.66,396.43,-52.77,Completed
ORD011520,2023-09-01,CUST02341,PROD0054,B002,5,5638.39,0.05,5356.47,3810.16,1546.31,Completed
ORD011522,2023-01-24,CUST00484,PROD0073,B002,1,182.8,0.1,164.52,119.97,44.55,Completed
ORD011525,2023-07-24,CUST00275,PROD0033,B001,5,3001.7,0.0,3001.7,1916.21,1085.49,Completed
ORD011526,2023-08-19,CUST00409,PROD0010,B001,3,5527.66,0.05,5251.28,3215.99,2035.29,Completed
ORD011529,2023-06-28,CUST00705,PROD0060,B003,5,447.63,0.1,402.86,293.88,108.98,Completed
ORD011531,2023-09-04,CUST01030,PROD0104,B004,4,6409.81,0.05,6089.32,4238.27,1851.05,Completed
ORD011538,2023-11-09,CUST01811,PROD0078,B001,3,2795.86,0.2,2236.69,1721.93,514.76,Completed
ORD011541,2023-08-23,CUST02094,PROD0030,B001,4,4077.53,0.1,3669.78,3254.38,415.4,Completed
ORD011549,2023-07-08,CUST00309,PROD0116,B001,3,786.52,0.1,707.86,645.27,62.59,Completed
ORD011552,2023-09-01,CUST01782,PROD0080,B001,5,2033.0,0.2,1626.4,1409.99,216.41,Completed
ORD011555,2023-08-25,CUST01204,PROD0029,B002,2,916.01,0.05,870.21,531.7,338.51,Completed
ORD011557,2023-08-22,CUST02173,PROD0007,B005,4,190.83,0.1,171.75,143.01,28.74,Completed
ORD011558,2023-06-21,CUST00603,PROD0104,B003,3,4807.36,0.2,3845.89,3178.71,667.18,Completed
ORD011561,2023-05-27,CUST01696,PROD0089,B002,5,1716.67,0.05,1630.84,1127.94,502.9,Completed
ORD011565,2023-04-08,CUST00928,PROD0080,B003,5,2033.0,0.1,1829.7,1409.99,419.71,Completed
ORD011571,2023-08-03,CUST01549,PROD0058,B003,5,1563.78,0.1,1407.41,872.91,534.5,Completed
ORD011577,2023-08-13,CUST01624,PROD0071,B001,4,1919.14,0.25,1439.36,1494.29,-54.93,Completed
ORD011580,2023-11-13,CUST01065,PROD0089,B003,1,343.33,0.2,274.67,225.59,49.08,Completed
ORD011583,2023-04-20,CUST00766,PROD0019,B002,1,888.69,0.1,799.82,554.19,245.63,Completed
ORD011585,2023-01-16,CUST01820,PROD0019,B004,2,1777.39,0.1,1599.65,1108.38,491.27,Completed
ORD011592,2023-10-14,CUST01726,PROD0082,B003,4,8378.11,0.2,6702.49,4534.66,2167.83,Completed
ORD011594,2023-11-12,CUST00685,PROD0098,B005,5,4996.96,0.1,4497.27,2794.15,1703.12,Completed
ORD011597,2023-12-28,CUST00203,PROD0050,B003,1,1099.14,0.15,934.27,634.27,300.0,Completed
ORD011601,2023-01-15,CUST00305,PROD0007,B001,4,190.83,0.1,171.75,143.01,28.74,Completed
ORD011609,2023-10-18,CUST00558,PROD0043,B003,1,171.8,0.15,146.03,178.65,-32.62,Completed
ORD011610,2023-01-01,CUST00398,PROD0097,B001,5,8805.85,0.05,8365.56,5423.08,2942.48,Completed
ORD011611,2023-09-13,CUST00193,PROD0094,B004,1,195.28,0.2,156.22,117.02,39.2,Completed
ORD011622,2023-01-01,CUST00030,PROD0055,B001,3,839.64,0.1,755.68,790.62,-34.94,Completed
ORD011623,2023-03-02,CUST00520,PROD0061,B004,4,1792.8,0.05,1703.16,1260.1,443.06,Completed
ORD011627,2023-02-12,CUST01358,PROD0036,B001,1,283.36,0.0,283.36,153.22,130.14,Completed
ORD011628,2023-02-05,CUST00205,PROD0114,B002,4,5498.14,0.0,5498.14,4172.67,1325.47,Completed
ORD011630,2023-11-29,CUST00238,PROD0086,B004,2,1055.73,0.0,1055.73,801.48,254.25,Completed
ORD011632,2023-07-15,CUST01695,PROD0116,B004,1,262.17,0.15,222.85,215.09,7.76,Completed
ORD011633,2023-10-24,CUST00667,PROD0056,B001,5,7058.6,0.05,6705.66,5288.22,1417.44,Completed
ORD011634,2023-10-12,CUST00090,PROD0110,B001,1,796.71,0.2,637.37,463.19,174.18,Completed
ORD011636,2023-02-24,CUST00340,PROD0031,B001,3,2001.1,0.1,1801.0,1642.48,158.52,Completed
ORD011637,2023-05-27,CUST00507,PROD0017,B004,1,869.59,0.05,826.12,631.98,194.14,Completed
ORD011639,2023-02-28,CUST00615,PROD0014,B001,2,2761.75,0.05,2623.67,1581.2,1042.47,Completed
ORD011640,2023-06-10,CUST02132,PROD0063,B004,3,398.04,0.0,398.04,301.4,96.64,Completed
ORD011644,2023-10-16,CUST00178,PROD0070,B002,2,401.05,0.1,360.94,275.18,85.76,Completed
ORD011645,2023-09-11,CUST01721,PROD0070,B002,1,200.52,0.25,150.39,137.59,12.8,Completed
ORD011647,2023-09-16,CUST01961,PROD0004,B005,4,1196.7,0.25,897.52,764.42,133.1,Completed
ORD011648,2023-12-18,CUST01104,PROD0098,B004,4,3997.57,0.05,3797.69,2235.32,1562.37,Completed
ORD011662,2023-02-04,CUST01554,PROD0073,B003,5,914.01,0.1,822.61,599.86,222.75,Completed
ORD011669,2023-12-13,CUST00403,PROD0038,B001,2,119.86,0.25,89.89,81.42,8.47,Completed
ORD011677,2023-11-18,CUST01792,PROD0022,B002,3,3793.01,0.1,3413.71,2740.74,672.97,Completed
ORD011678,2023-05-12,CUST01960,PROD0072,B002,5,2325.79,0.05,2209.5,1633.1,576.4,Completed
ORD011688,2023-10-15,CUST00052,PROD0044,B002,5,5469.74,0.0,5469.74,3037.05,2432.69,Completed
ORD011692,2023-08-19,CUST00155,PROD0043,B002,4,1165.59,0.0,1165.59,714.58,451.01,Completed
ORD011693,2023-09-01,CUST00432,PROD0047,B002,5,1550.99,0.2,1240.79,898.25,342.54,Completed
ORD011701,2023-08-11,CUST01888,PROD0024,B003,3,3846.1,0.15,3269.19,2109.28,1159.91,Completed
ORD011702,2023-10-04,CUST01688,PROD0052,B001,5,3303.42,0.1,2973.07,2266.75,706.32,Completed
ORD011706,2023-09-01,CUST01441,PROD0045,B002,3,3014.25,0.1,2712.82,2149.67,563.15,Completed
ORD011707,2023-09-15,CUST00099,PROD0029,B002,2,916.01,0.1,824.41,531.7,292.71,Completed
ORD011709,2023-09-19,CUST02407,PROD0033,B004,2,1200.68,0.15,1020.58,766.49,254.09,Completed
ORD011712,2023-02-08,CUST01407,PROD0095,B002,3,1065.41,0.1,958.87,803.65,155.22,Completed
ORD011713,2023-12-06,CUST00260,PROD0108,B004,2,1819.76,0.1,1637.79,1046.85,590.94,Completed
ORD011722,2023-09-02,CUST00669,PROD0062,B001,2,1459.06,0.1,1313.16,1157.44,155.72,Completed
ORD011723,2023-07-05,CUST01912,PROD0029,B001,4,1832.02,0.25,1374.02,1063.4,310.62,Completed
ORD011728,2023-10-27,CUST02165,PROD0010,B003,1,1842.55,0.1,1658.3,1072.0,586.3,Completed
ORD011734,2023-07-17,CUST00704,PROD0097,B005,3,5283.51,0.1,4755.16,3253.85,1501.31,Completed
ORD011735,2023-02-05,CUST02136,PROD0051,B001,2,1792.18,0.05,1702.58,1188.1,514.48,Completed
ORD011739,2023-09-07,CUST01157,PROD0061,B002,3,1050.58,0.15,893.0,945.07,-52.07,Completed
ORD011748,2023-01-11,CUST00894,PROD0088,B001,5,2244.35,0.15,1907.7,1448.01,459.69,Completed
ORD011751,2023-02-19,CUST01538,PROD0050,B001,3,3297.42,0.15,2802.81,1902.8,900.01,Completed
ORD011752,2023-06-05,CUST00963,PROD0086,B004,3,1583.6,0.15,1346.06,1202.23,143.83,Completed
ORD011758,2023-05-20,CUST01458,PROD0011,B005,3,2543.84,0.05,2416.65,1972.87,443.78,Completed
ORD011759,2023-09-23,CUST00649,PROD0053,B001,2,1111.68,0.2,889.34,723.21,166.13,Completed
ORD011766,2023-09-21,CUST00370,PROD0114,B002,5,6872.68,0.25,5154.51,5215.83,-61.32,Completed
ORD011774,2023-07-27,CUST00732,PROD0094,B005,2,390.56,0.1,351.51,234.04,117.47,Completed
ORD011782,2023-07-08,CUST01141,PROD0095,B002,3,1065.41,0.2,852.33,803.65,48.68,Completed
ORD011786,2023-08-31,CUST00942,PROD0113,B003,4,5016.73,0.0,5016.73,3627.81,1388.92,Completed
ORD011794,2023-12-31,CUST02444,PROD0080,B005,4,1626.4,0.15,1382.44,1127.99,254.45,Completed
ORD011801,2023-08-29,CUST02285,PROD0051,B001,4,1888.35,0.0,1888.35,2376.21,-487.86,Completed
ORD011802,2023-03-29,CUST01839,PROD0013,B002,3,2029.66,0.15,1725.21,1373.17,352.04,Completed
ORD011808,2023-12-04,CUST00909,PROD0043,B005,4,1165.59,0.25,874.19,714.58,159.61,Completed
ORD011810,2023-12-10,CUST02446,PROD0015,B002,2,2842.13,0.0,2842.13,1767.45,1074.68,Completed
ORD011818,2023-12-05,CUST00814,PROD0110,B004,4,3186.86,0.2,2549.48,1852.77,696.71,Completed
ORD011819,2023-02-19,CUST01024,PROD0077,B001,2,608.04,0.15,516.84,492.1,24.74,Completed
ORD011826,2023-07-04,CUST01705,PROD0089,B001,3,1030.0,0.15,875.5,676.76,198.74,Completed
ORD011827,2023-03-24,CUST00517,PROD0072,B001,3,919.05,0.0,919.05,979.86,-60.81,Completed
ORD011835,2023-01-18,CUST00993,PROD0111,B005,3,3413.13,0.15,2901.16,3321.19,-420.03,Completed
ORD011850,2023-02-07,CUST00097,PROD0001,B003,5,9696.97,0.1,8727.27,5315.89,3411.38,Completed
ORD011853,2023-09-01,CUST00247,PROD0053,B001,1,555.84,0.15,472.46,361.6,110.86,Completed
ORD011858,2023-07-24,CUST02145,PROD0115,B003,1,746.55,0.05,709.22,460.65,248.57,Completed
ORD011861,2023-11-02,CUST00200,PROD0109,B005,5,6779.33,0.1,6101.4,4875.55,1225.85,Completed
ORD011872,2023-11-09,CUST02223,PROD0086,B001,4,2111.47,0.0,2111.47,1602.97,508.5,Completed
ORD011874,2023-05-24,CUST00208,PROD0063,B003,4,530.72,0.0,530.72,401.86,128.86,Completed
ORD011875,2023-08-27,CUST01157,PROD0069,B002,5,6325.17,0.0,6325.17,3432.19,2892.98,Completed
ORD011876,2023-03-08,CUST00748,PROD0103,B004,5,4363.29,0.0,4363.29,2582.17,1781.12,Completed
ORD011883,2023-04-23,CUST01017,PROD0065,B003,2,2702.67,0.1,2432.4,2022.43,409.97,Completed
ORD011897,2023-07-06,CUST01966,PROD0064,B001,5,4626.14,0.1,4163.53,3516.44,647.09,Completed
ORD011905,2023-04-03,CUST01539,PROD0040,B002,1,990.67,0.0,990.67,540.35,450.32,Completed
ORD011906,2023-07-17,CUST00648,PROD0041,B001,4,460.31,0.0,460.31,249.96,210.35,Completed
ORD011909,2023-03-29,CUST01774,PROD0050,B004,5,5495.7,0.15,4671.35,3171.34,1500.01,Completed
ORD011912,2023-06-10,CUST02254,PROD0043,B001,3,874.19,0.2,699.35,535.94,163.41,Completed
ORD011913,2023-06-02,CUST01652,PROD0058,B005,3,938.27,0.15,797.53,523.75,273.78,Completed
ORD011916,2023-02-08,CUST00897,PROD0083,B004,4,6616.75,0.1,5955.07,4485.91,1469.16,Completed
ORD011917,2023-03-24,CUST00901,PROD0036,B001,1,283.36,0.1,255.03,153.22,101.81,Completed
ORD011920,2023-01-21,CUST00684,PROD0064,B002,2,1850.46,0.25,1387.84,1406.57,-18.73,Completed
ORD011923,2023-12-29,CUST01898,PROD0036,B004,1,283.36,0.05,269.19,153.22,115.97,Completed
ORD011932,2023-12-10,CUST00463,PROD0091,B004,5,2068.37,0.2,1654.7,1576.45,78.25,Completed
ORD011937,2023-12-20,CUST01201,PROD0026,B004,4,1574.03,0.1,1416.62,1137.19,279.43,Completed
ORD011942,2023-11-08,CUST01153,PROD0046,B003,2,446.67,0.05,424.34,337.11,87.23,Completed
ORD011944,2023-03-28,CUST01144,PROD0010,B001,2,3685.11,0.15,3132.35,2143.99,988.36,Completed
ORD011954,2023-01-08,CUST01133,PROD0010,B005,5,5518.14,0.2,4414.52,5359.98,-945.46,Completed
ORD011956,2023-08-05,CUST00045,PROD0105,B002,4,1686.95,0.1,1518.25,1243.18,275.07,Completed
ORD011958,2023-08-05,CUST01729,PROD0023,B004,2,2546.11,0.05,2418.81,1573.84,844.97,Completed
ORD011966,2023-09-21,CUST01232,PROD0018,B004,3,5163.92,0.05,4905.72,3215.72,1690.0,Completed
ORD011968,2023-05-05,CUST01032,PROD0024,B002,4,5128.14,0.1,4615.33,2812.38,1802.95,Completed
ORD011988,2023-02-25,CUST01499,PROD0103,B003,2,1745.31,0.15,1483.52,1032.87,450.65,Completed
ORD011990,2023-09-01,CUST00247,PROD0017,B003,2,1739.19,0.05,1652.23,1263.96,388.27,Completed
ORD011997,2023-08-27,CUST00624,PROD0053,B005,2,1111.68,0.1,1000.51,723.21,277.3,Completed
ORD012001,2023-04-06,CUST01312,PROD0071,B002,1,479.79,0.1,431.81,373.57,58.24,Completed
ORD012007,2023-09-16,CUST02117,PROD0001,B004,1,1939.39,0.1,1745.46,1063.18,682.28,Completed
ORD012008,2023-08-20,CUST00105,PROD0050,B001,1,1099.14,0.15,934.27,634.27,300.0,Completed
ORD012010,2023-02-04,CUST00750,PROD0047,B004,4,1240.79,0.05,1178.75,718.6,460.15,Completed
ORD012012,2023-01-02,CUST00244,PROD0028,B005,1,730.19,0.2,584.15,458.51,125.64,Completed
ORD012015,2023-09-17,CUST01720,PROD0119,B002,2,1197.16,0.1,1077.45,868.62,208.83,Completed
ORD012025,2023-11-04,CUST01617,PROD0054,B001,3,3383.03,0.2,2706.43,2286.1,420.33,Completed
ORD012035,2023-11-22,CUST00552,PROD0082,B003,5,10472.63,0.0,10472.63,5668.32,4804.31,Completed
ORD012052,2023-05-02,CUST01371,PROD0118,B001,1,289.88,0.15,246.4,194.17,52.23,Completed
ORD012056,2023-10-28,CUST00976,PROD0042,B001,4,5814.11,0.2,4651.29,4257.54,393.75,Completed
ORD012073,2023-08-20,CUST00305,PROD0063,B002,1,132.68,0.05,126.05,100.47,25.58,Completed
ORD012074,2023-09-11,CUST02147,PROD0022,B002,4,5057.35,0.05,4804.48,3654.32,1150.16,Completed
ORD012075,2023-06-08,CUST02110,PROD0063,B002,1,132.68,0.1,119.41,100.47,18.94,Completed
ORD012080,2023-01-27,CUST00242,PROD0080,B003,4,1626.4,0.15,1382.44,1127.99,254.45,Completed
ORD012084,2023-11-25,CUST02123,PROD0031,B001,1,667.03,0.0,667.03,547.49,119.54,Completed
ORD012097,2023-08-19,CUST01977,PROD0036,B003,2,566.72,0.15,481.71,306.44,175.27,Completed
ORD012099,2023-11-06,CUST01729,PROD0007,B003,4,190.83,0.15,162.2,143.01,19.19,Completed
ORD012101,2023-06-24,CUST01145,PROD0093,B002,1,866.35,0.0,866.35,635.67,230.68,Completed
ORD012105,2023-07-18,CUST01755,PROD0072,B004,2,930.32,0.25,697.74,653.24,44.5,Completed
ORD012106,2023-12-19,CUST01224,PROD0101,B002,4,2585.55,0.1,2327.0,1842.01,484.99,Completed
ORD012108,2023-07-17,CUST02336,PROD0103,B005,3,2617.97,0.15,2225.28,1549.3,675.98,Completed
ORD012111,2023-05-05,CUST01896,PROD0094,B004,1,195.28,0.05,185.52,117.02,68.5,Completed
ORD012113,2023-05-14,CUST00317,PROD0026,B002,1,393.51,0.25,295.13,284.3,10.83,Completed
ORD012117,2023-11-08,CUST00800,PROD0002,B001,3,2040.42,0.05,1938.4,1233.78,704.62,Completed
ORD012119,2023-12-24,CUST01337,PROD0082,B005,5,10472.63,0.05,9949.0,5668.32,4280.68,Completed
ORD012123,2023-05-28,CUST01651,PROD0080,B004,1,406.6,0.1,365.94,282.0,83.94,Completed
ORD012130,2023-01-21,CUST00046,PROD0096,B003,1,1776.92,0.1,1599.23,1034.47,564.76,Completed
ORD012133,2023-02-11,CUST02293,PROD0010,B005,3,5527.66,0.15,4698.52,3215.99,1482.53,Completed
ORD012143,2023-01-21,CUST00498,PROD0106,B002,5,3592.9,0.1,3233.61,2156.1,1077.51,Completed
ORD012152,2023-03-02,CUST01204,PROD0033,B003,5,3001.7,0.0,3001.7,1916.21,1085.49,Completed
ORD012155,2023-04-12,CUST01892,PROD0005,B004,5,6111.97,0.0,6111.97,3768.65,2343.32,Completed
ORD012157,2023-03-16,CUST01058,PROD0075,B003,5,7069.49,0.1,6362.54,5462.28,900.26,Completed
ORD012158,2023-09-21,CUST02394,PROD0103,B002,5,4363.29,0.1,3926.96,2582.17,1344.79,Completed
ORD012159,2023-08-10,CUST01127,PROD0036,B005,2,566.72,0.05,538.39,306.44,231.95,Completed
ORD012165,2023-11-03,CUST02303,PROD0019,B001,5,4443.47,0.0,4443.47,2770.95,1672.52,Completed
ORD012171,2023-04-05,CUST01918,PROD0069,B003,2,2530.07,0.15,2150.56,1372.88,777.68,Completed
ORD012173,2023-05-03,CUST01928,PROD0110,B002,2,1593.43,0.15,1354.41,926.38,428.03,Completed
ORD012194,2023-08-07,CUST00971,PROD0087,B002,3,3543.19,0.15,3011.72,2474.09,537.63,Completed
ORD012197,2023-12-26,CUST01605,PROD0109,B005,5,6779.33,0.15,5762.43,4875.55,886.88,Completed
ORD012200,2023-02-19,CUST01602,PROD0027,B003,3,2053.13,0.0,2053.13,1487.24,565.89,Completed
ORD012204,2023-09-05,CUST00951,PROD0001,B004,5,9696.97,0.05,9212.12,5315.89,3896.23,Completed
ORD012206,2023-08-23,CUST01640,PROD0017,B002,3,2608.78,0.2,2087.03,1895.94,191.09,Completed
ORD012208,2023-02-02,CUST01905,PROD0036,B001,2,566.72,0.0,566.72,306.44,260.28,Completed
ORD012209,2023-11-28,CUST02056,PROD0023,B003,2,2546.11,0.05,2418.81,1573.84,844.97,Completed
ORD012210,2023-01-24,CUST02077,PROD0089,B003,1,343.33,0.0,343.33,225.59,117.74,Completed
ORD012214,2023-05-03,CUST02266,PROD0097,B004,1,1761.17,0.1,1585.05,1084.62,500.43,Completed
ORD012219,2023-09-07,CUST02252,PROD0022,B004,4,5057.35,0.0,5057.35,3654.32,1403.03,Completed
ORD012220,2023-08-26,CUST01174,PROD0097,B001,2,3522.34,0.05,3346.22,2169.23,1176.99,Completed
ORD012221,2023-01-31,CUST00267,PROD0038,B003,2,119.86,0.05,113.87,81.42,32.45,Completed
ORD012222,2023-03-05,CUST00146,PROD0006,B003,1,669.46,0.0,669.46,485.9,183.56,Completed
ORD012227,2023-07-15,CUST00021,PROD0011,B001,4,3391.79,0.2,2713.43,2630.5,82.93,Completed
ORD012234,2023-11-26,CUST01629,PROD0085,B001,1,43.05,0.05,40.9,34.11,6.79,Completed
ORD012236,2023-11-22,CUST01035,PROD0102,B004,3,2314.2,0.15,1967.07,1334.6,632.47,Completed
ORD012238,2023-07-25,CUST01338,PROD0117,B002,4,3089.06,0.1,2780.15,1904.49,875.66,Completed
ORD012243,2023-09-19,CUST00998,PROD0014,B004,4,5523.51,0.05,5247.33,3162.41,2084.92,Completed
ORD012249,2023-06-08,CUST00296,PROD0112,B001,1,866.36,0.05,823.05,678.33,144.72,Completed
ORD012263,2023-10-13,CUST02414,PROD0117,B001,3,2316.79,0.1,2085.12,1428.37,656.75,Completed
ORD012265,2023-03-12,CUST02088,PROD0056,B002,4,5646.88,0.05,5364.53,4230.57,1133.96,Completed
ORD012273,2023-06-09,CUST01005,PROD0033,B003,5,3001.7,0.1,2701.53,1916.21,785.32,Completed
ORD012281,2023-05-15,CUST00331,PROD0094,B004,4,781.12,0.15,663.96,468.07,195.89,Completed
ORD012284,2023-07-05,CUST00691,PROD0002,B001,3,2040.42,0.15,1734.35,1233.78,500.57,Completed
ORD012285,2023-09-01,CUST00090,PROD0094,B002,2,390.56,0.0,390.56,234.04,156.52,Completed
ORD012287,2023-02-08,CUST01242,PROD0012,B005,2,259.23,0.25,194.42,175.15,19.27,Completed
ORD012289,2023-12-29,CUST00979,PROD0044,B002,4,4375.79,0.1,3938.21,2429.64,1508.57,Completed
ORD012297,2023-08-16,CUST02136,PROD0103,B001,5,4363.29,0.15,3708.79,2582.17,1126.62,Completed
ORD012302,2023-08-16,CUST01710,PROD0046,B001,3,670.01,0.15,569.5,505.66,63.84,Completed
ORD012303,2023-07-20,CUST00644,PROD0004,B001,2,598.35,0.0,598.35,382.21,216.14,Completed
ORD012305,2023-12-07,CUST01578,PROD0023,B001,5,6365.28,0.2,5092.22,3934.59,1157.63,Completed
ORD012307,2023-06-11,CUST00334,PROD0039,B002,4,5930.76,0.05,5634.22,3304.98,2329.24,Completed
ORD012310,2023-04-29,CUST01588,PROD0105,B003,1,421.74,0.15,358.48,310.8,47.68,Completed
ORD012311,2023-08-08,CUST01992,PROD0039,B005,3,4448.07,0.1,4003.26,2478.74,1524.52,Completed
ORD012314,2023-06-12,CUST02079,PROD0039,B004,3,4448.07,0.2,3558.45,2478.74,1079.71,Completed
ORD012320,2023-09-26,CUST01761,PROD0046,B003,2,446.67,0.1,402.0,337.11,64.89,Completed
ORD012327,2023-09-29,CUST01787,PROD0097,B003,3,5283.51,0.1,4755.16,3253.85,1501.31,Completed
ORD012328,2023-02-22,CUST02036,PROD0062,B001,4,2918.12,0.1,2626.31,2314.89,311.42,Completed
ORD012329,2023-07-05,CUST00106,PROD0054,B001,1,1127.68,0.1,1014.91,762.03,252.88,Completed
ORD012332,2023-12-23,CUST00313,PROD0063,B001,5,663.4,0.0,663.4,502.33,161.07,Completed
ORD012334,2023-04-12,CUST01015,PROD0033,B004,5,1957.27,0.15,1663.68,1916.21,-252.53,Completed
ORD012340,2023-11-20,CUST01557,PROD0093,B002,5,4331.76,0.15,3682.0,3178.36,503.64,Completed
ORD012341,2023-12-21,CUST01691,PROD0048,B001,3,2665.1,0.15,2265.34,1846.48,418.86,Completed
ORD012344,2023-09-11,CUST00515,PROD0045,B001,3,3014.25,0.05,2863.54,2149.67,713.87,Completed
ORD012349,2023-08-11,CUST01717,PROD0111,B002,4,7339.28,0.0,7339.28,4428.25,2911.03,Completed
ORD012359,2023-09-07,CUST00827,PROD0046,B002,2,446.67,0.25,335.01,337.11,-2.1,Completed
ORD012360,2023-11-25,CUST00215,PROD0079,B004,3,519.91,0.1,467.91,349.71,118.2,Completed
ORD012365,2023-11-25,CUST00022,PROD0019,B001,1,441.43,0.0,441.43,554.19,-112.76,Completed
ORD012367,2023-11-27,CUST01672,PROD0082,B005,4,8378.11,0.05,7959.2,4534.66,3424.54,Completed
ORD012373,2023-07-21,CUST00511,PROD0111,B003,4,7339.28,0.2,5871.42,4428.25,1443.17,Completed
ORD012375,2023-10-08,CUST02193,PROD0067,B004,5,4534.04,0.15,3853.93,2486.63,1367.3,Completed
ORD012381,2023-02-14,CUST01403,PROD0099,B001,4,3397.08,0.15,2887.52,2374.27,513.25,Completed
ORD012386,2023-10-17,CUST00518,PROD0008,B003,5,1327.77,0.1,1194.99,1094.54,100.45,Completed
ORD012390,2023-11-24,CUST01919,PROD0005,B003,4,4889.58,0.1,4400.62,3014.92,1385.7,Completed
ORD012391,2023-10-02,CUST02025,PROD0067,B002,3,2720.42,0.0,2720.42,1491.98,1228.44,Completed
ORD012396,2023-01-29,CUST02126,PROD0097,B005,3,5283.51,0.2,4226.81,3253.85,972.96,Completed
ORD012405,2023-11-23,CUST00782,PROD0005,B001,1,1222.39,0.2,977.91,753.73,224.18,Completed
ORD012408,2023-01-23,CUST00422,PROD0004,B005,3,897.52,0.15,762.9,573.31,189.59,Completed
ORD012412,2023-10-13,CUST01974,PROD0009,B001,1,319.28,0.05,303.32,195.53,107.79,Completed
ORD012418,2023-02-25,CUST00107,PROD0075,B003,5,7069.49,0.2,5655.6,5462.28,193.32,Completed
ORD012420,2023-08-01,CUST01562,PROD0053,B001,3,1667.51,0.15,1417.39,1084.81,332.58,Completed
ORD012424,2023-01-01,CUST00923,PROD0060,B004,2,179.05,0.1,161.15,117.55,43.6,Completed
ORD012427,2023-06-17,CUST00458,PROD0041,B004,4,460.31,0.25,345.23,249.96,95.27,Completed
ORD012428,2023-01-01,CUST00034,PROD0085,B002,4,172.21,0.2,137.76,136.46,1.3,Completed
ORD012432,2023-01-17,CUST00242,PROD0021,B003,2,1690.32,0.15,1436.77,1027.16,409.61,Completed
ORD012434,2023-10-31,CUST01404,PROD0074,B001,3,1958.53,0.2,1566.83,1514.51,52.32,Completed
ORD012435,2023-10-09,CUST01021,PROD0022,B002,1,1264.34,0.15,1074.69,913.58,161.11,Completed
ORD012444,2023-10-16,CUST01270,PROD0029,B004,5,2290.03,0.1,2061.03,1329.25,731.78,Completed
ORD012448,2023-05-21,CUST02483,PROD0119,B001,5,2992.91,0.15,2543.97,2171.55,372.42,Completed
ORD012450,2023-10-27,CUST00249,PROD0086,B002,1,509.76,0.25,382.32,400.74,-18.42,Completed
ORD012455,2023-07-12,CUST02010,PROD0018,B001,4,6885.23,0.0,6885.23,4287.63,2597.6,Completed
ORD012467,2023-02-06,CUST01237,PROD0021,B002,5,4225.8,0.1,3803.22,2567.89,1235.33,Completed
ORD012473,2023-08-25,CUST01955,PROD0117,B002,3,2316.79,0.25,1737.59,1428.37,309.22,Completed
ORD012474,2023-12-24,CUST01898,PROD0043,B002,4,1165.59,0.15,990.75,714.58,276.17,Completed
ORD012476,2023-01-20,CUST00705,PROD0072,B005,1,465.16,0.1,418.64,326.62,92.02,Completed
ORD012477,2023-02-06,CUST01778,PROD0081,B004,1,133.11,0.1,119.8,99.11,20.69,Completed
ORD012481,2023-02-25,CUST01641,PROD0042,B001,1,1453.53,0.05,1380.85,1064.39,316.46,Completed
ORD012487,2023-07-20,CUST01096,PROD0048,B005,4,3553.47,0.1,3198.12,2461.98,736.14,Completed
ORD012489,2023-08-15,CUST00670,PROD0071,B002,5,2398.93,0.15,2039.09,1867.86,171.23,Completed
ORD012495,2023-09-22,CUST00017,PROD0058,B005,5,1563.78,0.05,1485.59,872.91,612.68,Completed
ORD012497,2023-05-10,CUST01721,PROD0040,B002,1,990.67,0.05,941.14,540.35,400.79,Completed
ORD012498,2023-01-16,CUST00016,PROD0090,B005,3,959.63,0.05,911.65,600.54,311.11,Completed
ORD012504,2023-07-21,CUST02263,PROD0067,B005,5,4534.04,0.2,3627.23,2486.63,1140.6,Completed
ORD012505,2023-02-13,CUST00159,PROD0010,B002,4,7370.22,0.05,7001.71,4287.98,2713.73,Completed
ORD012507,2023-09-13,CUST02068,PROD0085,B001,2,86.1,0.25,64.58,68.23,-3.65,Completed
ORD012509,2023-01-17,CUST00344,PROD0064,B002,4,3700.91,0.15,3145.78,2813.15,332.63,Completed
ORD012512,2023-01-01,CUST00186,PROD0117,B002,5,3861.32,0.05,3668.26,2380.62,1287.64,Completed
ORD012513,2023-10-25,CUST01049,PROD0005,B003,3,3667.18,0.2,2933.75,2261.19,672.56,Completed
ORD012515,2023-01-16,CUST01506,PROD0029,B001,4,996.18,0.0,996.18,1063.4,-67.22,Completed
ORD012516,2023-10-08,CUST01019,PROD0079,B001,1,173.3,0.05,164.64,116.57,48.07,Completed
ORD012519,2023-08-10,CUST02185,PROD0025,B001,1,990.04,0.05,940.54,590.72,349.82,Completed
ORD012520,2023-02-24,CUST00656,PROD0098,B002,1,999.39,0.0,999.39,558.83,440.56,Completed
ORD012523,2023-09-14,CUST00530,PROD0105,B001,4,1686.95,0.1,1518.25,1243.18,275.07,Completed
ORD012527,2023-03-16,CUST00043,PROD0017,B002,3,2608.78,0.05,2478.34,1895.94,582.4,Completed
ORD012529,2023-08-13,CUST00891,PROD0007,B002,5,238.54,0.05,226.61,178.76,47.85,Completed
ORD012530,2023-11-22,CUST01599,PROD0052,B001,5,3303.42,0.2,2642.73,2266.75,375.98,Completed
ORD012535,2023-09-27,CUST02309,PROD0056,B001,4,5646.88,0.1,5082.19,4230.57,851.62,Completed
ORD012539,2023-02-05,CUST01499,PROD0074,B003,2,1305.69,0.0,1305.69,1009.68,296.01,Completed
ORD012540,2023-04-23,CUST01924,PROD0065,B001,1,1351.33,0.25,1013.5,1011.22,2.28,Completed
ORD012541,2023-12-03,CUST01640,PROD0029,B001,1,458.01,0.1,412.21,265.85,146.36,Completed
ORD012542,2023-10-11,CUST01614,PROD0001,B001,1,1939.39,0.0,1939.39,1063.18,876.21,Completed
ORD012545,2023-02-24,CUST01042,PROD0109,B003,5,6779.33,0.25,5084.49,4875.55,208.94,Completed
ORD012547,2023-07-10,CUST00634,PROD0098,B002,3,2998.18,0.1,2698.36,1676.49,1021.87,Completed
ORD012548,2023-02-01,CUST01629,PROD0002,B001,4,2720.55,0.2,2176.44,1645.04,531.4,Completed
ORD012555,2023-03-21,CUST01968,PROD0095,B003,1,355.14,0.15,301.87,267.88,33.99,Completed
ORD012558,2023-10-23,CUST01563,PROD0030,B001,4,4077.53,0.1,3669.78,3254.38,415.4,Completed
ORD012559,2023-07-05,CUST00453,PROD0003,B002,3,1133.37,0.15,963.37,803.19,160.18,Completed
ORD012568,2023-03-29,CUST00643,PROD0033,B002,3,1801.02,0.0,1801.02,1149.73,651.29,Completed
ORD012570,2023-01-08,CUST00337,PROD0059,B001,2,1950.0,0.1,1755.0,1233.42,521.58,Completed
ORD012574,2023-09-11,CUST00608,PROD0029,B001,4,1832.02,0.1,1648.82,1063.4,585.42,Completed
ORD012577,2023-08-21,CUST01841,PROD0094,B005,2,390.56,0.05,371.03,234.04,136.99,Completed
ORD012583,2023-06-29,CUST00480,PROD0060,B001,2,179.05,0.2,143.24,117.55,25.69,Completed
ORD012591,2023-07-15,CUST00623,PROD0021,B001,5,4225.8,0.0,4225.8,2567.89,1657.91,Completed
ORD012599,2023-03-05,CUST01283,PROD0066,B001,4,5592.86,0.05,5313.22,4017.96,1295.26,Completed
ORD012601,2023-01-06,CUST00163,PROD0002,B001,2,1360.28,0.0,1360.28,822.52,537.76,Completed
ORD012604,2023-05-07,CUST00611,PROD0057,B001,2,2010.2,0.1,1809.18,1297.91,511.27,Completed
ORD012614,2023-06-30,CUST01301,PROD0042,B004,3,4360.58,0.15,3706.49,3193.16,513.33,Completed
ORD012621,2023-08-14,CUST02440,PROD0094,B001,2,390.56,0.15,331.98,234.04,97.94,Completed
ORD012622,2023-08-19,CUST02477,PROD0100,B002,3,2432.96,0.0,2432.96,1899.84,533.12,Completed
ORD012625,2023-04-29,CUST01325,PROD0058,B002,5,1563.78,0.1,1407.41,872.91,534.5,Completed
ORD012634,2023-08-30,CUST02200,PROD0036,B001,1,283.36,0.1,255.03,153.22,101.81,Completed
ORD012641,2023-08-17,CUST01751,PROD0012,B002,2,259.23,0.0,259.23,175.15,84.08,Completed
ORD012643,2023-07-02,CUST00783,PROD0010,B005,5,9212.77,0.15,7830.86,5359.98,2470.88,Completed
ORD012646,2023-10-03,CUST02055,PROD0033,B003,1,600.34,0.15,510.29,383.24,127.05,Completed
ORD012658,2023-12-30,CUST02170,PROD0008,B005,3,576.09,0.1,518.48,656.72,-138.24,Completed
ORD012660,2023-04-25,CUST00493,PROD0027,B004,2,1368.76,0.25,1026.57,991.49,35.08,Completed
ORD012666,2023-09-02,CUST00625,PROD0042,B003,4,5814.11,0.05,5523.4,4257.54,1265.86,Completed
ORD012669,2023-08-27,CUST00808,PROD0025,B002,3,2970.13,0.1,2673.12,1772.15,900.97,Completed
ORD012672,2023-01-26,CUST01102,PROD0060,B002,1,89.53,0.2,71.62,58.78,12.84,Completed
ORD012673,2023-03-11,CUST00227,PROD0120,B005,3,1707.5,0.0,1707.5,1100.84,606.66,Completed
ORD012694,2023-09-12,CUST00987,PROD0021,B001,4,3380.64,0.15,2873.54,2054.31,819.23,Completed
ORD012695,2023-03-06,CUST00136,PROD0030,B002,3,3058.15,0.1,2752.33,2440.78,311.55,Completed
ORD012697,2023-11-28,CUST00946,PROD0109,B003,5,6779.33,0.25,5084.49,4875.55,208.94,Completed
ORD012700,2023-10-18,CUST01011,PROD0089,B003,1,343.33,0.0,343.33,225.59,117.74,Completed
ORD012702,2023-09-04,CUST00415,PROD0100,B003,3,2432.96,0.25,1824.72,1899.84,-75.12,Completed
ORD012713,2023-11-27,CUST00343,PROD0051,B002,4,3584.37,0.1,3225.93,2376.21,849.72,Completed
ORD012720,2023-05-03,CUST01762,PROD0032,B003,4,2945.74,0.1,2651.16,1621.2,1029.96,Completed
ORD012723,2023-11-02,CUST01766,PROD0038,B003,4,239.73,0.05,227.74,162.84,64.9,Completed
ORD012727,2023-01-12,CUST02131,PROD0029,B001,5,1070.77,0.1,963.7,1329.25,-365.55,Completed
ORD012728,2023-04-10,CUST00784,PROD0096,B002,4,7107.69,0.15,6041.53,4137.9,1903.63,Completed
ORD012734,2023-09-17,CUST00092,PROD0061,B003,2,896.4,0.05,851.58,630.05,221.53,Completed
ORD012735,2023-12-03,CUST00038,PROD0047,B004,1,310.2,0.15,263.67,179.65,84.02,Completed
ORD012738,2023-03-02,CUST01317,PROD0022,B004,4,5057.35,0.15,4298.75,3654.32,644.43,Completed
ORD012743,2023-04-27,CUST01980,PROD0082,B001,5,10472.63,0.05,9949.0,5668.32,4280.68,Completed
ORD012746,2023-02-05,CUST00962,PROD0112,B003,5,4331.81,0.1,3898.63,3391.64,506.99,Completed
ORD012749,2023-08-16,CUST01695,PROD0029,B001,2,916.01,0.05,870.21,531.7,338.51,Completed
ORD012755,2023-06-29,CUST01621,PROD0062,B003,1,729.53,0.15,620.1,578.72,41.38,Completed
ORD012757,2023-09-09,CUST00198,PROD0038,B002,5,299.66,0.1,269.69,203.55,66.14,Completed
ORD012758,2023-05-02,CUST01118,PROD0016,B001,3,266.59,0.1,239.93,159.65,80.28,Completed
ORD012759,2023-04-30,CUST01287,PROD0062,B004,5,3647.66,0.0,3647.66,2893.61,754.05,Completed
ORD012762,2023-07-14,CUST00317,PROD0119,B003,1,598.58,0.25,448.94,434.31,14.63,Completed
ORD012763,2023-06-24,CUST01648,PROD0016,B005,5,444.32,0.05,422.11,266.08,156.03,Completed
ORD012765,2023-01-01,CUST00074,PROD0048,B003,1,888.37,0.1,799.53,615.49,184.04,Completed
ORD012772,2023-09-14,CUST01437,PROD0052,B001,4,1647.54,0.1,1482.78,1813.4,-330.62,Completed
ORD012777,2023-12-06,CUST00584,PROD0094,B001,4,781.12,0.15,663.96,468.07,195.89,Completed
ORD012780,2023-07-11,CUST00327,PROD0030,B001,5,5096.92,0.05,4842.07,4067.97,774.1,Completed
ORD012785,2023-11-04,CUST02452,PROD0068,B003,2,2049.87,0.1,1844.88,1646.73,198.15,Completed
ORD012791,2023-12-09,CUST01126,PROD0061,B002,1,448.2,0.05,425.79,315.02,110.77,Completed
ORD012794,2023-09-13,CUST01648,PROD0035,B001,4,2321.65,0.2,1857.32,1742.46,114.86,Completed
ORD012805,2023-11-26,CUST02469,PROD0006,B004,2,1338.93,0.0,1338.93,971.81,367.12,Completed
ORD012809,2023-12-05,CUST01063,PROD0047,B002,1,310.2,0.1,279.18,179.65,99.53,Completed
ORD012816,2023-04-12,CUST00338,PROD0102,B004,5,3857.01,0.05,3664.16,2224.33,1439.83,Completed
ORD012821,2023-11-20,CUST01834,PROD0050,B001,4,4396.56,0.25,3297.42,2537.07,760.35,Completed
ORD012823,2023-01-03,CUST00568,PROD0084,B004,1,518.27,0.15,440.53,382.62,57.91,Completed
ORD012826,2023-07-30,CUST02350,PROD0079,B004,3,519.91,0.05,493.91,349.71,144.2,Completed
ORD012827,2023-01-22,CUST02385,PROD0036,B003,3,850.08,0.1,765.07,459.65,305.42,Completed
ORD012832,2023-10-09,CUST00212,PROD0059,B004,5,4875.0,0.0,4875.0,3083.56,1791.44,Completed
ORD012837,2023-04-19,CUST01695,PROD0066,B003,1,1398.21,0.15,1188.48,1004.49,183.99,Completed
ORD012845,2023-04-18,CUST01876,PROD0095,B005,4,1420.55,0.0,1420.55,1071.54,349.01,Completed
ORD012846,2023-08-12,CUST02013,PROD0056,B005,1,1411.72,0.1,1270.55,1057.64,212.91,Completed
ORD012849,2023-04-28,CUST00557,PROD0024,B005,5,6410.17,0.15,5448.65,3515.47,1933.18,Completed
ORD012852,2023-08-16,CUST00454,PROD0066,B002,2,2796.43,0.0,2796.43,2008.98,787.45,Completed
ORD012866,2023-11-28,CUST00463,PROD0045,B004,2,2009.5,0.15,1708.07,1433.11,274.96,Completed
ORD012880,2023-06-24,CUST01522,PROD0024,B001,4,5128.14,0.1,4615.33,2812.38,1802.95,Completed
ORD012885,2023-07-26,CUST00855,PROD0044,B002,1,1093.95,0.1,984.55,607.41,377.14,Completed
ORD012888,2023-03-11,CUST01047,PROD0086,B001,1,527.87,0.0,527.87,400.74,127.13,Completed
ORD012891,2023-11-11,CUST01801,PROD0041,B001,4,460.31,0.2,368.25,249.96,118.29,Completed
ORD012908,2023-08-31,CUST01767,PROD0006,B001,3,2008.39,0.2,1606.71,1457.71,149.0,Completed
ORD012912,2023-09-01,CUST02168,PROD0002,B003,1,680.14,0.15,578.12,411.26,166.86,Completed
ORD012913,2023-05-02,CUST02174,PROD0114,B001,4,5498.14,0.05,5223.24,4172.67,1050.57,Completed
ORD012928,2023-01-16,CUST02132,PROD0060,B002,3,268.58,0.05,255.14,176.33,78.81,Completed
ORD012931,2023-01-23,CUST00385,PROD0029,B005,5,2290.03,0.1,2061.03,1329.25,731.78,Completed
ORD012932,2023-03-02,CUST01677,PROD0068,B004,2,2049.87,0.05,1947.37,1646.73,300.64,Completed
ORD012939,2023-08-09,CUST00206,PROD0116,B004,1,262.17,0.0,262.17,215.09,47.08,Completed
ORD012941,2023-04-03,CUST02237,PROD0026,B001,1,393.51,0.25,295.13,284.3,10.83,Completed
ORD012946,2023-10-17,CUST00703,PROD0110,B004,5,3983.57,0.2,3186.86,2315.96,870.9,Completed
ORD012949,2023-01-10,CUST01243,PROD0087,B004,4,4724.26,0.05,4488.04,3298.78,1189.26,Completed
ORD012958,2023-11-16,CUST00603,PROD0079,B003,3,519.91,0.05,493.91,349.71,144.2,Completed
ORD012963,2023-02-07,CUST01910,PROD0009,B001,1,319.28,0.05,303.32,195.53,107.79,Completed
ORD012974,2023-02-21,CUST00638,PROD0011,B003,5,4239.74,0.2,3391.79,3288.12,103.67,Completed
ORD012975,2023-10-21,CUST00872,PROD0093,B003,5,4331.76,0.0,4331.76,3178.36,1153.4,Completed
ORD012978,2023-04-22,CUST01135,PROD0115,B002,4,1713.01,0.1,1541.71,1842.61,-300.9,Completed
ORD012985,2023-01-17,CUST00696,PROD0102,B001,2,1542.8,0.1,1388.52,889.73,498.79,Completed
ORD012986,2023-07-10,CUST00721,PROD0073,B002,2,365.6,0.0,365.6,239.94,125.66,Completed
ORD012991,2023-12-20,CUST01053,PROD0072,B002,1,465.16,0.15,395.38,326.62,68.76,Completed
ORD012994,2023-08-02,CUST02391,PROD0008,B002,4,1062.22,0.25,796.66,875.63,-78.97,Completed
ORD012995,2023-11-10,CUST00958,PROD0116,B001,5,1310.86,0.0,1310.86,1075.45,235.41,Completed
ORD013003,2023-06-11,CUST01861,PROD0013,B002,3,2029.66,0.2,1623.73,1373.17,250.56,Completed
ORD013007,2023-07-05,CUST01828,PROD0083,B001,5,8270.93,0.15,7030.3,5607.38,1422.92,Completed
ORD013012,2023-12-29,CUST00999,PROD0071,B005,2,959.57,0.05,911.59,747.14,164.45,Completed
ORD013014,2023-07-29,CUST02101,PROD0015,B005,4,5684.27,0.05,5400.05,3534.91,1865.14,Completed
ORD013016,2023-01-06,CUST00487,PROD0033,B001,4,2401.36,0.2,1921.09,1532.97,388.12,Completed
ORD013017,2023-07-12,CUST00909,PROD0066,B003,3,4194.64,0.1,3775.18,3013.47,761.71,Completed
ORD013018,2023-02-15,CUST01867,PROD0103,B001,2,1745.31,0.05,1658.05,1032.87,625.18,Completed
ORD013023,2023-01-30,CUST02179,PROD0019,B001,3,1494.23,0.15,1270.09,1662.57,-392.48,Completed
ORD013024,2023-12-08,CUST01194,PROD0063,B003,3,398.04,0.1,358.24,301.4,56.84,Completed
ORD013026,2023-07-23,CUST01337,PROD0038,B002,4,239.73,0.1,215.76,162.84,52.92,Completed
ORD013028,2023-03-14,CUST01469,PROD0095,B001,3,1065.41,0.1,958.87,803.65,155.22,Completed
ORD013029,2023-03-20,CUST01723,PROD0078,B003,5,4659.77,0.05,4426.78,2869.89,1556.89,Completed
ORD013033,2023-07-22,CUST01669,PROD0097,B004,4,7044.68,0.25,5283.51,4338.46,945.05,Completed
ORD013034,2023-04-30,CUST02384,PROD0084,B001,4,2073.08,0.05,1969.42,1530.5,438.92,Completed
ORD013035,2023-03-08,CUST02397,PROD0082,B002,4,8378.11,0.2,6702.49,4534.66,2167.83,Completed
ORD013040,2023-09-18,CUST01132,PROD0063,B001,2,265.36,0.0,265.36,200.93,64.43,Completed
ORD013043,2023-08-27,CUST02203,PROD0028,B001,2,1460.38,0.05,1387.36,917.03,470.33,Completed
ORD013044,2023-02-16,CUST01362,PROD0072,B002,1,465.16,0.05,441.9,326.62,115.28,Completed
ORD013045,2023-08-23,CUST01732,PROD0055,B002,5,2323.71,0.25,1742.78,1317.7,425.08,Completed
ORD013048,2023-06-13,CUST01315,PROD0070,B003,3,601.57,0.05,571.5,412.77,158.73,Completed
ORD013049,2023-12-09,CUST00920,PROD0051,B003,4,3584.37,0.15,3046.71,2376.21,670.5,Completed
ORD013051,2023-11-24,CUST01330,PROD0063,B002,2,265.36,0.2,212.29,200.93,11.36,Completed
ORD013052,2023-09-09,CUST01124,PROD0035,B001,1,580.41,0.05,551.39,435.62,115.77,Completed
ORD013056,2023-05-25,CUST01330,PROD0011,B005,2,1695.9,0.25,1271.92,1315.25,-43.33,Completed
ORD013057,2023-06-01,CUST00334,PROD0116,B001,5,1310.86,0.1,1179.77,1075.45,104.32,Completed
ORD013061,2023-06-15,CUST01893,PROD0002,B002,1,680.14,0.25,510.1,411.26,98.84,Completed
ORD013063,2023-11-21,CUST01944,PROD0010,B002,2,3685.11,0.1,3316.6,2143.99,1172.61,Completed
ORD013065,2023-04-10,CUST00676,PROD0091,B001,4,1654.7,0.1,1489.23,1261.16,228.07,Completed
ORD013066,2023-10-09,CUST01137,PROD0019,B001,1,888.69,0.0,888.69,554.19,334.5,Completed
ORD013067,2023-12-11,CUST01730,PROD0097,B002,4,7044.68,0.05,6692.45,4338.46,2353.99,Completed
ORD013069,2023-03-02,CUST01463,PROD0022,B003,2,2528.68,0.15,2149.38,1827.16,322.22,Completed
ORD013071,2023-12-27,CUST00078,PROD0096,B003,1,1776.92,0.15,1510.38,1034.47,475.91,Completed
ORD013078,2023-05-28,CUST02159,PROD0079,B002,4,693.21,0.2,554.57,466.28,88.29,Completed
ORD013079,2023-11-15,CUST01204,PROD0067,B004,5,4534.04,0.05,4307.34,2486.63,1820.71,Completed
ORD013080,2023-04-25,CUST00003,PROD0008,B002,5,1327.77,0.15,1128.6,1094.54,34.06,Completed
ORD013083,2023-12-30,CUST00989,PROD0054,B002,2,2255.35,0.1,2029.82,1524.07,505.75,Completed
ORD013091,2023-10-16,CUST02274,PROD0102,B001,5,3857.01,0.05,3664.16,2224.33,1439.83,Completed
ORD013097,2023-09-11,CUST02469,PROD0014,B003,5,6904.38,0.0,6904.38,3953.01,2951.37,Completed
ORD013103,2023-12-21,CUST01187,PROD0012,B002,5,648.08,0.1,583.27,437.87,145.4,Completed
ORD013105,2023-05-25,CUST00339,PROD0119,B004,3,1795.75,0.0,1795.75,1302.93,492.82,Completed
ORD013109,2023-10-06,CUST00403,PROD0062,B001,5,3647.66,0.1,3282.89,2893.61,389.28,Completed
ORD013111,2023-05-04,CUST02176,PROD0016,B003,3,266.59,0.1,239.93,159.65,80.28,Completed
ORD013113,2023-02-22,CUST00440,PROD0092,B005,2,208.89,0.1,188.0,133.27,54.73,Completed
ORD013114,2023-11-11,CUST02192,PROD0036,B003,2,262.03,0.1,235.83,306.44,-70.61,Completed
ORD013115,2023-07-13,CUST01928,PROD0098,B002,3,2998.18,0.15,2548.45,1676.49,871.96,Completed
ORD013116,2023-11-14,CUST01019,PROD0009,B003,3,957.85,0.2,766.28,586.58,179.7,Completed
ORD013117,2023-07-02,CUST02303,PROD0109,B002,4,5423.46,0.0,5423.46,3900.44,1523.02,Completed
ORD013120,2023-05-14,CUST02205,PROD0013,B001,4,2706.22,0.1,2435.6,1830.9,604.7,Completed
ORD013126,2023-03-21,CUST01220,PROD0010,B005,1,1842.55,0.1,1658.3,1072.0,586.3,Completed
ORD013135,2023-12-29,CUST01797,PROD0083,B005,2,3308.37,0.05,3142.96,2242.95,900.01,Completed
ORD013137,2023-04-12,CUST00262,PROD0107,B003,2,1967.1,0.0,1967.1,2175.34,-208.24,Completed
ORD013140,2023-09-15,CUST02037,PROD0117,B003,2,1544.53,0.0,1544.53,952.25,592.28,Completed
ORD013142,2023-12-22,CUST00956,PROD0109,B002,1,1355.87,0.15,1152.49,975.11,177.38,Completed
ORD013145,2023-07-14,CUST00800,PROD0046,B002,4,893.34,0.1,804.01,674.21,129.8,Completed
ORD013155,2023-02-28,CUST01596,PROD0012,B001,1,129.62,0.0,129.62,87.57,42.05,Completed
ORD013161,2023-12-08,CUST02239,PROD0119,B002,1,598.58,0.1,538.72,434.31,104.41,Completed
ORD013164,2023-07-16,CUST01222,PROD0074,B001,2,1305.69,0.2,1044.55,1009.68,34.87,Completed
ORD013167,2023-09-22,CUST00722,PROD0059,B005,5,4875.0,0.1,4387.5,3083.56,1303.94,Completed
ORD013168,2023-05-22,CUST00089,PROD0104,B001,2,3204.91,0.05,3044.66,2119.14,925.52,Completed
ORD013178,2023-03-20,CUST00236,PROD0092,B001,4,417.78,0.15,355.11,266.55,88.56,Completed
ORD013189,2023-09-11,CUST00411,PROD0089,B003,1,343.33,0.15,291.83,225.59,66.24,Completed
ORD013195,2023-03-27,CUST01894,PROD0028,B004,4,2920.77,0.05,2774.73,1834.06,940.67,Completed
ORD013197,2023-01-08,CUST02364,PROD0105,B005,3,1265.21,0.1,1138.69,932.39,206.3,Completed
ORD013201,2023-08-04,CUST01854,PROD0057,B001,3,3015.3,0.05,2864.53,1946.86,917.67,Completed
ORD013202,2023-05-28,CUST00574,PROD0101,B001,1,646.39,0.0,646.39,460.5,185.89,Completed
ORD013210,2023-02-04,CUST01948,PROD0076,B003,5,1499.88,0.2,1199.9,1200.24,-0.34,Completed
ORD013221,2023-06-11,CUST01696,PROD0080,B005,2,813.2,0.15,691.22,563.99,127.23,Completed
ORD013229,2023-07-04,CUST01125,PROD0052,B005,1,660.68,0.15,561.58,453.35,108.23,Completed
ORD013234,2023-11-04,CUST00761,PROD0020,B001,4,3042.55,0.15,2586.17,2190.93,395.24,Completed
ORD013238,2023-07-17,CUST01405,PROD0002,B003,5,3400.69,0.05,3230.66,2056.3,1174.36,Completed
ORD013242,2023-06-21,CUST00128,PROD0071,B004,3,1439.36,0.05,1367.39,1120.72,246.67,Completed
ORD013243,2023-12-03,CUST00901,PROD0053,B005,4,2223.35,0.15,1889.85,1446.41,443.44,Completed
ORD013245,2023-09-06,CUST00993,PROD0100,B003,5,4054.94,0.2,3243.95,3166.4,77.55,Completed
ORD013258,2023-03-22,CUST00458,PROD0047,B001,2,329.69,0.15,280.23,359.3,-79.07,Completed
ORD013261,2023-03-04,CUST02316,PROD0044,B004,2,2187.9,0.05,2078.5,1214.82,863.68,Completed
ORD013262,2023-12-31,CUST01757,PROD0058,B002,2,625.51,0.15,531.69,349.16,182.53,Completed
ORD013264,2023-02-22,CUST01203,PROD0064,B004,1,925.23,0.05,878.97,703.29,175.68,Completed
ORD013265,2023-09-19,CUST00024,PROD0109,B002,3,4067.6,0.05,3864.22,2925.33,938.89,Completed
ORD013266,2023-02-07,CUST02078,PROD0077,B005,3,912.07,0.05,866.46,738.16,128.3,Completed
ORD013287,2023-08-17,CUST00900,PROD0113,B001,5,6270.92,0.15,5330.28,4534.77,795.51,Completed
ORD013288,2023-09-12,CUST00406,PROD0105,B003,1,421.74,0.0,421.74,310.8,110.94,Completed
ORD013290,2023-05-21,CUST01888,PROD0118,B002,5,1449.42,0.0,1449.42,970.84,478.58,Completed
ORD013292,2023-10-04,CUST02425,PROD0048,B003,1,888.37,0.0,888.37,615.49,272.88,Completed
ORD013293,2023-06-26,CUST01907,PROD0032,B004,4,2945.74,0.05,2798.45,1621.2,1177.25,Completed
ORD013294,2023-05-01,CUST00119,PROD0008,B001,5,1327.77,0.1,1194.99,1094.54,100.45,Completed
ORD013295,2023-07-21,CUST00032,PROD0068,B004,3,3074.8,0.1,2767.32,2470.09,297.23,Completed
ORD013297,2023-03-02,CUST01168,PROD0070,B002,2,401.05,0.05,381.0,275.18,105.82,Completed
ORD013300,2023-07-19,CUST01262,PROD0054,B005,2,2255.35,0.15,1917.05,1524.07,392.98,Completed
ORD013304,2023-03-29,CUST01232,PROD0049,B003,3,3998.17,0.1,3598.35,2313.24,1285.11,Completed
ORD013305,2023-05-14,CUST01321,PROD0045,B001,1,1004.75,0.2,803.8,716.56,87.24,Completed
ORD013314,2023-10-29,CUST01836,PROD0112,B001,4,3465.45,0.0,3465.45,2713.31,752.14,Completed
ORD013316,2023-05-15,CUST01366,PROD0097,B005,5,8805.85,0.05,8365.56,5423.08,2942.48,Completed
ORD013320,2023-01-15,CUST01952,PROD0056,B002,4,5646.88,0.2,4517.5,4230.57,286.93,Completed
ORD013323,2023-06-01,CUST00271,PROD0040,B002,2,1981.35,0.2,1585.08,1080.7,504.38,Completed
ORD013333,2023-09-23,CUST02012,PROD0109,B001,5,6779.33,0.05,6440.36,4875.55,1564.81,Completed
ORD013339,2023-05-18,CUST01178,PROD0021,B004,5,4225.8,0.05,4014.51,2567.89,1446.62,Completed
ORD013343,2023-11-27,CUST01952,PROD0117,B001,1,772.26,0.1,695.04,476.12,218.92,Completed
ORD013346,2023-08-09,CUST01011,PROD0031,B002,1,667.03,0.25,500.28,547.49,-47.21,Completed
ORD013351,2023-05-18,CUST00549,PROD0061,B004,1,371.16,0.25,278.37,315.02,-36.65,Completed
ORD013362,2023-03-09,CUST01540,PROD0017,B001,4,3478.37,0.05,3304.46,2527.92,776.54,Completed
ORD013363,2023-09-22,CUST00568,PROD0113,B001,5,6270.92,0.2,5016.73,4534.77,481.96,Completed
ORD013382,2023-07-16,CUST01231,PROD0030,B004,1,1019.38,0.05,968.41,813.59,154.82,Completed
ORD013385,2023-11-06,CUST02458,PROD0037,B001,5,2898.37,0.1,2608.53,2412.79,195.74,Completed
ORD013386,2023-02-18,CUST00742,PROD0033,B005,5,3001.7,0.1,2701.53,1916.21,785.32,Completed
ORD013398,2023-07-06,CUST01000,PROD0006,B004,3,2008.39,0.05,1907.97,1457.71,450.26,Completed
ORD013418,2023-06-23,CUST00416,PROD0092,B002,5,522.22,0.15,443.89,333.18,110.71,Completed
ORD013423,2023-08-30,CUST02043,PROD0018,B002,2,3442.62,0.1,3098.36,2143.81,954.55,Completed
ORD013426,2023-03-29,CUST00800,PROD0110,B003,1,796.71,0.1,717.04,463.19,253.85,Completed
ORD013436,2023-08-08,CUST00522,PROD0011,B001,5,2889.27,0.0,2889.27,3288.12,-398.85,Completed
ORD013438,2023-07-28,CUST00212,PROD0054,B002,4,4510.71,0.15,3834.1,3048.13,785.97,Completed
ORD013447,2023-05-05,CUST02409,PROD0013,B002,3,2029.66,0.0,2029.66,1373.17,656.49,Completed
ORD013450,2023-04-03,CUST02490,PROD0082,B005,3,6283.58,0.2,5026.86,3400.99,1625.87,Completed
ORD013452,2023-11-03,CUST00302,PROD0086,B005,4,2111.47,0.05,2005.9,1602.97,402.93,Completed
ORD013458,2023-02-28,CUST00445,PROD0089,B001,5,1716.67,0.05,1630.84,1127.94,502.9,Completed
ORD013463,2023-12-06,CUST00231,PROD0074,B002,2,1305.69,0.05,1240.4,1009.68,230.72,Completed
ORD013469,2023-07-04,CUST02258,PROD0040,B002,1,990.67,0.1,891.61,540.35,351.26,Completed
ORD013478,2023-06-28,CUST02493,PROD0006,B003,3,2008.39,0.1,1807.56,1457.71,349.85,Completed
ORD013481,2023-01-22,CUST02194,PROD0088,B002,2,475.04,0.1,427.54,579.21,-151.67,Completed
ORD013485,2023-05-16,CUST00742,PROD0060,B001,3,268.58,0.15,228.29,176.33,51.96,Completed
ORD013487,2023-11-27,CUST01231,PROD0056,B001,1,1411.72,0.1,1270.55,1057.64,212.91,Completed
ORD013492,2023-06-20,CUST00551,PROD0029,B001,1,458.01,0.15,389.3,265.85,123.45,Completed
ORD013496,2023-01-31,CUST01432,PROD0066,B002,4,5592.86,0.25,4194.64,4017.96,176.68,Completed
ORD013498,2023-11-24,CUST02394,PROD0032,B001,2,1472.87,0.1,1325.58,810.6,514.98,Completed
ORD013505,2023-04-30,CUST00666,PROD0102,B004,3,2314.2,0.1,2082.79,1334.6,748.19,Completed
ORD013509,2023-07-27,CUST00771,PROD0015,B002,4,5684.27,0.05,5400.05,3534.91,1865.14,Completed
ORD013511,2023-04-26,CUST01719,PROD0032,B004,5,3682.17,0.1,3313.96,2026.5,1287.46,Completed
ORD013524,2023-10-28,CUST00868,PROD0040,B001,1,990.67,0.25,743.0,540.35,202.65,Completed
ORD013530,2023-02-13,CUST01591,PROD0043,B005,2,582.79,0.2,466.23,357.29,108.94,Completed
ORD013539,2023-01-17,CUST01724,PROD0105,B001,2,843.47,0.15,716.95,621.59,95.36,Completed
ORD013540,2023-02-23,CUST01503,PROD0109,B004,3,4067.6,0.15,3457.46,2925.33,532.13,Completed
ORD013543,2023-12-28,CUST01872,PROD0061,B001,2,896.4,0.15,761.94,630.05,131.89,Completed
ORD013547,2023-01-20,CUST00621,PROD0102,B002,1,771.4,0.15,655.69,444.87,210.82,Completed
ORD013557,2023-03-24,CUST00119,PROD0106,B003,2,1437.16,0.1,1293.45,862.44,431.01,Completed
ORD013559,2023-04-13,CUST02382,PROD0032,B002,2,1472.87,0.05,1399.22,810.6,588.62,Completed
ORD013560,2023-07-04,CUST01589,PROD0109,B005,1,1355.87,0.15,1152.49,975.11,177.38,Completed
ORD013569,2023-09-13,CUST00761,PROD0085,B004,5,215.26,0.05,204.49,170.57,33.92,Completed
ORD013570,2023-03-15,CUST00507,PROD0071,B004,3,1439.36,0.1,1295.42,1120.72,174.7,Completed
ORD013588,2023-09-03,CUST00673,PROD0017,B001,1,869.59,0.05,826.12,631.98,194.14,Completed
ORD013593,2023-02-05,CUST01348,PROD0091,B002,4,1654.7,0.0,1654.7,1261.16,393.54,Completed
ORD013594,2023-11-12,CUST00921,PROD0064,B005,5,4626.14,0.1,4163.53,3516.44,647.09,Completed
ORD013600,2023-04-28,CUST00121,PROD0080,B002,2,813.2,0.2,650.56,563.99,86.57,Completed
ORD013606,2023-01-11,CUST00212,PROD0038,B004,5,299.66,0.1,269.69,203.55,66.14,Completed
ORD013617,2023-11-06,CUST00786,PROD0030,B002,2,2038.77,0.0,2038.77,1627.19,411.58,Completed
ORD013625,2023-08-28,CUST01077,PROD0072,B001,1,465.16,0.1,418.64,326.62,92.02,Completed
ORD013630,2023-12-14,CUST00815,PROD0098,B001,4,3997.57,0.1,3597.81,2235.32,1362.49,Completed
ORD013635,2023-04-02,CUST02449,PROD0028,B004,2,1460.38,0.05,1387.36,917.03,470.33,Completed
ORD013636,2023-10-21,CUST00798,PROD0116,B001,2,524.35,0.15,445.69,430.18,15.51,Completed
ORD013637,2023-04-18,CUST01367,PROD0076,B003,1,299.98,0.0,299.98,240.05,59.93,Completed
ORD013639,2023-02-19,CUST02050,PROD0025,B003,2,1980.09,0.05,1881.09,1181.43,699.66,Completed
ORD013642,2023-11-19,CUST00536,PROD0081,B002,2,266.21,0.15,226.28,198.21,28.07,Completed
ORD013643,2023-05-07,CUST00710,PROD0091,B005,2,827.35,0.2,661.88,630.58,31.3,Completed
ORD013646,2023-08-04,CUST01163,PROD0091,B002,2,827.35,0.0,827.35,630.58,196.77,Completed
ORD013650,2023-07-16,CUST01026,PROD0071,B001,5,2398.93,0.1,2159.04,1867.86,291.18,Completed
ORD013655,2023-12-30,CUST01989,PROD0067,B005,5,4534.04,0.15,3853.93,2486.63,1367.3,Completed
ORD013656,2023-04-02,CUST01450,PROD0091,B002,3,1241.02,0.2,992.82,945.87,46.95,Completed
ORD013664,2023-09-21,CUST01339,PROD0007,B004,3,143.12,0.05,135.96,107.26,28.7,Completed
ORD013665,2023-06-21,CUST01681,PROD0066,B003,4,5592.86,0.0,5592.86,4017.96,1574.9,Completed
ORD013667,2023-08-02,CUST00355,PROD0117,B002,5,3861.32,0.1,3475.19,2380.62,1094.57,Completed
ORD013678,2023-04-18,CUST01000,PROD0114,B001,3,4123.61,0.15,3505.06,3129.5,375.56,Completed
ORD013681,2023-08-19,CUST00498,PROD0015,B003,2,2842.13,0.1,2557.92,1767.45,790.47,Completed
ORD013682,2023-02-03,CUST00492,PROD0089,B003,1,343.33,0.05,326.17,225.59,100.58,Completed
ORD013683,2023-06-21,CUST02076,PROD0003,B005,5,1888.96,0.1,1700.06,1338.64,361.42,Completed
ORD013690,2023-02-07,CUST00414,PROD0024,B005,2,2564.07,0.2,2051.26,1406.19,645.07,Completed
ORD013692,2023-06-03,CUST00176,PROD0087,B004,5,5905.32,0.05,5610.06,4123.48,1486.58,Completed
ORD013698,2023-12-20,CUST00832,PROD0089,B004,2,686.67,0.1,618.0,451.18,166.82,Completed
ORD013706,2023-07-24,CUST02234,PROD0029,B004,1,458.01,0.0,458.01,265.85,192.16,Completed
ORD013711,2023-10-07,CUST02039,PROD0024,B002,4,5128.14,0.05,4871.73,2812.38,2059.35,Completed
ORD013712,2023-03-24,CUST00185,PROD0115,B001,4,2986.19,0.2,2388.95,1842.61,546.34,Completed
ORD013719,2023-02-27,CUST00790,PROD0048,B005,5,4441.84,0.15,3775.56,3077.47,698.09,Completed
ORD013720,2023-12-15,CUST02303,PROD0110,B004,4,3186.86,0.0,3186.86,1852.77,1334.09,Completed
ORD013727,2023-07-26,CUST00490,PROD0044,B005,3,3281.84,0.0,3281.84,1822.23,1459.61,Completed
ORD013729,2023-09-29,CUST00640,PROD0119,B003,1,598.58,0.0,598.58,434.31,164.27,Completed
ORD013732,2023-05-09,CUST01892,PROD0004,B001,2,598.35,0.15,508.59,382.21,126.38,Completed
ORD013733,2023-03-01,CUST01254,PROD0039,B001,5,7413.45,0.0,7413.45,4131.23,3282.22,Completed
ORD013735,2023-09-16,CUST00927,PROD0094,B005,3,585.84,0.05,556.55,351.05,205.5,Completed
ORD013738,2023-08-12,CUST02405,PROD0084,B004,5,2591.35,0.1,2332.21,1913.12,419.09,Completed
ORD013739,2023-10-27,CUST00470,PROD0035,B004,4,2321.65,0.1,2089.49,1742.46,347.03,Completed
ORD013746,2023-02-17,CUST01033,PROD0072,B004,3,1395.47,0.1,1255.93,979.86,276.07,Completed
ORD013747,2023-03-06,CUST00165,PROD0078,B005,1,931.95,0.0,931.95,573.98,357.97,Completed
ORD013754,2023-05-02,CUST00398,PROD0057,B003,1,1005.1,0.05,954.84,648.95,305.89,Completed
ORD013757,2023-03-28,CUST01885,PROD0086,B003,1,527.87,0.2,422.29,400.74,21.55,Completed
ORD013770,2023-08-31,CUST01220,PROD0103,B003,2,1745.31,0.1,1570.78,1032.87,537.91,Completed
ORD013772,2023-12-04,CUST00736,PROD0004,B001,2,316.22,0.05,300.41,382.21,-81.8,Completed
ORD013773,2023-08-17,CUST02197,PROD0081,B003,4,532.43,0.1,479.19,396.43,82.76,Completed
ORD013774,2023-07-05,CUST01557,PROD0118,B004,1,289.88,0.05,275.39,194.17,81.22,Completed
ORD013778,2023-10-05,CUST02292,PROD0068,B003,3,3074.8,0.15,2613.58,2470.09,143.49,Completed
ORD013781,2023-12-19,CUST01325,PROD0106,B001,4,2874.32,0.15,2443.18,1724.88,718.3,Completed
ORD013783,2023-07-10,CUST00788,PROD0008,B003,2,531.11,0.05,504.55,437.82,66.73,Completed
ORD013786,2023-10-02,CUST02434,PROD0096,B001,1,1776.92,0.25,1332.69,1034.47,298.22,Completed
ORD013788,2023-04-06,CUST00996,PROD0026,B002,1,393.51,0.2,314.81,284.3,30.51,Completed
ORD013789,2023-03-08,CUST02264,PROD0005,B003,3,3667.18,0.1,3300.47,2261.19,1039.28,Completed
ORD013794,2023-11-15,CUST00627,PROD0062,B003,2,1459.06,0.15,1240.2,1157.44,82.76,Completed
ORD013795,2023-05-09,CUST00685,PROD0037,B004,1,579.67,0.15,492.72,482.56,10.16,Completed
ORD013796,2023-08-27,CUST00034,PROD0007,B001,3,143.12,0.15,121.65,107.26,14.39,Completed
ORD013798,2023-12-10,CUST00718,PROD0107,B001,2,3556.4,0.05,3378.58,2175.34,1203.24,Completed
ORD013811,2023-11-22,CUST01267,PROD0118,B005,5,1449.42,0.2,1159.53,970.84,188.69,Completed
ORD013813,2023-01-05,CUST00294,PROD0013,B001,3,2029.66,0.15,1725.21,1373.17,352.04,Completed
ORD013814,2023-09-17,CUST02384,PROD0112,B001,3,2599.09,0.05,2469.13,2034.98,434.15,Completed
ORD013815,2023-06-06,CUST01595,PROD0059,B002,3,2925.0,0.0,2925.0,1850.13,1074.87,Completed
ORD013825,2023-11-15,CUST02122,PROD0108,B005,3,2729.65,0.1,2456.68,1570.27,886.41,Completed
ORD013828,2023-07-07,CUST02477,PROD0116,B002,2,524.35,0.05,498.13,430.18,67.95,Completed
ORD013830,2023-10-16,CUST01082,PROD0063,B002,5,663.4,0.0,663.4,502.33,161.07,Completed
ORD013834,2023-09-04,CUST01843,PROD0111,B002,5,9174.1,0.15,7797.98,5535.31,2262.67,Completed
ORD013835,2023-04-22,CUST00728,PROD0061,B002,3,1344.6,0.1,1210.14,945.07,265.07,Completed
ORD013836,2023-04-30,CUST02283,PROD0032,B005,5,3682.17,0.05,3498.06,2026.5,1471.56,Completed
ORD013838,2023-10-25,CUST02280,PROD0049,B002,3,3998.17,0.15,3398.44,2313.24,1085.2,Completed
ORD013848,2023-08-14,CUST01525,PROD0109,B003,5,6779.33,0.1,6101.4,4875.55,1225.85,Completed
ORD013849,2023-06-16,CUST01303,PROD0018,B001,2,3442.62,0.1,3098.36,2143.81,954.55,Completed
ORD013852,2023-12-13,CUST01224,PROD0028,B004,4,2920.77,0.0,2920.77,1834.06,1086.71,Completed
ORD013860,2023-10-30,CUST00913,PROD0080,B005,2,813.2,0.2,650.56,563.99,86.57,Completed
ORD013862,2023-08-27,CUST02480,PROD0115,B001,3,2239.64,0.2,1791.71,1381.96,409.75,Completed
ORD013866,2023-04-28,CUST01539,PROD0109,B003,3,4067.6,0.2,3254.08,2925.33,328.75,Completed
ORD013868,2023-01-16,CUST00226,PROD0017,B003,5,4347.97,0.0,4347.97,3159.89,1188.08,Completed
ORD013871,2023-09-26,CUST01936,PROD0101,B001,2,1292.78,0.15,1098.86,921.0,177.86,Completed
ORD013872,2023-06-08,CUST01182,PROD0087,B002,4,4724.26,0.15,4015.62,3298.78,716.84,Completed
ORD013873,2023-11-14,CUST00286,PROD0077,B002,5,1520.11,0.25,1140.08,1230.26,-90.18,Completed
ORD013875,2023-04-04,CUST00242,PROD0062,B004,4,2918.12,0.2,2334.5,2314.89,19.61,Completed
ORD013880,2023-12-28,CUST00717,PROD0070,B003,5,1002.62,0.2,802.1,687.96,114.14,Completed
ORD013881,2023-03-03,CUST01394,PROD0055,B001,5,2323.71,0.05,2207.52,1317.7,889.82,Completed
ORD013890,2023-02-17,CUST00353,PROD0008,B002,2,531.11,0.2,424.88,437.82,-12.94,Completed
ORD013891,2023-10-01,CUST00737,PROD0098,B003,2,1998.78,0.05,1898.84,1117.66,781.18,Completed
ORD013894,2023-09-09,CUST00026,PROD0056,B003,4,5646.88,0.0,5646.88,4230.57,1416.31,Completed
ORD013905,2023-10-09,CUST00001,PROD0105,B004,1,421.74,0.1,379.57,310.8,68.77,Completed
ORD013913,2023-10-14,CUST01369,PROD0065,B005,3,4054.0,0.1,3648.61,3033.65,614.96,Completed
ORD013916,2023-06-07,CUST00373,PROD0114,B004,4,5498.14,0.0,5498.14,4172.67,1325.47,Completed
ORD013922,2023-08-21,CUST00030,PROD0047,B004,4,1240.79,0.15,1054.67,718.6,336.07,Completed
ORD013928,2023-10-31,CUST02355,PROD0110,B001,5,3983.57,0.15,3386.03,2315.96,1070.07,Completed
ORD013932,2023-01-05,CUST00009,PROD0099,B005,5,4246.35,0.1,3821.71,2967.84,853.87,Completed
ORD013937,2023-06-12,CUST02310,PROD0106,B002,2,1437.16,0.15,1221.59,862.44,359.15,Completed
ORD013939,2023-09-30,CUST01141,PROD0013,B003,2,1353.11,0.2,1082.49,915.45,167.04,Completed
ORD013943,2023-01-27,CUST01236,PROD0104,B003,1,1602.45,0.15,1362.09,1059.57,302.52,Completed
ORD013947,2023-07-03,CUST00737,PROD0041,B005,1,115.08,0.0,115.08,62.49,52.59,Completed
ORD013949,2023-10-29,CUST01724,PROD0118,B001,2,579.77,0.2,463.82,388.34,75.48,Completed
ORD013955,2023-08-06,CUST01359,PROD0014,B001,1,1380.88,0.1,1242.79,790.6,452.19,Completed
ORD013959,2023-12-20,CUST00382,PROD0080,B002,3,1219.8,0.05,1158.81,845.99,312.82,Completed
ORD013963,2023-11-07,CUST01908,PROD0106,B001,1,718.58,0.0,718.58,431.22,287.36,Completed
ORD013968,2023-02-21,CUST00461,PROD0091,B001,5,2068.37,0.25,1551.28,1576.45,-25.17,Completed
ORD013969,2023-03-19,CUST00322,PROD0043,B002,4,1165.59,0.0,1165.59,714.58,451.01,Completed
ORD013972,2023-02-06,CUST01176,PROD0050,B002,2,2198.28,0.05,2088.37,1268.54,819.83,Completed
ORD013973,2023-09-29,CUST01997,PROD0023,B001,3,3819.17,0.05,3628.21,2360.76,1267.45,Completed
ORD013975,2023-06-29,CUST01393,PROD0073,B003,5,914.01,0.1,822.61,599.86,222.75,Completed
ORD013979,2023-04-05,CUST00412,PROD0104,B002,1,1602.45,0.2,1281.96,1059.57,222.39,Completed
ORD013980,2023-05-11,CUST01835,PROD0015,B005,2,2842.13,0.1,2557.92,1767.45,790.47,Completed
ORD013986,2023-04-10,CUST00322,PROD0034,B002,2,2154.89,0.15,1831.66,1433.18,398.48,Completed
ORD013987,2023-08-28,CUST00093,PROD0064,B004,2,1850.46,0.05,1757.93,1406.57,351.36,Completed
ORD013989,2023-11-06,CUST00756,PROD0104,B004,2,3204.91,0.15,2724.17,2119.14,605.03,Completed
ORD013990,2023-02-14,CUST01056,PROD0096,B004,1,1776.92,0.0,1776.92,1034.47,742.45,Completed
ORD013994,2023-05-11,CUST00062,PROD0117,B002,2,1544.53,0.1,1390.08,952.25,437.83,Completed
ORD014003,2023-08-07,CUST02329,PROD0087,B004,5,5905.32,0.1,5314.79,4123.48,1191.31,Completed
ORD014006,2023-06-03,CUST00213,PROD0109,B003,4,5423.46,0.05,5152.29,3900.44,1251.85,Completed
ORD014009,2023-11-15,CUST02221,PROD0063,B001,2,265.36,0.15,225.56,200.93,24.63,Completed
ORD014010,2023-04-12,CUST00750,PROD0035,B002,4,2321.65,0.2,1857.32,1742.46,114.86,Completed
ORD014016,2023-03-19,CUST02100,PROD0064,B005,3,2071.06,0.15,1760.4,2109.86,-349.46,Completed
ORD014018,2023-09-15,CUST01251,PROD0009,B003,2,638.57,0.1,574.71,391.05,183.66,Completed
ORD014019,2023-02-13,CUST02218,PROD0016,B001,5,444.32,0.25,333.24,266.08,67.16,Completed
ORD014028,2023-05-12,CUST01246,PROD0009,B003,2,638.57,0.1,574.71,391.05,183.66,Completed
ORD014035,2023-07-20,CUST02009,PROD0017,B001,4,2483.49,0.2,1986.79,2527.92,-541.13,Completed
ORD014044,2023-03-06,CUST00705,PROD0019,B002,4,3554.78,0.0,3554.78,2216.76,1338.02,Completed
ORD014046,2023-06-21,CUST00465,PROD0088,B002,2,897.74,0.25,673.31,579.21,94.1,Completed
ORD014048,2023-04-28,CUST02035,PROD0023,B004,5,6365.28,0.0,6365.28,3934.59,2430.69,Completed
ORD014054,2023-03-05,CUST01814,PROD0024,B003,3,3846.1,0.05,3653.8,2109.28,1544.52,Completed
ORD014055,2023-06-16,CUST00430,PROD0035,B001,5,2902.06,0.05,2756.96,2178.08,578.88,Completed
ORD014060,2023-12-08,CUST01000,PROD0102,B002,5,1724.02,0.0,1724.02,2224.33,-500.31,Completed
ORD014068,2023-10-19,CUST00813,PROD0092,B005,3,313.33,0.05,297.67,199.91,97.76,Completed
ORD014074,2023-08-08,CUST00096,PROD0101,B004,4,2585.55,0.1,2327.0,1842.01,484.99,Completed
ORD014079,2023-06-30,CUST00938,PROD0040,B003,4,3962.7,0.0,3962.7,2161.41,1801.29,Completed
ORD014084,2023-12-12,CUST02317,PROD0106,B002,1,718.58,0.1,646.72,431.22,215.5,Completed
ORD014092,2023-08-11,CUST00956,PROD0065,B002,5,6756.67,0.1,6081.01,5056.08,1024.93,Completed
ORD014096,2023-02-20,CUST01005,PROD0073,B004,2,365.6,0.0,365.6,239.94,125.66,Completed
ORD014098,2023-02-11,CUST00613,PROD0050,B002,4,4396.56,0.1,3956.9,2537.07,1419.83,Completed
ORD014100,2023-09-11,CUST02161,PROD0054,B003,5,5638.39,0.0,5638.39,3810.16,1828.23,Completed
ORD014105,2023-05-28,CUST00694,PROD0098,B002,2,1998.78,0.1,1798.91,1117.66,681.25,Completed
ORD014111,2023-01-02,CUST01507,PROD0034,B004,2,2154.89,0.15,1831.66,1433.18,398.48,Completed
ORD014126,2023-05-22,CUST00280,PROD0072,B003,4,1860.63,0.15,1581.54,1306.48,275.06,Completed
ORD014130,2023-04-21,CUST01196,PROD0031,B001,3,2001.1,0.05,1901.05,1642.48,258.57,Completed
ORD014131,2023-04-13,CUST00912,PROD0110,B005,4,3186.86,0.1,2868.17,1852.77,1015.4,Completed
ORD014140,2023-01-05,CUST01511,PROD0036,B004,3,850.08,0.1,765.07,459.65,305.42,Completed
ORD014141,2023-04-26,CUST01528,PROD0057,B003,4,4020.4,0.15,3417.33,2595.81,821.52,Completed
ORD014144,2023-07-06,CUST02233,PROD0090,B001,3,959.63,0.15,815.69,600.54,215.15,Completed
ORD014146,2023-03-18,CUST00636,PROD0020,B003,5,3803.19,0.2,3042.55,2738.67,303.88,Completed
ORD014148,2023-07-28,CUST00838,PROD0066,B005,4,5592.86,0.05,5313.22,4017.96,1295.26,Completed
ORD014152,2023-05-22,CUST01545,PROD0080,B003,2,813.2,0.2,650.56,563.99,86.57,Completed
ORD014154,2023-02-03,CUST01944,PROD0108,B005,2,1819.76,0.15,1546.8,1046.85,499.95,Completed
ORD014157,2023-09-30,CUST01921,PROD0109,B005,2,2711.73,0.15,2304.97,1950.22,354.75,Completed
ORD014159,2023-10-04,CUST02274,PROD0071,B002,1,479.79,0.05,455.79,373.57,82.22,Completed
ORD014160,2023-02-02,CUST00242,PROD0027,B003,4,2737.51,0.0,2737.51,1982.98,754.53,Completed
ORD014167,2023-05-07,CUST02109,PROD0006,B003,5,3347.32,0.1,3012.59,2429.52,583.07,Completed
ORD014168,2023-12-25,CUST01328,PROD0080,B004,5,2033.0,0.15,1728.05,1409.99,318.06,Completed
ORD014176,2023-12-28,CUST00347,PROD0027,B001,1,684.38,0.0,684.38,495.75,188.63,Completed
ORD014179,2023-05-13,CUST00955,PROD0030,B004,2,2038.77,0.0,2038.77,1627.19,411.58,Completed
ORD014183,2023-07-24,CUST02164,PROD0078,B001,1,931.95,0.15,792.16,573.98,218.18,Completed
ORD014191,2023-05-17,CUST01371,PROD0024,B002,4,3176.32,0.15,2699.87,2812.38,-112.51,Completed
ORD014195,2023-07-22,CUST02077,PROD0014,B004,1,1380.88,0.1,1242.79,790.6,452.19,Completed
ORD014196,2023-10-01,CUST02370,PROD0050,B005,2,2198.28,0.0,2198.28,1268.54,929.74,Completed
ORD014197,2023-02-26,CUST01279,PROD0102,B001,2,1542.8,0.1,1388.52,889.73,498.79,Completed
ORD014198,2023-11-04,CUST00118,PROD0013,B003,2,1353.11,0.0,1353.11,915.45,437.66,Completed
ORD014209,2023-01-14,CUST01737,PROD0104,B005,3,4807.36,0.1,4326.62,3178.71,1147.91,Completed
ORD014212,2023-04-23,CUST02008,PROD0069,B001,5,6325.17,0.05,6008.92,3432.19,2576.73,Completed
ORD014224,2023-05-27,CUST02338,PROD0069,B003,2,2530.07,0.0,2530.07,1372.88,1157.19,Completed
ORD014225,2023-01-14,CUST02417,PROD0116,B001,5,1310.86,0.05,1245.32,1075.45,169.87,Completed
ORD014228,2023-07-14,CUST01869,PROD0120,B001,3,1707.5,0.0,1707.5,1100.84,606.66,Completed
ORD014231,2023-11-15,CUST00751,PROD0021,B003,4,3380.64,0.15,2873.54,2054.31,819.23,Completed
ORD014234,2023-04-29,CUST00209,PROD0093,B005,1,866.35,0.2,693.08,635.67,57.41,Completed
ORD014240,2023-12-24,CUST00490,PROD0088,B003,1,448.87,0.15,381.54,289.6,91.94,Completed
ORD014251,2023-10-19,CUST01152,PROD0015,B002,5,7105.34,0.05,6750.07,4418.64,2331.43,Completed
ORD014257,2023-05-17,CUST01597,PROD0047,B003,2,620.39,0.0,620.39,359.3,261.09,Completed
ORD014263,2023-03-25,CUST02319,PROD0057,B001,3,3015.3,0.0,3015.3,1946.86,1068.44,Completed
ORD014264,2023-04-21,CUST01885,PROD0109,B002,1,1355.87,0.15,1152.49,975.11,177.38,Completed
ORD014273,2023-03-27,CUST01946,PROD0031,B005,5,3335.17,0.15,2834.9,2737.47,97.43,Completed
ORD014275,2023-07-23,CUST02274,PROD0118,B002,4,1159.53,0.2,927.63,776.67,150.96,Completed
ORD014282,2023-04-08,CUST00109,PROD0044,B003,5,5469.74,0.0,5469.74,3037.05,2432.69,Completed
ORD014286,2023-11-06,CUST02168,PROD0014,B001,2,2761.75,0.0,2761.75,1581.2,1180.55,Completed
ORD014289,2023-06-10,CUST00974,PROD0054,B003,3,3383.03,0.0,3383.03,2286.1,1096.93,Completed
ORD014295,2023-08-28,CUST01002,PROD0006,B003,2,1338.93,0.1,1205.04,971.81,233.23,Completed
ORD014299,2023-12-06,CUST00229,PROD0046,B003,3,670.01,0.0,670.01,505.66,164.35,Completed
ORD014301,2023-12-02,CUST02081,PROD0120,B001,3,1707.5,0.1,1536.75,1100.84,435.91,Completed
ORD014308,2023-01-19,CUST02082,PROD0043,B005,5,1456.99,0.1,1311.29,893.23,418.06,Completed
ORD014309,2023-08-22,CUST00860,PROD0118,B005,5,1449.42,0.1,1304.48,970.84,333.64,Completed
ORD014317,2023-03-15,CUST00053,PROD0071,B001,5,2398.93,0.05,2278.98,1867.86,411.12,Completed
ORD014318,2023-09-12,CUST02190,PROD0060,B001,4,358.1,0.1,322.29,235.11,87.18,Completed
ORD014322,2023-01-16,CUST00904,PROD0006,B001,4,2677.86,0.1,2410.07,1943.61,466.46,Completed
ORD014324,2023-05-27,CUST00941,PROD0026,B005,5,1967.53,0.1,1770.78,1421.48,349.3,Completed
ORD014332,2023-01-01,CUST01838,PROD0020,B001,2,1521.28,0.0,1521.28,1095.47,425.81,Completed
ORD014334,2023-10-25,CUST00300,PROD0007,B005,4,190.83,0.15,162.2,143.01,19.19,Completed
ORD014341,2023-06-30,CUST01219,PROD0051,B004,2,1792.18,0.15,1523.36,1188.1,335.26,Completed
ORD014344,2023-11-15,CUST01228,PROD0083,B004,4,6616.75,0.0,6616.75,4485.91,2130.84,Completed
ORD014348,2023-12-03,CUST01131,PROD0003,B003,5,1888.96,0.15,1605.61,1338.64,266.97,Completed
ORD014352,2023-10-07,CUST01737,PROD0060,B003,3,268.58,0.15,228.29,176.33,51.96,Completed
ORD014353,2023-05-28,CUST01542,PROD0002,B004,5,3400.69,0.05,3230.66,2056.3,1174.36,Completed
ORD014354,2023-05-08,CUST02009,PROD0010,B002,5,9212.77,0.15,7830.86,5359.98,2470.88,Completed
ORD014359,2023-09-06,CUST02405,PROD0032,B005,1,736.43,0.05,699.61,405.3,294.31,Completed
ORD014360,2023-10-25,CUST01645,PROD0032,B003,3,2209.3,0.2,1767.44,1215.9,551.54,Completed
ORD014371,2023-08-22,CUST02381,PROD0114,B001,3,4123.61,0.0,4123.61,3129.5,994.11,Completed
ORD014373,2023-11-03,CUST01912,PROD0113,B003,2,2508.37,0.25,1881.27,1813.91,67.36,Completed
ORD014375,2023-10-07,CUST01214,PROD0057,B004,3,3015.3,0.0,3015.3,1946.86,1068.44,Completed
ORD014377,2023-12-24,CUST01657,PROD0112,B005,1,866.36,0.0,866.36,678.33,188.03,Completed
ORD014382,2023-07-08,CUST02330,PROD0028,B001,1,730.19,0.0,730.19,458.51,271.68,Completed
ORD014387,2023-03-27,CUST01604,PROD0049,B002,2,2665.44,0.05,2532.17,1542.16,990.01,Completed
ORD014391,2023-10-07,CUST02015,PROD0044,B002,5,5469.74,0.2,4375.79,3037.05,1338.74,Completed
ORD014393,2023-12-29,CUST00768,PROD0043,B001,3,874.19,0.0,874.19,535.94,338.25,Completed
ORD014400,2023-01-02,CUST00418,PROD0108,B003,2,1819.76,0.15,1546.8,1046.85,499.95,Completed
ORD014405,2023-01-04,CUST01347,PROD0081,B001,3,399.32,0.15,339.42,297.32,42.1,Completed
ORD014406,2023-09-17,CUST01330,PROD0114,B004,5,6872.68,0.1,6185.41,5215.83,969.58,Completed
ORD014407,2023-10-20,CUST00600,PROD0095,B005,3,1065.41,0.05,1012.14,803.65,208.49,Completed
ORD014409,2023-09-15,CUST00449,PROD0046,B001,4,893.34,0.15,759.34,674.21,85.13,Completed
ORD014411,2023-04-21,CUST00411,PROD0027,B004,1,684.38,0.05,650.16,495.75,154.41,Completed
ORD014413,2023-03-05,CUST01276,PROD0097,B002,2,3522.34,0.0,3522.34,2169.23,1353.11,Completed
ORD014414,2023-11-02,CUST00276,PROD0116,B003,4,1048.69,0.0,1048.69,860.36,188.33,Completed
ORD014419,2023-09-12,CUST01639,PROD0090,B002,2,639.76,0.15,543.79,400.36,143.43,Completed
ORD014420,2023-04-27,CUST00051,PROD0051,B001,5,4480.46,0.15,3808.39,2970.26,838.13,Completed
ORD014432,2023-03-07,CUST02328,PROD0042,B003,3,4360.58,0.1,3924.52,3193.16,731.36,Completed
ORD014437,2023-08-16,CUST01364,PROD0072,B003,4,1860.63,0.0,1860.63,1306.48,554.15,Completed
ORD014438,2023-07-06,CUST02121,PROD0089,B001,2,686.67,0.1,618.0,451.18,166.82,Completed
ORD014443,2023-04-28,CUST01671,PROD0113,B001,3,3762.55,0.1,3386.29,2720.86,665.43,Completed
ORD014447,2023-01-19,CUST00475,PROD0094,B003,4,781.12,0.05,742.07,468.07,274.0,Completed
ORD014450,2023-07-29,CUST01614,PROD0045,B002,3,3014.25,0.15,2562.11,2149.67,412.44,Completed
ORD014451,2023-05-26,CUST00855,PROD0116,B001,5,1310.86,0.1,1179.77,1075.45,104.32,Completed
ORD014453,2023-08-05,CUST00862,PROD0084,B001,1,518.27,0.05,492.35,382.62,109.73,Completed
ORD014463,2023-01-16,CUST00312,PROD0023,B003,5,6365.28,0.1,5728.76,3934.59,1794.17,Completed
ORD014465,2023-06-09,CUST01733,PROD0087,B003,5,5905.32,0.1,5314.79,4123.48,1191.31,Completed
ORD014466,2023-09-13,CUST02313,PROD0033,B004,3,1801.02,0.05,1710.97,1149.73,561.24,Completed
ORD014467,2023-07-09,CUST01975,PROD0051,B001,4,3584.37,0.2,2867.49,2376.21,491.28,Completed
ORD014471,2023-05-12,CUST00807,PROD0021,B001,2,1690.32,0.1,1521.29,1027.16,494.13,Completed
ORD014474,2023-12-14,CUST01947,PROD0086,B005,5,2639.34,0.0,2639.34,2003.71,635.63,Completed
ORD014475,2023-11-28,CUST01415,PROD0090,B002,5,1599.39,0.15,1359.48,1000.91,358.57,Completed
ORD014477,2023-02-04,CUST01368,PROD0046,B005,5,1116.68,0.15,949.17,842.77,106.4,Completed
ORD014481,2023-08-24,CUST00333,PROD0099,B001,3,2547.81,0.25,1910.86,1780.7,130.16,Completed
ORD014482,2023-03-29,CUST00813,PROD0071,B005,3,1439.36,0.1,1295.42,1120.72,174.7,Completed
ORD014490,2023-11-09,CUST01293,PROD0097,B002,1,1761.17,0.1,1585.05,1084.62,500.43,Completed
ORD014496,2023-10-31,CUST01870,PROD0045,B001,1,1004.75,0.15,854.04,716.56,137.48,Completed
ORD014499,2023-06-17,CUST00085,PROD0005,B001,1,1222.39,0.1,1100.15,753.73,346.42,Completed
ORD014513,2023-03-30,CUST01190,PROD0036,B002,3,850.08,0.15,722.57,459.65,262.92,Completed
ORD014515,2023-01-09,CUST00476,PROD0011,B001,2,1695.9,0.1,1526.31,1315.25,211.06,Completed
ORD014517,2023-02-01,CUST00002,PROD0111,B001,4,7339.28,0.15,6238.38,4428.25,1810.13,Completed
ORD014525,2023-02-08,CUST01599,PROD0111,B002,4,7339.28,0.1,6605.35,4428.25,2177.1,Completed
ORD014527,2023-09-30,CUST01849,PROD0026,B001,2,787.01,0.05,747.66,568.59,179.07,Completed
ORD014529,2023-08-01,CUST00334,PROD0104,B001,3,4807.36,0.05,4566.99,3178.71,1388.28,Completed
ORD014534,2023-02-16,CUST01179,PROD0065,B004,4,5405.34,0.0,5405.34,4044.87,1360.47,Completed
ORD014544,2023-01-03,CUST01665,PROD0033,B002,4,1632.84,0.1,1469.55,1532.97,-63.42,Completed
ORD014548,2023-10-07,CUST01751,PROD0020,B003,1,760.64,0.2,608.51,547.73,60.78,Completed
ORD014549,2023-08-22,CUST00012,PROD0027,B004,2,1368.76,0.2,1095.0,991.49,103.51,Completed
ORD014560,2023-05-04,CUST00744,PROD0014,B004,3,4142.63,0.2,3314.11,2371.81,942.3,Completed
ORD014572,2023-06-29,CUST00180,PROD0007,B002,1,47.71,0.0,47.71,35.75,11.96,Completed
ORD014573,2023-08-28,CUST01293,PROD0015,B002,3,4263.2,0.15,3623.72,2651.18,972.54,Completed
ORD014574,2023-10-18,CUST01433,PROD0003,B003,4,1511.16,0.15,1284.49,1070.91,213.58,Completed
ORD014577,2023-08-21,CUST01517,PROD0036,B002,1,283.36,0.15,240.86,153.22,87.64,Completed
ORD014579,2023-07-08,CUST01005,PROD0109,B004,2,2711.73,0.1,2440.56,1950.22,490.34,Completed
ORD014582,2023-05-28,CUST01791,PROD0075,B002,5,7069.49,0.05,6716.02,5462.28,1253.74,Completed
ORD014584,2023-06-17,CUST01566,PROD0040,B003,3,2972.02,0.1,2674.82,1621.06,1053.76,Completed
ORD014586,2023-04-20,CUST01234,PROD0043,B004,1,291.4,0.15,247.69,178.65,69.04,Completed
ORD014588,2023-11-14,CUST00382,PROD0064,B005,1,925.23,0.0,925.23,703.29,221.94,Completed
ORD014592,2023-02-04,CUST01185,PROD0022,B004,1,1264.34,0.1,1137.9,913.58,224.32,Completed
ORD014594,2023-04-25,CUST01644,PROD0103,B003,5,4363.29,0.0,4363.29,2582.17,1781.12,Completed
ORD014597,2023-08-05,CUST01216,PROD0075,B001,5,7069.49,0.1,6362.54,5462.28,900.26,Completed
ORD014599,2023-05-22,CUST01606,PROD0087,B001,5,5905.32,0.15,5019.53,4123.48,896.05,Completed
ORD014608,2023-07-29,CUST00082,PROD0052,B001,4,2642.73,0.0,2642.73,1813.4,829.33,Completed
ORD014611,2023-11-27,CUST01825,PROD0068,B001,3,3074.8,0.1,2767.32,2470.09,297.23,Completed
ORD014619,2023-11-30,CUST00047,PROD0062,B004,1,729.53,0.2,583.63,578.72,4.91,Completed
ORD014620,2023-02-14,CUST00993,PROD0030,B005,2,2038.77,0.15,1732.95,1627.19,105.76,Completed
ORD014621,2023-08-17,CUST02164,PROD0041,B002,4,460.31,0.05,437.3,249.96,187.34,Completed
ORD014626,2023-02-01,CUST01766,PROD0095,B003,4,1420.55,0.15,1207.46,1071.54,135.92,Completed
ORD014629,2023-11-03,CUST02371,PROD0104,B003,3,4807.36,0.15,4086.26,3178.71,907.55,Completed
ORD014631,2023-10-17,CUST02158,PROD0104,B001,4,6409.81,0.1,5768.83,4238.27,1530.56,Completed
ORD014634,2023-01-05,CUST02217,PROD0056,B001,3,4235.16,0.15,3599.89,3172.93,426.96,Completed
ORD014641,2023-04-16,CUST01682,PROD0087,B001,3,3543.19,0.0,3543.19,2474.09,1069.1,Completed
ORD014642,2023-07-22,CUST01323,PROD0110,B002,4,3186.86,0.15,2708.83,1852.77,856.06,Completed
ORD014644,2023-01-01,CUST00605,PROD0104,B005,4,6409.81,0.1,5768.83,4238.27,1530.56,Completed
ORD014645,2023-07-13,CUST00134,PROD0064,B002,2,1850.46,0.15,1572.89,1406.57,166.32,Completed
ORD014646,2023-02-26,CUST01296,PROD0071,B005,3,1439.36,0.15,1223.46,1120.72,102.74,Completed
ORD014648,2023-08-17,CUST00336,PROD0089,B002,3,1030.0,0.0,1030.0,676.76,353.24,Completed
ORD014649,2023-05-16,CUST00973,PROD0017,B002,4,3478.37,0.2,2782.7,2527.92,254.78,Completed
ORD014650,2023-10-08,CUST01520,PROD0053,B002,1,555.84,0.1,500.26,361.6,138.66,Completed
ORD014659,2023-10-07,CUST00248,PROD0045,B002,2,2009.5,0.15,1708.07,1433.11,274.96,Completed
ORD014671,2023-05-09,CUST01370,PROD0092,B005,5,522.22,0.0,522.22,333.18,189.04,Completed
ORD014673,2023-03-23,CUST02472,PROD0080,B003,2,813.2,0.05,772.54,563.99,208.55,Completed
ORD014686,2023-12-07,CUST00130,PROD0023,B001,1,1273.06,0.25,954.79,786.92,167.87,Completed
ORD014688,2023-08-11,CUST00823,PROD0109,B001,5,6779.33,0.1,6101.4,4875.55,1225.85,Completed
ORD014693,2023-04-09,CUST00018,PROD0011,B002,3,2543.84,0.2,2035.07,1972.87,62.2,Completed
ORD014707,2023-10-23,CUST00215,PROD0013,B002,3,2029.66,0.1,1826.7,1373.17,453.53,Completed
ORD014709,2023-03-27,CUST00582,PROD0074,B002,2,1305.69,0.0,1305.69,1009.68,296.01,Completed
ORD014710,2023-12-13,CUST00530,PROD0105,B002,1,421.74,0.15,358.48,310.8,47.68,Completed
ORD014712,2023-02-14,CUST01905,PROD0004,B002,4,1196.7,0.05,1136.86,764.42,372.44,Completed
ORD014726,2023-10-04,CUST02421,PROD0074,B004,3,1958.53,0.2,1566.83,1514.51,52.32,Completed
ORD014727,2023-04-02,CUST01135,PROD0114,B001,2,2749.07,0.0,2749.07,2086.33,662.74,Completed
ORD014729,2023-08-23,CUST01312,PROD0037,B005,3,1739.02,0.05,1652.07,1447.68,204.39,Completed
ORD014738,2023-06-29,CUST00812,PROD0078,B002,2,1863.91,0.1,1677.52,1147.95,529.57,Completed
ORD014750,2023-09-20,CUST01277,PROD0013,B004,2,1353.11,0.05,1285.45,915.45,370.0,Completed
ORD014764,2023-03-19,CUST02116,PROD0115,B003,4,2986.19,0.25,2239.64,1842.61,397.03,Completed
ORD014766,2023-02-26,CUST01593,PROD0103,B005,3,2617.97,0.15,2225.28,1549.3,675.98,Completed
ORD014770,2023-06-10,CUST00255,PROD0086,B002,1,527.87,0.0,527.87,400.74,127.13,Completed
ORD014773,2023-07-22,CUST00118,PROD0094,B002,1,132.25,0.2,105.8,117.02,-11.22,Completed
ORD014774,2023-01-03,CUST01194,PROD0073,B001,1,182.8,0.25,137.1,119.97,17.13,Completed
ORD014776,2023-01-16,CUST02211,PROD0080,B002,3,1219.8,0.2,975.84,845.99,129.85,Completed
ORD014777,2023-05-25,CUST02117,PROD0016,B005,2,177.73,0.1,159.95,106.43,53.52,Completed
ORD014778,2023-03-31,CUST02213,PROD0077,B001,1,304.02,0.2,243.22,246.05,-2.83,Completed
ORD014784,2023-01-27,CUST00187,PROD0083,B001,1,1654.19,0.05,1571.48,1121.48,450.0,Completed
ORD014787,2023-03-16,CUST00147,PROD0019,B005,2,1777.39,0.1,1599.65,1108.38,491.27,Completed
ORD014791,2023-12-10,CUST00605,PROD0029,B003,3,1374.02,0.2,1099.21,797.55,301.66,Completed
ORD014792,2023-07-27,CUST02420,PROD0060,B001,1,89.53,0.1,80.57,58.78,21.79,Completed
ORD014798,2023-07-21,CUST01913,PROD0096,B002,1,1776.92,0.0,1776.92,1034.47,742.45,Completed
ORD014805,2023-02-16,CUST00710,PROD0006,B001,3,2008.39,0.0,2008.39,1457.71,550.68,Completed
ORD014807,2023-12-29,CUST01773,PROD0040,B004,3,2972.02,0.1,2674.82,1621.06,1053.76,Completed
ORD014809,2023-04-29,CUST00095,PROD0029,B001,2,916.01,0.25,687.01,531.7,155.31,Completed
ORD014815,2023-08-20,CUST01155,PROD0058,B002,4,1251.03,0.15,1063.37,698.33,365.04,Completed
ORD014816,2023-03-10,CUST01454,PROD0029,B002,1,264.06,0.05,250.86,265.85,-14.99,Completed
ORD014818,2023-03-29,CUST01957,PROD0115,B002,3,2239.64,0.1,2015.68,1381.96,633.72,Completed
ORD014834,2023-08-01,CUST01800,PROD0085,B005,3,129.15,0.2,103.32,102.34,0.98,Completed
ORD014838,2023-03-06,CUST02439,PROD0052,B004,5,3303.42,0.1,2973.07,2266.75,706.32,Completed
ORD014839,2023-10-07,CUST01155,PROD0009,B005,1,319.28,0.0,319.28,195.53,123.75,Completed
ORD014841,2023-10-11,CUST01502,PROD0033,B004,4,2401.36,0.05,2281.3,1532.97,748.33,Completed
ORD014842,2023-05-08,CUST01525,PROD0116,B002,4,1048.69,0.0,1048.69,860.36,188.33,Completed
ORD014855,2023-05-23,CUST01199,PROD0011,B005,4,3391.79,0.15,2883.02,2630.5,252.52,Completed
ORD014856,2023-07-02,CUST00778,PROD0101,B002,2,1292.78,0.05,1228.14,921.0,307.14,Completed
ORD014860,2023-02-03,CUST00425,PROD0045,B001,1,1004.75,0.0,1004.75,716.56,288.19,Completed
ORD014868,2023-04-20,CUST00211,PROD0014,B002,3,4142.63,0.15,3521.24,2371.81,1149.43,Completed
ORD014875,2023-12-05,CUST00347,PROD0016,B001,3,266.59,0.0,266.59,159.65,106.94,Completed
ORD014880,2023-05-17,CUST01724,PROD0043,B004,3,874.19,0.1,786.77,535.94,250.83,Completed
ORD014881,2023-04-30,CUST00075,PROD0062,B002,5,3647.66,0.05,3465.27,2893.61,571.66,Completed
ORD014885,2023-11-21,CUST02052,PROD0108,B002,1,909.88,0.0,909.88,523.42,386.46,Completed
ORD014886,2023-01-25,CUST01273,PROD0109,B001,3,4067.6,0.1,3660.84,2925.33,735.51,Completed
ORD014892,2023-08-11,CUST02347,PROD0008,B005,4,1062.22,0.0,1062.22,875.63,186.59,Completed
ORD014894,2023-11-05,CUST00503,PROD0032,B004,1,736.43,0.0,736.43,405.3,331.13,Completed
ORD014898,2023-01-08,CUST00178,PROD0094,B001,4,781.12,0.15,663.96,468.07,195.89,Completed
ORD014907,2023-07-24,CUST00074,PROD0062,B004,4,2918.12,0.15,2480.41,2314.89,165.52,Completed
ORD014910,2023-05-26,CUST01514,PROD0025,B003,3,2970.13,0.05,2821.63,1772.15,1049.48,Completed
ORD014912,2023-07-24,CUST01432,PROD0097,B003,4,7044.68,0.2,5635.74,4338.46,1297.28,Completed
ORD014921,2023-03-22,CUST01821,PROD0117,B002,1,772.26,0.15,656.42,476.12,180.3,Completed
ORD014923,2023-04-27,CUST00619,PROD0042,B002,5,7267.64,0.15,6177.49,5321.93,855.56,Completed
ORD014924,2023-06-28,CUST02400,PROD0047,B002,4,1240.79,0.1,1116.71,718.6,398.11,Completed
ORD014930,2023-05-26,CUST01229,PROD0008,B002,5,1327.77,0.15,1128.6,1094.54,34.06,Completed
ORD014940,2023-07-06,CUST02357,PROD0069,B005,4,5060.14,0.15,4301.12,2745.75,1555.37,Completed
ORD014946,2023-08-27,CUST00563,PROD0038,B003,3,179.79,0.1,161.82,122.13,39.69,Completed
ORD014954,2023-02-17,CUST02278,PROD0021,B001,4,3380.64,0.25,2535.48,2054.31,481.17,Completed
ORD014956,2023-12-07,CUST00919,PROD0074,B002,5,3264.22,0.1,2937.8,2524.19,413.61,Completed
ORD014962,2023-05-04,CUST02027,PROD0096,B004,3,5330.76,0.0,5330.76,3103.42,2227.34,Completed
ORD014964,2023-12-29,CUST00515,PROD0041,B001,3,345.23,0.1,310.71,187.47,123.24,Completed
ORD014968,2023-05-01,CUST01288,PROD0077,B005,3,912.07,0.05,866.46,738.16,128.3,Completed
ORD014971,2023-09-30,CUST00569,PROD0002,B003,5,3400.69,0.05,3230.66,2056.3,1174.36,Completed
ORD014972,2023-05-12,CUST00764,PROD0094,B001,1,195.28,0.2,156.22,117.02,39.2,Completed
ORD014978,2023-10-14,CUST00230,PROD0110,B005,1,796.71,0.0,796.71,463.19,333.52,Completed
ORD014980,2023-01-05,CUST01433,PROD0078,B003,2,1863.91,0.05,1770.71,1147.95,622.76,Completed
ORD014981,2023-02-21,CUST02092,PROD0089,B002,1,343.33,0.1,309.0,225.59,83.41,Completed
ORD014984,2023-04-21,CUST01666,PROD0100,B004,3,2432.96,0.0,2432.96,1899.84,533.12,Completed
ORD014993,2023-12-27,CUST01315,PROD0046,B005,5,1116.68,0.0,1116.68,842.77,273.91,Completed
ORD014999,2023-07-19,CUST00852,PROD0043,B003,3,874.19,0.25,655.64,535.94,119.7,Completed
ORD015001,2023-10-30,CUST01526,PROD0099,B001,5,4246.35,0.1,3821.71,2967.84,853.87,Completed
ORD015004,2023-06-27,CUST01535,PROD0064,B004,4,3700.91,0.2,2960.73,2813.15,147.58,Completed
ORD015008,2023-09-15,CUST00837,PROD0075,B003,3,4241.7,0.1,3817.52,3277.37,540.15,Completed
ORD015021,2023-04-13,CUST00768,PROD0019,B001,3,2666.08,0.05,2532.78,1662.57,870.21,Completed
ORD015023,2023-01-12,CUST01468,PROD0031,B005,4,2668.14,0.2,2134.51,2189.98,-55.47,Completed
ORD015035,2023-02-05,CUST00678,PROD0032,B003,5,1882.78,0.0,1882.78,2026.5,-143.72,Completed
ORD015042,2023-07-20,CUST01592,PROD0090,B003,2,639.76,0.1,575.78,400.36,175.42,Completed
ORD015044,2023-02-24,CUST02331,PROD0108,B002,3,2729.65,0.0,2729.65,1570.27,1159.38,Completed
ORD015047,2023-03-14,CUST02023,PROD0064,B001,2,1850.46,0.05,1757.93,1406.57,351.36,Completed
ORD015048,2023-12-10,CUST01727,PROD0118,B003,4,1159.53,0.1,1043.58,776.67,266.91,Completed
ORD015061,2023-10-29,CUST01785,PROD0099,B002,3,1807.51,0.1,1626.76,1780.7,-153.94,Completed
ORD015064,2023-10-24,CUST00240,PROD0055,B004,5,2323.71,0.0,2323.71,1317.7,1006.01,Completed
ORD015065,2023-06-16,CUST01832,PROD0120,B003,2,1138.33,0.05,1081.42,733.89,347.53,Completed
ORD015071,2023-06-18,CUST00896,PROD0099,B001,4,3397.08,0.25,2547.81,2374.27,173.54,Completed
ORD015072,2023-12-11,CUST01924,PROD0011,B002,5,4239.74,0.2,3391.79,3288.12,103.67,Completed
ORD015074,2023-09-17,CUST00139,PROD0071,B002,1,479.79,0.05,455.79,373.57,82.22,Completed
ORD015075,2023-04-24,CUST00787,PROD0078,B002,1,931.95,0.1,838.76,573.98,264.78,Completed
ORD015076,2023-07-28,CUST02407,PROD0065,B001,3,4054.0,0.05,3851.31,3033.65,817.66,Completed
ORD015083,2023-08-29,CUST00429,PROD0011,B005,5,4239.74,0.15,3603.78,3288.12,315.66,Completed
ORD015089,2023-11-29,CUST00290,PROD0013,B001,2,1353.11,0.15,1150.14,915.45,234.69,Completed
ORD015092,2023-03-30,CUST02243,PROD0103,B004,1,872.66,0.2,698.13,516.43,181.7,Completed
ORD015094,2023-05-09,CUST01225,PROD0075,B001,1,1413.9,0.1,1272.51,1092.46,180.05,Completed
ORD015095,2023-02-26,CUST01468,PROD0001,B001,3,5818.18,0.1,5236.37,3189.54,2046.83,Completed
ORD015098,2023-09-19,CUST00241,PROD0012,B002,2,259.23,0.2,207.39,175.15,32.24,Completed
ORD015101,2023-10-04,CUST02235,PROD0011,B001,4,3391.79,0.05,3222.2,2630.5,591.7,Completed
ORD015111,2023-07-26,CUST00456,PROD0111,B001,3,5504.46,0.25,4128.34,3321.19,807.15,Completed
ORD015126,2023-11-04,CUST00819,PROD0027,B005,5,3421.89,0.05,3250.79,2478.73,772.06,Completed
ORD015131,2023-04-05,CUST00259,PROD0035,B005,5,2902.06,0.1,2611.85,2178.08,433.77,Completed
ORD015136,2023-05-31,CUST00975,PROD0013,B001,5,3382.77,0.0,3382.77,2288.62,1094.15,Completed
ORD015138,2023-09-25,CUST01645,PROD0089,B003,5,1716.67,0.2,1373.33,1127.94,245.39,Completed
ORD015155,2023-11-17,CUST01735,PROD0111,B003,4,7339.28,0.15,6238.38,4428.25,1810.13,Completed
ORD015156,2023-07-19,CUST02427,PROD0111,B004,4,7339.28,0.15,6238.38,4428.25,1810.13,Completed
ORD015165,2023-02-22,CUST00317,PROD0072,B005,3,1395.47,0.0,1395.47,979.86,415.61,Completed
ORD015177,2023-07-31,CUST00017,PROD0114,B001,3,4123.61,0.15,3505.06,3129.5,375.56,Completed
ORD015180,2023-06-18,CUST00064,PROD0080,B001,3,1219.8,0.05,1158.81,845.99,312.82,Completed
ORD015184,2023-07-13,CUST00298,PROD0013,B005,1,676.55,0.05,642.73,457.72,185.01,Completed
ORD015196,2023-02-25,CUST01622,PROD0059,B001,4,3900.0,0.2,3120.0,2466.85,653.15,Completed
ORD015197,2023-09-22,CUST01080,PROD0002,B005,2,1360.28,0.25,1020.21,822.52,197.69,Completed
ORD015202,2023-05-13,CUST00096,PROD0002,B001,3,2040.42,0.2,1632.33,1233.78,398.55,Completed
ORD015207,2023-11-09,CUST02184,PROD0044,B005,1,1093.95,0.15,929.86,607.41,322.45,Completed
ORD015208,2023-09-20,CUST01042,PROD0071,B003,4,1919.14,0.1,1727.23,1494.29,232.94,Completed
ORD015210,2023-01-31,CUST00246,PROD0044,B005,3,3281.84,0.0,3281.84,1822.23,1459.61,Completed
ORD015218,2023-06-25,CUST01585,PROD0047,B001,1,310.2,0.0,310.2,179.65,130.55,Completed
ORD015228,2023-02-10,CUST00733,PROD0012,B001,4,518.47,0.0,518.47,350.3,168.17,Completed
ORD015229,2023-09-03,CUST01879,PROD0107,B002,1,1778.2,0.05,1689.29,1087.67,601.62,Completed
ORD015230,2023-03-09,CUST01809,PROD0093,B001,5,4331.76,0.15,3682.0,3178.36,503.64,Completed
ORD015232,2023-11-20,CUST02209,PROD0102,B003,3,2314.2,0.1,2082.79,1334.6,748.19,Completed
ORD015234,2023-08-29,CUST02468,PROD0059,B001,2,1950.0,0.05,1852.5,1233.42,619.08,Completed
ORD015235,2023-06-12,CUST02090,PROD0085,B005,2,86.1,0.25,64.58,68.23,-3.65,Completed
ORD015241,2023-05-17,CUST00510,PROD0009,B004,2,638.57,0.0,638.57,391.05,247.52,Completed
ORD015244,2023-11-24,CUST00169,PROD0047,B004,4,1240.79,0.1,1116.71,718.6,398.11,Completed
ORD015247,2023-12-20,CUST02129,PROD0118,B003,1,289.88,0.0,289.88,194.17,95.71,Completed
ORD015248,2023-03-18,CUST00721,PROD0051,B001,4,3584.37,0.15,3046.71,2376.21,670.5,Completed
ORD015251,2023-07-24,CUST00967,PROD0087,B002,4,4724.26,0.15,4015.62,3298.78,716.84,Completed
ORD015253,2023-01-23,CUST01364,PROD0015,B002,4,5684.27,0.15,4831.63,3534.91,1296.72,Completed
ORD015256,2023-11-12,CUST00404,PROD0044,B002,4,4375.79,0.05,4157.0,2429.64,1727.36,Completed
ORD015278,2023-06-12,CUST01496,PROD0029,B001,1,458.01,0.1,412.21,265.85,146.36,Completed
ORD015285,2023-09-24,CUST00923,PROD0014,B002,4,5523.51,0.2,4418.81,3162.41,1256.4,Completed
ORD015295,2023-03-10,CUST00312,PROD0037,B002,4,2318.69,0.2,1854.96,1930.23,-75.27,Completed
ORD015297,2023-02-27,CUST00637,PROD0016,B001,4,355.46,0.15,302.14,212.86,89.28,Completed
ORD015300,2023-04-11,CUST01274,PROD0064,B003,5,4626.14,0.2,3700.91,3516.44,184.47,Completed
ORD015303,2023-05-14,CUST00764,PROD0095,B002,1,355.14,0.25,266.36,267.88,-1.52,Completed
ORD015304,2023-07-02,CUST02086,PROD0012,B004,4,518.47,0.0,518.47,350.3,168.17,Completed
ORD015317,2023-02-02,CUST00795,PROD0058,B002,1,312.76,0.1,281.48,174.58,106.9,Completed
ORD015318,2023-07-18,CUST01805,PROD0003,B001,5,1888.96,0.25,1416.72,1338.64,78.08,Completed
ORD015319,2023-08-17,CUST00606,PROD0009,B002,3,957.85,0.1,862.07,586.58,275.49,Completed
ORD015322,2023-03-26,CUST02028,PROD0055,B005,2,929.48,0.15,790.06,527.08,262.98,Completed
ORD015330,2023-01-20,CUST02405,PROD0007,B001,1,47.71,0.2,38.17,35.75,2.42,Completed
ORD015332,2023-04-28,CUST00767,PROD0067,B001,2,1813.62,0.0,1813.62,994.65,818.97,Completed
ORD015337,2023-05-11,CUST02465,PROD0004,B001,2,598.35,0.05,568.43,382.21,186.22,Completed
ORD015344,2023-04-17,CUST02301,PROD0032,B004,3,2209.3,0.0,2209.3,1215.9,993.4,Completed
ORD015347,2023-11-12,CUST00772,PROD0031,B004,5,3335.17,0.0,3335.17,2737.47,597.7,Completed
ORD015348,2023-12-11,CUST02009,PROD0088,B002,1,448.87,0.05,426.43,289.6,136.83,Completed
ORD015351,2023-11-24,CUST00022,PROD0033,B002,5,3001.7,0.1,2701.53,1916.21,785.32,Completed
ORD015359,2023-12-31,CUST00504,PROD0061,B001,3,1344.6,0.1,1210.14,945.07,265.07,Completed
ORD015360,2023-09-06,CUST01333,PROD0034,B002,2,2154.89,0.0,2154.89,1433.18,721.71,Completed
ORD015364,2023-11-08,CUST02079,PROD0097,B003,2,3522.34,0.05,3346.22,2169.23,1176.99,Completed
ORD015373,2023-08-04,CUST00777,PROD0033,B003,1,600.34,0.1,540.31,383.24,157.07,Completed
ORD015374,2023-02-01,CUST00642,PROD0041,B005,5,327.08,0.1,294.37,312.45,-18.08,Completed
ORD015376,2023-03-27,CUST00371,PROD0014,B003,5,6904.38,0.0,6904.38,3953.01,2951.37,Completed
ORD015378,2023-02-11,CUST00001,PROD0085,B003,3,129.15,0.1,116.24,102.34,13.9,Completed
ORD015380,2023-10-15,CUST00516,PROD0081,B004,5,665.54,0.15,565.71,495.54,70.17,Completed
ORD015382,2023-06-26,CUST01767,PROD0022,B005,1,1264.34,0.15,1074.69,913.58,161.11,Completed
ORD015388,2023-03-23,CUST00558,PROD0076,B005,5,1499.88,0.15,1274.89,1200.24,74.65,Completed
ORD015392,2023-04-19,CUST01513,PROD0044,B003,3,2254.93,0.25,1691.2,1822.23,-131.03,Completed
ORD015398,2023-03-14,CUST01993,PROD0080,B001,5,2033.0,0.2,1626.4,1409.99,216.41,Completed
ORD015400,2023-06-23,CUST01332,PROD0022,B002,4,5057.35,0.1,4551.62,3654.32,897.3,Completed
ORD015402,2023-11-08,CUST01087,PROD0034,B001,2,2154.89,0.2,1723.91,1433.18,290.73,Completed
ORD015403,2023-05-26,CUST00548,PROD0064,B005,3,2775.68,0.15,2359.33,2109.86,249.47,Completed
ORD015405,2023-12-16,CUST02207,PROD0099,B001,4,3397.08,0.2,2717.66,2374.27,343.39,Completed
ORD015407,2023-04-13,CUST01718,PROD0054,B002,2,2255.35,0.2,1804.28,1524.07,280.21,Completed
ORD015419,2023-03-18,CUST00206,PROD0020,B001,1,760.64,0.15,646.54,547.73,98.81,Completed
ORD015422,2023-09-10,CUST01291,PROD0100,B001,3,1970.0,0.1,1773.0,1899.84,-126.84,Completed
ORD015426,2023-08-03,CUST02329,PROD0111,B002,1,1834.82,0.1,1651.34,1107.06,544.28,Completed
ORD015427,2023-01-22,CUST01546,PROD0021,B002,4,3380.64,0.05,3211.61,2054.31,1157.3,Completed
ORD015432,2023-07-22,CUST00742,PROD0104,B003,4,6409.81,0.25,4807.36,4238.27,569.09,Completed
ORD015437,2023-11-28,CUST02310,PROD0052,B002,2,1321.37,0.15,1123.16,906.7,216.46,Completed
ORD015438,2023-06-15,CUST00856,PROD0040,B002,3,2972.02,0.0,2972.02,1621.06,1350.96,Completed
ORD015439,2023-10-29,CUST01462,PROD0069,B002,4,5060.14,0.2,4048.11,2745.75,1302.36,Completed
ORD015449,2023-03-29,CUST00386,PROD0120,B005,2,1138.33,0.15,967.58,733.89,233.69,Completed
ORD015450,2023-12-26,CUST01537,PROD0032,B004,3,2209.3,0.05,2098.84,1215.9,882.94,Completed
ORD015452,2023-12-05,CUST02191,PROD0032,B002,2,1472.87,0.05,1399.22,810.6,588.62,Completed
ORD015453,2023-07-12,CUST00658,PROD0010,B001,2,3685.11,0.15,3132.35,2143.99,988.36,Completed
ORD015455,2023-03-20,CUST01471,PROD0119,B004,5,2992.91,0.1,2693.62,2171.55,522.07,Completed
ORD015473,2023-04-02,CUST01468,PROD0072,B001,5,2325.79,0.0,2325.79,1633.1,692.69,Completed
ORD015482,2023-07-05,CUST00770,PROD0114,B004,1,856.83,0.0,856.83,1043.17,-186.34,Completed
ORD015483,2023-10-15,CUST00167,PROD0099,B004,5,4246.35,0.2,3397.08,2967.84,429.24,Completed
ORD015490,2023-12-29,CUST01069,PROD0012,B002,3,388.85,0.1,349.97,262.72,87.25,Completed
ORD015493,2023-08-02,CUST01560,PROD0078,B003,1,931.95,0.2,745.56,573.98,171.58,Completed
ORD015496,2023-07-26,CUST01474,PROD0094,B002,3,585.84,0.1,527.26,351.05,176.21,Completed
ORD015497,2023-10-22,CUST00420,PROD0098,B004,1,999.39,0.15,849.48,558.83,290.65,Completed
ORD015499,2023-09-24,CUST01543,PROD0002,B005,1,680.14,0.05,646.13,411.26,234.87,Completed
ORD015503,2023-07-14,CUST02110,PROD0012,B001,5,648.08,0.05,615.68,437.87,177.81,Completed
ORD015505,2023-04-12,CUST00763,PROD0064,B001,5,4626.14,0.0,4626.14,3516.44,1109.7,Completed
ORD015509,2023-12-02,CUST00075,PROD0036,B005,3,850.08,0.1,765.07,459.65,305.42,Completed
ORD015511,2023-09-03,CUST01655,PROD0077,B002,4,1216.09,0.0,1216.09,984.21,231.88,Completed
ORD015513,2023-07-01,CUST00153,PROD0081,B005,5,665.54,0.05,632.26,495.54,136.72,Completed
ORD015514,2023-06-25,CUST02144,PROD0077,B001,2,608.04,0.15,516.84,492.1,24.74,Completed
ORD015520,2023-01-10,CUST01775,PROD0033,B002,1,600.34,0.2,480.27,383.24,97.03,Completed
ORD015521,2023-09-30,CUST00887,PROD0013,B003,4,2706.22,0.0,2706.22,1830.9,875.32,Completed
ORD015522,2023-08-19,CUST00970,PROD0009,B001,5,1596.42,0.1,1436.78,977.63,459.15,Completed
ORD015523,2023-11-22,CUST00524,PROD0104,B005,5,8012.27,0.0,8012.27,5297.84,2714.43,Completed
ORD015531,2023-05-16,CUST01018,PROD0116,B005,4,1048.69,0.05,996.26,860.36,135.9,Completed
ORD015540,2023-12-31,CUST00207,PROD0107,B001,3,5334.6,0.25,4000.96,3263.01,737.95,Completed
ORD015542,2023-05-02,CUST00594,PROD0009,B001,4,1277.14,0.15,1085.57,782.1,303.47,Completed
ORD015543,2023-12-12,CUST01209,PROD0037,B005,5,2898.37,0.15,2463.61,2412.79,50.82,Completed
ORD015544,2023-07-13,CUST01470,PROD0114,B004,4,5498.14,0.0,5498.14,4172.67,1325.47,Completed
ORD015547,2023-08-04,CUST00715,PROD0058,B001,1,312.76,0.15,265.85,174.58,91.27,Completed
ORD015552,2023-03-02,CUST01387,PROD0066,B004,3,4194.64,0.25,3145.98,3013.47,132.51,Completed
ORD015559,2023-06-26,CUST02155,PROD0002,B004,1,680.14,0.15,578.12,411.26,166.86,Completed
ORD015561,2023-06-27,CUST02269,PROD0063,B001,1,132.68,0.15,112.78,100.47,12.31,Completed
ORD015562,2023-08-13,CUST01988,PROD0036,B002,4,1133.44,0.25,850.08,612.87,237.21,Completed
ORD015569,2023-08-04,CUST00561,PROD0041,B004,4,460.31,0.05,437.3,249.96,187.34,Completed
ORD015572,2023-08-12,CUST01551,PROD0027,B001,4,2737.51,0.05,2600.64,1982.98,617.66,Completed
ORD015574,2023-05-06,CUST01429,PROD0095,B001,1,355.14,0.2,284.11,267.88,16.23,Completed
ORD015576,2023-10-18,CUST00066,PROD0101,B003,2,1292.78,0.15,1098.86,921.0,177.86,Completed
ORD015577,2023-09-06,CUST01756,PROD0057,B005,2,2010.2,0.1,1809.18,1297.91,511.27,Completed
ORD015579,2023-09-30,CUST01577,PROD0063,B005,2,265.36,0.25,199.02,200.93,-1.91,Completed
ORD015580,2023-05-02,CUST00982,PROD0007,B003,5,238.54,0.1,214.68,178.76,35.92,Completed
ORD015589,2023-06-07,CUST01822,PROD0061,B001,4,1792.8,0.0,1792.8,1260.1,532.7,Completed
ORD015590,2023-07-08,CUST01223,PROD0032,B001,5,3682.17,0.1,3313.96,2026.5,1287.46,Completed
ORD015591,2023-08-02,CUST01481,PROD0082,B001,3,6283.58,0.1,5655.22,3400.99,2254.23,Completed
ORD015597,2023-11-14,CUST01320,PROD0078,B003,1,931.95,0.15,792.16,573.98,218.18,Completed
ORD015608,2023-05-14,CUST01569,PROD0074,B005,4,2611.38,0.15,2219.67,2019.35,200.32,Completed
ORD015613,2023-10-09,CUST00156,PROD0070,B004,5,1002.62,0.1,902.36,687.96,214.4,Completed
ORD015620,2023-01-21,CUST00256,PROD0115,B003,2,791.98,0.15,673.18,921.31,-248.13,Completed
ORD015623,2023-05-04,CUST02395,PROD0118,B004,5,1449.42,0.05,1376.95,970.84,406.11,Completed
ORD015629,2023-12-25,CUST02389,PROD0051,B004,1,896.09,0.1,806.48,594.05,212.43,Completed
ORD015631,2023-07-19,CUST01689,PROD0022,B002,2,2528.68,0.25,1896.51,1827.16,69.35,Completed
ORD015633,2023-05-27,CUST02281,PROD0010,B001,5,9212.77,0.1,8291.5,5359.98,2931.52,Completed
ORD015642,2023-05-12,CUST01599,PROD0104,B003,2,3204.91,0.05,3044.66,2119.14,925.52,Completed
ORD015644,2023-12-19,CUST00261,PROD0097,B003,2,3522.34,0.0,3522.34,2169.23,1353.11,Completed
ORD015645,2023-11-26,CUST00490,PROD0044,B002,4,4375.79,0.05,4157.0,2429.64,1727.36,Completed
ORD015646,2023-07-26,CUST02440,PROD0104,B001,1,1602.45,0.15,1362.09,1059.57,302.52,Completed
ORD015651,2023-12-05,CUST01889,PROD0061,B005,4,1792.8,0.15,1523.88,1260.1,263.78,Completed
ORD015662,2023-04-03,CUST01308,PROD0017,B002,2,1739.19,0.15,1478.31,1263.96,214.35,Completed
ORD015667,2023-02-16,CUST02376,PROD0073,B002,5,914.01,0.0,914.01,599.86,314.15,Completed
ORD015676,2023-09-08,CUST00023,PROD0036,B005,2,566.72,0.05,538.39,306.44,231.95,Completed
ORD015682,2023-06-07,CUST00904,PROD0089,B002,1,343.33,0.1,309.0,225.59,83.41,Completed
ORD015683,2023-12-10,CUST01488,PROD0086,B004,3,1583.6,0.15,1346.06,1202.23,143.83,Completed
ORD015692,2023-08-03,CUST02164,PROD0008,B001,2,531.11,0.05,504.55,437.82,66.73,Completed
ORD015695,2023-10-04,CUST00513,PROD0014,B003,5,6904.38,0.2,5523.51,3953.01,1570.5,Completed
ORD015700,2023-04-17,CUST00012,PROD0055,B003,3,1394.23,0.0,1394.23,790.62,603.61,Completed
ORD015704,2023-12-15,CUST01332,PROD0007,B005,2,95.41,0.15,81.1,71.51,9.59,Completed
ORD015706,2023-05-24,CUST01602,PROD0065,B002,5,6756.67,0.25,5067.5,5056.08,11.42,Completed
ORD015707,2023-11-16,CUST00100,PROD0002,B004,1,680.14,0.1,612.12,411.26,200.86,Completed
ORD015719,2023-08-20,CUST01117,PROD0052,B003,5,3303.42,0.15,2807.91,2266.75,541.16,Completed
ORD015721,2023-07-28,CUST00022,PROD0084,B005,1,518.27,0.1,466.44,382.62,83.82,Completed
ORD015723,2023-09-08,CUST00528,PROD0109,B001,1,1355.87,0.15,1152.49,975.11,177.38,Completed
ORD015729,2023-01-15,CUST00556,PROD0070,B003,4,802.1,0.1,721.89,550.37,171.52,Completed
ORD015738,2023-11-05,CUST01174,PROD0010,B001,4,7370.22,0.15,6264.69,4287.98,1976.71,Completed
ORD015740,2023-06-06,CUST00548,PROD0008,B005,5,1327.77,0.2,1062.22,1094.54,-32.32,Completed
ORD015741,2023-09-14,CUST00743,PROD0071,B002,2,959.57,0.0,959.57,747.14,212.43,Completed
ORD015748,2023-10-25,CUST00718,PROD0106,B005,4,2874.32,0.1,2586.89,1724.88,862.01,Completed
ORD015750,2023-12-10,CUST02165,PROD0016,B002,3,266.59,0.2,213.27,159.65,53.62,Completed
ORD015751,2023-06-12,CUST02240,PROD0116,B001,5,1310.86,0.05,1245.32,1075.45,169.87,Completed
ORD015752,2023-11-10,CUST02088,PROD0089,B005,2,686.67,0.2,549.34,451.18,98.16,Completed
ORD015754,2023-06-19,CUST00492,PROD0028,B005,3,2190.58,0.2,1752.46,1375.54,376.92,Completed
ORD015756,2023-08-04,CUST01653,PROD0034,B001,4,4309.79,0.0,4309.79,2866.35,1443.44,Completed
ORD015758,2023-09-12,CUST00345,PROD0082,B003,2,4189.05,0.15,3560.69,2267.33,1293.36,Completed
ORD015759,2023-02-23,CUST01685,PROD0058,B001,5,1563.78,0.0,1563.78,872.91,690.87,Completed
ORD015776,2023-10-28,CUST00214,PROD0104,B005,2,3204.91,0.05,3044.66,2119.14,925.52,Completed
ORD015781,2023-02-13,CUST01681,PROD0118,B002,4,1159.53,0.0,1159.53,776.67,382.86,Completed
ORD015786,2023-02-23,CUST01191,PROD0110,B005,1,796.71,0.0,796.71,463.19,333.52,Completed
ORD015787,2023-01-14,CUST00188,PROD0024,B001,5,6410.17,0.05,6089.67,3515.47,2574.2,Completed
ORD015788,2023-07-15,CUST00336,PROD0052,B001,2,1321.37,0.15,1123.16,906.7,216.46,Completed
ORD015794,2023-09-23,CUST01378,PROD0044,B002,3,3281.84,0.1,2953.66,1822.23,1131.43,Completed
ORD015806,2023-11-07,CUST01155,PROD0067,B005,1,906.81,0.15,770.79,497.33,273.46,Completed
ORD015808,2023-09-05,CUST01574,PROD0013,B003,1,676.55,0.2,541.24,457.72,83.52,Completed
ORD015809,2023-10-28,CUST00884,PROD0019,B001,3,2666.08,0.15,2266.17,1662.57,603.6,Completed
ORD015811,2023-06-03,CUST01919,PROD0066,B003,5,6991.07,0.0,6991.07,5022.45,1968.62,Completed
ORD015820,2023-06-07,CUST01594,PROD0082,B003,2,4189.05,0.1,3770.15,2267.33,1502.82,Completed
ORD015821,2023-01-28,CUST01948,PROD0114,B002,2,2749.07,0.05,2611.62,2086.33,525.29,Completed
ORD015822,2023-03-16,CUST00436,PROD0107,B003,2,3556.4,0.0,3556.4,2175.34,1381.06,Completed
ORD015823,2023-06-27,CUST02046,PROD0054,B005,5,5638.39,0.1,5074.55,3810.16,1264.39,Completed
ORD015828,2023-03-21,CUST01174,PROD0047,B004,5,1550.99,0.1,1395.88,898.25,497.63,Completed
ORD015829,2023-10-04,CUST00773,PROD0102,B004,3,2314.2,0.0,2314.2,1334.6,979.6,Completed
ORD015840,2023-08-18,CUST00593,PROD0024,B003,4,5128.14,0.15,4358.92,2812.38,1546.54,Completed
ORD015844,2023-12-27,CUST01086,PROD0079,B001,5,866.51,0.15,736.54,582.85,153.69,Completed
ORD015845,2023-10-01,CUST01662,PROD0116,B003,3,786.52,0.15,668.54,645.27,23.27,Completed
ORD015847,2023-10-28,CUST01510,PROD0051,B002,1,896.09,0.05,851.29,594.05,257.24,Completed
ORD015850,2023-08-05,CUST01319,PROD0017,B002,2,1739.19,0.0,1739.19,1263.96,475.23,Completed
ORD015855,2023-02-13,CUST01264,PROD0024,B005,4,5128.14,0.1,4615.33,2812.38,1802.95,Completed
ORD015856,2023-02-21,CUST00494,PROD0019,B001,5,4443.47,0.05,4221.3,2770.95,1450.35,Completed
ORD015858,2023-05-27,CUST01633,PROD0099,B005,4,3397.08,0.0,3397.08,2374.27,1022.81,Completed
ORD015860,2023-01-17,CUST01927,PROD0111,B005,3,5504.46,0.15,4678.79,3321.19,1357.6,Completed
ORD015862,2023-09-12,CUST00391,PROD0110,B002,4,3186.86,0.05,3027.52,1852.77,1174.75,Completed
ORD015866,2023-10-26,CUST00476,PROD0100,B003,4,3243.95,0.15,2757.36,2533.12,224.24,Completed
ORD015872,2023-09-01,CUST00520,PROD0056,B001,4,5646.88,0.05,5364.53,4230.57,1133.96,Completed
ORD015876,2023-11-14,CUST00298,PROD0005,B001,2,2444.79,0.05,2322.55,1507.46,815.09,Completed
ORD015895,2023-07-08,CUST01312,PROD0120,B001,4,2276.66,0.05,2162.83,1467.78,695.05,Completed
ORD015903,2023-06-29,CUST01523,PROD0113,B002,3,3762.55,0.0,3762.55,2720.86,1041.69,Completed
ORD015904,2023-04-22,CUST00556,PROD0120,B002,4,2276.66,0.1,2048.99,1467.78,581.21,Completed
ORD015913,2023-06-19,CUST01809,PROD0059,B001,4,3900.0,0.1,3510.0,2466.85,1043.15,Completed
ORD015915,2023-04-28,CUST01341,PROD0066,B004,4,5592.86,0.0,5592.86,4017.96,1574.9,Completed
ORD015929,2023-01-06,CUST01993,PROD0117,B005,1,772.26,0.0,772.26,476.12,296.14,Completed
ORD015930,2023-06-06,CUST01093,PROD0039,B001,5,7413.45,0.0,7413.45,4131.23,3282.22,Completed
ORD015931,2023-03-21,CUST00154,PROD0096,B001,3,5330.76,0.1,4797.69,3103.42,1694.27,Completed
ORD015938,2023-12-03,CUST02484,PROD0064,B004,1,925.23,0.15,786.45,703.29,83.16,Completed
ORD015939,2023-06-09,CUST01100,PROD0014,B005,4,5523.51,0.0,5523.51,3162.41,2361.1,Completed
ORD015940,2023-07-15,CUST00386,PROD0017,B005,4,3478.37,0.0,3478.37,2527.92,950.45,Completed
ORD015942,2023-01-07,CUST00166,PROD0055,B004,4,1858.97,0.0,1858.97,1054.16,804.81,Completed
ORD015949,2023-06-22,CUST01586,PROD0094,B005,3,585.84,0.15,497.97,351.05,146.92,Completed
ORD015956,2023-04-11,CUST00113,PROD0040,B001,2,1981.35,0.1,1783.21,1080.7,702.51,Completed
ORD015959,2023-05-07,CUST00337,PROD0114,B002,4,5498.14,0.0,5498.14,4172.67,1325.47,Completed
ORD015961,2023-09-11,CUST01733,PROD0120,B005,2,1138.33,0.0,1138.33,733.89,404.44,Completed
ORD015965,2023-03-19,CUST00664,PROD0094,B001,2,390.56,0.1,351.51,234.04,117.47,Completed
ORD015966,2023-05-03,CUST01631,PROD0027,B004,1,684.38,0.1,615.94,495.75,120.19,Completed
ORD015967,2023-06-08,CUST01793,PROD0102,B003,5,3857.01,0.1,3471.31,2224.33,1246.98,Completed
ORD015969,2023-09-29,CUST01006,PROD0097,B003,4,7044.68,0.0,7044.68,4338.46,2706.22,Completed
ORD015971,2023-01-05,CUST00019,PROD0084,B005,4,2073.08,0.05,1969.42,1530.5,438.92,Completed
ORD015976,2023-03-04,CUST01330,PROD0008,B001,3,796.66,0.2,637.33,656.72,-19.39,Completed
ORD015982,2023-05-16,CUST00419,PROD0007,B001,3,143.12,0.0,143.12,107.26,35.86,Completed
ORD015985,2023-09-27,CUST00748,PROD0045,B003,1,1004.75,0.0,1004.75,716.56,288.19,Completed
ORD015988,2023-03-03,CUST00172,PROD0040,B004,5,4953.37,0.0,4953.37,2701.76,2251.61,Completed
ORD015993,2023-02-07,CUST01744,PROD0034,B002,1,1077.45,0.0,1077.45,716.59,360.86,Completed
ORD015994,2023-06-30,CUST01351,PROD0024,B001,1,1282.03,0.2,1025.63,703.09,322.54,Completed
ORD015995,2023-03-15,CUST02013,PROD0030,B004,2,2038.77,0.1,1834.89,1627.19,207.7,Completed
ORD016003,2023-04-09,CUST02010,PROD0072,B005,5,2325.79,0.2,1860.63,1633.1,227.53,Completed
ORD016004,2023-07-18,CUST00611,PROD0089,B001,3,1030.0,0.0,1030.0,676.76,353.24,Completed
ORD016010,2023-11-07,CUST02108,PROD0080,B002,1,406.6,0.0,406.6,282.0,124.6,Completed
ORD016014,2023-01-04,CUST00756,PROD0103,B001,3,2617.97,0.1,2356.17,1549.3,806.87,Completed
ORD016015,2023-06-07,CUST02140,PROD0043,B001,5,1456.99,0.1,1311.29,893.23,418.06,Completed
ORD016027,2023-11-29,CUST01967,PROD0100,B001,4,3243.95,0.2,2595.16,2533.12,62.04,Completed
ORD016033,2023-05-20,CUST02257,PROD0008,B004,4,1062.22,0.05,1009.1,875.63,133.47,Completed
ORD016036,2023-08-15,CUST02022,PROD0033,B004,5,3001.7,0.1,2701.53,1916.21,785.32,Completed
ORD016037,2023-06-04,CUST00130,PROD0093,B005,1,866.35,0.15,736.4,635.67,100.73,Completed
ORD016045,2023-06-15,CUST00030,PROD0059,B004,3,2925.0,0.25,2193.75,1850.13,343.62,Completed
ORD016049,2023-10-16,CUST00215,PROD0008,B001,3,796.66,0.1,716.99,656.72,60.27,Completed
ORD016050,2023-01-13,CUST01541,PROD0003,B005,3,1133.37,0.2,906.7,803.19,103.51,Completed
ORD016051,2023-05-20,CUST00763,PROD0096,B005,2,3553.84,0.05,3376.15,2068.95,1307.2,Completed
ORD016054,2023-04-29,CUST02144,PROD0110,B005,4,3186.86,0.1,2868.17,1852.77,1015.4,Completed
ORD016059,2023-04-16,CUST02076,PROD0082,B002,1,2094.53,0.15,1780.35,1133.66,646.69,Completed
ORD016060,2023-12-05,CUST00127,PROD0108,B002,4,3639.53,0.0,3639.53,2093.7,1545.83,Completed
ORD016065,2023-08-01,CUST01196,PROD0038,B003,1,59.93,0.0,59.93,40.71,19.22,Completed
ORD016069,2023-11-25,CUST02476,PROD0075,B001,1,1413.9,0.15,1201.82,1092.46,109.36,Completed
ORD016070,2023-04-28,CUST01997,PROD0002,B003,3,2040.42,0.2,1632.33,1233.78,398.55,Completed
ORD016073,2023-07-15,CUST02083,PROD0096,B003,3,5330.76,0.05,5064.23,3103.42,1960.81,Completed
ORD016074,2023-12-01,CUST02044,PROD0047,B001,4,1240.79,0.1,1116.71,718.6,398.11,Completed
ORD016077,2023-02-20,CUST02281,PROD0019,B003,4,3554.78,0.05,3377.04,2216.76,1160.28,Completed
ORD016078,2023-08-16,CUST01503,PROD0120,B001,2,1138.33,0.0,1138.33,733.89,404.44,Completed
ORD016082,2023-04-17,CUST00056,PROD0040,B003,5,4953.37,0.0,4953.37,2701.76,2251.61,Completed
ORD016083,2023-04-20,CUST01418,PROD0110,B005,5,3983.57,0.15,3386.03,2315.96,1070.07,Completed
ORD016087,2023-08-16,CUST01547,PROD0022,B001,4,5057.35,0.15,4298.75,3654.32,644.43,Completed
ORD016096,2023-09-03,CUST01287,PROD0061,B005,5,2241.0,0.1,2016.9,1575.12,441.78,Completed
ORD016105,2023-04-13,CUST00001,PROD0056,B001,2,2823.44,0.0,2823.44,2115.29,708.15,Completed
ORD016106,2023-06-23,CUST01009,PROD0065,B004,3,4054.0,0.1,3648.61,3033.65,614.96,Completed
ORD016111,2023-08-13,CUST02223,PROD0087,B001,4,4724.26,0.1,4251.83,3298.78,953.05,Completed
ORD016122,2023-03-05,CUST00468,PROD0074,B004,5,3264.22,0.1,2937.8,2524.19,413.61,Completed
ORD016127,2023-07-04,CUST01144,PROD0047,B002,3,930.59,0.2,744.47,538.95,205.52,Completed
ORD016129,2023-08-14,CUST00749,PROD0120,B004,3,1707.5,0.15,1451.37,1100.84,350.53,Completed
ORD016133,2023-03-21,CUST01049,PROD0003,B001,1,377.79,0.0,377.79,267.73,110.06,Completed
ORD016135,2023-07-01,CUST01575,PROD0028,B001,1,730.19,0.05,693.68,458.51,235.17,Completed
ORD016139,2023-01-23,CUST00550,PROD0050,B002,3,3297.42,0.0,3297.42,1902.8,1394.62,Completed
ORD016141,2023-05-13,CUST00062,PROD0103,B003,3,2617.97,0.1,2356.17,1549.3,806.87,Completed
ORD016142,2023-11-21,CUST01163,PROD0017,B005,4,3478.37,0.05,3304.46,2527.92,776.54,Completed
ORD016143,2023-08-25,CUST01699,PROD0019,B003,3,2666.08,0.1,2399.47,1662.57,736.9,Completed
ORD016154,2023-01-21,CUST02391,PROD0018,B002,4,6885.23,0.0,6885.23,4287.63,2597.6,Completed
ORD016157,2023-08-15,CUST01714,PROD0025,B005,2,1980.09,0.15,1683.07,1181.43,501.64,Completed
ORD016162,2023-11-23,CUST00057,PROD0047,B002,2,620.39,0.1,558.36,359.3,199.06,Completed
ORD016167,2023-03-17,CUST01104,PROD0069,B001,2,2530.07,0.2,2024.06,1372.88,651.18,Completed
ORD016169,2023-09-24,CUST01934,PROD0014,B003,4,5523.51,0.05,5247.33,3162.41,2084.92,Completed
ORD016171,2023-07-10,CUST01999,PROD0007,B002,4,190.83,0.05,181.29,143.01,38.28,Completed
ORD016172,2023-01-12,CUST01416,PROD0006,B003,4,2677.86,0.2,2142.29,1943.61,198.68,Completed
ORD016175,2023-08-29,CUST00660,PROD0056,B001,3,4235.16,0.1,3811.64,3172.93,638.71,Completed
ORD016177,2023-07-30,CUST01696,PROD0049,B004,2,2665.44,0.1,2398.9,1542.16,856.74,Completed
ORD016179,2023-02-18,CUST00433,PROD0044,B003,1,1093.95,0.15,929.86,607.41,322.45,Completed
ORD016183,2023-03-25,CUST02396,PROD0059,B001,5,4875.0,0.05,4631.25,3083.56,1547.69,Completed
ORD016184,2023-11-19,CUST01701,PROD0048,B002,5,4441.84,0.1,3997.65,3077.47,920.18,Completed
ORD016187,2023-04-01,CUST01588,PROD0095,B003,5,1775.68,0.1,1598.12,1339.42,258.7,Completed
ORD016194,2023-11-07,CUST01883,PROD0012,B004,2,259.23,0.05,246.27,175.15,71.12,Completed
ORD016195,2023-08-08,CUST01044,PROD0094,B001,1,195.28,0.0,195.28,117.02,78.26,Completed
ORD016198,2023-07-13,CUST01639,PROD0116,B005,1,262.17,0.0,262.17,215.09,47.08,Completed
ORD016200,2023-05-21,CUST01366,PROD0011,B002,2,1695.9,0.0,1695.9,1315.25,380.65,Completed
ORD016201,2023-03-19,CUST01042,PROD0051,B003,4,3584.37,0.1,3225.93,2376.21,849.72,Completed
ORD016203,2023-08-19,CUST00888,PROD0013,B001,4,2706.22,0.15,2300.28,1830.9,469.38,Completed
ORD016213,2023-07-08,CUST01205,PROD0055,B002,3,1394.23,0.15,1185.09,790.62,394.47,Completed
ORD016216,2023-05-06,CUST00093,PROD0054,B003,2,2255.35,0.05,2142.59,1524.07,618.52,Completed
ORD016221,2023-02-10,CUST02016,PROD0106,B005,5,3592.9,0.2,2874.32,2156.1,718.22,Completed
ORD016226,2023-07-10,CUST01381,PROD0105,B001,1,421.74,0.1,379.57,310.8,68.77,Completed
ORD016240,2023-12-08,CUST01891,PROD0029,B004,2,916.01,0.0,916.01,531.7,384.31,Completed
ORD016243,2023-03-29,CUST01540,PROD0079,B005,2,346.61,0.1,311.94,233.14,78.8,Completed
ORD016246,2023-07-07,CUST01159,PROD0014,B004,3,4142.63,0.1,3728.37,2371.81,1356.56,Completed
ORD016249,2023-06-29,CUST00392,PROD0037,B001,1,579.67,0.05,550.69,482.56,68.13,Completed
ORD016250,2023-03-06,CUST00403,PROD0116,B001,2,524.35,0.2,419.47,430.18,-10.71,Completed
ORD016257,2023-02-01,CUST00758,PROD0096,B001,5,8884.61,0.1,7996.15,5172.37,2823.78,Completed
ORD016260,2023-12-17,CUST01899,PROD0014,B002,4,2975.87,0.05,2827.07,3162.41,-335.34,Completed
ORD016262,2023-10-09,CUST02258,PROD0115,B004,4,2986.19,0.15,2538.26,1842.61,695.65,Completed
ORD016264,2023-05-30,CUST01271,PROD0069,B001,3,3795.1,0.1,3415.59,2059.31,1356.28,Completed
ORD016277,2023-10-28,CUST00455,PROD0025,B001,2,1980.09,0.2,1584.07,1181.43,402.64,Completed
ORD016280,2023-09-25,CUST02368,PROD0024,B002,3,3846.1,0.1,3461.49,2109.28,1352.21,Completed
ORD016286,2023-07-03,CUST00066,PROD0050,B001,4,4396.56,0.05,4176.73,2537.07,1639.66,Completed
ORD016302,2023-09-26,CUST02298,PROD0022,B005,5,6321.69,0.05,6005.6,4567.91,1437.69,Completed
ORD016313,2023-01-24,CUST01905,PROD0006,B002,3,2008.39,0.1,1807.56,1457.71,349.85,Completed
ORD016317,2023-07-02,CUST02473,PROD0017,B004,3,2608.78,0.1,2347.9,1895.94,451.96,Completed
ORD016319,2023-11-15,CUST02142,PROD0083,B004,4,6616.75,0.25,4962.56,4485.91,476.65,Completed
ORD016321,2023-08-21,CUST00184,PROD0081,B002,3,399.32,0.15,339.42,297.32,42.1,Completed
ORD016323,2023-02-10,CUST02282,PROD0078,B005,5,4659.77,0.0,4659.77,2869.89,1789.88,Completed
ORD016325,2023-07-02,CUST01121,PROD0011,B001,2,1695.9,0.1,1526.31,1315.25,211.06,Completed
ORD016328,2023-03-20,CUST01273,PROD0031,B001,5,3335.17,0.2,2668.14,2737.47,-69.33,Completed
ORD016334,2023-10-07,CUST01374,PROD0063,B001,2,265.36,0.0,265.36,200.93,64.43,Completed
ORD016339,2023-05-17,CUST00692,PROD0076,B002,3,899.93,0.15,764.94,720.15,44.79,Completed
ORD016346,2023-11-02,CUST02467,PROD0088,B004,1,261.74,0.2,209.39,289.6,-80.21,Completed
ORD016348,2023-10-01,CUST01123,PROD0067,B002,1,906.81,0.1,816.13,497.33,318.8,Completed
ORD016349,2023-10-30,CUST01822,PROD0081,B003,3,399.32,0.15,339.42,297.32,42.1,Completed
ORD016351,2023-08-28,CUST01423,PROD0112,B003,4,3465.45,0.15,2945.63,2713.31,232.32,Completed
ORD016357,2023-10-01,CUST01173,PROD0086,B003,3,1583.6,0.25,1187.7,1202.23,-14.53,Completed
ORD016361,2023-12-11,CUST00798,PROD0027,B005,1,684.38,0.1,615.94,495.75,120.19,Completed
ORD016362,2023-01-10,CUST01161,PROD0081,B003,5,665.54,0.2,532.43,495.54,36.89,Completed
ORD016363,2023-06-25,CUST00556,PROD0111,B002,4,7339.28,0.0,7339.28,4428.25,2911.03,Completed
ORD016367,2023-06-11,CUST01223,PROD0111,B001,1,1834.82,0.1,1651.34,1107.06,544.28,Completed
ORD016371,2023-11-05,CUST00259,PROD0074,B002,1,652.84,0.1,587.56,504.84,82.72,Completed
ORD016374,2023-03-19,CUST00464,PROD0019,B005,2,1777.39,0.05,1688.52,1108.38,580.14,Completed
ORD016376,2023-08-01,CUST01196,PROD0074,B001,3,1958.53,0.05,1860.61,1514.51,346.1,Completed
ORD016377,2023-07-14,CUST00830,PROD0023,B004,5,6365.28,0.05,6047.02,3934.59,2112.43,Completed
ORD016379,2023-06-21,CUST00978,PROD0006,B002,5,3347.32,0.1,3012.59,2429.52,583.07,Completed
ORD016381,2023-06-07,CUST02247,PROD0080,B002,1,406.6,0.15,345.61,282.0,63.61,Completed
ORD016383,2023-02-19,CUST00069,PROD0066,B005,5,6991.07,0.15,5942.41,5022.45,919.96,Completed
ORD016384,2023-05-22,CUST00239,PROD0050,B002,5,5495.7,0.15,4671.35,3171.34,1500.01,Completed
ORD016392,2023-03-05,CUST00149,PROD0053,B002,1,555.84,0.05,528.04,361.6,166.44,Completed
ORD016396,2023-05-26,CUST01314,PROD0116,B002,4,1048.69,0.2,838.95,860.36,-21.41,Completed
ORD016400,2023-03-07,CUST00901,PROD0096,B001,1,1776.92,0.0,1776.92,1034.47,742.45,Completed
ORD016403,2023-02-02,CUST00876,PROD0002,B001,1,680.14,0.1,612.12,411.26,200.86,Completed
ORD016405,2023-04-03,CUST00197,PROD0001,B005,2,3878.79,0.05,3684.85,2126.36,1558.49,Completed
ORD016408,2023-11-25,CUST01655,PROD0019,B005,4,3554.78,0.25,2666.08,2216.76,449.32,Completed
ORD016410,2023-01-19,CUST00182,PROD0002,B003,1,680.14,0.15,578.12,411.26,166.86,Completed
ORD016413,2023-06-06,CUST00105,PROD0120,B005,5,2845.83,0.15,2418.96,1834.73,584.23,Completed
ORD016418,2023-06-28,CUST00005,PROD0064,B002,1,925.23,0.0,925.23,703.29,221.94,Completed
ORD016422,2023-07-03,CUST00322,PROD0094,B001,4,781.12,0.2,624.9,468.07,156.83,Completed
ORD016424,2023-03-14,CUST02414,PROD0093,B001,3,2599.06,0.1,2339.15,1907.02,432.13,Completed
ORD016426,2023-04-10,CUST00517,PROD0027,B003,2,1368.76,0.15,1163.44,991.49,171.95,Completed
ORD016427,2023-04-04,CUST00383,PROD0038,B001,4,239.73,0.15,203.77,162.84,40.93,Completed
ORD016430,2023-12-07,CUST01728,PROD0057,B003,1,1005.1,0.05,954.84,648.95,305.89,Completed
ORD016439,2023-03-31,CUST01934,PROD0107,B004,2,3556.4,0.15,3022.94,2175.34,847.6,Completed
ORD016442,2023-11-11,CUST01657,PROD0039,B001,3,4448.07,0.2,3558.45,2478.74,1079.71,Completed
ORD016451,2023-05-15,CUST01770,PROD0088,B005,2,897.74,0.15,763.08,579.21,183.87,Completed
ORD016459,2023-11-22,CUST01508,PROD0119,B001,4,2394.33,0.15,2035.18,1737.24,297.94,Completed
ORD016466,2023-07-26,CUST00628,PROD0029,B002,1,458.01,0.1,412.21,265.85,146.36,Completed
ORD016474,2023-06-15,CUST01678,PROD0104,B002,3,4807.36,0.15,4086.26,3178.71,907.55,Completed
ORD016475,2023-11-02,CUST02172,PROD0016,B004,3,266.59,0.2,213.27,159.65,53.62,Completed
ORD016477,2023-06-01,CUST00871,PROD0104,B002,1,1602.45,0.15,1362.09,1059.57,302.52,Completed
ORD016480,2023-07-11,CUST00574,PROD0110,B003,5,3983.57,0.05,3784.39,2315.96,1468.43,Completed
ORD016481,2023-11-26,CUST01064,PROD0111,B004,3,5504.46,0.05,5229.23,3321.19,1908.04,Completed
ORD016484,2023-11-15,CUST01143,PROD0034,B001,1,1077.45,0.15,915.83,716.59,199.24,Completed
ORD016489,2023-04-05,CUST00813,PROD0093,B004,2,1732.71,0.15,1472.8,1271.34,201.46,Completed
ORD016492,2023-05-30,CUST00774,PROD0120,B004,5,2845.83,0.15,2418.96,1834.73,584.23,Completed
ORD016497,2023-05-29,CUST01303,PROD0094,B005,1,117.28,0.25,87.96,117.02,-29.06,Completed
ORD016507,2023-06-25,CUST01587,PROD0014,B005,5,6904.38,0.1,6213.95,3953.01,2260.94,Completed
ORD016511,2023-04-22,CUST01236,PROD0084,B001,2,1036.54,0.15,881.06,765.25,115.81,Completed
ORD016516,2023-09-09,CUST02098,PROD0063,B005,4,530.72,0.1,477.65,401.86,75.79,Completed
ORD016517,2023-08-19,CUST01008,PROD0115,B003,4,2986.19,0.1,2687.57,1842.61,844.96,Completed
ORD016518,2023-04-27,CUST00073,PROD0020,B002,2,1521.28,0.1,1369.15,1095.47,273.68,Completed
ORD016521,2023-01-29,CUST02341,PROD0100,B001,1,810.99,0.05,770.44,633.28,137.16,Completed
ORD016523,2023-01-10,CUST02259,PROD0045,B002,4,4019.0,0.05,3818.05,2866.23,951.82,Completed
ORD016527,2023-06-27,CUST00325,PROD0097,B001,4,7044.68,0.0,7044.68,4338.46,2706.22,Completed
ORD016533,2023-01-04,CUST02466,PROD0111,B001,5,9174.1,0.0,9174.1,5535.31,3638.79,Completed
ORD016553,2023-03-25,CUST01219,PROD0091,B001,4,1654.7,0.0,1654.7,1261.16,393.54,Completed
ORD016558,2023-12-15,CUST01174,PROD0055,B003,2,929.48,0.1,836.54,527.08,309.46,Completed
ORD016560,2023-09-06,CUST00271,PROD0110,B002,5,3983.57,0.15,3386.03,2315.96,1070.07,Completed
ORD016562,2023-06-20,CUST01775,PROD0120,B002,3,1707.5,0.05,1622.12,1100.84,521.28,Completed
ORD016568,2023-12-08,CUST02391,PROD0052,B003,3,1982.05,0.25,1486.54,1360.05,126.49,Completed
ORD016571,2023-04-08,CUST00133,PROD0112,B001,4,3465.45,0.0,3465.45,2713.31,752.14,Completed
ORD016572,2023-06-14,CUST01459,PROD0043,B002,1,291.4,0.15,247.69,178.65,69.04,Completed
ORD016586,2023-12-26,CUST00844,PROD0035,B005,2,1160.82,0.05,1102.78,871.23,231.55,Completed
ORD016589,2023-06-04,CUST02384,PROD0113,B002,2,2508.37,0.25,1881.27,1813.91,67.36,Completed
ORD016592,2023-07-24,CUST01771,PROD0019,B002,2,1777.39,0.2,1421.91,1108.38,313.53,Completed
ORD016597,2023-07-07,CUST01253,PROD0106,B002,3,2155.74,0.0,2155.74,1293.66,862.08,Completed
ORD016598,2023-12-12,CUST02264,PROD0063,B003,2,265.36,0.25,199.02,200.93,-1.91,Completed
ORD016606,2023-12-12,CUST01757,PROD0034,B001,1,1077.45,0.15,915.83,716.59,199.24,Completed
ORD016607,2023-07-19,CUST00185,PROD0069,B003,5,6325.17,0.15,5376.4,3432.19,1944.21,Completed
ORD016611,2023-07-18,CUST01225,PROD0008,B002,5,1327.77,0.05,1261.38,1094.54,166.84,Completed
ORD016616,2023-09-13,CUST02049,PROD0069,B001,3,3795.1,0.1,3415.59,2059.31,1356.28,Completed
ORD016625,2023-01-17,CUST00197,PROD0067,B001,4,3627.23,0.0,3627.23,1989.31,1637.92,Completed
ORD016626,2023-03-26,CUST01677,PROD0083,B002,5,8270.93,0.05,7857.39,5607.38,2250.01,Completed
ORD016643,2023-11-15,CUST02151,PROD0088,B001,5,2244.35,0.15,1907.7,1448.01,459.69,Completed
ORD016645,2023-03-07,CUST00957,PROD0097,B001,4,7044.68,0.05,6692.45,4338.46,2353.99,Completed
ORD016647,2023-07-06,CUST00108,PROD0087,B003,2,2362.13,0.1,2125.91,1649.39,476.52,Completed
ORD016648,2023-04-26,CUST00902,PROD0075,B002,5,7069.49,0.1,6362.54,5462.28,900.26,Completed
ORD016662,2023-12-14,CUST00143,PROD0066,B002,5,6991.07,0.0,6991.07,5022.45,1968.62,Completed
ORD016669,2023-07-31,CUST01957,PROD0059,B001,5,4875.0,0.1,4387.5,3083.56,1303.94,Completed
ORD016670,2023-07-03,CUST02300,PROD0116,B005,5,1310.86,0.1,1179.77,1075.45,104.32,Completed
ORD016682,2023-04-18,CUST00104,PROD0086,B003,2,1055.73,0.0,1055.73,801.48,254.25,Completed
ORD016693,2023-03-09,CUST00677,PROD0116,B003,4,1048.69,0.0,1048.69,860.36,188.33,Completed
ORD016721,2023-09-02,CUST00523,PROD0051,B003,1,896.09,0.15,761.68,594.05,167.63,Completed
ORD016725,2023-05-22,CUST02260,PROD0039,B003,3,4448.07,0.05,4225.66,2478.74,1746.92,Completed
ORD016730,2023-07-13,CUST01813,PROD0012,B005,4,518.47,0.25,388.85,350.3,38.55,Completed
ORD016733,2023-03-08,CUST00988,PROD0010,B001,5,9212.77,0.05,8752.14,5359.98,3392.16,Completed
ORD016736,2023-03-16,CUST00804,PROD0075,B001,2,2827.8,0.05,2686.41,2184.91,501.5,Completed
ORD016739,2023-11-03,CUST01613,PROD0119,B002,1,598.58,0.05,568.66,434.31,134.35,Completed
ORD016743,2023-03-29,CUST01391,PROD0082,B004,1,2094.53,0.1,1885.08,1133.66,751.42,Completed
ORD016746,2023-11-06,CUST02289,PROD0119,B004,2,1197.16,0.15,1017.59,868.62,148.97,Completed
ORD016748,2023-10-02,CUST01051,PROD0058,B001,2,625.51,0.2,500.41,349.16,151.25,Completed
ORD016754,2023-01-29,CUST02185,PROD0088,B002,5,2244.35,0.15,1907.7,1448.01,459.69,Completed
ORD016756,2023-11-08,CUST00188,PROD0038,B004,1,59.93,0.15,50.94,40.71,10.23,Completed
ORD016757,2023-11-09,CUST00384,PROD0068,B004,3,3074.8,0.0,3074.8,2470.09,604.71,Completed
ORD016758,2023-04-28,CUST00122,PROD0083,B003,1,1654.19,0.05,1571.48,1121.48,450.0,Completed
ORD016759,2023-08-30,CUST02222,PROD0034,B002,4,3073.28,0.15,2612.29,2866.35,-254.06,Completed
ORD016760,2023-08-29,CUST00398,PROD0009,B004,2,638.57,0.2,510.86,391.05,119.81,Completed
ORD016764,2023-12-12,CUST01779,PROD0071,B003,3,1439.36,0.0,1439.36,1120.72,318.64,Completed
ORD016771,2023-06-14,CUST00866,PROD0001,B002,5,9696.97,0.1,8727.27,5315.89,3411.38,Completed
ORD016773,2023-11-28,CUST02154,PROD0073,B004,5,914.01,0.05,868.31,599.86,268.45,Completed
ORD016776,2023-08-12,CUST01394,PROD0103,B003,5,4363.29,0.15,3708.79,2582.17,1126.62,Completed
ORD016782,2023-12-23,CUST02090,PROD0080,B001,5,2033.0,0.1,1829.7,1409.99,419.71,Completed
ORD016783,2023-04-20,CUST01672,PROD0004,B003,5,1495.87,0.1,1346.28,955.52,390.76,Completed
ORD016784,2023-10-30,CUST00051,PROD0092,B001,5,522.22,0.15,443.89,333.18,110.71,Completed
ORD016786,2023-09-04,CUST01427,PROD0073,B001,4,731.21,0.15,621.52,479.89,141.63,Completed
ORD016789,2023-10-14,CUST01549,PROD0023,B004,5,6365.28,0.15,5410.49,3934.59,1475.9,Completed
ORD016794,2023-02-18,CUST00472,PROD0107,B004,4,7112.81,0.1,6401.52,4350.68,2050.84,Completed
ORD016796,2023-05-10,CUST01026,PROD0069,B002,3,3795.1,0.1,3415.59,2059.31,1356.28,Completed
ORD016809,2023-01-23,CUST01733,PROD0058,B005,2,625.51,0.1,562.96,349.16,213.8,Completed
ORD016815,2023-05-01,CUST01559,PROD0024,B004,2,1208.01,0.15,1026.81,1406.19,-379.38,Completed
ORD016822,2023-09-14,CUST02301,PROD0055,B001,4,1858.97,0.0,1858.97,1054.16,804.81,Completed
ORD016824,2023-12-07,CUST01174,PROD0025,B002,4,3960.18,0.05,3762.17,2362.87,1399.3,Completed
ORD016826,2023-08-23,CUST00787,PROD0082,B004,4,8378.11,0.05,7959.2,4534.66,3424.54,Completed
ORD016831,2023-06-26,CUST00569,PROD0027,B004,2,1368.76,0.2,1095.0,991.49,103.51,Completed
ORD016834,2023-01-01,CUST02452,PROD0050,B004,1,1099.14,0.05,1044.18,634.27,409.91,Completed
ORD016835,2023-10-14,CUST00247,PROD0114,B005,5,6872.68,0.2,5498.14,5215.83,282.31,Completed
ORD016838,2023-02-13,CUST02219,PROD0049,B001,1,1332.72,0.2,1066.18,771.08,295.1,Completed
ORD016841,2023-05-08,CUST00398,PROD0007,B004,4,190.83,0.1,171.75,143.01,28.74,Completed
ORD016845,2023-09-16,CUST01963,PROD0100,B003,2,1621.98,0.05,1540.88,1266.56,274.32,Completed
ORD016852,2023-08-13,CUST01408,PROD0014,B002,4,5523.51,0.1,4971.15,3162.41,1808.74,Completed
ORD016853,2023-09-24,CUST01847,PROD0031,B002,4,2668.14,0.0,2668.14,2189.98,478.16,Completed
ORD016855,2023-09-07,CUST01084,PROD0038,B002,3,179.79,0.0,179.79,122.13,57.66,Completed
ORD016865,2023-06-04,CUST00807,PROD0052,B005,5,3303.42,0.2,2642.73,2266.75,375.98,Completed
ORD016868,2023-08-27,CUST01350,PROD0075,B003,2,2827.8,0.15,2403.63,2184.91,218.72,Completed
ORD016879,2023-05-23,CUST02056,PROD0072,B002,5,2325.79,0.15,1976.92,1633.1,343.82,Completed
ORD016885,2023-06-30,CUST00769,PROD0040,B001,1,990.67,0.05,941.14,540.35,400.79,Completed
ORD016887,2023-08-31,CUST00615,PROD0003,B003,2,755.58,0.15,642.24,535.46,106.78,Completed
ORD016888,2023-06-21,CUST02159,PROD0012,B005,4,518.47,0.15,440.7,350.3,90.4,Completed
ORD016890,2023-04-26,CUST01913,PROD0022,B001,5,6321.69,0.0,6321.69,4567.91,1753.78,Completed
ORD016891,2023-12-12,CUST02430,PROD0018,B001,5,8606.54,0.15,7315.56,5359.54,1956.02,Completed
ORD016893,2023-11-08,CUST02335,PROD0058,B003,3,938.27,0.1,844.44,523.75,320.69,Completed
ORD016899,2023-06-28,CUST02428,PROD0055,B005,2,507.49,0.05,482.11,527.08,-44.97,Completed
ORD016905,2023-06-30,CUST01467,PROD0092,B002,4,417.78,0.1,376.0,266.55,109.45,Completed
ORD016910,2023-04-27,CUST00247,PROD0061,B001,3,1344.6,0.2,1075.68,945.07,130.61,Completed
ORD016913,2023-12-16,CUST02308,PROD0007,B001,4,190.83,0.0,190.83,143.01,47.82,Completed
ORD016916,2023-06-08,CUST00350,PROD0006,B003,3,2008.39,0.1,1807.56,1457.71,349.85,Completed
ORD016918,2023-09-14,CUST02480,PROD0008,B001,4,1062.22,0.1,955.99,875.63,80.36,Completed
ORD016919,2023-12-30,CUST02298,PROD0080,B003,2,813.2,0.05,772.54,563.99,208.55,Completed
ORD016930,2023-02-03,CUST01266,PROD0103,B001,3,2617.97,0.1,2356.17,1549.3,806.87,Completed
ORD016937,2023-02-27,CUST01604,PROD0067,B005,5,4534.04,0.15,3853.93,2486.63,1367.3,Completed
ORD016939,2023-05-12,CUST01371,PROD0062,B003,1,729.53,0.15,620.1,578.72,41.38,Completed
ORD016944,2023-07-05,CUST00380,PROD0003,B002,3,1133.37,0.0,1133.37,803.19,330.18,Completed
ORD016946,2023-05-22,CUST00924,PROD0053,B003,2,1111.68,0.05,1056.09,723.21,332.88,Completed
ORD016947,2023-05-05,CUST02478,PROD0096,B003,3,5330.76,0.1,4797.69,3103.42,1694.27,Completed
ORD016948,2023-09-11,CUST00892,PROD0003,B005,5,1888.96,0.05,1794.51,1338.64,455.87,Completed
ORD016950,2023-08-16,CUST00445,PROD0030,B001,1,1019.38,0.05,968.41,813.59,154.82,Completed
ORD016953,2023-10-26,CUST00730,PROD0014,B003,5,6904.38,0.15,5868.73,3953.01,1915.72,Completed
ORD016954,2023-04-14,CUST00466,PROD0109,B004,5,6779.33,0.1,6101.4,4875.55,1225.85,Completed
ORD016956,2023-03-03,CUST00952,PROD0071,B002,4,1919.14,0.15,1631.27,1494.29,136.98,Completed
ORD016959,2023-10-23,CUST00866,PROD0103,B004,1,872.66,0.1,785.39,516.43,268.96,Completed
ORD016962,2023-02-12,CUST00473,PROD0080,B002,4,1626.4,0.1,1463.76,1127.99,335.77,Completed
ORD016970,2023-11-03,CUST02326,PROD0036,B003,4,1133.44,0.1,1020.1,612.87,407.23,Completed
ORD016971,2023-08-31,CUST01157,PROD0088,B002,5,2244.35,0.1,2019.92,1448.01,571.91,Completed
ORD016976,2023-10-13,CUST01523,PROD0091,B001,4,1654.7,0.05,1571.96,1261.16,310.8,Completed
ORD016977,2023-08-06,CUST01271,PROD0043,B005,3,542.54,0.15,461.16,535.94,-74.78,Completed
ORD016984,2023-09-22,CUST00112,PROD0037,B005,3,1739.02,0.1,1565.12,1447.68,117.44,Completed
ORD016988,2023-07-21,CUST00461,PROD0091,B001,1,413.67,0.1,372.31,315.29,57.02,Completed
ORD016994,2023-04-23,CUST01093,PROD0089,B002,3,1030.0,0.05,978.5,676.76,301.74,Completed
ORD016995,2023-10-28,CUST00399,PROD0064,B003,3,2775.68,0.15,2359.33,2109.86,249.47,Completed
ORD016998,2023-12-10,CUST00267,PROD0051,B003,2,1792.18,0.25,1344.14,1188.1,156.04,Completed
ORD017002,2023-06-24,CUST00611,PROD0103,B002,3,2617.97,0.0,2617.97,1549.3,1068.67,Completed
ORD017003,2023-03-10,CUST00099,PROD0048,B003,4,3553.47,0.1,3198.12,2461.98,736.14,Completed
ORD017005,2023-07-01,CUST00806,PROD0097,B002,2,3522.34,0.1,3170.11,2169.23,1000.88,Completed
ORD017010,2023-01-14,CUST02045,PROD0083,B003,3,4962.56,0.15,4218.18,3364.43,853.75,Completed
ORD017011,2023-10-05,CUST00409,PROD0115,B002,4,2986.19,0.05,2836.87,1842.61,994.26,Completed
ORD017015,2023-09-18,CUST01183,PROD0104,B002,1,1602.45,0.0,1602.45,1059.57,542.88,Completed
ORD017019,2023-10-23,CUST01979,PROD0025,B002,5,4950.22,0.1,4455.2,2953.59,1501.61,Completed
ORD017027,2023-04-14,CUST01063,PROD0003,B001,1,377.79,0.1,340.01,267.73,72.28,Completed
ORD017029,2023-03-08,CUST01020,PROD0019,B005,2,1777.39,0.25,1333.04,1108.38,224.66,Completed
ORD017033,2023-07-23,CUST00769,PROD0031,B001,2,1334.07,0.1,1200.66,1094.99,105.67,Completed
ORD017046,2023-11-30,CUST02286,PROD0062,B002,4,2918.12,0.15,2480.41,2314.89,165.52,Completed
ORD017050,2023-03-25,CUST00335,PROD0089,B004,5,1716.67,0.05,1630.84,1127.94,502.9,Completed
ORD017051,2023-05-27,CUST00787,PROD0086,B005,5,2639.34,0.1,2375.41,2003.71,371.7,Completed
ORD017054,2023-12-09,CUST02252,PROD0119,B004,4,2394.33,0.05,2274.61,1737.24,537.37,Completed
ORD017056,2023-07-31,CUST02293,PROD0028,B003,5,3650.96,0.05,3468.41,2292.57,1175.84,Completed
ORD017059,2023-01-17,CUST00664,PROD0115,B001,5,3732.73,0.0,3732.73,2303.26,1429.47,Completed
ORD017066,2023-05-25,CUST02089,PROD0076,B001,4,1199.9,0.1,1079.91,960.2,119.71,Completed
ORD017068,2023-11-21,CUST00122,PROD0109,B003,1,1355.87,0.0,1355.87,975.11,380.76,Completed
ORD017069,2023-04-15,CUST00608,PROD0039,B002,5,7413.45,0.1,6672.1,4131.23,2540.87,Completed
ORD017072,2023-06-28,CUST00012,PROD0097,B002,1,1761.17,0.15,1496.99,1084.62,412.37,Completed
ORD017074,2023-09-05,CUST00720,PROD0112,B001,2,1732.73,0.1,1559.45,1356.66,202.79,Completed
ORD017082,2023-12-09,CUST01258,PROD0019,B001,5,4443.47,0.2,3554.78,2770.95,783.83,Completed
ORD017089,2023-11-29,CUST00282,PROD0052,B002,2,1321.37,0.0,1321.37,906.7,414.67,Completed
ORD017102,2023-12-27,CUST00561,PROD0038,B003,2,65.4,0.05,62.13,81.42,-19.29,Completed
ORD017108,2023-06-29,CUST01510,PROD0083,B003,2,3308.37,0.05,3142.96,2242.95,900.01,Completed
ORD017109,2023-12-31,CUST02274,PROD0061,B003,2,896.4,0.05,851.58,630.05,221.53,Completed
ORD017111,2023-08-22,CUST00008,PROD0111,B005,2,3669.64,0.0,3669.64,2214.12,1455.52,Completed
ORD017118,2023-05-21,CUST01974,PROD0049,B001,2,2665.44,0.05,2532.17,1542.16,990.01,Completed
ORD017119,2023-01-20,CUST02151,PROD0051,B005,2,1792.18,0.15,1523.36,1188.1,335.26,Completed
ORD017122,2023-04-22,CUST01253,PROD0112,B001,5,4331.81,0.0,4331.81,3391.64,940.17,Completed
ORD017123,2023-12-09,CUST00751,PROD0108,B001,2,1819.76,0.1,1637.79,1046.85,590.94,Completed
ORD017124,2023-12-28,CUST01680,PROD0027,B004,5,3421.89,0.05,3250.79,2478.73,772.06,Completed
ORD017125,2023-03-22,CUST00340,PROD0103,B002,3,2617.97,0.05,2487.08,1549.3,937.78,Completed
ORD017126,2023-09-15,CUST02294,PROD0082,B003,1,2094.53,0.1,1885.08,1133.66,751.42,Completed
ORD017128,2023-12-24,CUST02356,PROD0037,B004,3,1739.02,0.25,1304.26,1447.68,-143.42,Completed
ORD017129,2023-12-22,CUST01313,PROD0021,B002,2,1690.32,0.15,1436.77,1027.16,409.61,Completed
ORD017133,2023-12-06,CUST02093,PROD0009,B003,1,319.28,0.1,287.36,195.53,91.83,Completed
ORD017140,2023-12-10,CUST01414,PROD0037,B001,3,1739.02,0.05,1652.07,1447.68,204.39,Completed
ORD017145,2023-07-20,CUST02458,PROD0086,B004,5,2639.34,0.2,2111.47,2003.71,107.76,Completed
ORD017149,2023-07-22,CUST01853,PROD0027,B001,4,2737.51,0.15,2326.89,1982.98,343.91,Completed
ORD017154,2023-07-28,CUST01774,PROD0106,B004,5,3592.9,0.1,3233.61,2156.1,1077.51,Completed
ORD017155,2023-01-18,CUST01059,PROD0031,B003,3,2001.1,0.15,1700.94,1642.48,58.46,Completed
ORD017157,2023-12-14,CUST00568,PROD0018,B003,3,5163.92,0.05,4905.72,3215.72,1690.0,Completed
ORD017158,2023-08-09,CUST01075,PROD0114,B003,2,2749.07,0.1,2474.16,2086.33,387.83,Completed
ORD017160,2023-07-23,CUST00640,PROD0064,B003,2,1850.46,0.15,1572.89,1406.57,166.32,Completed
ORD017166,2023-12-30,CUST02308,PROD0030,B002,1,1019.38,0.0,1019.38,813.59,205.79,Completed
ORD017167,2023-07-19,CUST00036,PROD0086,B001,2,1055.73,0.05,1002.95,801.48,201.47,Completed
ORD017170,2023-02-03,CUST01637,PROD0011,B005,5,4239.74,0.05,4027.75,3288.12,739.63,Completed
ORD017172,2023-03-25,CUST00984,PROD0056,B002,1,1112.84,0.1,1001.56,1057.64,-56.08,Completed
ORD017176,2023-11-17,CUST00264,PROD0024,B004,2,2564.07,0.15,2179.46,1406.19,773.27,Completed
ORD017178,2023-05-12,CUST00258,PROD0096,B004,5,8884.61,0.1,7996.15,5172.37,2823.78,Completed
ORD017180,2023-01-31,CUST00536,PROD0059,B005,1,975.0,0.1,877.5,616.71,260.79,Completed
ORD017182,2023-08-23,CUST00733,PROD0059,B003,2,1950.0,0.15,1657.5,1233.42,424.08,Completed
ORD017184,2023-11-07,CUST01863,PROD0012,B002,1,129.62,0.1,116.65,87.57,29.08,Completed
ORD017187,2023-05-31,CUST00995,PROD0094,B003,2,390.56,0.0,390.56,234.04,156.52,Completed
ORD017190,2023-03-11,CUST02343,PROD0055,B002,4,1858.97,0.15,1580.12,1054.16,525.96,Completed
ORD017193,2023-08-25,CUST01175,PROD0088,B002,1,323.24,0.2,258.59,289.6,-31.01,Completed
ORD017203,2023-10-24,CUST00743,PROD0051,B001,5,4480.46,0.1,4032.41,2970.26,1062.15,Completed
ORD017208,2023-08-23,CUST01806,PROD0067,B002,1,906.81,0.1,816.13,497.33,318.8,Completed
ORD017210,2023-12-11,CUST00232,PROD0083,B001,2,3308.37,0.05,3142.96,2242.95,900.01,Completed
ORD017214,2023-10-18,CUST00390,PROD0117,B004,3,1312.53,0.0,1312.53,1428.37,-115.84,Completed
ORD017217,2023-08-23,CUST01263,PROD0097,B001,1,1761.17,0.1,1585.05,1084.62,500.43,Completed
ORD017222,2023-12-24,CUST01333,PROD0040,B001,2,1981.35,0.2,1585.08,1080.7,504.38,Completed
ORD017223,2023-05-13,CUST00996,PROD0031,B005,3,2001.1,0.1,1801.0,1642.48,158.52,Completed
ORD017227,2023-11-15,CUST01937,PROD0103,B001,2,1745.31,0.1,1570.78,1032.87,537.91,Completed
ORD017234,2023-01-25,CUST01541,PROD0037,B005,3,1739.02,0.15,1478.17,1447.68,30.49,Completed
ORD017238,2023-06-11,CUST01946,PROD0108,B002,2,1819.76,0.1,1637.79,1046.85,590.94,Completed
ORD017241,2023-04-05,CUST01263,PROD0032,B001,3,2209.3,0.15,1877.91,1215.9,662.01,Completed
ORD017245,2023-02-25,CUST02260,PROD0085,B002,4,172.21,0.1,154.99,136.46,18.53,Completed
ORD017247,2023-04-01,CUST00835,PROD0041,B005,2,230.15,0.1,207.14,124.98,82.16,Completed
ORD017248,2023-06-07,CUST00035,PROD0060,B003,3,268.58,0.15,228.29,176.33,51.96,Completed
ORD017249,2023-05-19,CUST01797,PROD0059,B005,2,1950.0,0.15,1657.5,1233.42,424.08,Completed
ORD017250,2023-11-20,CUST00765,PROD0072,B002,1,465.16,0.2,372.13,326.62,45.51,Completed
ORD017276,2023-11-09,CUST00167,PROD0029,B005,1,458.01,0.15,389.3,265.85,123.45,Completed
ORD017291,2023-07-22,CUST01873,PROD0046,B003,1,223.34,0.15,189.83,168.55,21.28,Completed
ORD017300,2023-08-29,CUST00414,PROD0007,B001,1,47.71,0.2,38.17,35.75,2.42,Completed
ORD017302,2023-10-26,CUST00011,PROD0105,B004,3,1265.21,0.0,1265.21,932.39,332.82,Completed
ORD017312,2023-07-10,CUST02210,PROD0070,B002,1,200.52,0.05,190.5,137.59,52.91,Completed
ORD017316,2023-03-07,CUST00544,PROD0046,B001,1,223.34,0.1,201.0,168.55,32.45,Completed
ORD017333,2023-03-16,CUST00424,PROD0041,B002,3,345.23,0.2,276.19,187.47,88.72,Completed
ORD017336,2023-08-20,CUST01328,PROD0047,B002,2,620.39,0.2,496.32,359.3,137.02,Completed
ORD017338,2023-10-11,CUST01835,PROD0096,B003,5,8884.61,0.15,7551.92,5172.37,2379.55,Completed
ORD017345,2023-02-27,CUST01967,PROD0100,B001,4,3243.95,0.25,2432.96,2533.12,-100.16,Completed
ORD017346,2023-07-24,CUST01585,PROD0060,B003,2,179.05,0.05,170.1,117.55,52.55,Completed
ORD017354,2023-09-23,CUST00037,PROD0117,B002,5,3861.32,0.1,3475.19,2380.62,1094.57,Completed
ORD017355,2023-07-07,CUST00621,PROD0038,B005,4,239.73,0.1,215.76,162.84,52.92,Completed
ORD017356,2023-06-30,CUST00348,PROD0117,B003,4,3089.06,0.0,3089.06,1904.49,1184.57,Completed
ORD017358,2023-11-04,CUST01971,PROD0021,B003,4,3380.64,0.15,2873.54,2054.31,819.23,Completed
ORD017364,2023-03-03,CUST00531,PROD0088,B001,5,2244.35,0.15,1907.7,1448.01,459.69,Completed
ORD017370,2023-10-29,CUST02181,PROD0068,B003,4,4099.74,0.0,4099.74,3293.45,806.29,Completed
ORD017372,2023-04-14,CUST01745,PROD0092,B005,3,313.33,0.05,297.67,199.91,97.76,Completed
ORD017376,2023-08-17,CUST01522,PROD0058,B003,3,938.27,0.05,891.36,523.75,367.61,Completed
ORD017378,2023-11-11,CUST00781,PROD0112,B003,5,4331.81,0.05,4115.22,3391.64,723.58,Completed
ORD017380,2023-12-18,CUST01543,PROD0084,B004,5,2591.35,0.2,2073.08,1913.12,159.96,Completed
ORD017381,2023-07-14,CUST01308,PROD0018,B003,2,3442.62,0.1,3098.36,2143.81,954.55,Completed
ORD017389,2023-09-01,CUST01245,PROD0051,B001,4,3584.37,0.1,3225.93,2376.21,849.72,Completed
ORD017391,2023-09-26,CUST01878,PROD0076,B001,1,299.98,0.05,284.98,240.05,44.93,Completed
ORD017393,2023-04-23,CUST00029,PROD0023,B003,5,6365.28,0.1,5728.76,3934.59,1794.17,Completed
ORD017397,2023-04-02,CUST01441,PROD0104,B001,2,3204.91,0.0,3204.91,2119.14,1085.77,Completed
ORD017400,2023-12-29,CUST00199,PROD0022,B002,2,2528.68,0.05,2402.24,1827.16,575.08,Completed
ORD017403,2023-03-16,CUST01887,PROD0100,B005,5,4054.94,0.05,3852.2,3166.4,685.8,Completed
ORD017409,2023-11-23,CUST01448,PROD0039,B001,1,1482.69,0.15,1260.29,826.25,434.04,Completed
ORD017410,2023-03-27,CUST01647,PROD0042,B002,3,4360.58,0.0,4360.58,3193.16,1167.42,Completed
ORD017425,2023-12-02,CUST00680,PROD0013,B001,4,2706.22,0.05,2570.9,1830.9,740.0,Completed
ORD017430,2023-10-03,CUST02193,PROD0024,B001,2,2564.07,0.05,2435.87,1406.19,1029.68,Completed
ORD017434,2023-03-06,CUST01084,PROD0077,B005,4,1216.09,0.15,1033.68,984.21,49.47,Completed
ORD017436,2023-05-11,CUST01158,PROD0025,B002,1,523.66,0.1,471.3,590.72,-119.42,Completed
ORD017446,2023-05-12,CUST01577,PROD0060,B005,3,268.58,0.15,228.29,176.33,51.96,Completed
ORD017447,2023-01-13,CUST01304,PROD0055,B003,1,464.74,0.15,395.03,263.54,131.49,Completed
ORD017449,2023-11-23,CUST00178,PROD0109,B005,4,5423.46,0.05,5152.29,3900.44,1251.85,Completed
ORD017453,2023-10-31,CUST01492,PROD0087,B005,4,4724.26,0.0,4724.26,3298.78,1425.48,Completed
ORD017455,2023-07-08,CUST00854,PROD0051,B005,5,4480.46,0.0,4480.46,2970.26,1510.2,Completed
ORD017456,2023-10-20,CUST01139,PROD0010,B001,4,7370.22,0.0,7370.22,4287.98,3082.24,Completed
ORD017460,2023-11-04,CUST01447,PROD0111,B003,3,5504.46,0.1,4954.01,3321.19,1632.82,Completed
ORD017462,2023-04-19,CUST00299,PROD0087,B003,1,1181.06,0.0,1181.06,824.7,356.36,Completed
ORD017465,2023-03-17,CUST01457,PROD0058,B001,3,938.27,0.15,797.53,523.75,273.78,Completed
ORD017466,2023-05-20,CUST00333,PROD0098,B002,4,3997.57,0.2,3198.06,2235.32,962.74,Completed
ORD017467,2023-02-01,CUST01932,PROD0104,B001,3,4807.36,0.1,4326.62,3178.71,1147.91,Completed
ORD017473,2023-07-18,CUST01019,PROD0099,B003,2,1698.54,0.1,1528.68,1187.14,341.54,Completed
ORD017474,2023-08-11,CUST01465,PROD0094,B003,1,195.28,0.1,175.75,117.02,58.73,Completed
ORD017475,2023-09-18,CUST01136,PROD0094,B003,1,195.28,0.0,195.28,117.02,78.26,Completed
ORD017482,2023-02-23,CUST02354,PROD0060,B003,5,447.63,0.1,402.86,293.88,108.98,Completed
ORD017484,2023-03-23,CUST00421,PROD0088,B004,4,1795.48,0.05,1705.71,1158.41,547.3,Completed
ORD017487,2023-03-09,CUST01606,PROD0096,B005,4,7107.69,0.0,7107.69,4137.9,2969.79,Completed
ORD017488,2023-10-12,CUST00009,PROD0023,B004,2,1467.29,0.0,1467.29,1573.84,-106.55,Completed
ORD017493,2023-07-11,CUST01144,PROD0070,B004,1,200.52,0.2,160.42,137.59,22.83,Completed
ORD017498,2023-04-12,CUST02219,PROD0042,B002,5,7267.64,0.0,7267.64,5321.93,1945.71,Completed
ORD017499,2023-12-07,CUST01294,PROD0109,B003,4,5423.46,0.2,4338.77,3900.44,438.33,Completed
ORD017502,2023-02-20,CUST01962,PROD0065,B002,5,6756.67,0.05,6418.84,5056.08,1362.76,Completed
ORD017505,2023-05-11,CUST00724,PROD0095,B004,2,710.27,0.05,674.76,535.77,138.99,Completed
ORD017506,2023-06-05,CUST01136,PROD0072,B001,1,465.16,0.25,348.87,326.62,22.25,Completed
ORD017507,2023-10-23,CUST02172,PROD0032,B001,4,2945.74,0.2,2356.59,1621.2,735.39,Completed
ORD017509,2023-09-24,CUST00363,PROD0028,B003,2,1460.38,0.1,1314.34,917.03,397.31,Completed
ORD017513,2023-03-01,CUST00396,PROD0068,B001,2,2049.87,0.05,1947.37,1646.73,300.64,Completed
ORD017518,2023-06-15,CUST00657,PROD0101,B004,4,2585.55,0.1,2327.0,1842.01,484.99,Completed
ORD017521,2023-12-12,CUST01496,PROD0057,B002,5,5025.49,0.25,3769.12,3244.76,524.36,Completed
ORD017525,2023-07-27,CUST01493,PROD0080,B003,3,1219.8,0.15,1036.83,845.99,190.84,Completed
ORD017532,2023-08-03,CUST01228,PROD0013,B004,4,2706.22,0.2,2164.98,1830.9,334.08,Completed
ORD017535,2023-07-24,CUST02259,PROD0114,B005,1,1374.54,0.1,1237.08,1043.17,193.91,Completed
ORD017537,2023-01-26,CUST02471,PROD0010,B001,2,3685.11,0.1,3316.6,2143.99,1172.61,Completed
ORD017547,2023-12-09,CUST01713,PROD0021,B005,2,1690.32,0.05,1605.8,1027.16,578.64,Completed
ORD017551,2023-06-05,CUST00002,PROD0024,B003,3,3846.1,0.05,3653.8,2109.28,1544.52,Completed
ORD017555,2023-05-24,CUST00188,PROD0100,B001,3,2432.96,0.05,2311.32,1899.84,411.48,Completed
ORD017556,2023-10-01,CUST02290,PROD0055,B002,2,929.48,0.1,836.54,527.08,309.46,Completed
ORD017557,2023-08-24,CUST01859,PROD0114,B005,4,5498.14,0.0,5498.14,4172.67,1325.47,Completed
ORD017561,2023-07-02,CUST01044,PROD0057,B003,4,4020.4,0.05,3819.38,2595.81,1223.57,Completed
ORD017565,2023-01-20,CUST01021,PROD0012,B002,4,518.47,0.15,440.7,350.3,90.4,Completed
ORD017571,2023-02-12,CUST01861,PROD0045,B002,3,3014.25,0.1,2712.82,2149.67,563.15,Completed
ORD017572,2023-05-07,CUST01124,PROD0034,B005,3,3232.34,0.15,2747.49,2149.77,597.72,Completed
ORD017573,2023-07-20,CUST01802,PROD0041,B004,1,115.08,0.1,103.57,62.49,41.08,Completed
ORD017577,2023-03-11,CUST02344,PROD0017,B003,5,4347.97,0.1,3913.17,3159.89,753.28,Completed
ORD017579,2023-11-09,CUST02320,PROD0040,B005,1,990.67,0.0,990.67,540.35,450.32,Completed
ORD017581,2023-04-21,CUST01792,PROD0100,B002,1,713.94,0.15,606.85,633.28,-26.43,Completed
ORD017586,2023-06-01,CUST01980,PROD0096,B002,3,5330.76,0.2,4264.61,3103.42,1161.19,Completed
ORD017589,2023-11-26,CUST01316,PROD0094,B003,2,390.56,0.1,351.51,234.04,117.47,Completed
ORD017593,2023-08-30,CUST02490,PROD0018,B001,1,1721.31,0.15,1463.11,1071.91,391.2,Completed
ORD017594,2023-03-20,CUST01869,PROD0044,B003,1,1093.95,0.1,984.55,607.41,377.14,Completed
ORD017595,2023-11-29,CUST00770,PROD0025,B001,5,4950.22,0.0,4950.22,2953.59,1996.63,Completed
ORD017603,2023-08-13,CUST01182,PROD0010,B001,3,5527.66,0.2,4422.13,3215.99,1206.14,Completed
ORD017607,2023-02-21,CUST00025,PROD0024,B002,5,6410.17,0.15,5448.65,3515.47,1933.18,Completed
ORD017619,2023-10-18,CUST00492,PROD0054,B002,3,3383.03,0.05,3213.88,2286.1,927.78,Completed
ORD017640,2023-07-31,CUST00271,PROD0057,B001,2,2010.2,0.05,1909.69,1297.91,611.78,Completed
ORD017641,2023-04-20,CUST00436,PROD0050,B005,5,5495.7,0.15,4671.35,3171.34,1500.01,Completed
ORD017644,2023-07-28,CUST01603,PROD0010,B001,2,3685.11,0.25,2763.83,2143.99,619.84,Completed
ORD017651,2023-01-15,CUST00128,PROD0017,B001,3,2608.78,0.1,2347.9,1895.94,451.96,Completed
ORD017652,2023-10-13,CUST00723,PROD0092,B001,3,313.33,0.0,313.33,199.91,113.42,Completed
ORD017660,2023-11-25,CUST00515,PROD0064,B001,3,2775.68,0.1,2498.11,2109.86,388.25,Completed
ORD017661,2023-02-21,CUST02476,PROD0056,B002,5,7058.6,0.1,6352.74,5288.22,1064.52,Completed
ORD017667,2023-07-10,CUST02328,PROD0002,B003,3,2040.42,0.1,1836.37,1233.78,602.59,Completed
ORD017675,2023-04-06,CUST01514,PROD0077,B003,3,912.07,0.1,820.86,738.16,82.7,Completed
ORD017677,2023-02-16,CUST01758,PROD0053,B001,3,1667.51,0.05,1584.14,1084.81,499.33,Completed
ORD017681,2023-08-16,CUST01852,PROD0052,B002,4,2642.73,0.05,2510.6,1813.4,697.2,Completed
ORD017683,2023-11-10,CUST01401,PROD0118,B001,2,579.77,0.1,521.79,388.34,133.45,Completed
ORD017691,2023-02-08,CUST00730,PROD0048,B002,2,1776.73,0.05,1687.9,1230.99,456.91,Completed
ORD017692,2023-08-16,CUST01545,PROD0075,B004,4,5655.6,0.05,5372.82,4369.82,1003.0,Completed
ORD017695,2023-02-12,CUST01684,PROD0113,B001,1,1254.18,0.1,1128.76,906.95,221.81,Completed
ORD017697,2023-08-14,CUST01369,PROD0100,B003,2,1621.98,0.1,1459.78,1266.56,193.22,Completed
ORD017698,2023-07-21,CUST02302,PROD0061,B001,2,896.4,0.25,672.3,630.05,42.25,Completed
ORD017699,2023-04-19,CUST02307,PROD0004,B003,1,299.17,0.25,224.38,191.1,33.28,Completed
ORD017702,2023-02-04,CUST02093,PROD0092,B003,2,208.89,0.15,177.56,133.27,44.29,Completed
ORD017703,2023-03-20,CUST01576,PROD0052,B002,2,1321.37,0.05,1255.3,906.7,348.6,Completed
ORD017714,2023-03-11,CUST00549,PROD0118,B001,3,869.65,0.25,652.24,582.5,69.74,Completed
ORD017716,2023-11-01,CUST00982,PROD0057,B004,1,1005.1,0.0,1005.1,648.95,356.15,Completed
ORD017720,2023-10-15,CUST01053,PROD0043,B002,4,1165.59,0.15,990.75,714.58,276.17,Completed
ORD017725,2023-05-17,CUST00150,PROD0024,B002,3,3846.1,0.15,3269.19,2109.28,1159.91,Completed
ORD017726,2023-05-29,CUST01172,PROD0116,B002,4,1048.69,0.0,1048.69,860.36,188.33,Completed
ORD017729,2023-01-12,CUST00847,PROD0057,B002,4,4020.4,0.25,3015.3,2595.81,419.49,Completed
ORD017735,2023-11-04,CUST01814,PROD0052,B004,5,3303.42,0.15,2807.91,2266.75,541.16,Completed
ORD017739,2023-06-28,CUST01944,PROD0088,B001,1,448.87,0.1,403.98,289.6,114.38,Completed
ORD017748,2023-04-19,CUST01149,PROD0072,B002,3,1395.47,0.0,1395.47,979.86,415.61,Completed
ORD017750,2023-09-26,CUST00497,PROD0074,B005,3,1958.53,0.15,1664.75,1514.51,150.24,Completed
ORD017752,2023-01-10,CUST02136,PROD0065,B003,5,6756.67,0.1,6081.01,5056.08,1024.93,Completed
ORD017759,2023-11-11,CUST02215,PROD0074,B002,5,3264.22,0.0,3264.22,2524.19,740.03,Completed
ORD017760,2023-01-25,CUST00845,PROD0022,B005,4,5057.35,0.05,4804.48,3654.32,1150.16,Completed
ORD017761,2023-05-10,CUST02419,PROD0090,B002,4,1279.51,0.1,1151.56,800.72,350.84,Completed
ORD017764,2023-08-07,CUST01270,PROD0039,B001,3,4448.07,0.05,4225.66,2478.74,1746.92,Completed
ORD017770,2023-07-23,CUST00063,PROD0068,B004,5,5124.67,0.0,5124.67,4116.82,1007.85,Completed
ORD017772,2023-07-04,CUST01859,PROD0052,B001,4,2642.73,0.25,1982.05,1813.4,168.65,Completed
ORD017773,2023-01-10,CUST00726,PROD0104,B005,4,6409.81,0.25,4807.36,4238.27,569.09,Completed
ORD017777,2023-04-10,CUST00572,PROD0052,B002,2,1321.37,0.05,1255.3,906.7,348.6,Completed
ORD017787,2023-10-14,CUST00301,PROD0032,B005,2,814.31,0.1,732.88,810.6,-77.72,Completed
ORD017793,2023-10-10,CUST01252,PROD0071,B004,2,959.57,0.1,863.62,747.14,116.48,Completed
ORD017794,2023-06-10,CUST01705,PROD0008,B002,3,796.66,0.1,716.99,656.72,60.27,Completed
ORD017797,2023-03-09,CUST02147,PROD0087,B004,3,3543.19,0.15,3011.72,2474.09,537.63,Completed
ORD017800,2023-05-31,CUST00413,PROD0044,B002,1,1093.95,0.0,1093.95,607.41,486.54,Completed
ORD017804,2023-03-13,CUST01364,PROD0001,B001,4,7757.58,0.0,7757.58,4252.71,3504.87,Completed
ORD017806,2023-04-08,CUST00584,PROD0071,B004,3,1439.36,0.05,1367.39,1120.72,246.67,Completed
ORD017810,2023-04-13,CUST01057,PROD0036,B001,4,1133.44,0.2,906.75,612.87,293.88,Completed
ORD017813,2023-02-23,CUST01387,PROD0042,B004,4,5814.11,0.05,5523.4,4257.54,1265.86,Completed
ORD017814,2023-08-09,CUST02277,PROD0084,B002,5,2591.35,0.15,2202.64,1913.12,289.52,Completed
ORD017816,2023-11-23,CUST00135,PROD0106,B002,5,3592.9,0.15,3053.97,2156.1,897.87,Completed
ORD017818,2023-04-24,CUST02259,PROD0037,B003,4,2318.69,0.25,1739.02,1930.23,-191.21,Completed
ORD017822,2023-01-05,CUST02456,PROD0021,B003,1,845.16,0.15,718.38,513.58,204.8,Completed
ORD017824,2023-10-14,CUST02224,PROD0105,B001,2,843.47,0.0,843.47,621.59,221.88,Completed
ORD017832,2023-07-21,CUST02281,PROD0003,B002,1,377.79,0.05,358.9,267.73,91.17,Completed
ORD017838,2023-08-10,CUST00480,PROD0111,B002,1,1834.82,0.1,1651.34,1107.06,544.28,Completed
ORD017840,2023-06-06,CUST01189,PROD0051,B002,5,4480.46,0.05,4256.44,2970.26,1286.18,Completed
ORD017841,2023-01-08,CUST00389,PROD0013,B001,3,2029.66,0.2,1623.73,1373.17,250.56,Completed
ORD017842,2023-07-04,CUST00253,PROD0060,B002,5,447.63,0.0,447.63,293.88,153.75,Completed
ORD017853,2023-02-21,CUST01640,PROD0026,B001,2,787.01,0.1,708.31,568.59,139.72,Completed
ORD017855,2023-09-22,CUST00197,PROD0003,B003,5,1888.96,0.2,1511.16,1338.64,172.52,Completed
ORD017861,2023-04-27,CUST00132,PROD0112,B004,4,3465.45,0.1,3118.91,2713.31,405.6,Completed
ORD017862,2023-03-24,CUST00627,PROD0104,B001,4,6409.81,0.1,5768.83,4238.27,1530.56,Completed
ORD017865,2023-08-30,CUST01655,PROD0088,B002,2,897.74,0.0,897.74,579.21,318.53,Completed
ORD017870,2023-11-11,CUST02295,PROD0045,B003,1,1004.75,0.15,854.04,716.56,137.48,Completed
ORD017880,2023-05-31,CUST01451,PROD0016,B002,5,444.32,0.05,422.11,266.08,156.03,Completed
ORD017887,2023-03-27,CUST01680,PROD0020,B001,3,1730.7,0.1,1557.63,1643.2,-85.57,Completed
ORD017888,2023-06-07,CUST02146,PROD0094,B001,1,195.28,0.05,185.52,117.02,68.5,Completed
ORD017892,2023-08-25,CUST00649,PROD0102,B001,4,3085.61,0.05,2931.33,1779.46,1151.87,Completed
ORD017893,2023-12-28,CUST01558,PROD0056,B001,5,4672.2,0.05,4438.59,5288.22,-849.63,Completed
ORD017896,2023-12-01,CUST02216,PROD0068,B002,5,5124.67,0.05,4868.44,4116.82,751.62,Completed
ORD017899,2023-02-02,CUST00813,PROD0087,B001,3,3543.19,0.1,3188.87,2474.09,714.78,Completed
ORD017900,2023-01-17,CUST01675,PROD0045,B001,1,1004.75,0.1,904.27,716.56,187.71,Completed
ORD017901,2023-09-03,CUST01484,PROD0081,B002,3,399.32,0.1,359.39,297.32,62.07,Completed
ORD017904,2023-09-23,CUST00385,PROD0062,B002,5,3297.05,0.25,2472.79,2893.61,-420.82,Completed
ORD017910,2023-09-11,CUST00473,PROD0064,B003,3,1736.73,0.05,1649.9,2109.86,-459.96,Completed
ORD017914,2023-12-03,CUST01628,PROD0030,B001,5,5096.92,0.15,4332.38,4067.97,264.41,Completed
ORD017916,2023-05-27,CUST02496,PROD0055,B003,4,1858.97,0.2,1487.17,1054.16,433.01,Completed
ORD017924,2023-07-18,CUST00291,PROD0083,B005,5,8270.93,0.15,7030.3,5607.38,1422.92,Completed
ORD017927,2023-01-15,CUST02450,PROD0025,B002,4,3960.18,0.05,3762.17,2362.87,1399.3,Completed
ORD017929,2023-07-17,CUST00763,PROD0006,B003,3,2008.39,0.0,2008.39,1457.71,550.68,Completed
ORD017934,2023-12-21,CUST00349,PROD0020,B003,5,3803.19,0.05,3613.04,2738.67,874.37,Completed
ORD017936,2023-03-01,CUST01096,PROD0049,B002,4,5330.89,0.05,5064.35,3084.32,1980.03,Completed
ORD017937,2023-09-28,CUST01315,PROD0006,B001,5,3347.32,0.25,2510.49,2429.52,80.97,Completed
ORD017943,2023-05-21,CUST01417,PROD0042,B001,4,5814.11,0.0,5814.11,4257.54,1556.57,Completed
ORD017948,2023-06-07,CUST00012,PROD0022,B002,1,1264.34,0.05,1201.12,913.58,287.54,Completed
ORD017949,2023-07-27,CUST00942,PROD0035,B001,5,2902.06,0.1,2611.85,2178.08,433.77,Completed
ORD017953,2023-12-21,CUST01995,PROD0044,B005,4,4375.79,0.1,3938.21,2429.64,1508.57,Completed
ORD017958,2023-07-18,CUST01748,PROD0047,B005,3,930.59,0.1,837.53,538.95,298.58,Completed
ORD017967,2023-02-09,CUST01236,PROD0051,B002,3,2688.28,0.0,2688.28,1782.15,906.13,Completed
ORD017968,2023-07-24,CUST02361,PROD0101,B004,3,1939.17,0.0,1939.17,1381.51,557.66,Completed
ORD017975,2023-02-04,CUST00245,PROD0100,B004,1,810.99,0.25,608.24,633.28,-25.04,Completed
ORD017976,2023-11-09,CUST01859,PROD0026,B004,4,1574.03,0.05,1495.32,1137.19,358.13,Completed
ORD017977,2023-11-16,CUST01389,PROD0039,B001,5,7413.45,0.2,5930.76,4131.23,1799.53,Completed
ORD017980,2023-11-07,CUST00724,PROD0045,B002,4,3157.12,0.25,2367.84,2866.23,-498.39,Completed
ORD017983,2023-10-29,CUST00403,PROD0035,B003,5,2902.06,0.1,2611.85,2178.08,433.77,Completed
ORD017985,2023-09-26,CUST01433,PROD0064,B002,4,3700.91,0.05,3515.87,2813.15,702.72,Completed
ORD017986,2023-04-05,CUST02472,PROD0116,B003,1,262.17,0.2,209.74,215.09,-5.35,Completed
ORD017992,2023-01-03,CUST02041,PROD0032,B002,1,736.43,0.1,662.79,405.3,257.49,Completed
ORD018000,2023-07-15,CUST00281,PROD0018,B004,5,8606.54,0.15,7315.01,5359.54,1955.47,Completed
ORD018001,2023-01-24,CUST01886,PROD0026,B001,1,368.02,0.05,349.62,265.88,83.74,Cancelled
ORD018003,2023-05-10,CUST00210,PROD0076,B001,5,1402.72,0.0,1402.72,1122.5,280.22,Cancelled
ORD018005,2023-07-06,CUST00206,PROD0050,B002,3,3083.83,0.1,2775.45,1779.55,995.9,Cancelled
ORD018016,2023-12-20,CUST00012,PROD0078,B004,2,1743.17,0.05,1656.01,1073.6,582.41,Cancelled
ORD018019,2023-03-13,CUST00797,PROD0098,B001,5,4673.28,0.2,3738.62,2613.15,1125.47,Cancelled
ORD018020,2023-10-21,CUST00393,PROD0044,B004,1,1023.09,0.05,971.93,568.06,403.87,Cancelled
ORD018024,2023-04-12,CUST01913,PROD0027,B004,5,3200.24,0.05,3040.22,2318.17,722.05,Cancelled
ORD018025,2023-08-14,CUST00779,PROD0095,B004,5,1660.66,0.05,1577.63,1252.66,324.97,Cancelled
ORD018027,2023-01-26,CUST00118,PROD0005,B005,1,1143.21,0.05,1086.05,704.91,381.14,Cancelled
ORD018031,2023-07-26,CUST01839,PROD0019,B002,3,2493.39,0.15,2119.38,1554.87,564.51,Cancelled
ORD018034,2023-10-27,CUST01730,PROD0108,B003,3,2552.83,0.0,2552.83,1468.56,1084.27,Cancelled
ORD018036,2023-11-04,CUST01018,PROD0077,B001,2,568.66,0.15,483.36,460.23,23.13,Cancelled
ORD018043,2023-07-18,CUST02039,PROD0009,B002,2,597.21,0.05,567.34,365.72,201.62,Cancelled
ORD018055,2023-09-05,CUST01050,PROD0050,B002,2,2055.88,0.1,1850.3,1186.37,663.93,Cancelled
ORD018058,2023-06-23,CUST00022,PROD0074,B002,5,3052.78,0.0,3052.78,2360.69,692.09,Cancelled
ORD018060,2023-10-19,CUST00208,PROD0035,B002,2,1085.63,0.0,1085.63,814.8,270.83,Cancelled
ORD018064,2023-12-09,CUST01413,PROD0068,B005,4,3834.17,0.0,3834.17,3080.12,754.05,Cancelled
ORD018067,2023-09-14,CUST01756,PROD0054,B002,1,1054.63,0.05,1001.9,712.67,289.23,Cancelled
ORD018069,2023-06-05,CUST00543,PROD0116,B004,2,490.38,0.1,441.34,402.31,39.03,Cancelled
ORD018071,2023-12-07,CUST00888,PROD0018,B003,4,6439.24,0.15,5473.35,4009.9,1463.45,Cancelled
ORD018077,2023-11-10,CUST00849,PROD0030,B002,2,1906.7,0.05,1811.37,1521.79,289.58,Cancelled
ORD018086,2023-12-25,CUST00953,PROD0027,B004,4,2560.19,0.2,2048.15,1854.53,193.62,Cancelled
ORD018087,2023-12-07,CUST02062,PROD0103,B003,3,2448.39,0.05,2325.97,1448.94,877.03,Cancelled
ORD018094,2023-09-20,CUST00115,PROD0076,B005,3,841.63,0.05,799.55,673.5,126.05,Cancelled
ORD018104,2023-03-30,CUST02081,PROD0039,B004,3,4159.94,0.1,3743.95,2318.18,1425.77,Cancelled
ORD018107,2023-05-08,CUST00603,PROD0017,B003,1,813.27,0.0,813.27,591.04,222.23,Cancelled
ORD018109,2023-01-03,CUST01760,PROD0113,B005,4,4691.77,0.1,4222.59,3392.82,829.77,Cancelled
ORD018113,2023-04-07,CUST00820,PROD0049,B002,5,6231.97,0.2,4985.58,3605.66,1379.92,Cancelled
ORD018116,2023-04-16,CUST00222,PROD0045,B001,2,1879.33,0.0,1879.33,1340.28,539.05,Cancelled
ORD018119,2023-10-07,CUST01057,PROD0048,B004,4,3323.29,0.0,3323.29,2302.5,1020.79,Cancelled
ORD018123,2023-09-26,CUST01881,PROD0070,B002,2,375.07,0.05,356.32,257.36,98.96,Cancelled
ORD018126,2023-03-30,CUST01508,PROD0024,B004,4,4795.96,0.05,4556.16,2630.21,1925.95,Cancelled
ORD018135,2023-10-09,CUST00915,PROD0081,B001,5,622.43,0.0,622.43,463.44,158.99,Cancelled
ORD018136,2023-11-07,CUST00626,PROD0052,B005,3,1853.66,0.0,1853.66,1271.95,581.71,Cancelled
ORD018150,2023-01-13,CUST00796,PROD0044,B002,2,2046.17,0.2,1636.94,1136.13,500.81,Cancelled
ORD018179,2023-07-01,CUST01776,PROD0096,B003,1,1661.82,0.05,1578.73,967.47,611.26,Cancelled
ORD018181,2023-07-30,CUST02143,PROD0118,B001,1,271.11,0.0,271.11,181.59,89.52,Cancelled
ORD018182,2023-11-21,CUST00414,PROD0089,B002,4,1284.38,0.0,1284.38,843.9,440.48,Cancelled
ORD018183,2023-12-05,CUST01278,PROD0116,B003,2,490.38,0.15,416.82,402.31,14.51,Cancelled
ORD018185,2023-03-22,CUST00350,PROD0019,B002,4,3324.52,0.05,3158.29,2073.17,1085.12,Cancelled
ORD018187,2023-12-15,CUST01117,PROD0032,B005,1,688.73,0.2,550.98,379.05,171.93,Cancelled
ORD018192,2023-08-11,CUST00906,PROD0018,B003,4,6439.24,0.05,6117.28,4009.9,2107.38,Cancelled
ORD018198,2023-10-09,CUST01509,PROD0111,B003,2,3431.94,0.0,3431.94,2070.7,1361.24,Cancelled
ORD018212,2023-01-10,CUST00244,PROD0049,B005,4,4985.58,0.1,4487.02,2884.53,1602.49,Cancelled
ORD018216,2023-01-26,CUST00664,PROD0115,B002,2,1396.38,0.05,1326.56,861.63,464.93,Cancelled
ORD018218,2023-05-08,CUST01032,PROD0091,B002,5,1934.39,0.0,1934.39,1474.33,460.06,Cancelled
ORD018220,2023-01-14,CUST01556,PROD0016,B003,5,415.54,0.15,353.21,248.84,104.37,Cancelled
ORD018227,2023-12-06,CUST01355,PROD0040,B005,3,2779.51,0.15,2362.58,1516.05,846.53,Cancelled
ORD018231,2023-11-04,CUST01313,PROD0031,B004,2,1247.65,0.2,998.12,1024.06,-25.94,Cancelled
ORD018242,2023-03-10,CUST00582,PROD0106,B004,5,3360.17,0.0,3360.17,2016.44,1343.73,Cancelled
ORD018245,2023-09-22,CUST00584,PROD0103,B002,5,4080.65,0.1,3672.59,2414.91,1257.68,Cancelled
ORD018251,2023-11-18,CUST01473,PROD0009,B004,5,1493.02,0.0,1493.02,914.3,578.72,Cancelled
ORD018253,2023-07-16,CUST00222,PROD0100,B002,3,2275.37,0.05,2161.6,1776.78,384.82,Cancelled
ORD018256,2023-03-13,CUST02150,PROD0093,B002,2,1620.47,0.2,1296.37,1188.99,107.38,Cancelled
ORD018257,2023-10-01,CUST02414,PROD0068,B001,2,1917.09,0.15,1629.52,1540.06,89.46,Cancelled
ORD018267,2023-06-24,CUST00675,PROD0015,B002,2,2658.03,0.15,2259.33,1652.97,606.36,Cancelled
ORD018269,2023-07-05,CUST00064,PROD0070,B001,5,937.68,0.05,890.79,643.39,247.4,Cancelled
ORD018278,2023-07-26,CUST01562,PROD0118,B005,5,1355.53,0.0,1355.53,907.95,447.58,Cancelled
ORD018291,2023-01-21,CUST01708,PROD0065,B003,5,6319.01,0.0,6319.01,4728.57,1590.44,Cancelled
ORD018296,2023-07-11,CUST00047,PROD0107,B004,3,4989.05,0.1,4490.15,3051.65,1438.5,Cancelled
ORD018298,2023-10-20,CUST01336,PROD0074,B005,4,2442.22,0.05,2320.11,1888.55,431.56,Cancelled
ORD018303,2023-04-09,CUST02252,PROD0019,B002,4,3324.52,0.0,3324.52,2073.17,1251.35,Cancelled
ORD018306,2023-06-17,CUST00254,PROD0106,B001,1,672.03,0.1,604.83,403.29,201.54,Cancelled
ORD018311,2023-05-04,CUST00141,PROD0002,B004,4,2544.33,0.0,2544.33,1538.48,1005.85,Cancelled
ORD018316,2023-12-20,CUST00372,PROD0103,B004,3,2448.39,0.0,2448.39,1448.94,999.45,Cancelled
ORD018318,2023-11-02,CUST01645,PROD0093,B003,3,2430.7,0.15,2066.1,1783.49,282.61,Cancelled
ORD018323,2023-04-20,CUST00477,PROD0070,B005,1,187.54,0.2,150.03,128.68,21.35,Cancelled
ORD018330,2023-10-15,CUST01913,PROD0010,B002,4,6892.81,0.0,6892.81,4010.23,2882.58,Cancelled
ORD018333,2023-10-16,CUST00507,PROD0082,B005,1,1958.85,0.1,1762.97,1060.23,702.74,Cancelled
ORD018341,2023-12-13,CUST00935,PROD0079,B003,5,810.39,0.15,688.83,545.1,143.73,Cancelled
ORD018342,2023-09-16,CUST00634,PROD0010,B001,1,1723.2,0.0,1723.2,1002.56,720.64,Cancelled
ORD018346,2023-07-17,CUST02116,PROD0108,B005,2,1701.89,0.05,1616.8,979.04,637.76,Cancelled
ORD018349,2023-01-12,CUST01370,PROD0032,B001,4,2754.92,0.1,2479.43,1516.18,963.25,Cancelled
ORD018350,2023-09-08,CUST01465,PROD0098,B004,1,934.66,0.1,841.19,522.63,318.56,Cancelled
ORD018353,2023-12-03,CUST01405,PROD0071,B001,1,448.71,0.1,403.84,349.37,54.47,Cancelled
ORD018354,2023-02-26,CUST01220,PROD0028,B001,5,3414.47,0.05,3243.74,2144.07,1099.67,Cancelled
ORD018368,2023-09-05,CUST00520,PROD0090,B004,5,1495.79,0.1,1346.21,936.07,410.14,Cancelled
ORD018369,2023-01-21,CUST01288,PROD0070,B001,5,937.68,0.15,797.03,643.39,153.64,Cancelled
ORD018375,2023-02-05,CUST01508,PROD0001,B002,5,9068.84,0.0,9068.84,4971.55,4097.29,Cancelled
ORD018378,2023-07-09,CUST00017,PROD0011,B001,4,3172.09,0.2,2537.67,2460.11,77.56,Cancelled
ORD018383,2023-11-19,CUST00010,PROD0092,B004,4,390.72,0.05,371.18,249.28,121.9,Cancelled
ORD018388,2023-03-13,CUST02338,PROD0085,B003,2,80.53,0.15,68.45,63.81,4.64,Cancelled
ORD018401,2023-08-23,CUST00673,PROD0025,B002,1,925.91,0.1,833.32,552.45,280.87,Cancelled
ORD018402,2023-10-14,CUST00820,PROD0102,B002,3,2164.3,0.0,2164.3,1248.15,916.15,Cancelled
ORD018403,2023-09-14,CUST01274,PROD0102,B002,3,2164.3,0.2,1731.44,1248.15,483.29,Cancelled
ORD018417,2023-03-29,CUST02078,PROD0037,B004,5,2710.62,0.1,2439.56,2256.5,183.06,Cancelled
ORD018419,2023-10-07,CUST01981,PROD0023,B001,3,3571.78,0.2,2857.43,2207.84,649.59,Cancelled
ORD018422,2023-10-30,CUST00377,PROD0012,B003,4,484.88,0.1,436.39,327.61,108.78,Cancelled
ORD018428,2023-11-28,CUST01206,PROD0036,B003,5,1325.03,0.0,1325.03,716.47,608.56,Cancelled
ORD018433,2023-07-11,CUST02371,PROD0004,B001,1,279.8,0.05,265.8,178.72,87.08,Cancelled
ORD018434,2023-12-19,CUST00955,PROD0113,B002,4,4691.77,0.1,4222.59,3392.82,829.77,Cancelled
ORD018442,2023-05-29,CUST00044,PROD0072,B005,2,870.05,0.05,826.55,610.93,215.62,Cancelled
ORD018450,2023-11-18,CUST00009,PROD0092,B004,1,97.68,0.1,87.91,62.32,25.59,Cancelled
ORD018451,2023-02-05,CUST01695,PROD0099,B005,4,3177.03,0.15,2700.48,2220.48,480.0,Cancelled
ORD018454,2023-11-17,CUST01819,PROD0062,B005,3,2046.83,0.2,1637.46,1623.7,13.76,Cancelled
ORD018455,2023-09-25,CUST02080,PROD0055,B005,2,869.28,0.15,738.88,492.94,245.94,Cancelled
ORD018456,2023-08-19,CUST01179,PROD0090,B005,5,1495.79,0.1,1346.21,936.07,410.14,Cancelled
ORD018465,2023-08-18,CUST00126,PROD0087,B001,2,2209.12,0.05,2098.67,1542.55,556.12,Cancelled
ORD018472,2023-07-20,CUST00876,PROD0035,B005,3,1628.45,0.05,1547.03,1222.2,324.83,Cancelled
ORD018473,2023-06-05,CUST02450,PROD0053,B005,4,2079.33,0.05,1975.37,1352.72,622.65,Cancelled
ORD018475,2023-01-27,CUST02396,PROD0057,B002,3,2819.98,0.0,2819.98,1820.75,999.23,Cancelled
ORD018479,2023-11-19,CUST02225,PROD0091,B004,4,1547.51,0.2,1238.01,1179.47,58.54,Cancelled
ORD018485,2023-04-01,CUST00883,PROD0032,B004,3,2066.19,0.0,2066.19,1137.14,929.05,Cancelled
ORD018486,2023-06-26,CUST00894,PROD0091,B003,4,1547.51,0.0,1547.51,1179.47,368.04,Cancelled
ORD018491,2023-01-30,CUST01008,PROD0118,B002,2,542.21,0.05,515.1,363.18,151.92,Cancelled
ORD018498,2023-10-31,CUST00999,PROD0043,B003,4,1090.09,0.0,1090.09,668.29,421.8,Cancelled
ORD018504,2023-12-03,CUST00277,PROD0027,B002,5,3200.24,0.05,3040.22,2318.17,722.05,Cancelled
ORD018506,2023-12-28,CUST00245,PROD0044,B004,1,1023.09,0.2,818.47,568.06,250.41,Cancelled
ORD018509,2023-05-17,CUST01935,PROD0106,B004,2,1344.07,0.05,1276.86,806.58,470.28,Cancelled
ORD018511,2023-05-31,CUST01652,PROD0030,B002,5,4766.76,0.2,3813.41,3804.47,8.94,Cancelled
ORD018517,2023-07-14,CUST01361,PROD0057,B002,3,2819.98,0.15,2396.98,1820.75,576.23,Cancelled
ORD018525,2023-04-26,CUST00926,PROD0091,B001,4,1547.51,0.1,1392.76,1179.47,213.29,Cancelled
ORD018528,2023-11-28,CUST00405,PROD0034,B003,4,4030.62,0.0,4030.62,2680.69,1349.93,Cancelled
ORD018540,2023-04-03,CUST01954,PROD0106,B003,2,1344.07,0.0,1344.07,806.58,537.49,Cancelled
ORD018543,2023-07-27,CUST01236,PROD0028,B004,3,2048.68,0.15,1741.38,1286.44,454.94,Cancelled
ORD018545,2023-04-04,CUST01113,PROD0036,B003,5,1325.03,0.0,1325.03,716.47,608.56,Cancelled
ORD018546,2023-04-02,CUST00467,PROD0023,B001,4,4762.37,0.1,4286.14,2943.78,1342.36,Cancelled
ORD018551,2023-09-26,CUST02341,PROD0006,B004,1,626.1,0.0,626.1,454.43,171.67,Cancelled
ORD018556,2023-03-25,CUST01692,PROD0075,B003,1,1322.31,0.05,1256.2,1021.69,234.51,Cancelled
ORD018561,2023-12-13,CUST02187,PROD0090,B002,5,1495.79,0.05,1421.0,936.07,484.93,Cancelled
ORD018566,2023-05-15,CUST01177,PROD0109,B002,4,5072.16,0.1,4564.94,3647.79,917.15,Cancelled
ORD018575,2023-10-05,CUST01711,PROD0089,B001,3,963.28,0.2,770.62,632.92,137.7,Cancelled
ORD018576,2023-08-02,CUST01398,PROD0052,B001,1,617.89,0.05,586.99,423.98,163.01,Cancelled
ORD018581,2023-01-22,CUST02109,PROD0064,B001,4,3461.18,0.15,2942.01,2630.93,311.08,Cancelled
ORD018582,2023-09-08,CUST01327,PROD0100,B002,5,3792.28,0.05,3602.67,2961.29,641.38,Cancelled
ORD018584,2023-11-29,CUST00924,PROD0069,B004,5,5915.46,0.0,5915.46,3209.87,2705.59,Cancelled
ORD018585,2023-05-28,CUST02177,PROD0003,B004,4,1413.28,0.15,1201.29,1001.54,199.75,Cancelled
ORD018587,2023-07-20,CUST00104,PROD0038,B003,2,112.1,0.2,89.68,76.15,13.53,Cancelled
ORD018588,2023-10-15,CUST01627,PROD0084,B001,1,484.7,0.05,460.46,357.84,102.62,Cancelled
ORD018590,2023-08-14,CUST01648,PROD0032,B005,1,688.73,0.2,550.98,379.05,171.93,Cancelled
ORD018595,2023-06-02,CUST01912,PROD0079,B001,3,486.23,0.0,486.23,327.06,159.17,Cancelled
ORD018597,2023-08-13,CUST01115,PROD0105,B002,2,788.84,0.05,749.4,581.33,168.07,Cancelled
ORD018604,2023-03-16,CUST02272,PROD0104,B001,3,4495.96,0.05,4271.17,2972.8,1298.37,Cancelled
ORD018606,2023-01-15,CUST00924,PROD0033,B005,4,2245.81,0.1,2021.23,1433.67,587.56,Cancelled
ORD018608,2023-04-11,CUST00663,PROD0108,B002,2,1701.89,0.05,1616.8,979.04,637.76,Cancelled
ORD018609,2023-10-04,CUST01872,PROD0070,B001,3,562.61,0.1,506.35,386.04,120.31,Cancelled
ORD018612,2023-06-28,CUST01380,PROD0019,B003,4,3324.52,0.05,3158.29,2073.17,1085.12,Cancelled
ORD018615,2023-01-26,CUST00328,PROD0097,B005,3,4941.27,0.05,4694.21,3043.08,1651.13,Cancelled
ORD018616,2023-12-30,CUST02358,PROD0054,B002,3,3163.89,0.05,3005.7,2138.02,867.68,Cancelled
ORD018620,2023-08-09,CUST00955,PROD0045,B002,4,3758.67,0.0,3758.67,2680.57,1078.1,Cancelled
ORD018622,2023-11-13,CUST02263,PROD0096,B004,3,4985.46,0.05,4736.19,2902.4,1833.79,Cancelled
ORD018632,2023-11-08,CUST02311,PROD0006,B002,4,2504.4,0.0,2504.4,1817.71,686.69,Cancelled
ORD018635,2023-09-06,CUST00880,PROD0103,B005,4,3264.52,0.15,2774.84,1931.92,842.92,Cancelled
ORD018638,2023-02-22,CUST01287,PROD0012,B005,4,484.88,0.05,460.64,327.61,133.03,Cancelled
ORD018644,2023-07-04,CUST00802,PROD0098,B005,4,3738.62,0.0,3738.62,2090.52,1648.1,Cancelled
ORD018646,2023-09-30,CUST01680,PROD0091,B001,2,773.76,0.0,773.76,589.73,184.03,Cancelled
ORD018652,2023-12-12,CUST01070,PROD0035,B001,2,1085.63,0.0,1085.63,814.8,270.83,Cancelled
ORD018662,2023-11-18,CUST01723,PROD0025,B005,1,925.91,0.0,925.91,552.45,373.46,Cancelled
ORD018663,2023-07-01,CUST00691,PROD0113,B004,3,3518.83,0.0,3518.83,2544.62,974.21,Cancelled
ORD018669,2023-01-28,CUST02462,PROD0014,B005,4,5165.72,0.1,4649.15,2957.56,1691.59,Cancelled
ORD018671,2023-03-03,CUST00747,PROD0020,B003,3,2134.1,0.15,1813.99,1536.76,277.23,Cancelled
ORD018672,2023-04-02,CUST01532,PROD0086,B002,4,1974.7,0.1,1777.23,1499.14,278.09,Cancelled
ORD018676,2023-08-10,CUST00065,PROD0082,B005,3,5876.56,0.1,5288.9,3180.69,2108.21,Cancelled
ORD018677,2023-05-09,CUST02035,PROD0073,B005,3,512.88,0.05,487.24,336.6,150.64,Cancelled
ORD018680,2023-04-08,CUST01654,PROD0066,B001,4,5230.58,0.05,4969.05,3757.7,1211.35,Cancelled
ORD018685,2023-08-23,CUST01663,PROD0111,B005,3,5147.9,0.1,4633.12,3106.06,1527.06,Cancelled
ORD018696,2023-07-13,CUST00667,PROD0069,B004,2,2366.18,0.0,2366.18,1283.95,1082.23,Cancelled
ORD018701,2023-10-22,CUST02403,PROD0073,B003,2,341.92,0.2,273.54,224.4,49.14,Cancelled
ORD018702,2023-06-21,CUST00482,PROD0016,B004,2,166.22,0.1,149.59,99.54,50.05,Cancelled
ORD018703,2023-03-12,CUST00137,PROD0026,B003,5,1840.08,0.15,1564.07,1329.41,234.66,Cancelled
ORD018704,2023-11-27,CUST01679,PROD0104,B005,3,4495.96,0.05,4271.17,2972.8,1298.37,Cancelled
ORD018710,2023-12-15,CUST02131,PROD0047,B004,3,870.31,0.15,739.76,504.04,235.72,Cancelled
ORD018711,2023-09-25,CUST01926,PROD0104,B003,4,5994.62,0.05,5694.88,3963.74,1731.14,Cancelled
ORD018718,2023-12-30,CUST00889,PROD0032,B002,5,3443.66,0.0,3443.66,1895.23,1548.43,Cancelled
ORD018726,2023-05-02,CUST01243,PROD0089,B003,4,1284.38,0.05,1220.16,843.9,376.26,Cancelled
ORD018727,2023-09-09,CUST02387,PROD0063,B002,2,248.17,0.1,223.36,187.91,35.45,Cancelled
ORD018729,2023-03-17,CUST00871,PROD0016,B001,4,332.43,0.05,315.81,199.08,116.73,Cancelled
ORD018734,2023-03-17,CUST01901,PROD0082,B003,2,3917.71,0.0,3917.71,2120.46,1797.25,Cancelled
ORD018735,2023-07-03,CUST00017,PROD0068,B003,1,958.54,0.1,862.69,770.03,92.66,Cancelled
ORD018741,2023-12-09,CUST01596,PROD0053,B003,1,519.83,0.15,441.86,338.18,103.68,Cancelled
ORD018743,2023-10-25,CUST01422,PROD0028,B002,2,1365.79,0.1,1229.21,857.63,371.58,Cancelled
ORD018744,2023-07-29,CUST02237,PROD0005,B003,5,5716.07,0.05,5430.26,3524.54,1905.72,Cancelled
ORD018745,2023-03-29,CUST02230,PROD0062,B001,3,2046.83,0.2,1637.46,1623.7,13.76,Cancelled
ORD018749,2023-01-13,CUST01742,PROD0041,B001,4,430.49,0.15,365.92,233.77,132.15,Cancelled
ORD018762,2023-07-02,CUST02442,PROD0112,B005,4,3240.98,0.0,3240.98,2537.56,703.42,Cancelled
ORD018766,2023-12-27,CUST00429,PROD0034,B003,3,3022.97,0.1,2720.67,2010.51,710.16,Cancelled
ORD018769,2023-04-26,CUST01515,PROD0109,B001,3,3804.12,0.0,3804.12,2735.84,1068.28,Cancelled
ORD018770,2023-09-29,CUST02266,PROD0101,B001,2,1209.04,0.05,1148.58,861.35,287.23,Cancelled
ORD018776,2023-07-15,CUST00758,PROD0092,B003,1,97.68,0.15,83.03,62.32,20.71,Cancelled
ORD018788,2023-07-08,CUST01625,PROD0107,B004,1,1663.02,0.1,1496.72,1017.22,479.5,Cancelled
ORD018790,2023-07-09,CUST01554,PROD0058,B003,3,877.49,0.0,877.49,489.82,387.67,Cancelled
ORD018795,2023-01-06,CUST00126,PROD0071,B005,4,1794.83,0.2,1435.86,1397.5,38.36,Cancelled
ORD018798,2023-06-13,CUST00495,PROD0075,B001,2,2644.63,0.05,2512.4,2043.38,469.02,Cancelled
ORD018799,2023-09-19,CUST01023,PROD0032,B001,2,1377.46,0.15,1170.84,758.09,412.75,Cancelled
ORD018806,2023-05-27,CUST01722,PROD0076,B001,2,561.09,0.1,504.98,449.0,55.98,Cancelled
ORD018808,2023-01-09,CUST00251,PROD0021,B005,2,1580.83,0.05,1501.79,960.62,541.17,Cancelled
ORD018810,2023-06-17,CUST01199,PROD0061,B004,4,1676.67,0.2,1341.33,1178.47,162.86,Cancelled
ORD018812,2023-06-23,CUST01037,PROD0105,B004,4,1577.68,0.15,1341.02,1162.65,178.37,Cancelled
ORD018818,2023-08-22,CUST00274,PROD0087,B005,1,1104.56,0.0,1104.56,771.28,333.28,Cancelled
ORD018823,2023-08-30,CUST00306,PROD0090,B002,4,1196.63,0.2,957.3,748.86,208.44,Cancelled
ORD018828,2023-03-08,CUST01529,PROD0015,B002,1,1329.02,0.0,1329.02,826.48,502.54,Cancelled
ORD018832,2023-08-15,CUST00977,PROD0029,B002,2,856.68,0.0,856.68,497.26,359.42,Cancelled
ORD018845,2023-04-13,CUST00242,PROD0061,B001,2,838.33,0.1,754.5,589.24,165.26,Cancelled
ORD018846,2023-11-12,CUST00157,PROD0057,B005,5,4699.97,0.0,4699.97,3034.58,1665.39,Cancelled
ORD018852,2023-03-20,CUST00118,PROD0038,B004,1,56.05,0.15,47.64,38.07,9.57,Cancelled
ORD018855,2023-10-19,CUST01886,PROD0096,B002,4,6647.28,0.05,6314.92,3869.86,2445.06,Cancelled
ORD018859,2023-07-11,CUST01228,PROD0025,B001,1,925.91,0.2,740.73,552.45,188.28,Cancelled
ORD018868,2023-11-23,CUST00567,PROD0120,B003,3,1596.89,0.05,1517.05,1029.53,487.52,Cancelled
ORD018872,2023-07-20,CUST00778,PROD0024,B001,5,5994.95,0.0,5994.95,3287.76,2707.19,Cancelled
ORD018877,2023-05-27,CUST02205,PROD0038,B003,5,280.25,0.05,266.24,190.37,75.87,Cancelled
ORD018882,2023-06-10,CUST01422,PROD0032,B002,5,3443.66,0.0,3443.66,1895.23,1548.43,Cancelled
ORD018887,2023-11-22,CUST00522,PROD0104,B001,1,1498.65,0.2,1198.92,990.93,207.99,Cancelled
ORD018891,2023-04-19,CUST01668,PROD0024,B004,3,3596.97,0.05,3417.12,1972.65,1444.47,Cancelled
ORD018904,2023-06-06,CUST00971,PROD0059,B004,2,1823.69,0.0,1823.69,1153.53,670.16,Cancelled
ORD018907,2023-07-31,CUST01429,PROD0024,B002,2,2397.98,0.1,2158.18,1315.1,843.08,Cancelled
ORD018915,2023-09-19,CUST00732,PROD0105,B005,2,788.84,0.05,749.4,581.33,168.07,Cancelled
ORD018916,2023-10-18,CUST01685,PROD0092,B005,2,195.36,0.05,185.59,124.64,60.95,Cancelled
ORD018919,2023-05-13,CUST01248,PROD0119,B005,2,1119.62,0.0,1119.62,812.36,307.26,Cancelled
ORD018922,2023-12-07,CUST01845,PROD0084,B003,1,484.7,0.0,484.7,357.84,126.86,Cancelled
ORD018925,2023-03-16,CUST00683,PROD0070,B001,4,750.14,0.0,750.14,514.72,235.42,Cancelled
ORD018930,2023-08-18,CUST02350,PROD0084,B004,2,969.4,0.0,969.4,715.68,253.72,Cancelled
ORD018940,2023-02-07,CUST00571,PROD0019,B004,2,1662.26,0.0,1662.26,1036.58,625.68,Cancelled
ORD018941,2023-07-28,CUST00020,PROD0106,B001,5,3360.17,0.15,2856.15,2016.44,839.71,Cancelled
ORD018943,2023-08-08,CUST02496,PROD0010,B003,5,8616.01,0.1,7754.41,5012.78,2741.63,Cancelled
ORD018944,2023-03-23,CUST02237,PROD0054,B002,2,2109.26,0.0,2109.26,1425.34,683.92,Cancelled
ORD018951,2023-02-04,CUST00576,PROD0067,B003,4,3392.28,0.0,3392.28,1860.45,1531.83,Cancelled
ORD018952,2023-08-31,CUST00533,PROD0119,B001,5,2799.05,0.0,2799.05,2030.89,768.16,Cancelled
ORD018954,2023-04-20,CUST00296,PROD0104,B005,1,1498.65,0.2,1198.92,990.93,207.99,Cancelled
ORD018961,2023-05-10,CUST01818,PROD0022,B003,1,1182.44,0.1,1064.2,854.4,209.8,Cancelled
ORD018964,2023-07-09,CUST01349,PROD0030,B002,1,953.35,0.2,762.68,760.89,1.79,Cancelled
ORD018968,2023-09-21,CUST00250,PROD0085,B002,3,120.79,0.05,114.75,95.71,19.04,Cancelled
ORD018969,2023-10-04,CUST01204,PROD0019,B003,4,3324.52,0.05,3158.29,2073.17,1085.12,Cancelled
ORD018977,2023-07-14,CUST01526,PROD0120,B003,1,532.3,0.0,532.3,343.18,189.12,Cancelled
ORD018980,2023-12-27,CUST02000,PROD0061,B003,5,2095.84,0.2,1676.67,1473.09,203.58,Cancelled
ORD018985,2023-01-29,CUST01939,PROD0021,B002,5,3952.07,0.15,3359.26,2401.55,957.71,Cancelled
ORD018989,2023-07-04,CUST01469,PROD0020,B004,1,711.37,0.1,640.23,512.25,127.98,Cancelled
ORD018990,2023-04-10,CUST01170,PROD0073,B002,3,512.88,0.15,435.95,336.6,99.35,Cancelled
ORD018995,2023-08-29,CUST00689,PROD0118,B003,5,1355.53,0.1,1219.98,907.95,312.03,Cancelled
ORD018997,2023-07-08,CUST01599,PROD0109,B001,4,5072.16,0.0,5072.16,3647.79,1424.37,Cancelled
ORD018998,2023-09-29,CUST00704,PROD0038,B001,1,56.05,0.1,50.45,38.07,12.38,Cancelled
ORD019000,2023-12-06,CUST01795,PROD0032,B005,1,688.73,0.05,654.17,379.05,275.12,Cancelled
DUP005457,2023-10-20,CUST02380,PROD0010,B004,1,1735.91,0.15,1475.53,1009.95,465.58,Completed
DUP011500,2023-03-28,CUST01663,PROD0067,B001,4,3417.3,0.1,3075.57,1874.17,1201.4,Completed
DUP015398,2023-03-14,CUST01993,PROD0080,B001,5,1915.33,0.2,1532.27,1328.38,203.89,Completed
DUP011669,2023-12-13,CUST00403,PROD0038,B001,2,112.93,0.25,84.69,76.71,7.98,Completed
DUP007540,2023-08-05,CUST01508,PROD0088,B002,1,422.89,0.15,359.46,272.84,86.62,Completed
DUP004974,2023-06-15,CUST00343,PROD0116,B001,2,494.0,0.05,469.3,405.28,64.02,Completed
DUP002267,2023-08-09,CUST00621,PROD0055,B004,2,875.69,0.1,788.12,496.58,291.54,Completed
DUP017929,2023-07-17,CUST00763,PROD0006,B003,3,1892.15,0.0,1892.15,1373.34,518.81,Completed
DUP006805,2023-09-13,CUST00563,PROD0024,B001,1,1207.83,0.2,966.27,662.4,303.87,Completed
DUP005801,2023-10-15,CUST01319,PROD0080,B002,2,766.13,0.15,651.21,531.35,119.86,Completed
DUP001625,2023-05-07,CUST01039,PROD0105,B002,4,1589.31,0.1,1430.38,1171.23,259.15,Completed
DUP001088,2023-02-06,CUST01614,PROD0054,B004,4,4249.64,0.1,3824.68,2871.72,952.96,Completed
DUP005466,2023-06-23,CUST00671,PROD0084,B002,5,2441.37,0.0,2441.37,1802.39,638.98,Completed
DUP008662,2023-08-20,CUST00122,PROD0078,B002,4,3512.06,0.1,3160.86,2163.03,997.83,Completed
DUP017403,2023-03-16,CUST01887,PROD0100,B005,5,3820.25,0.05,3629.24,2983.14,646.1,Completed
DUP007804,2023-06-01,CUST00681,PROD0084,B005,2,976.55,0.15,830.07,720.96,109.11,Completed
DUP006726,2023-04-18,CUST00208,PROD0112,B003,1,816.22,0.1,734.6,639.07,95.53,Completed
DUP010550,2023-04-03,CUST00677,PROD0015,B004,3,4016.46,0.15,3413.99,2497.74,916.25,Completed
DUP006704,2023-08-25,CUST00692,PROD0015,B005,2,2677.64,0.1,2409.88,1665.16,744.72,Completed
DUP004992,2023-04-11,CUST00627,PROD0113,B001,2,2363.19,0.1,2126.87,1708.92,417.95,Completed
DUP004526,2023-10-02,CUST00140,PROD0025,B002,1,932.74,0.05,886.11,556.53,329.58,Completed
DUP010108,2023-12-30,CUST00643,PROD0117,B005,1,727.57,0.0,727.57,448.57,279.0,Completed
DUP010865,2023-08-24,CUST02180,PROD0017,B002,3,2457.79,0.0,2457.79,1786.21,671.58,Completed
DUP016606,2023-12-12,CUST01757,PROD0034,B001,1,1015.09,0.15,862.82,675.11,187.71,Completed
DUP006849,2023-08-26,CUST01845,PROD0086,B005,4,1989.26,0.15,1690.87,1510.19,180.68,Completed
DUP004392,2023-03-17,CUST02184,PROD0059,B004,5,4592.85,0.0,4592.85,2905.09,1687.76,Completed
DUP001087,2023-12-08,CUST01481,PROD0070,B001,2,377.84,0.2,302.27,259.26,43.01,Completed
DUP016507,2023-06-25,CUST01587,PROD0014,B005,5,6504.78,0.1,5854.3,3724.22,2130.08,Completed
DUP008254,2023-05-28,CUST01589,PROD0045,B003,2,1893.2,0.2,1514.56,1350.17,164.39,Completed
DUP014098,2023-02-11,CUST00613,PROD0050,B002,4,4142.1,0.1,3727.89,2390.23,1337.66,Completed
DUP017975,2023-02-04,CUST00245,PROD0100,B004,1,764.05,0.25,573.04,596.63,-23.59,Completed
DUP014650,2023-10-08,CUST01520,PROD0053,B002,1,523.67,0.1,471.3,340.67,130.63,Completed
DUP014709,2023-03-27,CUST00582,PROD0074,B002,2,1230.12,0.0,1230.12,951.24,278.88,Completed
DUP010037,2023-11-10,CUST01469,PROD0048,B005,4,3347.81,0.1,3013.03,2319.48,693.55,Completed
DUP016743,2023-03-29,CUST01391,PROD0082,B004,1,1973.3,0.1,1775.97,1068.05,707.92,Completed
DUP007076,2023-05-28,CUST00672,PROD0013,B002,4,2549.59,0.05,2422.11,1724.93,697.18,Completed
DUP006158,2023-08-05,CUST01283,PROD0015,B004,4,5355.28,0.05,5087.52,3330.32,1757.2,Completed
DUP001714,2023-06-30,CUST01544,PROD0076,B002,1,282.61,0.15,240.22,226.16,14.06,Completed
DUP005536,2023-10-10,CUST00404,PROD0081,B005,5,627.02,0.0,627.02,466.86,160.16,Completed
DUP005737,2023-10-20,CUST01540,PROD0059,B004,1,918.57,0.1,826.71,581.02,245.69,Completed
DUP007810,2023-12-27,CUST02312,PROD0116,B005,2,494.0,0.0,494.0,405.28,88.72,Completed
DUP012574,2023-09-11,CUST00608,PROD0029,B001,4,1725.99,0.1,1553.39,1001.86,551.53,Completed
DUP012974,2023-02-21,CUST00638,PROD0011,B003,5,3994.36,0.2,3195.49,3097.82,97.67,Completed
DUP004519,2023-12-08,CUST00590,PROD0116,B001,1,247.0,0.0,247.0,202.64,44.36,Completed
DUP012931,2023-01-23,CUST00385,PROD0029,B005,5,2157.49,0.1,1941.74,1252.32,689.42,Completed
DUP016954,2023-04-14,CUST00466,PROD0109,B004,5,6386.96,0.1,5748.27,4593.37,1154.9,Completed
DUP004507,2023-03-29,CUST01971,PROD0108,B002,2,1714.44,0.0,1714.44,986.26,728.18,Completed
DUP009567,2023-08-05,CUST00048,PROD0056,B002,1,1330.01,0.0,1330.01,996.43,333.58,Completed
DUP007909,2023-05-16,CUST01739,PROD0019,B002,2,1674.52,0.0,1674.52,1044.23,630.29,Completed
DUP003657,2023-11-30,CUST01998,PROD0086,B002,3,1491.95,0.0,1491.95,1132.65,359.3,Completed
DUP012621,2023-08-14,CUST02440,PROD0094,B001,2,367.96,0.15,312.76,220.49,92.27,Completed
DUP007921,2023-08-24,CUST00358,PROD0099,B002,1,800.12,0.0,800.12,559.21,240.91,Completed
DUP001356,2023-10-29,CUST01564,PROD0104,B003,4,6038.84,0.15,5133.01,3992.98,1140.03,Completed
DUP000102,2023-06-13,CUST01335,PROD0092,B003,5,492.0,0.25,369.0,313.9,55.1,Completed
DUP005872,2023-01-20,CUST00611,PROD0111,B004,1,1728.63,0.05,1642.19,1042.99,599.2,Completed
DUP013290,2023-05-21,CUST01888,PROD0118,B002,5,1365.53,0.0,1365.53,914.65,450.88,Completed
DUP013113,2023-02-22,CUST00440,PROD0092,B005,2,196.8,0.1,177.12,125.56,51.56,Completed
DUP002158,2023-12-04,CUST01284,PROD0049,B001,5,6277.94,0.1,5650.15,3632.26,2017.89,Completed
DUP003215,2023-05-04,CUST01476,PROD0009,B001,2,601.61,0.2,481.29,368.42,112.87,Completed
DUP017370,2023-10-29,CUST02181,PROD0068,B003,4,3862.46,0.0,3862.46,3102.84,759.62,Completed
DUP006809,2023-10-28,CUST00835,PROD0085,B002,2,81.12,0.15,68.95,64.28,4.67,Completed
DUP005406,2023-12-30,CUST02458,PROD0087,B001,2,1218.15,0.05,1157.24,1553.93,-396.69,Completed
DUP015629,2023-12-25,CUST02389,PROD0051,B004,1,844.23,0.1,759.81,559.67,200.14,Completed
DUP006992,2023-04-19,CUST01118,PROD0111,B005,4,4372.94,0.1,3935.65,4171.96,-236.31,Completed
DUP017518,2023-06-15,CUST00657,PROD0101,B004,4,2435.91,0.1,2192.32,1735.4,456.92,Completed
DUP000124,2023-10-06,CUST00198,PROD0111,B002,3,5185.88,0.15,4408.0,3128.97,1279.03,Completed
DUP017158,2023-08-09,CUST01075,PROD0114,B003,2,2589.96,0.1,2330.97,1965.58,365.39,Completed
DUP011808,2023-12-04,CUST00909,PROD0043,B005,4,1098.13,0.25,823.6,673.22,150.38,Completed
DUP017870,2023-11-11,CUST02295,PROD0045,B003,1,946.6,0.15,804.61,675.09,129.52,Completed
DUP004765,2023-07-04,CUST01479,PROD0071,B002,4,1372.8,0.2,1098.24,1407.81,-309.57,Completed
DUP002827,2023-11-11,CUST00310,PROD0021,B002,2,1592.49,0.2,1273.99,967.71,306.28,Completed
DUP007860,2023-01-09,CUST01710,PROD0032,B005,3,2081.43,0.15,1769.22,1145.53,623.69,Completed
DUP007041,2023-01-07,CUST02393,PROD0100,B001,4,3056.2,0.15,2597.77,2386.51,211.26,Completed
DUP013385,2023-11-06,CUST02458,PROD0037,B001,5,2730.62,0.1,2457.56,2273.15,184.41,Completed
DUP017336,2023-08-20,CUST01328,PROD0047,B002,2,584.49,0.2,467.59,338.5,129.09,Completed
DUP004270,2023-12-21,CUST00960,PROD0038,B002,4,225.85,0.0,225.85,153.42,72.43,Completed
DUP016167,2023-03-17,CUST01104,PROD0069,B001,2,2383.64,0.2,1906.91,1293.42,613.49,Completed
DUP004329,2023-09-30,CUST00782,PROD0119,B005,4,2255.75,0.1,2030.18,1636.7,393.48,Completed
DUP015376,2023-03-27,CUST00371,PROD0014,B003,5,6504.78,0.0,6504.78,3724.22,2780.56,Completed
DUP005024,2023-08-07,CUST01639,PROD0015,B005,3,4016.46,0.25,3012.35,2497.74,514.61,Completed
DUP009755,2023-11-10,CUST00161,PROD0076,B002,1,282.61,0.25,211.96,226.16,-14.2,Completed
DUP004673,2023-05-08,CUST00037,PROD0058,B002,5,1473.28,0.15,1252.29,822.39,429.9,Completed
DUP012765,2023-01-01,CUST00074,PROD0048,B003,1,836.95,0.1,753.25,579.87,173.38,Completed
DUP008638,2023-08-17,CUST00103,PROD0086,B003,3,1491.95,0.15,1268.15,1132.65,135.5,Completed
DUP006428,2023-12-19,CUST01744,PROD0045,B002,5,4732.99,0.15,4023.04,3375.43,647.61,Completed
DUP003107,2023-11-08,CUST00289,PROD0072,B001,3,1314.71,0.05,1248.97,923.15,325.82,Completed
DUP001784,2023-05-14,CUST00942,PROD0115,B003,5,3516.69,0.05,3340.86,2169.96,1170.9,Completed
DUP003403,2023-01-29,CUST01400,PROD0103,B002,4,3288.6,0.05,3124.17,1946.18,1177.99,Completed
DUP008879,2023-07-20,CUST02470,PROD0081,B003,1,125.4,0.05,119.14,93.37,25.77,Completed
DUP014693,2023-04-09,CUST00018,PROD0011,B002,3,2396.61,0.2,1917.29,1858.69,58.6,Completed
DUP006426,2023-05-10,CUST02035,PROD0043,B004,3,823.6,0.05,782.41,504.92,277.49,Completed
DUP009280,2023-09-26,CUST00744,PROD0063,B002,2,250.0,0.05,237.5,189.3,48.2,Completed
DUP013835,2023-04-22,CUST00728,PROD0061,B002,3,1266.78,0.1,1140.1,890.38,249.72,Completed
DUP013314,2023-10-29,CUST01836,PROD0112,B001,4,3264.88,0.0,3264.88,2556.28,708.6,Completed
DUP008814,2023-01-10,CUST01832,PROD0073,B001,1,172.22,0.0,172.22,113.03,59.19,Completed
DUP013665,2023-06-21,CUST01681,PROD0066,B003,4,5269.16,0.0,5269.16,3785.41,1483.75,Completed
DUP007376,2023-07-19,CUST00501,PROD0009,B005,4,1203.22,0.15,1022.74,736.84,285.9,Completed
DUP000362,2023-10-17,CUST02027,PROD0107,B002,3,5025.85,0.1,4523.27,3074.16,1449.11,Completed
DUP004955,2023-06-27,CUST00495,PROD0077,B001,1,286.43,0.2,229.14,231.81,-2.67,Completed
DUP017129,2023-12-22,CUST01313,PROD0021,B002,2,1592.49,0.15,1353.62,967.71,385.91,Completed
DUP002663,2023-11-15,CUST01854,PROD0094,B003,2,367.96,0.15,312.76,220.49,92.27,Completed
DUP005310,2023-04-07,CUST02256,PROD0079,B003,2,326.55,0.2,261.24,219.65,41.59,Completed
DUP015330,2023-01-20,CUST02405,PROD0007,B001,1,44.95,0.2,35.96,33.68,2.28,Completed
DUP015419,2023-03-18,CUST00206,PROD0020,B001,1,716.62,0.15,609.12,516.03,93.09,Completed
DUP014432,2023-03-07,CUST02328,PROD0042,B003,3,4108.21,0.1,3697.38,3008.35,689.03,Completed
DUP006016,2023-02-18,CUST01906,PROD0040,B003,1,933.34,0.05,886.67,509.08,377.59,Completed
DUP006253,2023-08-02,CUST00385,PROD0091,B004,5,1948.66,0.0,1948.66,1485.21,463.45,Completed
DUP015422,2023-09-10,CUST01291,PROD0100,B001,3,1855.98,0.1,1670.38,1789.88,-119.5,Completed
DUP010691,2023-03-06,CUST01134,PROD0083,B002,2,3116.9,0.1,2805.21,2113.14,692.07,Completed
DUP007791,2023-08-14,CUST00818,PROD0115,B001,5,3516.69,0.0,3516.69,2169.96,1346.73,Completed
DUP016809,2023-01-23,CUST01733,PROD0058,B005,2,589.31,0.1,530.38,328.96,201.42,Completed
DUP002579,2023-11-17,CUST00331,PROD0084,B001,3,1464.82,0.0,1464.82,1081.44,383.38,Completed
DUP002055,2023-07-31,CUST01136,PROD0075,B005,4,4183.77,0.15,3556.21,4116.91,-560.7,Completed
DUP004990,2023-12-19,CUST00896,PROD0048,B003,3,2510.85,0.25,1883.14,1739.61,143.53,Completed
DUP000796,2023-02-02,CUST00137,PROD0019,B002,2,1674.52,0.2,1339.61,1044.23,295.38,Completed
DUP010926,2023-03-11,CUST01172,PROD0094,B002,2,367.96,0.0,367.96,220.49,147.47,Completed
DUP001085,2023-05-17,CUST02108,PROD0002,B003,4,2563.1,0.05,2434.94,1549.83,885.11,Completed
DUP017777,2023-04-10,CUST00572,PROD0052,B002,2,1244.89,0.05,1182.64,854.22,328.42,Completed
DUP009092,2023-08-30,CUST02065,PROD0060,B002,4,337.38,0.1,303.64,221.5,82.14,Completed
DUP005752,2023-03-02,CUST01481,PROD0050,B003,4,4142.1,0.25,3106.57,2390.23,716.34,Completed
DUP006763,2023-03-24,CUST02012,PROD0111,B003,4,6914.5,0.0,6914.5,4171.96,2742.54,Completed
DUP001159,2023-02-09,CUST00141,PROD0071,B003,5,2260.09,0.15,1921.07,1759.76,161.31,Completed
DUP011298,2023-09-03,CUST00378,PROD0012,B001,1,122.12,0.05,116.01,82.51,33.5,Completed
DUP014924,2023-06-28,CUST02400,PROD0047,B002,4,1168.98,0.1,1052.08,677.01,375.07,Completed
DUP008509,2023-03-02,CUST02241,PROD0098,B002,5,4707.75,0.2,3766.2,2632.43,1133.77,Completed
DUP015241,2023-05-17,CUST00510,PROD0009,B004,2,601.61,0.0,601.61,368.42,233.19,Completed
DUP007031,2023-07-22,CUST00577,PROD0058,B001,5,1473.28,0.05,1399.61,822.39,577.22,Completed
DUP014875,2023-12-05,CUST00347,PROD0016,B001,3,251.16,0.0,251.16,150.41,100.75,Completed
DUP011219,2023-04-14,CUST01372,PROD0099,B001,1,800.12,0.15,680.1,559.21,120.89,Completed
DUP014894,2023-11-05,CUST00503,PROD0032,B004,1,693.81,0.0,693.81,381.84,311.97,Completed
DUP017111,2023-08-22,CUST00008,PROD0111,B005,2,3457.25,0.0,3457.25,2085.98,1371.27,Completed
DUP009247,2023-02-22,CUST00780,PROD0049,B002,5,6277.94,0.1,5650.15,3632.26,2017.89,Completed
DUP012523,2023-09-14,CUST00530,PROD0105,B001,4,1589.31,0.1,1430.38,1171.23,259.15,Completed
DUP008680,2023-11-04,CUST01224,PROD0114,B004,2,2589.96,0.0,2589.96,1965.58,624.38,Completed
DUP012489,2023-08-15,CUST00670,PROD0071,B002,5,2260.09,0.15,1921.07,1759.76,161.31,Completed
DUP008345,2023-04-05,CUST00676,PROD0068,B002,5,4828.07,0.05,4586.67,3878.55,708.12,Completed
DUP004751,2023-05-01,CUST00947,PROD0102,B005,4,2907.02,0.15,2470.97,1676.47,794.5,Completed
DUP013294,2023-05-01,CUST00119,PROD0008,B001,5,1250.92,0.1,1125.83,1031.19,94.64,Completed
DUP004780,2023-12-11,CUST01682,PROD0086,B001,3,1491.95,0.2,1193.56,1132.65,60.91,Completed
DUP017797,2023-03-09,CUST02147,PROD0087,B004,3,3338.13,0.15,2837.41,2330.89,506.52,Completed
DUP010877,2023-05-22,CUST01369,PROD0066,B005,2,2634.58,0.2,2107.66,1892.71,214.95,Completed
DUP000837,2023-08-24,CUST02323,PROD0120,B004,3,1608.67,0.15,1367.37,1037.12,330.25,Completed
DUP008942,2023-08-07,CUST00631,PROD0048,B002,2,1673.9,0.05,1590.21,1159.74,430.47,Completed
DUP015840,2023-08-18,CUST00593,PROD0024,B003,4,4831.34,0.15,4106.64,2649.61,1457.03,Completed
DUP009542,2023-09-07,CUST01358,PROD0090,B001,5,1506.82,0.2,1205.46,942.98,262.48,Completed
DUP009509,2023-08-07,CUST01785,PROD0031,B001,2,1256.86,0.1,1131.17,1031.61,99.56,Completed
DUP004111,2023-10-26,CUST01978,PROD0112,B004,1,816.22,0.1,734.6,639.07,95.53,Completed
DUP002797,2023-06-10,CUST00258,PROD0018,B002,3,4865.05,0.0,4865.05,3029.61,1835.44,Completed
DUP001689,2023-04-25,CUST01779,PROD0013,B001,5,3186.99,0.15,2708.94,2156.16,552.78,Completed
DUP015547,2023-08-04,CUST00715,PROD0058,B001,1,294.66,0.15,250.46,164.48,85.98,Completed
DUP005031,2023-04-06,CUST02384,PROD0002,B002,1,640.77,0.05,608.74,387.46,221.28,Completed
DUP009772,2023-12-06,CUST01225,PROD0017,B002,4,3277.06,0.05,3113.21,2381.61,731.6,Completed
DUP010667,2023-08-20,CUST00415,PROD0114,B001,4,5179.93,0.0,5179.93,3931.17,1248.76,Completed
DUP008547,2023-09-25,CUST01404,PROD0005,B003,1,1151.65,0.1,1036.48,710.11,326.37,Completed
DUP005415,2023-01-15,CUST00250,PROD0089,B001,4,1293.85,0.05,1229.16,850.12,379.04,Completed
DUP008338,2023-12-27,CUST00323,PROD0020,B002,5,3583.08,0.0,3583.08,2580.16,1002.92,Completed
DUP016824,2023-12-07,CUST01174,PROD0025,B002,4,3730.98,0.05,3544.43,2226.11,1318.32,Completed
DUP010715,2023-10-06,CUST01365,PROD0025,B002,4,3730.98,0.0,3730.98,2226.11,1504.87,Completed
DUP002326,2023-02-05,CUST01079,PROD0032,B001,5,3469.06,0.1,3122.15,1909.21,1212.94,Completed
DUP000020,2023-10-30,CUST00701,PROD0077,B005,2,572.85,0.15,486.93,463.62,23.31,Completed
DUP016410,2023-01-19,CUST00182,PROD0002,B003,1,640.77,0.15,544.66,387.46,157.2,Completed
DUP009895,2023-01-14,CUST00876,PROD0043,B002,3,823.6,0.05,782.41,504.92,277.49,Completed
DUP001769,2023-02-21,CUST02191,PROD0026,B001,2,741.46,0.05,704.39,535.68,168.71,Completed
DUP002715,2023-11-05,CUST02292,PROD0021,B003,4,3184.98,0.15,2707.23,1935.41,771.82,Completed
DUP015300,2023-04-11,CUST01274,PROD0064,B003,5,4358.39,0.2,3486.72,3312.92,173.8,Completed
DUP004221,2023-06-14,CUST01546,PROD0036,B003,5,1334.8,0.05,1268.06,721.75,546.31,Completed
DUP008226,2023-02-14,CUST01961,PROD0088,B002,4,1691.57,0.2,1353.25,1091.37,261.88,Completed
DUP007388,2023-07-02,CUST01034,PROD0106,B005,1,676.99,0.0,676.99,406.26,270.73,Completed
DUP009852,2023-05-29,CUST00938,PROD0025,B004,3,2798.23,0.2,2238.59,1669.59,569.0,Completed
DUP003103,2023-03-09,CUST01666,PROD0091,B001,2,779.46,0.15,662.54,594.08,68.46,Completed
DUP011336,2023-03-29,CUST00150,PROD0097,B001,2,3318.48,0.15,2820.71,2043.68,777.03,Completed
DUP011956,2023-08-05,CUST00045,PROD0105,B002,4,1589.31,0.1,1430.38,1171.23,259.15,Completed
DUP008242,2023-10-18,CUST00009,PROD0055,B003,2,875.69,0.1,788.12,496.58,291.54,Completed
DUP004126,2023-06-09,CUST00396,PROD0110,B001,5,3753.01,0.0,3753.01,2181.92,1571.09,Completed
DUP008910,2023-07-18,CUST02009,PROD0025,B001,5,4663.72,0.15,3964.16,2782.64,1181.52,Completed
DUP010197,2023-08-09,CUST00871,PROD0050,B005,3,3106.57,0.15,2640.59,1792.68,847.91,Completed
DUP010743,2023-01-11,CUST01209,PROD0112,B001,3,2448.66,0.15,2081.36,1917.21,164.15,Completed
DUP014592,2023-02-04,CUST01185,PROD0022,B004,1,1191.16,0.1,1072.05,860.71,211.34,Completed
DUP004090,2023-02-03,CUST01966,PROD0076,B002,1,282.61,0.05,268.48,226.16,42.32,Completed
DUP000425,2023-05-09,CUST02486,PROD0104,B002,1,1509.71,0.05,1434.23,998.24,435.99,Completed
DUP001316,2023-10-20,CUST01443,PROD0002,B002,2,1281.55,0.15,1089.32,774.92,314.4,Completed
DUP001698,2023-08-03,CUST00654,PROD0061,B005,2,844.52,0.05,802.29,593.58,208.71,Completed
DUP007717,2023-12-07,CUST01586,PROD0040,B003,3,2800.01,0.1,2520.01,1527.23,992.78,Completed
DUP010079,2023-12-04,CUST00385,PROD0072,B003,3,1314.71,0.1,1183.24,923.15,260.09,Completed
DUP013083,2023-12-30,CUST00989,PROD0054,B002,2,2124.82,0.1,1912.34,1435.86,476.48,Completed
DUP015522,2023-08-19,CUST00970,PROD0009,B001,5,1504.03,0.1,1353.63,921.05,432.58,Completed
DUP010232,2023-10-02,CUST00623,PROD0068,B004,4,2865.98,0.0,2865.98,3102.84,-236.86,Completed
DUP010529,2023-06-18,CUST01832,PROD0001,B004,4,7308.59,0.15,6212.3,4006.58,2205.72,Completed
DUP001768,2023-08-02,CUST01878,PROD0089,B001,1,323.46,0.2,258.77,212.53,46.24,Completed
DUP015360,2023-09-06,CUST01333,PROD0034,B002,2,2030.18,0.0,2030.18,1350.23,679.95,Completed
DUP016376,2023-08-01,CUST01196,PROD0074,B001,3,1845.18,0.05,1752.92,1426.86,326.06,Completed
DUP008813,2023-11-07,CUST02322,PROD0063,B001,5,625.01,0.1,562.51,473.25,89.26,Completed
DUP017976,2023-11-09,CUST01859,PROD0026,B004,4,1482.93,0.05,1408.78,1071.37,337.41,Completed
DUP012302,2023-08-16,CUST01710,PROD0046,B001,3,631.23,0.15,536.54,476.39,60.15,Completed
DUP012497,2023-05-10,CUST01721,PROD0040,B002,1,933.34,0.05,886.67,509.08,377.59,Completed
DUP013137,2023-04-12,CUST00262,PROD0107,B003,2,1853.25,0.0,1853.25,2049.44,-196.19,Completed
DUP015072,2023-12-11,CUST01924,PROD0011,B002,5,3994.36,0.2,3195.49,3097.82,97.67,Completed
DUP008441,2023-04-04,CUST00642,PROD0014,B005,1,1300.96,0.2,1040.76,744.84,295.92,Completed
DUP007511,2023-07-24,CUST00983,PROD0044,B004,1,1030.63,0.05,979.1,572.26,406.84,Completed
DUP016143,2023-08-25,CUST01699,PROD0019,B003,3,2511.78,0.1,2260.6,1566.34,694.26,Completed
DUP003814,2023-08-15,CUST02349,PROD0113,B004,3,3544.79,0.15,3013.07,2563.39,449.68,Completed
DUP005966,2023-12-06,CUST02253,PROD0029,B003,1,431.5,0.1,388.35,250.46,137.89,Completed
DUP015449,2023-03-29,CUST00386,PROD0120,B005,2,1072.45,0.15,911.58,691.42,220.16,Completed
DUP000981,2023-02-07,CUST01756,PROD0003,B003,2,711.85,0.2,569.33,504.47,64.86,Completed
ORD001692,2023-03-21,CUST01267,PROD0054,B002,2,2255.35,0.1,2029.82,1524.07,505.75,Completed
ORD001692,2023-03-21,CUST01267,PROD0054,B002,2,2255.35,0.1,2029.82,1524.07,505.75,Completed
ORD001692,2023-03-21,CUST01267,PROD0054,B002,2,2255.35,0.1,2029.82,1524.07,505.75,Completed
ORD001692,2023-03-21,CUST01267,PROD0054,B002,2,2255.35,0.1,2029.82,1524.07,505.75,Completed
ORD001692,2023-03-21,CUST01267,PROD0054,B002,2,2255.35,0.1,2029.82,1524.07,505.75,Completed
ORD001692,2023-03-21,CUST01267,PROD0054,B002,2,2255.35,0.1,2029.82,1524.07,505.75,Completed
ORD001692,2023-03-21,CUST01267,PROD0054,B002,2,2255.35,0.1,2029.82,1524.07,505.75,Completed
ORD001692,2023-03-21,CUST01267,PROD0054,B002,2,2255.35,0.1,2029.82,1524.07,505.75,Completed
ORD001692,2023-03-21,CUST01267,PROD0054,B002,2,2255.35,0.1,2029.82,1524.07,505.75,Completed
ORD001692,2023-03-21,CUST01267,PROD0054,B002,2,2255.35,0.1,2029.82,1524.07,505.75,Completed
ORD001692,2023-03-21,CUST01267,PROD0054,B002,2,2255.35,0.1,2029.82,1524.07,505.75,Completed
ORD001692,2023-03-21,CUST01267,PROD0054,B002,2,2255.35,0.1,2029.82,1524.07,505.75,Completed
ORD001692,2023-03-21,CUST01267,PROD0054,B002,2,2255.35,0.1,2029.82,1524.07,505.75,Completed
ORD001692,2023-03-21,CUST01267,PROD0054,B002,2,2255.35,0.1,2029.82,1524.07,505.75,Completed
ORD001692,2023-03-21,CUST01267,PROD0054,B002,2,2255.35,0.1,2029.82,1524.07,505.75,Completed
ORD001692,2023-03-21,CUST01267,PROD0054,B002,2,2255.35,0.1,2029.82,1524.07,505.75,Completed
ORD001692,2023-03-21,CUST01267,PROD0054,B002,2,2255.35,0.1,2029.82,1524.07,505.75,Completed
ORD001692,2023-03-21,CUST01267,PROD0054,B002,2,2255.35,0.1,2029.82,1524.07,505.75,Completed
ORD001692,2023-03-21,CUST01267,PROD0054,B002,2,2255.35,0.1,2029.82,1524.07,505.75,Completed
ORD001692,2023-03-21,CUST01267,PROD0054,B002,2,2255.35,0.1,2029.82,1524.07,505.75,Completed
ORD001692,2023-03-21,CUST01267,PROD0054,B002,2,2255.35,0.1,2029.82,1524.07,505.75,Completed
ORD001692,2023-03-21,CUST01267,PROD0054,B002,2,2255.35,0.1,2029.82,1524.07,505.75,Completed
ORD001692,2023-03-21,CUST01267,PROD0054,B002,2,2255.35,0.1,2029.82,1524.07,505.75,Completed
ORD001692,2023-03-21,CUST01267,PROD0054,B002,2,2255.35,0.1,2029.82,1524.07,505.75,Completed
ORD001692,2023-03-21,CUST01267,PROD0054,B002,2,2255.35,0.1,2029.82,1524.07,505.75,Completed
ORD001692,2023-03-21,CUST01267,PROD0054,B002,2,2255.35,0.1,2029.82,1524.07,505.75,Completed
ORD001692,2023-03-21,CUST01267,PROD0054,B002,2,2255.35,0.1,2029.82,1524.07,505.75,Completed
ORD001692,2023-03-21,CUST01267,PROD0054,B002,2,2255.35,0.1,2029.82,1524.07,505.75,Completed
ORD001692,2023-03-21,CUST01267,PROD0054,B002,2,2255.35,0.1,2029.82,1524.07,505.75,Completed
ORD001692,2023-03-21,CUST01267,PROD0054,B002,2,2255.35,0.1,2029.82,1524.07,505.75,Completed
ORD001692,2023-03-21,CUST01267,PROD0054,B002,2,2255.35,0.1,2029.82,1524.07,505.75,Completed
ORD001692,2023-03-21,CUST01267,PROD0054,B002,2,2255.35,0.1,2029.82,1524.07,505.75,Completed
ORD001692,2023-03-21,CUST01267,PROD0054,B002,2,2255.35,0.1,2029.82,1524.07,505.75,Completed
ORD001692,2023-03-21,CUST01267,PROD0054,B002,2,2255.35,0.1,2029.82,1524.07,505.75,Completed
ORD001692,2023-03-21,CUST01267,PROD0054,B002,2,2255.35,0.1,2029.82,1524.07,505.75,Completed
ORD001692,2023-03-21,CUST01267,PROD0054,B002,2,2255.35,0.1,2029.82,1524.07,505.75,Completed
ORD001692,2023-03-21,CUST01267,PROD0054,B002,2,2255.35,0.1,2029.82,1524.07,505.75,Completed
ORD001692,2023-03-21,CUST01267,PROD0054,B002,2,2255.35,0.1,2029.82,1524.07,505.75,Completed
ORD001692,2023-03-21,CUST01267,PROD0054,B002,2,2255.35,0.1,2029.82,1524.07,505.75,Completed
ORD001692,2023-03-21,CUST01267,PROD0054,B002,2,2255.35,0.1,2029.82,1524.07,505.75,Completed
ORD001692,2023-03-21,CUST01267,PROD0054,B002,2,2255.35,0.1,2029.82,1524.07,505.75,Completed
ORD001692,2023-03-21,CUST01267,PROD0054,B002,2,2255.35,0.1,2029.82,1524.07,505.75,Completed
ORD001692,2023-03-21,CUST01267,PROD0054,B002,2,2255.35,0.1,2029.82,1524.07,505.75,Completed
ORD001692,2023-03-21,CUST01267,PROD0054,B002,2,2255.35,0.1,2029.82,1524.07,505.75,Completed
ORD001692,2023-03-21,CUST01267,PROD0054,B002,2,2255.35,0.1,2029.82,1524.07,505.75,Completed
ORD001692,2023-03-21,CUST01267,PROD0054,B002,2,2255.35,0.1,2029.82,1524.07,505.75,Completed
ORD001692,2023-03-21,CUST01267,PROD0054,B002,2,2255.35,0.1,2029.82,1524.07,505.75,Completed
ORD001692,2023-03-21,CUST01267,PROD0054,B002,2,2255.35,0.1,2029.82,1524.07,505.75,Completed
ORD001692,2023-03-21,CUST01267,PROD0054,B002,2,2255.35,0.1,2029.82,1524.07,505.75,Completed
ORD001692,2023-03-21,CUST01267,PROD0054,B002,2,2255.35,0.1,2029.82,1524.07,505.75,Completed
ORD001692,2023-03-21,CUST01267,PROD0054,B002,2,2255.35,0.1,2029.82,1524.07,505.75,Completed
ORD001692,2023-03-21,CUST01267,PROD0054,B002,2,2255.35,0.1,2029.82,1524.07,505.75,Completed
ORD001692,2023-03-21,CUST01267,PROD0054,B002,2,2255.35,0.1,2029.82,1524.07,505.75,Completed
ORD001692,2023-03-21,CUST01267,PROD0054,B002,2,2255.35,0.1,2029.82,1524.07,505.75,Completed
ORD001692,2023-03-21,CUST01267,PROD0054,B002,2,2255.35,0.1,2029.82,1524.07,505.75,Completed
ORD001692,2023-03-21,CUST01267,PROD0054,B002,2,2255.35,0.1,2029.82,1524.07,505.75,Completed
ORD001692,2023-03-21,CUST01267,PROD0054,B002,2,2255.35,0.1,2029.82,1524.07,505.75,Completed
ORD001692,2023-03-21,CUST01267,PROD0054,B002,2,2255.35,0.1,2029.82,1524.07,505.75,Completed
ORD001692,2023-03-21,CUST01267,PROD0054,B002,2,2255.35,0.1,2029.82,1524.07,505.75,Completed
ORD001692,2023-03-21,CUST01267,PROD0054,B002,2,2255.35,0.1,2029.82,1524.07,505.75,Completed
ORD001692,2023-03-21,CUST01267,PROD0054,B002,2,2255.35,0.1,2029.82,1524.07,505.75,Completed
ORD001692,2023-03-21,CUST01267,PROD0054,B002,2,2255.35,0.1,2029.82,1524.07,505.75,Completed
ORD001692,2023-03-21,CUST01267,PROD0054,B002,2,2255.35,0.1,2029.82,1524.07,505.75,Completed
ORD001692,2023-03-21,CUST01267,PROD0054,B002,2,2255.35,0.1,2029.82,1524.07,505.75,Completed
ORD001692,2023-03-21,CUST01267,PROD0054,B002,2,2255.35,0.1,2029.82,1524.07,505.75,Completed
ORD001692,2023-03-21,CUST01267,PROD0054,B002,2,2255.35,0.1,2029.82,1524.07,505.75,Completed
ORD001692,2023-03-21,CUST01267,PROD0054,B002,2,2255.35,0.1,2029.82,1524.07,505.75,Completed
ORD001692,2023-03-21,CUST01267,PROD0054,B002,2,2255.35,0.1,2029.82,1524.07,505.75,Completed
ORD001692,2023-03-21,CUST01267,PROD0054,B002,2,2255.35,0.1,2029.82,1524.07,505.75,Completed
ORD001692,2023-03-21,CUST01267,PROD0054,B002,2,2255.35,0.1,2029.82,1524.07,505.75,Completed
ORD001692,2023-03-21,CUST01267,PROD0054,B002,2,2255.35,0.1,2029.82,1524.07,505.75,Completed
ORD001692,2023-03-21,CUST01267,PROD0054,B002,2,2255.35,0.1,2029.82,1524.07,505.75,Completed
ORD001692,2023-03-21,CUST01267,PROD0054,B002,2,2255.35,0.1,2029.82,1524.07,505.75,Completed
ORD001692,2023-03-21,CUST01267,PROD0054,B002,2,2255.35,0.1,2029.82,1524.07,505.75,Completed
ORD001692,2023-03-21,CUST01267,PROD0054,B002,2,2255.35,0.1,2029.82,1524.07,505.75,Completed
ORD001692,2023-03-21,CUST01267,PROD0054,B002,2,2255.35,0.1,2029.82,1524.07,505.75,Completed
ORD001692,2023-03-21,CUST01267,PROD0054,B002,2,2255.35,0.1,2029.82,1524.07,505.75,Completed
ORD001692,2023-03-21,CUST01267,PROD0054,B002,2,2255.35,0.1,2029.82,1524.07,505.75,Completed
ORD001692,2023-03-21,CUST01267,PROD0054,B002,2,2255.35,0.1,2029.82,1524.07,505.75,Completed
ORD001692,2023-03-21,CUST01267,PROD0054,B002,2,2255.35,0.1,2029.82,1524.07,505.75,Completed
ORD001692,2023-03-21,CUST01267,PROD0054,B002,2,2255.35,0.1,2029.82,1524.07,505.75,Completed
ORD001692,2023-03-21,CUST01267,PROD0054,B002,2,2255.35,0.1,2029.82,1524.07,505.75,Completed
ORD001692,2023-03-21,CUST01267,PROD0054,B002,2,2255.35,0.1,2029.82,1524.07,505.75,Completed
ORD001692,2023-03-21,CUST01267,PROD0054,B002,2,2255.35,0.1,2029.82,1524.07,505.75,Completed
ORD001692,2023-03-21,CUST01267,PROD0054,B002,2,2255.35,0.1,2029.82,1524.07,505.75,Completed
ORD001692,2023-03-21,CUST01267,PROD0054,B002,2,2255.35,0.1,2029.82,1524.07,505.75,Completed
ORD001692,2023-03-21,CUST01267,PROD0054,B002,2,2255.35,0.1,2029.82,1524.07,505.75,Completed
ORD001692,2023-03-21,CUST01267,PROD0054,B002,2,2255.35,0.1,2029.82,1524.07,505.75,Completed
ORD001692,2023-03-21,CUST01267,PROD0054,B002,2,2255.35,0.1,2029.82,1524.07,505.75,Completed
ORD001692,2023-03-21,CUST01267,PROD0054,B002,2,2255.35,0.1,2029.82,1524.07,505.75,Completed
ORD001692,2023-03-21,CUST01267,PROD0054,B002,2,2255.35,0.1,2029.82,1524.07,505.75,Completed
ORD001692,2023-03-21,CUST01267,PROD0054,B002,2,2255.35,0.1,2029.82,1524.07,505.75,Completed
ORD001692,2023-03-21,CUST01267,PROD0054,B002,2,2255.35,0.1,2029.82,1524.07,505.75,Completed
ORD001692,2023-03-21,CUST01267,PROD0054,B002,2,2255.35,0.1,2029.82,1524.07,505.75,Completed
ORD001692,2023-03-21,CUST01267,PROD0054,B002,2,2255.35,0.1,2029.82,1524.07,505.75,Completed
ORD001692,2023-03-21,CUST01267,PROD0054,B002,2,2255.35,0.1,2029.82,1524.07,505.75,Completed
ORD001692,2023-03-21,CUST01267,PROD0054,B002,2,2255.35,0.1,2029.82,1524.07,505.75,Completed
ORD001692,2023-03-21,CUST01267,PROD0054,B002,2,2255.35,0.1,2029.82,1524.07,505.75,Completed
ORD001692,2023-03-21,CUST01267,PROD0054,B002,2,2255.35,0.1,2029.82,1524.07,505.75,Completed
ORD001692,2023-03-21,CUST01267,PROD0054,B002,2,2255.35,0.1,2029.82,1524.07,505.75,Completed
ORD001692,2023-03-21,CUST01267,PROD0054,B002,2,2255.35,0.1,2029.82,1524.07,505.75,Completed
ORD001692,2023-03-21,CUST01267,PROD0054,B002,2,2255.35,0.1,2029.82,1524.07,505.75,Completed
ORD001692,2023-03-21,CUST01267,PROD0054,B002,2,2255.35,0.1,2029.82,1524.07,505.75,Completed
ORD001692,2023-03-21,CUST01267,PROD0054,B002,2,2255.35,0.1,2029.82,1524.07,505.75,Completed
ORD001692,2023-03-21,CUST01267,PROD0054,B002,2,2255.35,0.1,2029.82,1524.07,505.75,Completed
ORD001692,2023-03-21,CUST01267,PROD0054,B002,2,2255.35,0.1,2029.82,1524.07,505.75,Completed
ORD001692,2023-03-21,CUST01267,PROD0054,B002,2,2255.35,0.1,2029.82,1524.07,505.75,Completed
ORD001692,2023-03-21,CUST01267,PROD0054,B002,2,2255.35,0.1,2029.82,1524.07,505.75,Completed
ORD001692,2023-03-21,CUST01267,PROD0054,B002,2,2255.35,0.1,2029.82,1524.07,505.75,Completed
ORD001692,2023-03-21,CUST01267,PROD0054,B002,2,2255.35,0.1,2029.82,1524.07,505.75,Completed
ORD001692,2023-03-21,CUST01267,PROD0054,B002,2,2255.35,0.1,2029.82,1524.07,505.75,Completed
ORD001692,2023-03-21,CUST01267,PROD0054,B002,2,2255.35,0.1,2029.82,1524.07,505.75,Completed
ORD001692,2023-03-21,CUST01267,PROD0054,B002,2,2255.35,0.1,2029.82,1524.07,505.75,Completed
ORD001692,2023-03-21,CUST01267,PROD0054,B002,2,2255.35,0.1,2029.82,1524.07,505.75,Completed
ORD001692,2023-03-21,CUST01267,PROD0054,B002,2,2255.35,0.1,2029.82,1524.07,505.75,Completed
ORD001692,2023-03-21,CUST01267,PROD0054,B002,2,2255.35,0.1,2029.82,1524.07,505.75,Completed
ORD001692,2023-03-21,CUST01267,PROD0054,B002,2,2255.35,0.1,2029.82,1524.07,505.75,Completed
ORD001692,2023-03-21,CUST01267,PROD0054,B002,2,2255.35,0.1,2029.82,1524.07,505.75,Completed
ORD001692,2023-03-21,CUST01267,PROD0054,B002,2,2255.35,0.1,2029.82,1524.07,505.75,Completed
ORD001692,2023-03-21,CUST01267,PROD0054,B002,2,2255.35,0.1,2029.82,1524.07,505.75,Completed
ORD001692,2023-03-21,CUST01267,PROD0054,B002,2,2255.35,0.1,2029.82,1524.07,505.75,Completed
ORD001692,2023-03-21,CUST01267,PROD0054,B002,2,2255.35,0.1,2029.82,1524.07,505.75,Completed
ORD001692,2023-03-21,CUST01267,PROD0054,B002,2,2255.35,0.1,2029.82,1524.07,505.75,Completed
ORD001692,2023-03-21,CUST01267,PROD0054,B002,2,2255.35,0.1,2029.82,1524.07,505.75,Completed
ORD001692,2023-03-21,CUST01267,PROD0054,B002,2,2255.35,0.1,2029.82,1524.07,505.75,Completed
ORD001692,2023-03-21,CUST01267,PROD0054,B002,2,2255.35,0.1,2029.82,1524.07,505.75,Completed
ORD001692,2023-03-21,CUST01267,PROD0054,B002,2,2255.35,0.1,2029.82,1524.07,505.75,Completed
ORD001692,2023-03-21,CUST01267,PROD0054,B002,2,2255.35,0.1,2029.82,1524.07,505.75,Completed
ORD001692,2023-03-21,CUST01267,PROD0054,B002,2,2255.35,0.1,2029.82,1524.07,505.75,Completed
ORD001692,2023-03-21,CUST01267,PROD0054,B002,2,2255.35,0.1,2029.82,1524.07,505.75,Completed
ORD001692,2023-03-21,CUST01267,PROD0054,B002,2,2255.35,0.1,2029.82,1524.07,505.75,Completed
ORD001692,2023-03-21,CUST01267,PROD0054,B002,2,2255.35,0.1,2029.82,1524.07,505.75,Completed
ORD001692,2023-03-21,CUST01267,PROD0054,B002,2,2255.35,0.1,2029.82,1524.07,505.75,Completed
ORD001692,2023-03-21,CUST01267,PROD0054,B002,2,2255.35,0.1,2029.82,1524.07,505.75,Completed
ORD001692,2023-03-21,CUST01267,PROD0054,B002,2,2255.35,0.1,2029.82,1524.07,505.75,Completed
ORD001692,2023-03-21,CUST01267,PROD0054,B002,2,2255.35,0.1,2029.82,1524.07,505.75,Completed
ORD001692,2023-03-21,CUST01267,PROD0054,B002,2,2255.35,0.1,2029.82,1524.07,505.75,Completed
ORD001692,2023-03-21,CUST01267,PROD0054,B002,2,2255.35,0.1,2029.82,1524.07,505.75,Completed
ORD001692,2023-03-21,CUST01267,PROD0054,B002,2,2255.35,0.1,2029.82,1524.07,505.75,Completed
ORD001692,2023-03-21,CUST01267,PROD0054,B002,2,2255.35,0.1,2029.82,1524.07,505.75,Completed
ORD001692,2023-03-21,CUST01267,PROD0054,B002,2,2255.35,0.1,2029.82,1524.07,505.75,Completed
ORD001692,2023-03-21,CUST01267,PROD0054,B002,2,2255.35,0.1,2029.82,1524.07,505.75,Completed
ORD001692,2023-03-21,CUST01267,PROD0054,B002,2,2255.35,0.1,2029.82,1524.07,505.75,Completed
ORD001692,2023-03-21,CUST01267,PROD0054,B002,2,2255.35,0.1,2029.82,1524.07,505.75,Completed
ORD001692,2023-03-21,CUST01267,PROD0054,B002,2,2255.35,0.1,2029.82,1524.07,505.75,Completed
ORD001692,2023-03-21,CUST01267,PROD0054,B002,2,2255.35,0.1,2029.82,1524.07,505.75,Completed
ORD001692,2023-03-21,CUST01267,PROD0054,B002,2,2255.35,0.1,2029.82,1524.07,505.75,Completed
ORD001692,2023-03-21,CUST01267,PROD0054,B002,2,2255.35,0.1,2029.82,1524.07,505.75,Completed
ORD001692,2023-03-21,CUST01267,PROD0054,B002,2,2255.35,0.1,2029.82,1524.07,505.75,Completed
ORD001692,2023-03-21,CUST01267,PROD0054,B002,2,2255.35,0.1,2029.82,1524.07,505.75,Completed
ORD001692,2023-03-21,CUST01267,PROD0054,B002,2,2255.35,0.1,2029.82,1524.07,505.75,Completed
ORD001692,2023-03-21,CUST01267,PROD0054,B002,2,2255.35,0.1,2029.82,1524.07,505.75,Completed
ORD001692,2023-03-21,CUST01267,PROD0054,B002,2,2255.35,0.1,2029.82,1524.07,505.75,Completed
ORD001692,2023-03-21,CUST01267,PROD0054,B002,2,2255.35,0.1,2029.82,1524.07,505.75,Completed
ORD001692,2023-03-21,CUST01267,PROD0054,B002,2,2255.35,0.1,2029.82,1524.07,505.75,Completed
ORD001692,2023-03-21,CUST01267,PROD0054,B002,2,2255.35,0.1,2029.82,1524.07,505.75,Completed
ORD001692,2023-03-21,CUST01267,PROD0054,B002,2,2255.35,0.1,2029.82,1524.07,505.75,Completed
ORD001692,2023-03-21,CUST01267,PROD0054,B002,2,2255.35,0.1,2029.82,1524.07,505.75,Completed
ORD001692,2023-03-21,CUST01267,PROD0054,B002,2,2255.35,0.1,2029.82,1524.07,505.75,Completed
ORD001692,2023-03-21,CUST01267,PROD0054,B002,2,2255.35,0.1,2029.82,1524.07,505.75,Completed
ORD001692,2023-03-21,CUST01267,PROD0054,B002,2,2255.35,0.1,2029.82,1524.07,505.75,Completed
ORD001692,2023-03-21,CUST01267,PROD0054,B002,2,2255.35,0.1,2029.82,1524.07,505.75,Completed
ORD001692,2023-03-21,CUST01267,PROD0054,B002,2,2255.35,0.1,2029.82,1524.07,505.75,Completed
ORD001692,2023-03-21,CUST01267,PROD0054,B002,2,2255.35,0.1,2029.82,1524.07,505.75,Completed
ORD001692,2023-03-21,CUST01267,PROD0054,B002,2,2255.35,0.1,2029.82,1524.07,505.75,Completed
ORD001692,2023-03-21,CUST01267,PROD0054,B002,2,2255.35,0.1,2029.82,1524.07,505.75,Completed
ORD001692,2023-03-21,CUST01267,PROD0054,B002,2,2255.35,0.1,2029.82,1524.07,505.75,Completed
ORD001692,2023-03-21,CUST01267,PROD0054,B002,2,2255.35,0.1,2029.82,1524.07,505.75,Completed
ORD001692,2023-03-21,CUST01267,PROD0054,B002,2,2255.35,0.1,2029.82,1524.07,505.75,Completed
ORD001692,2023-03-21,CUST01267,PROD0054,B002,2,2255.35,0.1,2029.82,1524.07,505.75,Completed
ORD001692,2023-03-21,CUST01267,PROD0054,B002,2,2255.35,0.1,2029.82,1524.07,505.75,Completed
ORD001692,2023-03-21,CUST01267,PROD0054,B002,2,2255.35,0.1,2029.82,1524.07,505.75,Completed
ORD001692,2023-03-21,CUST01267,PROD0054,B002,2,2255.35,0.1,2029.82,1524.07,505.75,Completed
ORD001692,2023-03-21,CUST01267,PROD0054,B002,2,2255.35,0.1,2029.82,1524.07,505.75,Completed
ORD001692,2023-03-21,CUST01267,PROD0054,B002,2,2255.35,0.1,2029.82,1524.07,505.75,Completed
ORD001692,2023-03-21,CUST01267,PROD0054,B002,2,2255.35,0.1,2029.82,1524.07,505.75,Completed
ORD001692,2023-03-21,CUST01267,PROD0054,B002,2,2255.35,0.1,2029.82,1524.07,505.75,Completed
ORD001692,2023-03-21,CUST01267,PROD0054,B002,2,2255.35,0.1,2029.82,1524.07,505.75,Completed
ORD001692,2023-03-21,CUST01267,PROD0054,B002,2,2255.35,0.1,2029.82,1524.07,505.75,Completed
ORD001692,2023-03-21,CUST01267,PROD0054,B002,2,2255.35,0.1,2029.82,1524.07,505.75,Completed
ORD001692,2023-03-21,CUST01267,PROD0054,B002,2,2255.35,0.1,2029.82,1524.07,505.75,Completed
ORD001692,2023-03-21,CUST01267,PROD0054,B002,2,2255.35,0.1,2029.82,1524.07,505.75,Completed
ORD001692,2023-03-21,CUST01267,PROD0054,B002,2,2255.35,0.1,2029.82,1524.07,505.75,Completed
ORD001692,2023-03-21,CUST01267,PROD0054,B002,2,2255.35,0.1,2029.82,1524.07,505.75,Completed
ORD001692,2023-03-21,CUST01267,PROD0054,B002,2,2255.35,0.1,2029.82,1524.07,505.75,Completed
ORD001692,2023-03-21,CUST01267,PROD0054,B002,2,2255.35,0.1,2029.82,1524.07,505.75,Completed
ORD001692,2023-03-21,CUST01267,PROD0054,B002,2,2255.35,0.1,2029.82,1524.07,505.75,Completed
ORD001692,2023-03-21,CUST01267,PROD0054,B002,2,2255.35,0.1,2029.82,1524.07,505.75,Completed
ORD001692,2023-03-21,CUST01267,PROD0054,B002,2,2255.35,0.1,2029.82,1524.07,505.75,Completed
ORD001692,2023-03-21,CUST01267,PROD0054,B002,2,2255.35,0.1,2029.82,1524.07,505.75,Completed
ORD001692,2023-03-21,CUST01267,PROD0054,B002,2,2255.35,0.1,2029.82,1524.07,505.75,Completed
ORD001692,2023-03-21,CUST01267,PROD0054,B002,2,2255.35,0.1,2029.82,1524.07,505.75,Completed
ORD001692,2023-03-21,CUST01267,PROD0054,B002,2,2255.35,0.1,2029.82,1524.07,505.75,Completed
ORD001692,2023-03-21,CUST01267,PROD0054,B002,2,2255.35,0.1,2029.82,1524.07,505.75,Completed
ORD001692,2023-03-21,CUST01267,PROD0054,B002,2,2255.35,0.1,2029.82,1524.07,505.75,Completed
ORD001692,2023-03-21,CUST01267,PROD0054,B002,2,2255.35,0.1,2029.82,1524.07,505.75,Completed
ORD001692,2023-03-21,CUST01267,PROD0054,B002,2,2255.35,0.1,2029.82,1524.07,505.75,Completed
ORD001692,2023-03-21,CUST01267,PROD0054,B002,2,2255.35,0.1,2029.82,1524.07,505.75,Completed
ORD001692,2023-03-21,CUST01267,PROD0054,B002,2,2255.35,0.1,2029.82,1524.07,505.75,Completed
ORD001692,2023-03-21,CUST01267,PROD0054,B002,2,2255.35,0.1,2029.82,1524.07,505.75,Completed
ORD001692,2023-03-21,CUST01267,PROD0054,B002,2,2255.35,0.1,2029.82,1524.07,505.75,Completed
ORD001692,2023-03-21,CUST01267,PROD0054,B002,2,2255.35,0.1,2029.82,1524.07,505.75,Completed
ORD001692,2023-03-21,CUST01267,PROD0054,B002,2,2255.35,0.1,2029.82,1524.07,505.75,Completed
ORD001692,2023-03-21,CUST01267,PROD0054,B002,2,2255.35,0.1,2029.82,1524.07,505.75,Completed
ORD001692,2023-03-21,CUST01267,PROD0054,B002,2,2255.35,0.1,2029.82,1524.07,505.75,Completed
ORD001692,2023-03-21,CUST01267,PROD0054,B002,2,2255.35,0.1,2029.82,1524.07,505.75,Completed
ORD001692,2023-03-21,CUST01267,PROD0054,B002,2,2255.35,0.1,2029.82,1524.07,505.75,Completed
ORD001692,2023-03-21,CUST01267,PROD0054,B002,2,2255.35,0.1,2029.82,1524.07,505.75,Completed
ORD001692,2023-03-21,CUST01267,PROD0054,B002,2,2255.35,0.1,2029.82,1524.07,505.75,Completed
ORD001692,2023-03-21,CUST01267,PROD0054,B002,2,2255.35,0.1,2029.82,1524.07,505.75,Completed
ORD001692,2023-03-21,CUST01267,PROD0054,B002,2,2255.35,0.1,2029.82,1524.07,505.75,Completed
ORD001692,2023-03-21,CUST01267,PROD0054,B002,2,2255.35,0.1,2029.82,1524.07,505.75,Completed
ORD001692,2023-03-21,CUST01267,PROD0054,B002,2,2255.35,0.1,2029.82,1524.07,505.75,Completed
ORD001692,2023-03-21,CUST01267,PROD0054,B002,2,2255.35,0.1,2029.82,1524.07,505.75,Completed
ORD001692,2023-03-21,CUST01267,PROD0054,B002,2,2255.35,0.1,2029.82,1524.07,505.75,Completed
ORD001692,2023-03-21,CUST01267,PROD0054,B002,2,2255.35,0.1,2029.82,1524.07,505.75,Completed
ORD001692,2023-03-21,CUST01267,PROD0054,B002,2,2255.35,0.1,2029.82,1524.07,505.75,Completed
ORD001692,2023-03-21,CUST01267,PROD0054,B002,2,2255.35,0.1,2029.82,1524.07,505.75,Completed
ORD001692,2023-03-21,CUST01267,PROD0054,B002,2,2255.35,0.1,2029.82,1524.07,505.75,Completed
ORD001692,2023-03-21,CUST01267,PROD0054,B002,2,2255.35,0.1,2029.82,1524.07,505.75,Completed
ORD001692,2023-03-21,CUST01267,PROD0054,B002,2,2255.35,0.1,2029.82,1524.07,505.75,Completed
ORD001692,2023-03-21,CUST01267,PROD0054,B002,2,2255.35,0.1,2029.82,1524.07,505.75,Completed
ORD001692,2023-03-21,CUST01267,PROD0054,B002,2,2255.35,0.1,2029.82,1524.07,505.75,Completed
ORD001692,2023-03-21,CUST01267,PROD0054,B002,2,2255.35,0.1,2029.82,1524.07,505.75,Completed
ORD001692,2023-03-21,CUST01267,PROD0054,B002,2,2255.35,0.1,2029.82,1524.07,505.75,Completed
ORD001692,2023-03-21,CUST01267,PROD0054,B002,2,2255.35,0.1,2029.82,1524.07,505.75,Completed
ORD001692,2023-03-21,CUST01267,PROD0054,B002,2,2255.35,0.1,2029.82,1524.07,505.75,Completed
ORD001692,2023-03-21,CUST01267,PROD0054,B002,2,2255.35,0.1,2029.82,1524.07,505.75,Completed
ORD001692,2023-03-21,CUST01267,PROD0054,B002,2,2255.35,0.1,2029.82,1524.07,505.75,Completed
ORD001692,2023-03-21,CUST01267,PROD0054,B002,2,2255.35,0.1,2029.82,1524.07,505.75,Completed
ORD001692,2023-03-21,CUST01267,PROD0054,B002,2,2255.35,0.1,2029.82,1524.07,505.75,Completed
ORD001692,2023-03-21,CUST01267,PROD0054,B002,2,2255.35,0.1,2029.82,1524.07,505.75,Completed
ORD001692,2023-03-21,CUST01267,PROD0054,B002,2,2255.35,0.1,2029.82,1524.07,505.75,Completed
ORD001692,2023-03-21,CUST01267,PROD0054,B002,2,2255.35,0.1,2029.82,1524.07,505.75,Completed
ORD001692,2023-03-21,CUST01267,PROD0054,B002,2,2255.35,0.1,2029.82,1524.07,505.75,Completed
ORD001692,2023-03-21,CUST01267,PROD0054,B002,2,2255.35,0.1,2029.82,1524.07,505.75,Completed
ORD001692,2023-03-21,CUST01267,PROD0054,B002,2,2255.35,0.1,2029.82,1524.07,505.75,Completed
ORD001692,2023-03-21,CUST01267,PROD0054,B002,2,2255.35,0.1,2029.82,1524.07,505.75,Completed
ORD001692,2023-03-21,CUST01267,PROD0054,B002,2,2255.35,0.1,2029.82,1524.07,505.75,Completed
ORD001692,2023-03-21,CUST01267,PROD0054,B002,2,2255.35,0.1,2029.82,1524.07,505.75,Completed
ORD001692,2023-03-21,CUST01267,PROD0054,B002,2,2255.35,0.1,2029.82,1524.07,505.75,Completed
ORD001692,2023-03-21,CUST01267,PROD0054,B002,2,2255.35,0.1,2029.82,1524.07,505.75,Completed
ORD001692,2023-03-21,CUST01267,PROD0054,B002,2,2255.35,0.1,2029.82,1524.07,505.75,Completed
ORD001692,2023-03-21,CUST01267,PROD0054,B002,2,2255.35,0.1,2029.82,1524.07,505.75,Completed
ORD001692,2023-03-21,CUST01267,PROD0054,B002,2,2255.35,0.1,2029.82,1524.07,505.75,Completed
ORD001692,2023-03-21,CUST01267,PROD0054,B002,2,2255.35,0.1,2029.82,1524.07,505.75,Completed
ORD001692,2023-03-21,CUST01267,PROD0054,B002,2,2255.35,0.1,2029.82,1524.07,505.75,Completed
ORD001692,2023-03-21,CUST01267,PROD0054,B002,2,2255.35,0.1,2029.82,1524.07,505.75,Completed
ORD001692,2023-03-21,CUST01267,PROD0054,B002,2,2255.35,0.1,2029.82,1524.07,505.75,Completed
ORD001692,2023-03-21,CUST01267,PROD0054,B002,2,2255.35,0.1,2029.82,1524.07,505.75,Completed
ORD001692,2023-03-21,CUST01267,PROD0054,B002,2,2255.35,0.1,2029.82,1524.07,505.75,Completed
ORD001692,2023-03-21,CUST01267,PROD0054,B002,2,2255.35,0.1,2029.82,1524.07,505.75,Completed
ORD001692,2023-03-21,CUST01267,PROD0054,B002,2,2255.35,0.1,2029.82,1524.07,505.75,Completed
ORD001692,2023-03-21,CUST01267,PROD0054,B002,2,2255.35,0.1,2029.82,1524.07,505.75,Completed
ORD001692,2023-03-21,CUST01267,PROD0054,B002,2,2255.35,0.1,2029.82,1524.07,505.75,Completed
ORD001692,2023-03-21,CUST01267,PROD0054,B002,2,2255.35,0.1,2029.82,1524.07,505.75,Completed
ORD001692,2023-03-21,CUST01267,PROD0054,B002,2,2255.35,0.1,2029.82,1524.07,505.75,Completed
ORD001692,2023-03-21,CUST01267,PROD0054,B002,2,2255.35,0.1,2029.82,1524.07,505.75,Completed
ORD001692,2023-03-21,CUST01267,PROD0054,B002,2,2255.35,0.1,2029.82,1524.07,505.75,Completed
ORD001692,2023-03-21,CUST01267,PROD0054,B002,2,2255.35,0.1,2029.82,1524.07,505.75,Completed
ORD001692,2023-03-21,CUST01267,PROD0054,B002,2,2255.35,0.1,2029.82,1524.07,505.75,Completed
ORD001692,2023-03-21,CUST01267,PROD0054,B002,2,2255.35,0.1,2029.82,1524.07,505.75,Completed
ORD001692,2023-03-21,CUST01267,PROD0054,B002,2,2255.35,0.1,2029.82,1524.07,505.75,Completed
ORD001692,2023-03-21,CUST01267,PROD0054,B002,2,2255.35,0.1,2029.82,1524.07,505.75,Completed
ORD001692,2023-03-21,CUST01267,PROD0054,B002,2,2255.35,0.1,2029.82,1524.07,505.75,Completed
ORD001692,2023-03-21,CUST01267,PROD0054,B002,2,2255.35,0.1,2029.82,1524.07,505.75,Completed
ORD001692,2023-03-21,CUST01267,PROD0054,B002,2,2255.35,0.1,2029.82,1524.07,505.75,Completed
ORD001692,2023-03-21,CUST01267,PROD0054,B002,2,2255.35,0.1,2029.82,1524.07,505.75,Completed
ORD001692,2023-03-21,CUST01267,PROD0054,B002,2,2255.35,0.1,2029.82,1524.07,505.75,Completed
ORD001692,2023-03-21,CUST01267,PROD0054,B002,2,2255.35,0.1,2029.82,1524.07,505.75,Completed
ORD001692,2023-03-21,CUST01267,PROD0054,B002,2,2255.35,0.1,2029.82,1524.07,505.75,Completed
ORD001692,2023-03-21,CUST01267,PROD0054,B002,2,2255.35,0.1,2029.82,1524.07,505.75,Completed
ORD001692,2023-03-21,CUST01267,PROD0054,B002,2,2255.35,0.1,2029.82,1524.07,505.75,Completed
ORD001692,2023-03-21,CUST01267,PROD0054,B002,2,2255.35,0.1,2029.82,1524.07,505.75,Completed
ORD001692,2023-03-21,CUST01267,PROD0054,B002,2,2255.35,0.1,2029.82,1524.07,505.75,Completed
ORD001692,2023-03-21,CUST01267,PROD0054,B002,2,2255.35,0.1,2029.82,1524.07,505.75,Completed
ORD001692,2023-03-21,CUST01267,PROD0054,B002,2,2255.35,0.1,2029.82,1524.07,505.75,Completed
ORD001692,2023-03-21,CUST01267,PROD0054,B002,2,2255.35,0.1,2029.82,1524.07,505.75,Completed
ORD001692,2023-03-21,CUST01267,PROD0054,B002,2,2255.35,0.1,2029.82,1524.07,505.75,Completed
ORD001692,2023-03-21,CUST01267,PROD0054,B002,2,2255.35,0.1,2029.82,1524.07,505.75,Completed
ORD001692,2023-03-21,CUST01267,PROD0054,B002,2,2255.35,0.1,2029.82,1524.07,505.75,Completed
ORD001692,2023-03-21,CUST01267,PROD0054,B002,2,2255.35,0.1,2029.82,1524.07,505.75,Completed
ORD001692,2023-03-21,CUST01267,PROD0054,B002,2,2255.35,0.1,2029.82,1524.07,505.75,Completed
ORD001692,2023-03-21,CUST01267,PROD0054,B002,2,2255.35,0.1,2029.82,1524.07,505.75,Completed
ORD001692,2023-03-21,CUST01267,PROD0054,B002,2,2255.35,0.1,2029.82,1524.07,505.75,Completed
ORD001692,2023-03-21,CUST01267,PROD0054,B002,2,2255.35,0.1,2029.82,1524.07,505.75,Completed
ORD001692,2023-03-21,CUST01267,PROD0054,B002,2,2255.35,0.1,2029.82,1524.07,505.75,Completed
ORD001692,2023-03-21,CUST01267,PROD0054,B002,2,2255.35,0.1,2029.82,1524.07,505.75,Completed
ORD001692,2023-03-21,CUST01267,PROD0054,B002,2,2255.35,0.1,2029.82,1524.07,505.75,Completed
ORD001692,2023-03-21,CUST01267,PROD0054,B002,2,2255.35,0.1,2029.82,1524.07,505.75,Completed
ORD001692,2023-03-21,CUST01267,PROD0054,B002,2,2255.35,0.1,2029.82,1524.07,505.75,Completed
ORD001692,2023-03-21,CUST01267,PROD0054,B002,2,2255.35,0.1,2029.82,1524.07,505.75,Completed
ORD001692,2023-03-21,CUST01267,PROD0054,B002,2,2255.35,0.1,2029.82,1524.07,505.75,Completed
ORD001692,2023-03-21,CUST01267,PROD0054,B002,2,2255.35,0.1,2029.82,1524.07,505.75,Completed
ORD001692,2023-03-21,CUST01267,PROD0054,B002,2,2255.35,0.1,2029.82,1524.07,505.75,Completed
ORD001692,2023-03-21,CUST01267,PROD0054,B002,2,2255.35,0.1,2029.82,1524.07,505.75,Completed
ORD001692,2023-03-21,CUST01267,PROD0054,B002,2,2255.35,0.1,2029.82,1524.07,505.75,Completed
ORD001692,2023-03-21,CUST01267,PROD0054,B002,2,2255.35,0.1,2029.82,1524.07,505.75,Completed
ORD001692,2023-03-21,CUST01267,PROD0054,B002,2,2255.35,0.1,2029.82,1524.07,505.75,Completed
ORD001692,2023-03-21,CUST01267,PROD0054,B002,2,2255.35,0.1,2029.82,1524.07,505.75,Completed
ORD001692,2023-03-21,CUST01267,PROD0054,B002,2,2255.35,0.1,2029.82,1524.07,505.75,Completed
ORD001692,2023-03-21,CUST01267,PROD0054,B002,2,2255.35,0.1,2029.82,1524.07,505.75,Completed
ORD001692,2023-03-21,CUST01267,PROD0054,B002,2,2255.35,0.1,2029.82,1524.07,505.75,Completed
ORD001692,2023-03-21,CUST01267,PROD0054,B002,2,2255.35,0.1,2029.82,1524.07,505.75,Completed
ORD001692,2023-03-21,CUST01267,PROD0054,B002,2,2255.35,0.1,2029.82,1524.07,505.75,Completed
ORD001692,2023-03-21,CUST01267,PROD0054,B002,2,2255.35,0.1,2029.82,1524.07,505.75,Completed
ORD001692,2023-03-21,CUST01267,PROD0054,B002,2,2255.35,0.1,2029.82,1524.07,505.75,Completed
ORD001692,2023-03-21,CUST01267,PROD0054,B002,2,2255.35,0.1,2029.82,1524.07,505.75,Completed
ORD001692,2023-03-21,CUST01267,PROD0054,B002,2,2255.35,0.1,2029.82,1524.07,505.75,Completed
ORD001692,2023-03-21,CUST01267,PROD0054,B002,2,2255.35,0.1,2029.82,1524.07,505.75,Completed
ORD001692,2023-03-21,CUST01267,PROD0054,B002,2,2255.35,0.1,2029.82,1524.07,505.75,Completed
ORD001692,2023-03-21,CUST01267,PROD0054,B002,2,2255.35,0.1,2029.82,1524.07,505.75,Completed
ORD001692,2023-03-21,CUST01267,PROD0054,B002,2,2255.35,0.1,2029.82,1524.07,505.75,Completed
ORD001692,2023-03-21,CUST01267,PROD0054,B002,2,2255.35,0.1,2029.82,1524.07,505.75,Completed
ORD001692,2023-03-21,CUST01267,PROD0054,B002,2,2255.35,0.1,2029.82,1524.07,505.75,Completed
ORD001692,2023-03-21,CUST01267,PROD0054,B002,2,2255.35,0.1,2029.82,1524.07,505.75,Completed
ORD001692,2023-03-21,CUST01267,PROD0054,B002,2,2255.35,0.1,2029.82,1524.07,505.75,Completed
ORD001692,2023-03-21,CUST01267,PROD0054,B002,2,2255.35,0.1,2029.82,1524.07,505.75,Completed
ORD001692,2023-03-21,CUST01267,PROD0054,B002,2,2255.35,0.1,2029.82,1524.07,505.75,Completed
ORD001692,2023-03-21,CUST01267,PROD0054,B002,2,2255.35,0.1,2029.82,1524.07,505.75,Completed
ORD001692,2023-03-21,CUST01267,PROD0054,B002,2,2255.35,0.1,2029.82,1524.07,505.75,Completed
ORD001692,2023-03-21,CUST01267,PROD0054,B002,2,2255.35,0.1,2029.82,1524.07,505.75,Completed
ORD001692,2023-03-21,CUST01267,PROD0054,B002,2,2255.35,0.1,2029.82,1524.07,505.75,Completed
ORD001692,2023-03-21,CUST01267,PROD0054,B002,2,2255.35,0.1,2029.82,1524.07,505.75,Completed
ORD001692,2023-03-21,CUST01267,PROD0054,B002,2,2255.35,0.1,2029.82,1524.07,505.75,Completed
ORD001692,2023-03-21,CUST01267,PROD0054,B002,2,2255.35,0.1,2029.82,1524.07,505.75,Completed
ORD001692,2023-03-21,CUST01267,PROD0054,B002,2,2255.35,0.1,2029.82,1524.07,505.75,Completed
ORD001692,2023-03-21,CUST01267,PROD0054,B002,2,2255.35,0.1,2029.82,1524.07,505.75,Completed
ORD001692,2023-03-21,CUST01267,PROD0054,B002,2,2255.35,0.1,2029.82,1524.07,505.75,Completed
ORD001692,2023-03-21,CUST01267,PROD0054,B002,2,2255.35,0.1,2029.82,1524.07,505.75,Completed
ORD001692,2023-03-21,CUST01267,PROD0054,B002,2,2255.35,0.1,2029.82,1524.07,505.75,Completed
ORD001692,2023-03-21,CUST01267,PROD0054,B002,2,2255.35,0.1,2029.82,1524.07,505.75,Completed
ORD001692,2023-03-21,CUST01267,PROD0054,B002,2,2255.35,0.1,2029.82,1524.07,505.75,Completed
ORD001692,2023-03-21,CUST01267,PROD0054,B002,2,2255.35,0.1,2029.82,1524.07,505.75,Completed
ORD001692,2023-03-21,CUST01267,PROD0054,B002,2,2255.35,0.1,2029.82,1524.07,505.75,Completed
ORD001692,2023-03-21,CUST01267,PROD0054,B002,2,2255.35,0.1,2029.82,1524.07,505.75,Completed
ORD001692,2023-03-21,CUST01267,PROD0054,B002,2,2255.35,0.1,2029.82,1524.07,505.75,Completed
ORD001692,2023-03-21,CUST01267,PROD0054,B002,2,2255.35,0.1,2029.82,1524.07,505.75,Completed
ORD001692,2023-03-21,CUST01267,PROD0054,B002,2,2255.35,0.1,2029.82,1524.07,505.75,Completed
ORD001692,2023-03-21,CUST01267,PROD0054,B002,2,2255.35,0.1,2029.82,1524.07,505.75,Completed
ORD001692,2023-03-21,CUST01267,PROD0054,B002,2,2255.35,0.1,2029.82,1524.07,505.75,Completed
ORD001692,2023-03-21,CUST01267,PROD0054,B002,2,2255.35,0.1,2029.82,1524.07,505.75,Completed
ORD001692,2023-03-21,CUST01267,PROD0054,B002,2,2255.35,0.1,2029.82,1524.07,505.75,Completed
ORD001692,2023-03-21,CUST01267,PROD0054,B002,2,2255.35,0.1,2029.82,1524.07,505.75,Completed
ORD001692,2023-03-21,CUST01267,PROD0054,B002,2,2255.35,0.1,2029.82,1524.07,505.75,Completed
ORD001692,2023-03-21,CUST01267,PROD0054,B002,2,2255.35,0.1,2029.82,1524.07,505.75,Completed
ORD001692,2023-03-21,CUST01267,PROD0054,B002,2,2255.35,0.1,2029.82,1524.07,505.75,Completed
ORD001692,2023-03-21,CUST01267,PROD0054,B002,2,2255.35,0.1,2029.82,1524.07,505.75,Completed
ORD001692,2023-03-21,CUST01267,PROD0054,B002,2,2255.35,0.1,2029.82,1524.07,505.75,Completed
ORD001692,2023-03-21,CUST01267,PROD0054,B002,2,2255.35,0.1,2029.82,1524.07,505.75,Completed
ORD001692,2023-03-21,CUST01267,PROD0054,B002,2,2255.35,0.1,2029.82,1524.07,505.75,Completed
ORD001692,2023-03-21,CUST01267,PROD0054,B002,2,2255.35,0.1,2029.82,1524.07,505.75,Completed
ORD001692,2023-03-21,CUST01267,PROD0054,B002,2,2255.35,0.1,2029.82,1524.07,505.75,Completed
ORD001692,2023-03-21,CUST01267,PROD0054,B002,2,2255.35,0.1,2029.82,1524.07,505.75,Completed
ORD001692,2023-03-21,CUST01267,PROD0054,B002,2,2255.35,0.1,2029.82,1524.07,505.75,Completed
ORD001692,2023-03-21,CUST01267,PROD0054,B002,2,2255.35,0.1,2029.82,1524.07,505.75,Completed
ORD001692,2023-03-21,CUST01267,PROD0054,B002,2,2255.35,0.1,2029.82,1524.07,505.75,Completed
ORD001692,2023-03-21,CUST01267,PROD0054,B002,2,2255.35,0.1,2029.82,1524.07,505.75,Completed
ORD001692,2023-03-21,CUST01267,PROD0054,B002,2,2255.35,0.1,2029.82,1524.07,505.75,Completed
ORD001692,2023-03-21,CUST01267,PROD0054,B002,2,2255.35,0.1,2029.82,1524.07,505.75,Completed
ORD001692,2023-03-21,CUST01267,PROD0054,B002,2,2255.35,0.1,2029.82,1524.07,505.75,Completed
ORD001692,2023-03-21,CUST01267,PROD0054,B002,2,2255.35,0.1,2029.82,1524.07,505.75,Completed
ORD001692,2023-03-21,CUST01267,PROD0054,B002,2,2255.35,0.1,2029.82,1524.07,505.75,Completed
ORD001692,2023-03-21,CUST01267,PROD0054,B002,2,2255.35,0.1,2029.82,1524.07,505.75,Completed
ORD001692,2023-03-21,CUST01267,PROD0054,B002,2,2255.35,0.1,2029.82,1524.07,505.75,Completed
ORD001692,2023-03-21,CUST01267,PROD0054,B002,2,2255.35,0.1,2029.82,1524.07,505.75,Completed
ORD001692,2023-03-21,CUST01267,PROD0054,B002,2,2255.35,0.1,2029.82,1524.07,505.75,Completed
ORD001692,2023-03-21,CUST01267,PROD0054,B002,2,2255.35,0.1,2029.82,1524.07,505.75,Completed
ORD001692,2023-03-21,CUST01267,PROD0054,B002,2,2255.35,0.1,2029.82,1524.07,505.75,Completed
ORD001692,2023-03-21,CUST01267,PROD0054,B002,2,2255.35,0.1,2029.82,1524.07,505.75,Completed
ORD001692,2023-03-21,CUST01267,PROD0054,B002,2,2255.35,0.1,2029.82,1524.07,505.75,Completed
ORD001692,2023-03-21,CUST01267,PROD0054,B002,2,2255.35,0.1,2029.82,1524.07,505.75,Completed
ORD001692,2023-03-21,CUST01267,PROD0054,B002,2,2255.35,0.1,2029.82,1524.07,505.75,Completed
ORD001692,2023-03-21,CUST01267,PROD0054,B002,2,2255.35,0.1,2029.82,1524.07,505.75,Completed
ORD001692,2023-03-21,CUST01267,PROD0054,B002,2,2255.35,0.1,2029.82,1524.07,505.75,Completed
ORD001692,2023-03-21,CUST01267,PROD0054,B002,2,2255.35,0.1,2029.82,1524.07,505.75,Completed
ORD001692,2023-03-21,CUST01267,PROD0054,B002,2,2255.35,0.1,2029.82,1524.07,505.75,Completed
ORD001692,2023-03-21,CUST01267,PROD0054,B002,2,2255.35,0.1,2029.82,1524.07,505.75,Completed
ORD001692,2023-03-21,CUST01267,PROD0054,B002,2,2255.35,0.1,2029.82,1524.07,505.75,Completed
ORD001692,2023-03-21,CUST01267,PROD0054,B002,2,2255.35,0.1,2029.82,1524.07,505.75,Completed
ORD001692,2023-03-21,CUST01267,PROD0054,B002,2,2255.35,0.1,2029.82,1524.07,505.75,Completed
ORD001692,2023-03-21,CUST01267,PROD0054,B002,2,2255.35,0.1,2029.82,1524.07,505.75,Completed
ORD001692,2023-03-21,CUST01267,PROD0054,B002,2,2255.35,0.1,2029.82,1524.07,505.75,Completed
ORD001692,2023-03-21,CUST01267,PROD0054,B002,2,2255.35,0.1,2029.82,1524.07,505.75,Completed
ORD001692,2023-03-21,CUST01267,PROD0054,B002,2,2255.35,0.1,2029.82,1524.07,505.75,Completed
ORD001692,2023-03-21,CUST01267,PROD0054,B002,2,2255.35,0.1,2029.82,1524.07,505.75,Completed
ORD001692,2023-03-21,CUST01267,PROD0054,B002,2,2255.35,0.1,2029.82,1524.07,505.75,Completed
ORD001692,2023-03-21,CUST01267,PROD0054,B002,2,2255.35,0.1,2029.82,1524.07,505.75,Completed
ORD001692,2023-03-21,CUST01267,PROD0054,B002,2,2255.35,0.1,2029.82,1524.07,505.75,Completed
ORD001692,2023-03-21,CUST01267,PROD0054,B002,2,2255.35,0.1,2029.82,1524.07,505.75,Completed
ORD001692,2023-03-21,CUST01267,PROD0054,B002,2,2255.35,0.1,2029.82,1524.07,505.75,Completed
ORD001692,2023-03-21,CUST01267,PROD0054,B002,2,2255.35,0.1,2029.82,1524.07,505.75,Completed
ORD001692,2023-03-21,CUST01267,PROD0054,B002,2,2255.35,0.1,2029.82,1524.07,505.75,Completed
ORD001692,2023-03-21,CUST01267,PROD0054,B002,2,2255.35,0.1,2029.82,1524.07,505.75,Completed
ORD001692,2023-03-21,CUST01267,PROD0054,B002,2,2255.35,0.1,2029.82,1524.07,505.75,Completed
ORD001692,2023-03-21,CUST01267,PROD0054,B002,2,2255.35,0.1,2029.82,1524.07,505.75,Completed
ORD001692,2023-03-21,CUST01267,PROD0054,B002,2,2255.35,0.1,2029.82,1524.07,505.75,Completed
ORD001692,2023-03-21,CUST01267,PROD0054,B002,2,2255.35,0.1,2029.82,1524.07,505.75,Completed
ORD001692,2023-03-21,CUST01267,PROD0054,B002,2,2255.35,0.1,2029.82,1524.07,505.75,Completed
ORD001692,2023-03-21,CUST01267,PROD0054,B002,2,2255.35,0.1,2029.82,1524.07,505.75,Completed
ORD001692,2023-03-21,CUST01267,PROD0054,B002,2,2255.35,0.1,2029.82,1524.07,505.75,Completed
ORD001692,2023-03-21,CUST01267,PROD0054,B002,2,2255.35,0.1,2029.82,1524.07,505.75,Completed
ORD001692,2023-03-21,CUST01267,PROD0054,B002,2,2255.35,0.1,2029.82,1524.07,505.75,Completed
ORD001692,2023-03-21,CUST01267,PROD0054,B002,2,2255.35,0.1,2029.82,1524.07,505.75,Completed
ORD001692,2023-03-21,CUST01267,PROD0054,B002,2,2255.35,0.1,2029.82,1524.07,505.75,Completed
ORD001692,2023-03-21,CUST01267,PROD0054,B002,2,2255.35,0.1,2029.82,1524.07,505.75,Completed
ORD001692,2023-03-21,CUST01267,PROD0054,B002,2,2255.35,0.1,2029.82,1524.07,505.75,Completed
ORD001692,2023-03-21,CUST01267,PROD0054,B002,2,2255.35,0.1,2029.82,1524.07,505.75,Completed
ORD001692,2023-03-21,CUST01267,PROD0054,B002,2,2255.35,0.1,2029.82,1524.07,505.75,Completed
ORD001692,2023-03-21,CUST01267,PROD0054,B002,2,2255.35,0.1,2029.82,1524.07,505.75,Completed
ORD001692,2023-03-21,CUST01267,PROD0054,B002,2,2255.35,0.1,2029.82,1524.07,505.75,Completed
ORD001692,2023-03-21,CUST01267,PROD0054,B002,2,2255.35,0.1,2029.82,1524.07,505.75,Completed
ORD001692,2023-03-21,CUST01267,PROD0054,B002,2,2255.35,0.1,2029.82,1524.07,505.75,Completed
ORD001692,2023-03-21,CUST01267,PROD0054,B002,2,2255.35,0.1,2029.82,1524.07,505.75,Completed
ORD001692,2023-03-21,CUST01267,PROD0054,B002,2,2255.35,0.1,2029.82,1524.07,505.75,Completed
ORD001692,2023-03-21,CUST01267,PROD0054,B002,2,2255.35,0.1,2029.82,1524.07,505.75,Completed
ORD001692,2023-03-21,CUST01267,PROD0054,B002,2,2255.35,0.1,2029.82,1524.07,505.75,Completed
ORD001692,2023-03-21,CUST01267,PROD0054,B002,2,2255.35,0.1,2029.82,1524.07,505.75,Completed
ORD001692,2023-03-21,CUST01267,PROD0054,B002,2,2255.35,0.1,2029.82,1524.07,505.75,Completed
ORD001692,2023-03-21,CUST01267,PROD0054,B002,2,2255.35,0.1,2029.82,1524.07,505.75,Completed
ORD001692,2023-03-21,CUST01267,PROD0054,B002,2,2255.35,0.1,2029.82,1524.07,505.75,Completed
ORD001692,2023-03-21,CUST01267,PROD0054,B002,2,2255.35,0.1,2029.82,1524.07,505.75,Completed
ORD001692,2023-03-21,CUST01267,PROD0054,B002,2,2255.35,0.1,2029.82,1524.07,505.75,Completed
ORD001692,2023-03-21,CUST01267,PROD0054,B002,2,2255.35,0.1,2029.82,1524.07,505.75,Completed
ORD001692,2023-03-21,CUST01267,PROD0054,B002,2,2255.35,0.1,2029.82,1524.07,505.75,Completed
ORD001692,2023-03-21,CUST01267,PROD0054,B002,2,2255.35,0.1,2029.82,1524.07,505.75,Completed
ORD001692,2023-03-21,CUST01267,PROD0054,B002,2,2255.35,0.1,2029.82,1524.07,505.75,Completed
ORD001692,2023-03-21,CUST01267,PROD0054,B002,2,2255.35,0.1,2029.82,1524.07,505.75,Completed
ORD001692,2023-03-21,CUST01267,PROD0054,B002,2,2255.35,0.1,2029.82,1524.07,505.75,Completed
ORD001692,2023-03-21,CUST01267,PROD0054,B002,2,2255.35,0.1,2029.82,1524.07,505.75,Completed
ORD001692,2023-03-21,CUST01267,PROD0054,B002,2,2255.35,0.1,2029.82,1524.07,505.75,Completed
ORD001692,2023-03-21,CUST01267,PROD0054,B002,2,2255.35,0.1,2029.82,1524.07,505.75,Completed
ORD001692,2023-03-21,CUST01267,PROD0054,B002,2,2255.35,0.1,2029.82,1524.07,505.75,Completed
ORD001692,2023-03-21,CUST01267,PROD0054,B002,2,2255.35,0.1,2029.82,1524.07,505.75,Completed
ORD001692,2023-03-21,CUST01267,PROD0054,B002,2,2255.35,0.1,2029.82,1524.07,505.75,Completed
ORD001692,2023-03-21,CUST01267,PROD0054,B002,2,2255.35,0.1,2029.82,1524.07,505.75,Completed
ORD001692,2023-03-21,CUST01267,PROD0054,B002,2,2255.35,0.1,2029.82,1524.07,505.75,Completed
ORD001692,2023-03-21,CUST01267,PROD0054,B002,2,2255.35,0.1,2029.82,1524.07,505.75,Completed
ORD001692,2023-03-21,CUST01267,PROD0054,B002,2,2255.35,0.1,2029.82,1524.07,505.75,Completed
ORD001692,2023-03-21,CUST01267,PROD0054,B002,2,2255.35,0.1,2029.82,1524.07,505.75,Completed
ORD001692,2023-03-21,CUST01267,PROD0054,B002,2,2255.35,0.1,2029.82,1524.07,505.75,Completed
ORD001692,2023-03-21,CUST01267,PROD0054,B002,2,2255.35,0.1,2029.82,1524.07,505.75,Completed
ORD001692,2023-03-21,CUST01267,PROD0054,B002,2,2255.35,0.1,2029.82,1524.07,505.75,Completed
ORD001692,2023-03-21,CUST01267,PROD0054,B002,2,2255.35,0.1,2029.82,1524.07,505.75,Completed
ORD001692,2023-03-21,CUST01267,PROD0054,B002,2,2255.35,0.1,2029.82,1524.07,505.75,Completed
ORD001692,2023-03-21,CUST01267,PROD0054,B002,2,2255.35,0.1,2029.82,1524.07,505.75,Completed
ORD001692,2023-03-21,CUST01267,PROD0054,B002,2,2255.35,0.1,2029.82,1524.07,505.75,Completed
ORD001692,2023-03-21,CUST01267,PROD0054,B002,2,2255.35,0.1,2029.82,1524.07,505.75,Completed
ORD001692,2023-03-21,CUST01267,PROD0054,B002,2,2255.35,0.1,2029.82,1524.07,505.75,Completed
ORD001692,2023-03-21,CUST01267,PROD0054,B002,2,2255.35,0.1,2029.82,1524.07,505.75,Completed
ORD001692,2023-03-21,CUST01267,PROD0054,B002,2,2255.35,0.1,2029.82,1524.07,505.75,Completed
ORD001692,2023-03-21,CUST01267,PROD0054,B002,2,2255.35,0.1,2029.82,1524.07,505.75,Completed
ORD001692,2023-03-21,CUST01267,PROD0054,B002,2,2255.35,0.1,2029.82,1524.07,505.75,Completed
ORD001692,2023-03-21,CUST01267,PROD0054,B002,2,2255.35,0.1,2029.82,1524.07,505.75,Completed
ORD001692,2023-03-21,CUST01267,PROD0054,B002,2,2255.35,0.1,2029.82,1524.07,505.75,Completed
ORD001692,2023-03-21,CUST01267,PROD0054,B002,2,2255.35,0.1,2029.82,1524.07,505.75,Completed
ORD001692,2023-03-21,CUST01267,PROD0054,B002,2,2255.35,0.1,2029.82,1524.07,505.75,Completed
ORD001692,2023-03-21,CUST01267,PROD0054,B002,2,2255.35,0.1,2029.82,1524.07,505.75,Completed
ORD001692,2023-03-21,CUST01267,PROD0054,B002,2,2255.35,0.1,2029.82,1524.07,505.75,Completed
ORD001692,2023-03-21,CUST01267,PROD0054,B002,2,2255.35,0.1,2029.82,1524.07,505.75,Completed
ORD001692,2023-03-21,CUST01267,PROD0054,B002,2,2255.35,0.1,2029.82,1524.07,505.75,Completed
ORD001692,2023-03-21,CUST01267,PROD0054,B002,2,2255.35,0.1,2029.82,1524.07,505.75,Completed
ORD001692,2023-03-21,CUST01267,PROD0054,B002,2,2255.35,0.1,2029.82,1524.07,505.75,Completed
ORD001692,2023-03-21,CUST01267,PROD0054,B002,2,2255.35,0.1,2029.82,1524.07,505.75,Completed
ORD001692,2023-03-21,CUST01267,PROD0054,B002,2,2255.35,0.1,2029.82,1524.07,505.75,Completed
ORD001692,2023-03-21,CUST01267,PROD0054,B002,2,2255.35,0.1,2029.82,1524.07,505.75,Completed
ORD001692,2023-03-21,CUST01267,PROD0054,B002,2,2255.35,0.1,2029.82,1524.07,505.75,Completed
ORD001692,2023-03-21,CUST01267,PROD0054,B002,2,2255.35,0.1,2029.82,1524.07,505.75,Completed
ORD001692,2023-03-21,CUST01267,PROD0054,B002,2,2255.35,0.1,2029.82,1524.07,505.75,Completed
ORD001692,2023-03-21,CUST01267,PROD0054,B002,2,2255.35,0.1,2029.82,1524.07,505.75,Completed
ORD001692,2023-03-21,CUST01267,PROD0054,B002,2,2255.35,0.1,2029.82,1524.07,505.75,Completed
ORD001692,2023-03-21,CUST01267,PROD0054,B002,2,2255.35,0.1,2029.82,1524.07,505.75,Completed
ORD001692,2023-03-21,CUST01267,PROD0054,B002,2,2255.35,0.1,2029.82,1524.07,505.75,Completed
ORD001692,2023-03-21,CUST01267,PROD0054,B002,2,2255.35,0.1,2029.82,1524.07,505.75,Completed
ORD001692,2023-03-21,CUST01267,PROD0054,B002,2,2255.35,0.1,2029.82,1524.07,505.75,Completed
ORD001692,2023-03-21,CUST01267,PROD0054,B002,2,2255.35,0.1,2029.82,1524.07,505.75,Completed
ORD001692,2023-03-21,CUST01267,PROD0054,B002,2,2255.35,0.1,2029.82,1524.07,505.75,Completed
ORD001692,2023-03-21,CUST01267,PROD0054,B002,2,2255.35,0.1,2029.82,1524.07,505.75,Completed
ORD001692,2023-03-21,CUST01267,PROD0054,B002,2,2255.35,0.1,2029.82,1524.07,505.75,Completed
ORD001692,2023-03-21,CUST01267,PROD0054,B002,2,2255.35,0.1,2029.82,1524.07,505.75,Completed
ORD001692,2023-03-21,CUST01267,PROD0054,B002,2,2255.35,0.1,2029.82,1524.07,505.75,Completed
ORD001692,2023-03-21,CUST01267,PROD0054,B002,2,2255.35,0.1,2029.82,1524.07,505.75,Completed
ORD001692,2023-03-21,CUST01267,PROD0054,B002,2,2255.35,0.1,2029.82,1524.07,505.75,Completed
ORD001692,2023-03-21,CUST01267,PROD0054,B002,2,2255.35,0.1,2029.82,1524.07,505.75,Completed
ORD001692,2023-03-21,CUST01267,PROD0054,B002,2,2255.35,0.1,2029.82,1524.07,505.75,Completed
ORD001692,2023-03-21,CUST01267,PROD0054,B002,2,2255.35,0.1,2029.82,1524.07,505.75,Completed
ORD001692,2023-03-21,CUST01267,PROD0054,B002,2,2255.35,0.1,2029.82,1524.07,505.75,Completed
ORD001692,2023-03-21,CUST01267,PROD0054,B002,2,2255.35,0.1,2029.82,1524.07,505.75,Completed
ORD001692,2023-03-21,CUST01267,PROD0054,B002,2,2255.35,0.1,2029.82,1524.07,505.75,Completed
ORD001692,2023-03-21,CUST01267,PROD0054,B002,2,2255.35,0.1,2029.82,1524.07,505.75,Completed
ORD001692,2023-03-21,CUST01267,PROD0054,B002,2,2255.35,0.1,2029.82,1524.07,505.75,Completed
ORD001692,2023-03-21,CUST01267,PROD0054,B002,2,2255.35,0.1,2029.82,1524.07,505.75,Completed
ORD001692,2023-03-21,CUST01267,PROD0054,B002,2,2255.35,0.1,2029.82,1524.07,505.75,Completed
ORD001692,2023-03-21,CUST01267,PROD0054,B002,2,2255.35,0.1,2029.82,1524.07,505.75,Completed
ORD001692,2023-03-21,CUST01267,PROD0054,B002,2,2255.35,0.1,2029.82,1524.07,505.75,Completed
ORD001692,2023-03-21,CUST01267,PROD0054,B002,2,2255.35,0.1,2029.82,1524.07,505.75,Completed
ORD001692,2023-03-21,CUST01267,PROD0054,B002,2,2255.35,0.1,2029.82,1524.07,505.75,Completed
ORD001692,2023-03-21,CUST01267,PROD0054,B002,2,2255.35,0.1,2029.82,1524.07,505.75,Completed
ORD001692,2023-03-21,CUST01267,PROD0054,B002,2,2255.35,0.1,2029.82,1524.07,505.75,Completed
ORD001692,2023-03-21,CUST01267,PROD0054,B002,2,2255.35,0.1,2029.82,1524.07,505.75,Completed
ORD001692,2023-03-21,CUST01267,PROD0054,B002,2,2255.35,0.1,2029.82,1524.07,505.75,Completed
ORD001692,2023-03-21,CUST01267,PROD0054,B002,2,2255.35,0.1,2029.82,1524.07,505.75,Completed
ORD001692,2023-03-21,CUST01267,PROD0054,B002,2,2255.35,0.1,2029.82,1524.07,505.75,Completed
ORD001692,2023-03-21,CUST01267,PROD0054,B002,2,2255.35,0.1,2029.82,1524.07,505.75,Completed
ORD001692,2023-03-21,CUST01267,PROD0054,B002,2,2255.35,0.1,2029.82,1524.07,505.75,Completed
ORD001692,2023-03-21,CUST01267,PROD0054,B002,2,2255.35,0.1,2029.82,1524.07,505.75,Completed
ORD001692,2023-03-21,CUST01267,PROD0054,B002,2,2255.35,0.1,2029.82,1524.07,505.75,Completed
ORD001692,2023-03-21,CUST01267,PROD0054,B002,2,2255.35,0.1,2029.82,1524.07,505.75,Completed
ORD001692,2023-03-21,CUST01267,PROD0054,B002,2,2255.35,0.1,2029.82,1524.07,505.75,Completed
ORD001692,2023-03-21,CUST01267,PROD0054,B002,2,2255.35,0.1,2029.82,1524.07,505.75,Completed
ORD001692,2023-03-21,CUST01267,PROD0054,B002,2,2255.35,0.1,2029.82,1524.07,505.75,Completed
ORD001692,2023-03-21,CUST01267,PROD0054,B002,2,2255.35,0.1,2029.82,1524.07,505.75,Completed
ORD001692,2023-03-21,CUST01267,PROD0054,B002,2,2255.35,0.1,2029.82,1524.07,505.75,Completed
ORD001692,2023-03-21,CUST01267,PROD0054,B002,2,2255.35,0.1,2029.82,1524.07,505.75,Completed
ORD001692,2023-03-21,CUST01267,PROD0054,B002,2,2255.35,0.1,2029.82,1524.07,505.75,Completed
ORD001692,2023-03-21,CUST01267,PROD0054,B002,2,2255.35,0.1,2029.82,1524.07,505.75,Completed
ORD001692,2023-03-21,CUST01267,PROD0054,B002,2,2255.35,0.1,2029.82,1524.07,505.75,Completed
ORD001692,2023-03-21,CUST01267,PROD0054,B002,2,2255.35,0.1,2029.82,1524.07,505.75,Completed
ORD001692,2023-03-21,CUST01267,PROD0054,B002,2,2255.35,0.1,2029.82,1524.07,505.75,Completed
ORD001692,2023-03-21,CUST01267,PROD0054,B002,2,2255.35,0.1,2029.82,1524.07,505.75,Completed
ORD001692,2023-03-21,CUST01267,PROD0054,B002,2,2255.35,0.1,2029.82,1524.07,505.75,Completed
ORD001692,2023-03-21,CUST01267,PROD0054,B002,2,2255.35,0.1,2029.82,1524.07,505.75,Completed
ORD001692,2023-03-21,CUST01267,PROD0054,B002,2,2255.35,0.1,2029.82,1524.07,505.75,Completed
ORD001692,2023-03-21,CUST01267,PROD0054,B002,2,2255.35,0.1,2029.82,1524.07,505.75,Completed
ORD001692,2023-03-21,CUST01267,PROD0054,B002,2,2255.35,0.1,2029.82,1524.07,505.75,Completed
ORD001692,2023-03-21,CUST01267,PROD0054,B002,2,2255.35,0.1,2029.82,1524.07,505.75,Completed
ORD001692,2023-03-21,CUST01267,PROD0054,B002,2,2255.35,0.1,2029.82,1524.07,505.75,Completed
ORD001692,2023-03-21,CUST01267,PROD0054,B002,2,2255.35,0.1,2029.82,1524.07,505.75,Completed
ORD001692,2023-03-21,CUST01267,PROD0054,B002,2,2255.35,0.1,2029.82,1524.07,505.75,Completed
ORD001692,2023-03-21,CUST01267,PROD0054,B002,2,2255.35,0.1,2029.82,1524.07,505.75,Completed
ORD001692,2023-03-21,CUST01267,PROD0054,B002,2,2255.35,0.1,2029.82,1524.07,505.75,Completed
ORD001692,2023-03-21,CUST01267,PROD0054,B002,2,2255.35,0.1,2029.82,1524.07,505.75,Completed
ORD001692,2023-03-21,CUST01267,PROD0054,B002,2,2255.35,0.1,2029.82,1524.07,505.75,Completed
ORD001692,2023-03-21,CUST01267,PROD0054,B002,2,2255.35,0.1,2029.82,1524.07,505.75,Completed
ORD001692,2023-03-21,CUST01267,PROD0054,B002,2,2255.35,0.1,2029.82,1524.07,505.75,Completed
ORD001692,2023-03-21,CUST01267,PROD0054,B002,2,2255.35,0.1,2029.82,1524.07,505.75,Completed
ORD001692,2023-03-21,CUST01267,PROD0054,B002,2,2255.35,0.1,2029.82,1524.07,505.75,Completed
ORD001692,2023-03-21,CUST01267,PROD0054,B002,2,2255.35,0.1,2029.82,1524.07,505.75,Completed
ORD001692,2023-03-21,CUST01267,PROD0054,B002,2,2255.35,0.1,2029.82,1524.07,505.75,Completed
ORD001692,2023-03-21,CUST01267,PROD0054,B002,2,2255.35,0.1,2029.82,1524.07,505.75,Completed
ORD001692,2023-03-21,CUST01267,PROD0054,B002,2,2255.35,0.1,2029.82,1524.07,505.75,Completed
ORD001692,2023-03-21,CUST01267,PROD0054,B002,2,2255.35,0.1,2029.82,1524.07,505.75,Completed
ORD001692,2023-03-21,CUST01267,PROD0054,B002,2,2255.35,0.1,2029.82,1524.07,505.75,Completed
ORD001692,2023-03-21,CUST01267,PROD0054,B002,2,2255.35,0.1,2029.82,1524.07,505.75,Completed
ORD001692,2023-03-21,CUST01267,PROD0054,B002,2,2255.35,0.1,2029.82,1524.07,505.75,Completed
ORD001692,2023-03-21,CUST01267,PROD0054,B002,2,2255.35,0.1,2029.82,1524.07,505.75,Completed
ORD001692,2023-03-21,CUST01267,PROD0054,B002,2,2255.35,0.1,2029.82,1524.07,505.75,Completed
ORD001692,2023-03-21,CUST01267,PROD0054,B002,2,2255.35,0.1,2029.82,1524.07,505.75,Completed
ORD001692,2023-03-21,CUST01267,PROD0054,B002,2,2255.35,0.1,2029.82,1524.07,505.75,Completed
ORD001692,2023-03-21,CUST01267,PROD0054,B002,2,2255.35,0.1,2029.82,1524.07,505.75,Completed
ORD001692,2023-03-21,CUST01267,PROD0054,B002,2,2255.35,0.1,2029.82,1524.07,505.75,Completed
ORD001692,2023-03-21,CUST01267,PROD0054,B002,2,2255.35,0.1,2029.82,1524.07,505.75,Completed
ORD001692,2023-03-21,CUST01267,PROD0054,B002,2,2255.35,0.1,2029.82,1524.07,505.75,Completed
ORD001692,2023-03-21,CUST01267,PROD0054,B002,2,2255.35,0.1,2029.82,1524.07,505.75,Completed
ORD001692,2023-03-21,CUST01267,PROD0054,B002,2,2255.35,0.1,2029.82,1524.07,505.75,Completed
ORD001692,2023-03-21,CUST01267,PROD0054,B002,2,2255.35,0.1,2029.82,1524.07,505.75,Completed
ORD001692,2023-03-21,CUST01267,PROD0054,B002,2,2255.35,0.1,2029.82,1524.07,505.75,Completed
ORD001692,2023-03-21,CUST01267,PROD0054,B002,2,2255.35,0.1,2029.82,1524.07,505.75,Completed
ORD001692,2023-03-21,CUST01267,PROD0054,B002,2,2255.35,0.1,2029.82,1524.07,505.75,Completed
ORD001692,2023-03-21,CUST01267,PROD0054,B002,2,2255.35,0.1,2029.82,1524.07,505.75,Completed
ORD001692,2023-03-21,CUST01267,PROD0054,B002,2,2255.35,0.1,2029.82,1524.07,505.75,Completed
ORD001692,2023-03-21,CUST01267,PROD0054,B002,2,2255.35,0.1,2029.82,1524.07,505.75,Completed
ORD001692,2023-03-21,CUST01267,PROD0054,B002,2,2255.35,0.1,2029.82,1524.07,505.75,Completed
ORD001692,2023-03-21,CUST01267,PROD0054,B002,2,2255.35,0.1,2029.82,1524.07,505.75,Completed
ORD001692,2023-03-21,CUST01267,PROD0054,B002,2,2255.35,0.1,2029.82,1524.07,505.75,Completed
ORD001692,2023-03-21,CUST01267,PROD0054,B002,2,2255.35,0.1,2029.82,1524.07,505.75,Completed
ORD001692,2023-03-21,CUST01267,PROD0054,B002,2,2255.35,0.1,2029.82,1524.07,505.75,Completed
ORD001692,2023-03-21,CUST01267,PROD0054,B002,2,2255.35,0.1,2029.82,1524.07,505.75,Completed
ORD001692,2023-03-21,CUST01267,PROD0054,B002,2,2255.35,0.1,2029.82,1524.07,505.75,Completed
ORD001692,2023-03-21,CUST01267,PROD0054,B002,2,2255.35,0.1,2029.82,1524.07,505.75,Completed
ORD001692,2023-03-21,CUST01267,PROD0054,B002,2,2255.35,0.1,2029.82,1524.07,505.75,Completed
ORD001692,2023-03-21,CUST01267,PROD0054,B002,2,2255.35,0.1,2029.82,1524.07,505.75,Completed
ORD001692,2023-03-21,CUST01267,PROD0054,B002,2,2255.35,0.1,2029.82,1524.07,505.75,Completed
ORD001692,2023-03-21,CUST01267,PROD0054,B002,2,2255.35,0.1,2029.82,1524.07,505.75,Completed
ORD001692,2023-03-21,CUST01267,PROD0054,B002,2,2255.35,0.1,2029.82,1524.07,505.75,Completed
ORD001692,2023-03-21,CUST01267,PROD0054,B002,2,2255.35,0.1,2029.82,1524.07,505.75,Completed
ORD001692,2023-03-21,CUST01267,PROD0054,B002,2,2255.35,0.1,2029.82,1524.07,505.75,Completed
ORD001692,2023-03-21,CUST01267,PROD0054,B002,2,2255.35,0.1,2029.82,1524.07,505.75,Completed
ORD001692,2023-03-21,CUST01267,PROD0054,B002,2,2255.35,0.1,2029.82,1524.07,505.75,Completed
ORD001692,2023-03-21,CUST01267,PROD0054,B002,2,2255.35,0.1,2029.82,1524.07,505.75,Completed
ORD001692,2023-03-21,CUST01267,PROD0054,B002,2,2255.35,0.1,2029.82,1524.07,505.75,Completed
ORD001692,2023-03-21,CUST01267,PROD0054,B002,2,2255.35,0.1,2029.82,1524.07,505.75,Completed
ORD001692,2023-03-21,CUST01267,PROD0054,B002,2,2255.35,0.1,2029.82,1524.07,505.75,Completed
ORD001692,2023-03-21,CUST01267,PROD0054,B002,2,2255.35,0.1,2029.82,1524.07,505.75,Completed
ORD001692,2023-03-21,CUST01267,PROD0054,B002,2,2255.35,0.1,2029.82,1524.07,505.75,Completed
ORD001692,2023-03-21,CUST01267,PROD0054,B002,2,2255.35,0.1,2029.82,1524.07,505.75,Completed
ORD001692,2023-03-21,CUST01267,PROD0054,B002,2,2255.35,0.1,2029.82,1524.07,505.75,Completed
ORD001692,2023-03-21,CUST01267,PROD0054,B002,2,2255.35,0.1,2029.82,1524.07,505.75,Completed
ORD001692,2023-03-21,CUST01267,PROD0054,B002,2,2255.35,0.1,2029.82,1524.07,505.75,Completed
ORD001692,2023-03-21,CUST01267,PROD0054,B002,2,2255.35,0.1,2029.82,1524.07,505.75,Completed
ORD001692,2023-03-21,CUST01267,PROD0054,B002,2,2255.35,0.1,2029.82,1524.07,505.75,Completed
ORD001692,2023-03-21,CUST01267,PROD0054,B002,2,2255.35,0.1,2029.82,1524.07,505.75,Completed
ORD001692,2023-03-21,CUST01267,PROD0054,B002,2,2255.35,0.1,2029.82,1524.07,505.75,Completed
ORD001692,2023-03-21,CUST01267,PROD0054,B002,2,2255.35,0.1,2029.82,1524.07,505.75,Completed
ORD001692,2023-03-21,CUST01267,PROD0054,B002,2,2255.35,0.1,2029.82,1524.07,505.75,Completed
ORD001692,2023-03-21,CUST01267,PROD0054,B002,2,2255.35,0.1,2029.82,1524.07,505.75,Completed
ORD001692,2023-03-21,CUST01267,PROD0054,B002,2,2255.35,0.1,2029.82,1524.07,505.75,Completed
ORD001692,2023-03-21,CUST01267,PROD0054,B002,2,2255.35,0.1,2029.82,1524.07,505.75,Completed
ORD001692,2023-03-21,CUST01267,PROD0054,B002,2,2255.35,0.1,2029.82,1524.07,505.75,Completed
ORD001692,2023-03-21,CUST01267,PROD0054,B002,2,2255.35,0.1,2029.82,1524.07,505.75,Completed
ORD001692,2023-03-21,CUST01267,PROD0054,B002,2,2255.35,0.1,2029.82,1524.07,505.75,Completed
ORD001692,2023-03-21,CUST01267,PROD0054,B002,2,2255.35,0.1,2029.82,1524.07,505.75,Completed
ORD001692,2023-03-21,CUST01267,PROD0054,B002,2,2255.35,0.1,2029.82,1524.07,505.75,Completed
ORD001692,2023-03-21,CUST01267,PROD0054,B002,2,2255.35,0.1,2029.82,1524.07,505.75,Completed
ORD001692,2023-03-21,CUST01267,PROD0054,B002,2,2255.35,0.1,2029.82,1524.07,505.75,Completed
ORD001692,2023-03-21,CUST01267,PROD0054,B002,2,2255.35,0.1,2029.82,1524.07,505.75,Completed
ORD001692,2023-03-21,CUST01267,PROD0054,B002,2,2255.35,0.1,2029.82,1524.07,505.75,Completed
ORD001692,2023-03-21,CUST01267,PROD0054,B002,2,2255.35,0.1,2029.82,1524.07,505.75,Completed
ORD001692,2023-03-21,CUST01267,PROD0054,B002,2,2255.35,0.1,2029.82,1524.07,505.75,Completed
ORD001692,2023-03-21,CUST01267,PROD0054,B002,2,2255.35,0.1,2029.82,1524.07,505.75,Completed
ORD001692,2023-03-21,CUST01267,PROD0054,B002,2,2255.35,0.1,2029.82,1524.07,505.75,Completed
ORD001692,2023-03-21,CUST01267,PROD0054,B002,2,2255.35,0.1,2029.82,1524.07,505.75,Completed
ORD001692,2023-03-21,CUST01267,PROD0054,B002,2,2255.35,0.1,2029.82,1524.07,505.75,Completed
ORD001692,2023-03-21,CUST01267,PROD0054,B002,2,2255.35,0.1,2029.82,1524.07,505.75,Completed
ORD001692,2023-03-21,CUST01267,PROD0054,B002,2,2255.35,0.1,2029.82,1524.07,505.75,Completed
ORD001692,2023-03-21,CUST01267,PROD0054,B002,2,2255.35,0.1,2029.82,1524.07,505.75,Completed
ORD001692,2023-03-21,CUST01267,PROD0054,B002,2,2255.35,0.1,2029.82,1524.07,505.75,Completed
ORD001692,2023-03-21,CUST01267,PROD0054,B002,2,2255.35,0.1,2029.82,1524.07,505.75,Completed
ORD001692,2023-03-21,CUST01267,PROD0054,B002,2,2255.35,0.1,2029.82,1524.07,505.75,Completed
ORD001692,2023-03-21,CUST01267,PROD0054,B002,2,2255.35,0.1,2029.82,1524.07,505.75,Completed
ORD001692,2023-03-21,CUST01267,PROD0054,B002,2,2255.35,0.1,2029.82,1524.07,505.75,Completed
ORD001692,2023-03-21,CUST01267,PROD0054,B002,2,2255.35,0.1,2029.82,1524.07,505.75,Completed
ORD001692,2023-03-21,CUST01267,PROD0054,B002,2,2255.35,0.1,2029.82,1524.07,505.75,Completed
ORD001692,2023-03-21,CUST01267,PROD0054,B002,2,2255.35,0.1,2029.82,1524.07,505.75,Completed
ORD001692,2023-03-21,CUST01267,PROD0054,B002,2,2255.35,0.1,2029.82,1524.07,505.75,Completed
ORD001692,2023-03-21,CUST01267,PROD0054,B002,2,2255.35,0.1,2029.82,1524.07,505.75,Completed
ORD001692,2023-03-21,CUST01267,PROD0054,B002,2,2255.35,0.1,2029.82,1524.07,505.75,Completed
ORD001692,2023-03-21,CUST01267,PROD0054,B002,2,2255.35,0.1,2029.82,1524.07,505.75,Completed
ORD001692,2023-03-21,CUST01267,PROD0054,B002,2,2255.35,0.1,2029.82,1524.07,505.75,Completed
ORD001692,2023-03-21,CUST01267,PROD0054,B002,2,2255.35,0.1,2029.82,1524.07,505.75,Completed
ORD001692,2023-03-21,CUST01267,PROD0054,B002,2,2255.35,0.1,2029.82,1524.07,505.75,Completed
ORD001692,2023-03-21,CUST01267,PROD0054,B002,2,2255.35,0.1,2029.82,1524.07,505.75,Completed
ORD001692,2023-03-21,CUST01267,PROD0054,B002,2,2255.35,0.1,2029.82,1524.07,505.75,Completed
ORD001692,2023-03-21,CUST01267,PROD0054,B002,2,2255.35,0.1,2029.82,1524.07,505.75,Completed
ORD001692,2023-03-21,CUST01267,PROD0054,B002,2,2255.35,0.1,2029.82,1524.07,505.75,Completed
ORD001692,2023-03-21,CUST01267,PROD0054,B002,2,2255.35,0.1,2029.82,1524.07,505.75,Completed
ORD001692,2023-03-21,CUST01267,PROD0054,B002,2,2255.35,0.1,2029.82,1524.07,505.75,Completed
ORD001692,2023-03-21,CUST01267,PROD0054,B002,2,2255.35,0.1,2029.82,1524.07,505.75,Completed
ORD001692,2023-03-21,CUST01267,PROD0054,B002,2,2255.35,0.1,2029.82,1524.07,505.75,Completed
ORD001692,2023-03-21,CUST01267,PROD0054,B002,2,2255.35,0.1,2029.82,1524.07,505.75,Completed
ORD001692,2023-03-21,CUST01267,PROD0054,B002,2,2255.35,0.1,2029.82,1524.07,505.75,Completed
ORD001692,2023-03-21,CUST01267,PROD0054,B002,2,2255.35,0.1,2029.82,1524.07,505.75,Completed
ORD001692,2023-03-21,CUST01267,PROD0054,B002,2,2255.35,0.1,2029.82,1524.07,505.75,Completed
ORD001692,2023-03-21,CUST01267,PROD0054,B002,2,2255.35,0.1,2029.82,1524.07,505.75,Completed
ORD001692,2023-03-21,CUST01267,PROD0054,B002,2,2255.35,0.1,2029.82,1524.07,505.75,Completed
ORD001692,2023-03-21,CUST01267,PROD0054,B002,2,2255.35,0.1,2029.82,1524.07,505.75,Completed
ORD001692,2023-03-21,CUST01267,PROD0054,B002,2,2255.35,0.1,2029.82,1524.07,505.75,Completed
ORD001692,2023-03-21,CUST01267,PROD0054,B002,2,2255.35,0.1,2029.82,1524.07,505.75,Completed
ORD001692,2023-03-21,CUST01267,PROD0054,B002,2,2255.35,0.1,2029.82,1524.07,505.75,Completed
ORD001692,2023-03-21,CUST01267,PROD0054,B002,2,2255.35,0.1,2029.82,1524.07,505.75,Completed
ORD001692,2023-03-21,CUST01267,PROD0054,B002,2,2255.35,0.1,2029.82,1524.07,505.75,Completed
ORD001692,2023-03-21,CUST01267,PROD0054,B002,2,2255.35,0.1,2029.82,1524.07,505.75,Completed
ORD001692,2023-03-21,CUST01267,PROD0054,B002,2,2255.35,0.1,2029.82,1524.07,505.75,Completed
ORD001692,2023-03-21,CUST01267,PROD0054,B002,2,2255.35,0.1,2029.82,1524.07,505.75,Completed
ORD001692,2023-03-21,CUST01267,PROD0054,B002,2,2255.35,0.1,2029.82,1524.07,505.75,Completed
ORD001692,2023-03-21,CUST01267,PROD0054,B002,2,2255.35,0.1,2029.82,1524.07,505.75,Completed
ORD001692,2023-03-21,CUST01267,PROD0054,B002,2,2255.35,0.1,2029.82,1524.07,505.75,Completed
ORD001692,2023-03-21,CUST01267,PROD0054,B002,2,2255.35,0.1,2029.82,1524.07,505.75,Completed
ORD001692,2023-03-21,CUST01267,PROD0054,B002,2,2255.35,0.1,2029.82,1524.07,505.75,Completed
ORD001692,2023-03-21,CUST01267,PROD0054,B002,2,2255.35,0.1,2029.82,1524.07,505.75,Completed
ORD001692,2023-03-21,CUST01267,PROD0054,B002,2,2255.35,0.1,2029.82,1524.07,505.75,Completed
ORD001692,2023-03-21,CUST01267,PROD0054,B002,2,2255.35,0.1,2029.82,1524.07,505.75,Completed
ORD001692,2023-03-21,CUST01267,PROD0054,B002,2,2255.35,0.1,2029.82,1524.07,505.75,Completed
ORD001692,2023-03-21,CUST01267,PROD0054,B002,2,2255.35,0.1,2029.82,1524.07,505.75,Completed
ORD001692,2023-03-21,CUST01267,PROD0054,B002,2,2255.35,0.1,2029.82,1524.07,505.75,Completed
ORD001692,2023-03-21,CUST01267,PROD0054,B002,2,2255.35,0.1,2029.82,1524.07,505.75,Completed
ORD001692,2023-03-21,CUST01267,PROD0054,B002,2,2255.35,0.1,2029.82,1524.07,505.75,Completed
ORD001692,2023-03-21,CUST01267,PROD0054,B002,2,2255.35,0.1,2029.82,1524.07,505.75,Completed
ORD001692,2023-03-21,CUST01267,PROD0054,B002,2,2255.35,0.1,2029.82,1524.07,505.75,Completed
ORD001692,2023-03-21,CUST01267,PROD0054,B002,2,2255.35,0.1,2029.82,1524.07,505.75,Completed
ORD001692,2023-03-21,CUST01267,PROD0054,B002,2,2255.35,0.1,2029.82,1524.07,505.75,Completed
ORD001692,2023-03-21,CUST01267,PROD0054,B002,2,2255.35,0.1,2029.82,1524.07,505.75,Completed
ORD001692,2023-03-21,CUST01267,PROD0054,B002,2,2255.35,0.1,2029.82,1524.07,505.75,Completed
ORD001692,2023-03-21,CUST01267,PROD0054,B002,2,2255.35,0.1,2029.82,1524.07,505.75,Completed
ORD001692,2023-03-21,CUST01267,PROD0054,B002,2,2255.35,0.1,2029.82,1524.07,505.75,Completed
ORD001692,2023-03-21,CUST01267,PROD0054,B002,2,2255.35,0.1,2029.82,1524.07,505.75,Completed
ORD001692,2023-03-21,CUST01267,PROD0054,B002,2,2255.35,0.1,2029.82,1524.07,505.75,Completed
ORD001692,2023-03-21,CUST01267,PROD0054,B002,2,2255.35,0.1,2029.82,1524.07,505.75,Completed
ORD001692,2023-03-21,CUST01267,PROD0054,B002,2,2255.35,0.1,2029.82,1524.07,505.75,Completed
ORD001692,2023-03-21,CUST01267,PROD0054,B002,2,2255.35,0.1,2029.82,1524.07,505.75,Completed
ORD001692,2023-03-21,CUST01267,PROD0054,B002,2,2255.35,0.1,2029.82,1524.07,505.75,Completed
ORD001692,2023-03-21,CUST01267,PROD0054,B002,2,2255.35,0.1,2029.82,1524.07,505.75,Completed
ORD001692,2023-03-21,CUST01267,PROD0054,B002,2,2255.35,0.1,2029.82,1524.07,505.75,Completed
ORD001692,2023-03-21,CUST01267,PROD0054,B002,2,2255.35,0.1,2029.82,1524.07,505.75,Completed
ORD001692,2023-03-21,CUST01267,PROD0054,B002,2,2255.35,0.1,2029.82,1524.07,505.75,Completed
ORD001692,2023-03-21,CUST01267,PROD0054,B002,2,2255.35,0.1,2029.82,1524.07,505.75,Completed
ORD001692,2023-03-21,CUST01267,PROD0054,B002,2,2255.35,0.1,2029.82,1524.07,505.75,Completed
ORD001692,2023-03-21,CUST01267,PROD0054,B002,2,2255.35,0.1,2029.82,1524.07,505.75,Completed
ORD001692,2023-03-21,CUST01267,PROD0054,B002,2,2255.35,0.1,2029.82,1524.07,505.75,Completed
ORD001692,2023-03-21,CUST01267,PROD0054,B002,2,2255.35,0.1,2029.82,1524.07,505.75,Completed
ORD001692,2023-03-21,CUST01267,PROD0054,B002,2,2255.35,0.1,2029.82,1524.07,505.75,Completed
ORD001692,2023-03-21,CUST01267,PROD0054,B002,2,2255.35,0.1,2029.82,1524.07,505.75,Completed
ORD001692,2023-03-21,CUST01267,PROD0054,B002,2,2255.35,0.1,2029.82,1524.07,505.75,Completed
ORD001692,2023-03-21,CUST01267,PROD0054,B002,2,2255.35,0.1,2029.82,1524.07,505.75,Completed
ORD001692,2023-03-21,CUST01267,PROD0054,B002,2,2255.35,0.1,2029.82,1524.07,505.75,Completed
ORD001692,2023-03-21,CUST01267,PROD0054,B002,2,2255.35,0.1,2029.82,1524.07,505.75,Completed
ORD001692,2023-03-21,CUST01267,PROD0054,B002,2,2255.35,0.1,2029.82,1524.07,505.75,Completed
ORD001692,2023-03-21,CUST01267,PROD0054,B002,2,2255.35,0.1,2029.82,1524.07,505.75,Completed
ORD001692,2023-03-21,CUST01267,PROD0054,B002,2,2255.35,0.1,2029.82,1524.07,505.75,Completed
ORD001692,2023-03-21,CUST01267,PROD0054,B002,2,2255.35,0.1,2029.82,1524.07,505.75,Completed
ORD001692,2023-03-21,CUST01267,PROD0054,B002,2,2255.35,0.1,2029.82,1524.07,505.75,Completed
ORD001692,2023-03-21,CUST01267,PROD0054,B002,2,2255.35,0.1,2029.82,1524.07,505.75,Completed
ORD001692,2023-03-21,CUST01267,PROD0054,B002,2,2255.35,0.1,2029.82,1524.07,505.75,Completed
ORD001692,2023-03-21,CUST01267,PROD0054,B002,2,2255.35,0.1,2029.82,1524.07,505.75,Completed
ORD001692,2023-03-21,CUST01267,PROD0054,B002,2,2255.35,0.1,2029.82,1524.07,505.75,Completed
ORD001692,2023-03-21,CUST01267,PROD0054,B002,2,2255.35,0.1,2029.82,1524.07,505.75,Completed
ORD001692,2023-03-21,CUST01267,PROD0054,B002,2,2255.35,0.1,2029.82,1524.07,505.75,Completed
ORD001692,2023-03-21,CUST01267,PROD0054,B002,2,2255.35,0.1,2029.82,1524.07,505.75,Completed
ORD001692,2023-03-21,CUST01267,PROD0054,B002,2,2255.35,0.1,2029.82,1524.07,505.75,Completed
ORD001692,2023-03-21,CUST01267,PROD0054,B002,2,2255.35,0.1,2029.82,1524.07,505.75,Completed
ORD001692,2023-03-21,CUST01267,PROD0054,B002,2,2255.35,0.1,2029.82,1524.07,505.75,Completed
ORD001692,2023-03-21,CUST01267,PROD0054,B002,2,2255.35,0.1,2029.82,1524.07,505.75,Completed
ORD001692,2023-03-21,CUST01267,PROD0054,B002,2,2255.35,0.1,2029.82,1524.07,505.75,Completed
ORD001692,2023-03-21,CUST01267,PROD0054,B002,2,2255.35,0.1,2029.82,1524.07,505.75,Completed
ORD001692,2023-03-21,CUST01267,PROD0054,B002,2,2255.35,0.1,2029.82,1524.07,505.75,Completed
ORD001692,2023-03-21,CUST01267,PROD0054,B002,2,2255.35,0.1,2029.82,1524.07,505.75,Completed
ORD001692,2023-03-21,CUST01267,PROD0054,B002,2,2255.35,0.1,2029.82,1524.07,505.75,Completed
ORD001692,2023-03-21,CUST01267,PROD0054,B002,2,2255.35,0.1,2029.82,1524.07,505.75,Completed
ORD001692,2023-03-21,CUST01267,PROD0054,B002,2,2255.35,0.1,2029.82,1524.07,505.75,Completed
ORD001692,2023-03-21,CUST01267,PROD0054,B002,2,2255.35,0.1,2029.82,1524.07,505.75,Completed
ORD001692,2023-03-21,CUST01267,PROD0054,B002,2,2255.35,0.1,2029.82,1524.07,505.75,Completed
ORD001692,2023-03-21,CUST01267,PROD0054,B002,2,2255.35,0.1,2029.82,1524.07,505.75,Completed
ORD001692,2023-03-21,CUST01267,PROD0054,B002,2,2255.35,0.1,2029.82,1524.07,505.75,Completed
ORD001692,2023-03-21,CUST01267,PROD0054,B002,2,2255.35,0.1,2029.82,1524.07,505.75,Completed
ORD001692,2023-03-21,CUST01267,PROD0054,B002,2,2255.35,0.1,2029.82,1524.07,505.75,Completed
ORD001692,2023-03-21,CUST01267,PROD0054,B002,2,2255.35,0.1,2029.82,1524.07,505.75,Completed
ORD001692,2023-03-21,CUST01267,PROD0054,B002,2,2255.35,0.1,2029.82,1524.07,505.75,Completed
ORD001692,2023-03-21,CUST01267,PROD0054,B002,2,2255.35,0.1,2029.82,1524.07,505.75,Completed
ORD001692,2023-03-21,CUST01267,PROD0054,B002,2,2255.35,0.1,2029.82,1524.07,505.75,Completed
ORD001692,2023-03-21,CUST01267,PROD0054,B002,2,2255.35,0.1,2029.82,1524.07,505.75,Completed
ORD001692,2023-03-21,CUST01267,PROD0054,B002,2,2255.35,0.1,2029.82,1524.07,505.75,Completed
ORD001692,2023-03-21,CUST01267,PROD0054,B002,2,2255.35,0.1,2029.82,1524.07,505.75,Completed
ORD001692,2023-03-21,CUST01267,PROD0054,B002,2,2255.35,0.1,2029.82,1524.07,505.75,Completed
ORD001692,2023-03-21,CUST01267,PROD0054,B002,2,2255.35,0.1,2029.82,1524.07,505.75,Completed
ORD001692,2023-03-21,CUST01267,PROD0054,B002,2,2255.35,0.1,2029.82,1524.07,505.75,Completed
ORD001692,2023-03-21,CUST01267,PROD0054,B002,2,2255.35,0.1,2029.82,1524.07,505.75,Completed
ORD001692,2023-03-21,CUST01267,PROD0054,B002,2,2255.35,0.1,2029.82,1524.07,505.75,Completed
ORD001692,2023-03-21,CUST01267,PROD0054,B002,2,2255.35,0.1,2029.82,1524.07,505.75,Completed
ORD001692,2023-03-21,CUST01267,PROD0054,B002,2,2255.35,0.1,2029.82,1524.07,505.75,Completed
ORD001692,2023-03-21,CUST01267,PROD0054,B002,2,2255.35,0.1,2029.82,1524.07,505.75,Completed
ORD001692,2023-03-21,CUST01267,PROD0054,B002,2,2255.35,0.1,2029.82,1524.07,505.75,Completed
ORD001692,2023-03-21,CUST01267,PROD0054,B002,2,2255.35,0.1,2029.82,1524.07,505.75,Completed
ORD001692,2023-03-21,CUST01267,PROD0054,B002,2,2255.35,0.1,2029.82,1524.07,505.75,Completed
ORD001692,2023-03-21,CUST01267,PROD0054,B002,2,2255.35,0.1,2029.82,1524.07,505.75,Completed
ORD001692,2023-03-21,CUST01267,PROD0054,B002,2,2255.35,0.1,2029.82,1524.07,505.75,Completed
ORD001692,2023-03-21,CUST01267,PROD0054,B002,2,2255.35,0.1,2029.82,1524.07,505.75,Completed
ORD001692,2023-03-21,CUST01267,PROD0054,B002,2,2255.35,0.1,2029.82,1524.07,505.75,Completed
ORD001692,2023-03-21,CUST01267,PROD0054,B002,2,2255.35,0.1,2029.82,1524.07,505.75,Completed
ORD001692,2023-03-21,CUST01267,PROD0054,B002,2,2255.35,0.1,2029.82,1524.07,505.75,Completed
ORD001692,2023-03-21,CUST01267,PROD0054,B002,2,2255.35,0.1,2029.82,1524.07,505.75,Completed
ORD001692,2023-03-21,CUST01267,PROD0054,B002,2,2255.35,0.1,2029.82,1524.07,505.75,Completed
ORD001692,2023-03-21,CUST01267,PROD0054,B002,2,2255.35,0.1,2029.82,1524.07,505.75,Completed
ORD001692,2023-03-21,CUST01267,PROD0054,B002,2,2255.35,0.1,2029.82,1524.07,505.75,Completed
ORD001692,2023-03-21,CUST01267,PROD0054,B002,2,2255.35,0.1,2029.82,1524.07,505.75,Completed
ORD001692,2023-03-21,CUST01267,PROD0054,B002,2,2255.35,0.1,2029.82,1524.07,505.75,Completed
ORD001692,2023-03-21,CUST01267,PROD0054,B002,2,2255.35,0.1,2029.82,1524.07,505.75,Completed
ORD001692,2023-03-21,CUST01267,PROD0054,B002,2,2255.35,0.1,2029.82,1524.07,505.75,Completed
ORD001692,2023-03-21,CUST01267,PROD0054,B002,2,2255.35,0.1,2029.82,1524.07,505.75,Completed
ORD001692,2023-03-21,CUST01267,PROD0054,B002,2,2255.35,0.1,2029.82,1524.07,505.75,Completed
ORD001692,2023-03-21,CUST01267,PROD0054,B002,2,2255.35,0.1,2029.82,1524.07,505.75,Completed
ORD001692,2023-03-21,CUST01267,PROD0054,B002,2,2255.35,0.1,2029.82,1524.07,505.75,Completed
ORD001692,2023-03-21,CUST01267,PROD0054,B002,2,2255.35,0.1,2029.82,1524.07,505.75,Completed
ORD001692,2023-03-21,CUST01267,PROD0054,B002,2,2255.35,0.1,2029.82,1524.07,505.75,Completed
ORD001692,2023-03-21,CUST01267,PROD0054,B002,2,2255.35,0.1,2029.82,1524.07,505.75,Completed
ORD001692,2023-03-21,CUST01267,PROD0054,B002,2,2255.35,0.1,2029.82,1524.07,505.75,Completed
ORD001692,2023-03-21,CUST01267,PROD0054,B002,2,2255.35,0.1,2029.82,1524.07,505.75,Completed
ORD001692,2023-03-21,CUST01267,PROD0054,B002,2,2255.35,0.1,2029.82,1524.07,505.75,Completed
ORD001692,2023-03-21,CUST01267,PROD0054,B002,2,2255.35,0.1,2029.82,1524.07,505.75,Completed
ORD001692,2023-03-21,CUST01267,PROD0054,B002,2,2255.35,0.1,2029.82,1524.07,505.75,Completed
ORD001692,2023-03-21,CUST01267,PROD0054,B002,2,2255.35,0.1,2029.82,1524.07,505.75,Completed
ORD001692,2023-03-21,CUST01267,PROD0054,B002,2,2255.35,0.1,2029.82,1524.07,505.75,Completed
ORD001692,2023-03-21,CUST01267,PROD0054,B002,2,2255.35,0.1,2029.82,1524.07,505.75,Completed
ORD001692,2023-03-21,CUST01267,PROD0054,B002,2,2255.35,0.1,2029.82,1524.07,505.75,Completed
ORD001692,2023-03-21,CUST01267,PROD0054,B002,2,2255.35,0.1,2029.82,1524.07,505.75,Completed
ORD001692,2023-03-21,CUST01267,PROD0054,B002,2,2255.35,0.1,2029.82,1524.07,505.75,Completed
ORD001692,2023-03-21,CUST01267,PROD0054,B002,2,2255.35,0.1,2029.82,1524.07,505.75,Completed
ORD001692,2023-03-21,CUST01267,PROD0054,B002,2,2255.35,0.1,2029.82,1524.07,505.75,Completed
ORD001692,2023-03-21,CUST01267,PROD0054,B002,2,2255.35,0.1,2029.82,1524.07,505.75,Completed
ORD001692,2023-03-21,CUST01267,PROD0054,B002,2,2255.35,0.1,2029.82,1524.07,505.75,Completed
ORD001692,2023-03-21,CUST01267,PROD0054,B002,2,2255.35,0.1,2029.82,1524.07,505.75,Completed
ORD001692,2023-03-21,CUST01267,PROD0054,B002,2,2255.35,0.1,2029.82,1524.07,505.75,Completed
ORD001692,2023-03-21,CUST01267,PROD0054,B002,2,2255.35,0.1,2029.82,1524.07,505.75,Completed
ORD001692,2023-03-21,CUST01267,PROD0054,B002,2,2255.35,0.1,2029.82,1524.07,505.75,Completed
ORD001692,2023-03-21,CUST01267,PROD0054,B002,2,2255.35,0.1,2029.82,1524.07,505.75,Completed
ORD001692,2023-03-21,CUST01267,PROD0054,B002,2,2255.35,0.1,2029.82,1524.07,505.75,Completed
ORD001692,2023-03-21,CUST01267,PROD0054,B002,2,2255.35,0.1,2029.82,1524.07,505.75,Completed
ORD001692,2023-03-21,CUST01267,PROD0054,B002,2,2255.35,0.1,2029.82,1524.07,505.75,Completed
ORD001692,2023-03-21,CUST01267,PROD0054,B002,2,2255.35,0.1,2029.82,1524.07,505.75,Completed
