OrderID,OrderDate,CustomerID,ProductID,BranchID,Quantity,GrossSales,DiscountPct,Amount,Cost,Profit,OrderStatus
ORD000003,2026-01-22,CUST00467,PROD0053,B001,2,1111.68,0.1,1000.51,723.21,277.3,Completed
ORD000005,2026-08-15,CUST01647,PROD0071,B003,3,1439.36,0.2,1151.49,1120.72,30.77,Completed
ORD000008,2026-04-24,CUST01251,PROD0074,B004,2,1305.69,0.1,1175.12,1009.68,165.44,Completed
ORD000015,2026-03-08,CUST01323,PROD0001,B001,1,1939.39,0.1,1745.46,1063.18,682.28,Completed
ORD000025,2026-08-06,CUST00319,PROD0093,B003,2,1732.71,0.2,1386.16,1271.34,114.82,Completed
ORD000046,2026-04-08,CUST01280,PROD0085,B002,3,129.15,0.15,109.78,102.34,7.44,Completed
ORD000047,2026-04-06,CUST01893,PROD0004,B005,3,897.52,0.15,762.9,573.31,189.59,Completed
ORD000058,2026-03-11,CUST02050,PROD0095,B001,3,1065.41,0.2,852.33,803.65,48.68,Completed
ORD000063,2026-10-04,CUST01186,PROD0106,B004,4,2874.32,0.0,2874.32,1724.88,1149.44,Completed
ORD000065,2026-03-31,CUST00312,PROD0003,B003,1,377.79,0.15,321.12,267.73,53.39,Completed
ORD000067,2026-07-05,CUST02081,PROD0054,B001,5,5638.39,0.15,4792.63,3810.16,982.47,Completed
ORD000071,2026-12-01,CUST00296,PROD0072,B002,4,1860.63,0.0,1860.63,1306.48,554.15,Completed
ORD000078,2026-01-15,CUST01634,PROD0030,B002,3,3058.15,0.05,2905.24,2440.78,464.46,Completed
ORD000080,2026-02-11,CUST01867,PROD0094,B001,3,585.84,0.1,527.26,351.05,176.21,Completed
ORD000084,2026-02-06,CUST00035,PROD0113,B001,4,5016.73,0.05,4765.9,3627.81,1138.09,Completed
ORD000088,2026-08-10,CUST00931,PROD0013,B003,1,676.55,0.2,541.24,457.72,83.52,Completed
ORD000091,2026-08-25,CUST01146,PROD0109,B002,3,4067.6,0.1,3660.84,2925.33,735.51,Completed
ORD000093,2026-11-23,CUST01652,PROD0108,B003,2,1819.76,0.0,1819.76,1046.85,772.91,Completed
ORD000095,2026-04-19,CUST01037,PROD0079,B002,2,346.61,0.0,346.61,233.14,113.47,Completed
ORD000096,2026-11-17,CUST00379,PROD0104,B001,2,3204.91,0.25,2403.68,2119.14,284.54,Completed
ORD000100,2026-11-18,CUST01590,PROD0107,B004,4,7112.81,0.2,5690.25,4350.68,1339.57,Completed
ORD000103,2026-05-27,CUST00269,PROD0090,B001,1,319.88,0.1,287.89,200.18,87.71,Completed
ORD000105,2026-01-30,CUST01138,PROD0081,B003,4,532.43,0.0,532.43,396.43,136.0,Completed
ORD000111,2026-05-27,CUST01395,PROD0004,B004,5,1495.87,0.05,1421.08,955.52,465.56,Completed
ORD000121,2026-04-03,CUST01652,PROD0068,B004,2,2049.87,0.1,1844.88,1646.73,198.15,Completed
ORD000123,2026-07-04,CUST00911,PROD0085,B004,5,215.26,0.2,172.21,170.57,1.64,Completed
ORD000126,2026-12-04,CUST01923,PROD0066,B002,3,2667.94,0.15,2267.75,3013.47,-745.72,Completed
ORD000127,2026-08-26,CUST02209,PROD0023,B001,5,4409.64,0.15,3748.19,3934.59,-186.4,Completed
ORD000129,2026-11-29,CUST00455,PROD0026,B002,1,393.51,0.15,334.48,284.3,50.18,Completed
ORD000136,2026-08-07,CUST01558,PROD0077,B004,5,1520.11,0.05,1444.11,1230.26,213.85,Completed
ORD000143,2026-03-18,CUST00312,PROD0082,B002,4,8378.11,0.2,6702.49,4534.66,2167.83,Completed
ORD000144,2026-06-25,CUST00269,PROD0014,B003,3,4142.63,0.15,3521.24,2371.81,1149.43,Completed
ORD000150,2026-07-01,CUST00117,PROD0113,B004,2,2508.37,0.25,1881.27,1813.91,67.36,Completed
ORD000155,2026-02-07,CUST01111,PROD0118,B002,5,1449.42,0.0,1449.42,970.84,478.58,Completed
ORD000163,2026-08-31,CUST00592,PROD0077,B005,2,608.04,0.15,516.84,492.1,24.74,Completed
ORD000170,2026-09-23,CUST01260,PROD0104,B005,5,8012.27,0.1,7211.04,5297.84,1913.2,Completed
ORD000180,2026-01-12,CUST00522,PROD0019,B001,2,1777.39,0.15,1510.78,1108.38,402.4,Completed
ORD000189,2026-04-22,CUST00027,PROD0049,B001,5,6663.61,0.2,5330.89,3855.39,1475.5,Completed
ORD000194,2026-10-19,CUST01576,PROD0083,B001,3,4962.56,0.1,4466.31,3364.43,1101.88,Completed
ORD000196,2026-02-06,CUST00289,PROD0110,B002,2,1593.43,0.1,1434.09,926.38,507.71,Completed
ORD000205,2026-03-03,CUST00722,PROD0076,B001,5,1499.88,0.15,1274.89,1200.24,74.65,Completed
ORD000206,2026-07-07,CUST01431,PROD0119,B005,3,1795.75,0.15,1526.39,1302.93,223.46,Completed
ORD000209,2026-04-05,CUST01670,PROD0015,B005,1,1421.07,0.1,1278.96,883.73,395.23,Completed
ORD000211,2026-07-09,CUST00854,PROD0023,B001,4,5092.22,0.15,4328.39,3147.68,1180.71,Completed
ORD000216,2026-12-08,CUST02002,PROD0067,B003,3,2720.42,0.15,2312.36,1491.98,820.38,Completed
ORD000217,2026-02-18,CUST01728,PROD0079,B001,2,346.61,0.05,329.27,233.14,96.13,Completed
ORD000225,2026-08-28,CUST00560,PROD0093,B002,4,3465.41,0.05,3292.14,2542.69,749.45,Completed
ORD000228,2026-06-03,CUST00889,PROD0059,B003,2,1950.0,0.0,1950.0,1233.42,716.58,Completed
ORD000238,2026-05-29,CUST01312,PROD0094,B003,2,390.56,0.2,312.45,234.04,78.41,Completed
ORD000240,2026-01-19,CUST00377,PROD0027,B002,3,2053.13,0.05,1950.48,1487.24,463.24,Completed
ORD000242,2026-04-28,CUST02451,PROD0077,B001,5,1520.11,0.1,1368.1,1230.26,137.84,Completed
ORD000253,2026-01-13,CUST00911,PROD0055,B005,1,464.74,0.15,395.03,263.54,131.49,Completed
ORD000255,2026-06-13,CUST00737,PROD0099,B001,5,4246.35,0.2,3397.08,2967.84,429.24,Completed
ORD000259,2026-09-15,CUST01917,PROD0098,B001,3,2998.18,0.15,2548.45,1676.49,871.96,Completed
ORD000265,2026-05-16,CUST01408,PROD0005,B002,4,2735.06,0.05,2598.31,3014.92,-416.61,Completed
ORD000266,2026-09-19,CUST02088,PROD0039,B005,4,5930.76,0.2,4744.6,3304.98,1439.62,Completed
ORD000279,2026-11-24,CUST00862,PROD0033,B004,2,582.47,0.05,553.35,766.49,-213.14,Completed
ORD000282,2026-09-20,CUST00183,PROD0090,B002,5,1599.39,0.25,1199.54,1000.91,198.63,Completed
ORD000288,2026-08-30,CUST01013,PROD0040,B004,3,2972.02,0.05,2823.42,1621.06,1202.36,Completed
ORD000294,2026-07-03,CUST01058,PROD0043,B002,3,874.19,0.15,743.06,535.94,207.12,Completed
ORD000296,2026-07-17,CUST00125,PROD0031,B002,5,3335.17,0.2,2668.14,2737.47,-69.33,Completed
ORD000297,2026-06-24,CUST01226,PROD0017,B005,4,3478.37,0.2,2782.7,2527.92,254.78,Completed
ORD000298,2026-07-02,CUST02150,PROD0103,B002,5,4363.29,0.1,3926.96,2582.17,1344.79,Completed
ORD000299,2026-01-10,CUST01800,PROD0112,B001,3,2599.09,0.25,1949.31,2034.98,-85.67,Completed
ORD000312,2026-09-07,CUST00860,PROD0018,B004,2,3442.62,0.05,3270.48,2143.81,1126.67,Completed
ORD000314,2026-02-07,CUST01665,PROD0087,B004,2,2362.13,0.05,2244.02,1649.39,594.63,Completed
ORD000318,2026-01-05,CUST01628,PROD0076,B005,2,599.95,0.1,539.96,480.1,59.86,Completed
ORD000319,2026-09-18,CUST01042,PROD0040,B002,2,1981.35,0.15,1684.14,1080.7,603.44,Completed
ORD000320,2026-04-11,CUST00194,PROD0004,B001,4,1196.7,0.2,957.36,764.42,192.94,Completed
ORD000321,2026-08-08,CUST02380,PROD0052,B002,2,1321.37,0.2,1057.09,906.7,150.39,Completed
ORD000322,2026-02-19,CUST00790,PROD0003,B001,3,1133.37,0.0,1133.37,803.19,330.18,Completed
ORD000323,2026-12-27,CUST01494,PROD0072,B003,3,1395.47,0.05,1325.7,979.86,345.84,Completed
ORD000325,2026-04-26,CUST01742,PROD0097,B004,5,8805.85,0.05,8365.56,5423.08,2942.48,Completed
ORD000333,2026-02-05,CUST00472,PROD0072,B004,2,930.32,0.0,930.32,653.24,277.08,Completed
ORD000337,2026-04-09,CUST01503,PROD0018,B002,1,1721.31,0.15,1463.11,1071.91,391.2,Completed
ORD000350,2026-12-30,CUST00001,PROD0011,B002,5,4239.74,0.2,3391.79,3288.12,103.67,Completed
ORD000359,2026-12-04,CUST00482,PROD0058,B001,4,1251.03,0.1,1125.92,698.33,427.59,Completed
ORD000363,2026-05-14,CUST00867,PROD0101,B004,2,1292.78,0.05,1228.14,921.0,307.14,Completed
ORD000364,2026-01-03,CUST01517,PROD0027,B002,4,2737.51,0.25,2053.13,1982.98,70.15,Completed
ORD000369,2026-07-08,CUST00833,PROD0068,B003,2,2049.87,0.2,1639.89,1646.73,-6.84,Completed
ORD000375,2026-01-03,CUST00962,PROD0066,B002,5,6991.07,0.15,5942.41,5022.45,919.96,Completed
ORD000378,2026-03-01,CUST00024,PROD0069,B003,2,2530.07,0.2,2024.06,1372.88,651.18,Completed
ORD000381,2026-08-23,CUST01392,PROD0052,B001,3,1982.05,0.1,1783.85,1360.05,423.8,Completed
ORD000387,2026-01-28,CUST00760,PROD0078,B002,4,3727.82,0.1,3355.04,2295.91,1059.13,Completed
ORD000397,2026-07-27,CUST02081,PROD0084,B003,3,1554.81,0.05,1477.07,1147.87,329.2,Completed
ORD000398,2026-06-23,CUST01373,PROD0076,B003,4,1199.9,0.0,1199.9,960.2,239.7,Completed
ORD000399,2026-08-13,CUST01446,PROD0119,B004,2,1197.16,0.2,957.73,868.62,89.11,Completed
ORD000406,2026-01-13,CUST01037,PROD0011,B005,3,2543.84,0.0,2543.84,1972.87,570.97,Completed
ORD000407,2026-05-11,CUST01541,PROD0075,B004,5,7069.49,0.25,5302.12,5462.28,-160.16,Completed
ORD000411,2026-07-22,CUST02204,PROD0093,B003,5,4331.76,0.2,3465.41,3178.36,287.05,Completed
ORD000413,2026-07-19,CUST02240,PROD0092,B001,3,313.33,0.1,282.0,199.91,82.09,Completed
ORD000414,2026-10-23,CUST01671,PROD0116,B005,1,262.17,0.15,222.85,215.09,7.76,Completed
ORD000416,2026-08-03,CUST00170,PROD0061,B001,5,2241.0,0.25,1680.75,1575.12,105.63,Completed
ORD000417,2026-10-25,CUST02419,PROD0006,B001,4,2677.86,0.15,2276.18,1943.61,332.57,Completed
ORD000421,2026-09-23,CUST01034,PROD0083,B002,5,8270.93,0.05,7857.39,5607.38,2250.01,Completed
ORD000423,2026-07-03,CUST01318,PROD0118,B001,2,579.77,0.15,492.8,388.34,104.46,Completed
ORD000426,2026-06-19,CUST01844,PROD0011,B005,5,4239.74,0.15,3603.78,3288.12,315.66,Completed
ORD000427,2026-04-05,CUST01158,PROD0120,B004,1,569.17,0.0,569.17,366.95,202.22,Completed
ORD000432,2026-04-28,CUST01888,PROD0041,B003,4,460.31,0.15,391.26,249.96,141.3,Completed
ORD000434,2026-03-05,CUST00505,PROD0051,B002,2,1792.18,0.15,1523.36,1188.1,335.26,Completed
ORD000443,2026-06-15,CUST00629,PROD0116,B001,4,1048.69,0.1,943.82,860.36,83.46,Completed
ORD000444,2026-04-14,CUST01285,PROD0080,B003,5,2033.0,0.1,1829.7,1409.99,419.71,Completed
ORD000451,2026-11-03,CUST00106,PROD0046,B001,3,670.01,0.2,536.0,505.66,30.34,Completed
ORD000454,2026-02-09,CUST02102,PROD0018,B003,5,8606.54,0.2,6885.23,5359.54,1525.69,Completed
ORD000456,2026-03-11,CUST02204,PROD0033,B003,1,600.34,0.05,570.33,383.24,187.09,Completed
ORD000462,2026-04-09,CUST00115,PROD0030,B005,4,4077.53,0.05,3873.66,3254.38,619.28,Completed
ORD000465,2026-05-06,CUST01486,PROD0076,B001,2,599.95,0.0,599.95,480.1,119.85,Completed
ORD000466,2026-04-07,CUST00661,PROD0057,B001,3,3015.3,0.05,2864.53,1946.86,917.67,Completed
ORD000480,2026-04-11,CUST00298,PROD0009,B003,3,957.85,0.0,957.85,586.58,371.27,Completed
ORD000482,2026-06-01,CUST02144,PROD0012,B004,5,648.08,0.0,648.08,437.87,210.21,Completed
ORD000485,2026-10-18,CUST02234,PROD0063,B001,4,530.72,0.2,424.58,401.86,22.72,Completed
ORD000486,2026-07-07,CUST02178,PROD0013,B001,4,2706.22,0.2,2164.98,1830.9,334.08,Completed
ORD000489,2026-07-04,CUST00712,PROD0021,B001,5,4225.8,0.1,3803.22,2567.89,1235.33,Completed
ORD000491,2026-12-27,CUST00971,PROD0056,B002,3,4235.16,0.05,4023.4,3172.93,850.47,Completed
ORD000495,2026-07-19,CUST01008,PROD0106,B001,5,3592.9,0.05,3413.26,2156.1,1257.16,Completed
ORD000500,2026-06-04,CUST00083,PROD0021,B003,4,3380.64,0.0,3380.64,2054.31,1326.33,Completed
ORD000506,2026-05-05,CUST02417,PROD0106,B005,1,718.58,0.05,682.65,431.22,251.43,Completed
ORD000509,2026-01-19,CUST00330,PROD0081,B005,3,399.32,0.0,399.32,297.32,102.0,Completed
ORD000520,2026-09-22,CUST01405,PROD0001,B002,1,1939.39,0.2,1551.52,1063.18,488.34,Completed
ORD000524,2026-12-18,CUST00898,PROD0071,B002,5,2398.93,0.0,2398.93,1867.86,531.07,Completed
ORD000530,2026-12-17,CUST01246,PROD0051,B003,3,2688.28,0.0,2688.28,1782.15,906.13,Completed
ORD000541,2026-03-02,CUST00228,PROD0061,B005,4,1792.8,0.1,1613.52,1260.1,353.42,Completed
ORD000542,2026-11-08,CUST00947,PROD0029,B004,1,458.01,0.1,412.21,265.85,146.36,Completed
ORD000544,2026-09-05,CUST00277,PROD0100,B002,4,3243.95,0.2,2595.16,2533.12,62.04,Completed
ORD000547,2026-03-16,CUST00071,PROD0021,B002,1,845.16,0.1,760.64,513.58,247.06,Completed
ORD000552,2026-11-16,CUST02227,PROD0045,B004,5,5023.75,0.2,4019.0,3582.79,436.21,Completed
ORD000553,2026-09-18,CUST02478,PROD0114,B001,1,1374.54,0.15,1168.36,1043.17,125.19,Completed
ORD000554,2026-03-08,CUST01611,PROD0113,B001,3,3762.55,0.05,3574.42,2720.86,853.56,Completed
ORD000555,2026-11-11,CUST01249,PROD0113,B003,4,5016.73,0.15,4264.23,3627.81,636.42,Completed
ORD000557,2026-05-24,CUST01774,PROD0005,B001,2,2444.79,0.25,1833.59,1507.46,326.13,Completed
ORD000558,2026-05-20,CUST00382,PROD0107,B003,1,1778.2,0.1,1600.38,1087.67,512.71,Completed
ORD000563,2026-10-31,CUST01174,PROD0056,B004,5,7058.6,0.1,6352.74,5288.22,1064.52,Completed
ORD000568,2026-09-05,CUST01083,PROD0048,B001,5,4441.84,0.05,4219.74,3077.47,1142.27,Completed
ORD000576,2026-01-05,CUST02194,PROD0023,B001,1,1273.06,0.25,954.79,786.92,167.87,Completed
ORD000579,2026-01-13,CUST00389,PROD0056,B003,3,4235.16,0.0,4235.16,3172.93,1062.23,Completed
ORD000580,2026-04-03,CUST00520,PROD0038,B001,1,59.93,0.05,56.94,40.71,16.23,Completed
ORD000583,2026-01-13,CUST02367,PROD0059,B003,5,4875.0,0.1,4387.5,3083.56,1303.94,Completed
ORD000586,2026-02-17,CUST00057,PROD0110,B001,2,1593.43,0.1,1434.09,926.38,507.71,Completed
ORD000591,2026-04-02,CUST00383,PROD0003,B003,3,1133.37,0.15,963.37,803.19,160.18,Completed
ORD000606,2026-07-05,CUST00102,PROD0024,B005,2,2564.07,0.1,2307.66,1406.19,901.47,Completed
ORD000613,2026-12-20,CUST00127,PROD0093,B002,3,2599.06,0.0,2599.06,1907.02,692.04,Completed
ORD000621,2026-10-11,CUST01726,PROD0112,B003,4,3465.45,0.1,3118.91,2713.31,405.6,Completed
ORD000625,2026-11-03,CUST01505,PROD0114,B004,2,2749.07,0.1,2474.16,2086.33,387.83,Completed
ORD000627,2026-11-13,CUST01285,PROD0040,B001,4,3962.7,0.1,3566.43,2161.41,1405.02,Completed
ORD000643,2026-12-16,CUST01313,PROD0061,B003,5,2241.0,0.1,2016.9,1575.12,441.78,Completed
ORD000646,2026-05-26,CUST01790,PROD0087,B004,5,5905.32,0.05,5610.06,4123.48,1486.58,Completed
ORD000651,2026-04-19,CUST00883,PROD0039,B005,5,7413.45,0.1,6672.1,4131.23,2540.87,Completed
ORD000652,2026-07-18,CUST01189,PROD0055,B002,4,1858.97,0.2,1487.17,1054.16,433.01,Completed
ORD000658,2026-06-05,CUST01576,PROD0010,B003,2,2288.59,0.15,1945.3,2143.99,-198.69,Completed
ORD000659,2026-05-11,CUST02102,PROD0049,B003,2,2665.44,0.1,2398.9,1542.16,856.74,Completed
ORD000664,2026-11-28,CUST01493,PROD0110,B004,2,1593.43,0.1,1434.09,926.38,507.71,Completed
ORD000682,2026-10-20,CUST01971,PROD0103,B001,4,3490.63,0.05,3316.1,2065.73,1250.37,Completed
ORD000685,2026-11-16,CUST02342,PROD0118,B002,3,869.65,0.1,782.68,582.5,200.18,Completed
ORD000687,2026-06-12,CUST01862,PROD0011,B002,3,2543.84,0.05,2416.65,1972.87,443.78,Completed
ORD000690,2026-08-01,CUST02477,PROD0062,B004,1,729.53,0.1,656.58,578.72,77.86,Completed
ORD000701,2026-03-17,CUST02393,PROD0088,B002,4,1795.48,0.1,1615.93,1158.41,457.52,Completed
ORD000705,2026-10-16,CUST01318,PROD0094,B003,5,976.4,0.1,878.76,585.09,293.67,Completed
ORD000707,2026-03-27,CUST00926,PROD0080,B004,2,630.51,0.15,535.94,563.99,-28.05,Completed
ORD000709,2026-07-18,CUST01634,PROD0006,B002,4,2677.86,0.15,2276.18,1943.61,332.57,Completed
ORD000712,2026-08-25,CUST02437,PROD0006,B001,3,2008.39,0.1,1807.56,1457.71,349.85,Completed
ORD000718,2026-11-13,CUST01580,PROD0107,B004,1,1778.2,0.05,1689.29,1087.67,601.62,Completed
ORD000720,2026-08-21,CUST00440,PROD0041,B003,3,345.23,0.0,345.23,187.47,157.76,Completed
ORD000726,2026-01-24,CUST01573,PROD0119,B003,5,2992.91,0.0,2992.91,2171.55,821.36,Completed
ORD000729,2026-05-09,CUST00979,PROD0064,B005,3,2775.68,0.15,2359.33,2109.86,249.47,Completed
ORD000733,2026-11-27,CUST01796,PROD0048,B001,5,4441.84,0.1,3997.65,3077.47,920.18,Completed
ORD000734,2026-11-14,CUST00069,PROD0064,B001,1,925.23,0.25,693.92,703.29,-9.37,Completed
ORD000740,2026-09-15,CUST00494,PROD0003,B001,3,1133.37,0.25,850.03,803.19,46.84,Completed
ORD000747,2026-10-16,CUST01770,PROD0002,B003,4,2720.55,0.05,2584.53,1645.04,939.49,Completed
ORD000750,2026-10-28,CUST02098,PROD0031,B004,5,3335.17,0.15,2834.9,2737.47,97.43,Completed
ORD000759,2026-08-02,CUST01726,PROD0054,B001,2,2255.35,0.1,2029.82,1524.07,505.75,Completed
ORD000761,2026-06-22,CUST02495,PROD0117,B002,5,3861.32,0.2,3089.06,2380.62,708.44,Completed
ORD000767,2026-01-20,CUST01503,PROD0037,B003,1,579.67,0.25,434.75,482.56,-47.81,Completed
ORD000771,2026-03-11,CUST01044,PROD0008,B004,4,1062.22,0.1,955.99,875.63,80.36,Completed
ORD000779,2026-10-28,CUST02210,PROD0049,B004,4,5330.89,0.05,5064.35,3084.32,1980.03,Completed
ORD000781,2026-12-06,CUST01006,PROD0120,B003,1,569.17,0.0,569.17,366.95,202.22,Completed
ORD000783,2026-02-23,CUST01504,PROD0118,B004,5,1449.42,0.15,1232.01,970.84,261.17,Completed
ORD000789,2026-02-16,CUST01565,PROD0064,B002,2,1850.46,0.1,1665.41,1406.57,258.84,Completed
ORD000790,2026-05-21,CUST00725,PROD0013,B004,4,2706.22,0.1,2435.6,1830.9,604.7,Completed
ORD000791,2026-04-13,CUST02468,PROD0085,B005,1,43.05,0.15,36.6,34.11,2.49,Completed
ORD000798,2026-09-03,CUST00599,PROD0108,B004,2,1819.76,0.1,1637.79,1046.85,590.94,Completed
ORD000799,2026-01-10,CUST01642,PROD0043,B003,3,874.19,0.15,743.06,535.94,207.12,Completed
ORD000804,2026-12-08,CUST00199,PROD0004,B005,2,598.35,0.1,538.52,382.21,156.31,Completed
ORD000807,2026-02-23,CUST00987,PROD0021,B002,3,2535.48,0.1,2281.93,1540.73,741.2,Completed
ORD000811,2026-09-21,CUST00874,PROD0066,B005,2,1567.14,0.05,1488.79,2008.98,-520.19,Completed
ORD000813,2026-07-17,CUST01645,PROD0035,B002,5,2902.06,0.15,2466.75,2178.08,288.67,Completed
ORD000814,2026-08-10,CUST01221,PROD0117,B001,4,3089.06,0.1,2780.15,1904.49,875.66,Completed
ORD000815,2026-08-10,CUST00713,PROD0060,B005,2,179.05,0.05,170.1,117.55,52.55,Completed
ORD000821,2026-04-17,CUST00229,PROD0018,B001,5,8606.54,0.2,6885.23,5359.54,1525.69,Completed
ORD000822,2026-02-18,CUST02314,PROD0109,B002,1,1355.87,0.1,1220.28,975.11,245.17,Completed
ORD000823,2026-05-12,CUST02057,PROD0009,B003,4,1277.14,0.0,1277.14,782.1,495.04,Completed
ORD000829,2026-08-05,CUST00799,PROD0078,B005,1,539.7,0.1,485.73,573.98,-88.25,Completed
ORD000830,2026-01-29,CUST00637,PROD0043,B002,4,1165.59,0.1,1049.03,714.58,334.45,Completed
ORD000834,2026-05-05,CUST02195,PROD0014,B002,2,2761.75,0.0,2761.75,1581.2,1180.55,Completed
ORD000840,2026-08-31,CUST02048,PROD0089,B004,4,1373.33,0.0,1373.33,902.35,470.98,Completed
ORD000846,2026-08-16,CUST00009,PROD0043,B001,1,291.4,0.15,247.69,178.65,69.04,Completed
ORD000848,2026-04-04,CUST01153,PROD0098,B002,3,2998.18,0.1,2698.36,1676.49,1021.87,Completed
ORD000850,2026-08-20,CUST02291,PROD0032,B003,1,736.43,0.05,699.61,405.3,294.31,Completed
ORD000851,2026-01-28,CUST01977,PROD0007,B001,5,238.54,0.0,238.54,178.76,59.78,Completed
ORD000853,2026-12-31,CUST00271,PROD0011,B005,4,3391.79,0.05,3222.2,2630.5,591.7,Completed
ORD000857,2026-05-24,CUST01460,PROD0004,B003,4,1196.7,0.0,1196.7,764.42,432.28,Completed
ORD000862,2026-01-31,CUST00431,PROD0109,B001,4,5423.46,0.1,4881.12,3900.44,980.68,Completed
ORD000864,2026-11-05,CUST02057,PROD0041,B001,2,230.15,0.25,172.62,124.98,47.64,Completed
ORD000866,2026-11-27,CUST00764,PROD0109,B003,2,1875.57,0.0,1875.57,1950.22,-74.65,Completed
ORD000869,2026-09-05,CUST00804,PROD0066,B004,2,2796.43,0.2,2237.14,2008.98,228.16,Completed
ORD000870,2026-07-29,CUST00733,PROD0009,B001,1,319.28,0.05,303.32,195.53,107.79,Completed
ORD000873,2026-10-19,CUST00899,PROD0026,B001,5,1967.53,0.2,1574.03,1421.48,152.55,Completed
ORD000874,2026-12-04,CUST00071,PROD0079,B001,5,866.51,0.05,823.19,582.85,240.34,Completed
ORD000876,2026-03-01,CUST00944,PROD0116,B001,4,1048.69,0.1,943.82,860.36,83.46,Completed
ORD000877,2026-12-28,CUST01099,PROD0039,B002,4,5930.76,0.2,4744.6,3304.98,1439.62,Completed
ORD000878,2026-08-16,CUST02028,PROD0003,B003,5,1888.96,0.05,1794.51,1338.64,455.87,Completed
ORD000879,2026-07-21,CUST01760,PROD0063,B002,3,398.04,0.25,298.53,301.4,-2.87,Completed
ORD000884,2026-03-27,CUST01713,PROD0062,B004,5,3647.66,0.05,3465.27,2893.61,571.66,Completed
ORD000885,2026-05-18,CUST01855,PROD0039,B001,4,5930.76,0.1,5337.68,3304.98,2032.7,Completed
ORD000887,2026-08-10,CUST02096,PROD0046,B002,3,670.01,0.2,536.0,505.66,30.34,Completed
ORD000894,2026-01-17,CUST01942,PROD0120,B001,3,1707.5,0.1,1536.75,1100.84,435.91,Completed
ORD000896,2026-09-28,CUST01128,PROD0073,B004,3,548.4,0.15,466.15,359.92,106.23,Completed
ORD000900,2026-11-22,CUST01675,PROD0080,B002,3,1219.8,0.0,1219.8,845.99,373.81,Completed
ORD000901,2026-05-27,CUST02087,PROD0084,B002,2,1036.54,0.05,984.71,765.25,219.46,Completed
ORD000908,2026-02-12,CUST00590,PROD0032,B001,4,2945.74,0.1,2651.16,1621.2,1029.96,Completed
ORD000916,2026-08-23,CUST01457,PROD0084,B003,5,2591.35,0.05,2461.78,1913.12,548.66,Completed
ORD000919,2026-08-21,CUST00070,PROD0064,B002,3,2775.68,0.05,2636.9,2109.86,527.04,Completed
ORD000927,2026-05-21,CUST00598,PROD0119,B004,1,598.58,0.0,598.58,434.31,164.27,Completed
ORD000943,2026-05-11,CUST01209,PROD0110,B001,4,3186.86,0.05,3027.52,1852.77,1174.75,Completed
ORD000944,2026-03-03,CUST00606,PROD0036,B004,1,283.36,0.1,255.03,153.22,101.81,Completed
ORD000950,2026-10-17,CUST00074,PROD0055,B002,4,1858.97,0.0,1858.97,1054.16,804.81,Completed
ORD000953,2026-08-23,CUST00375,PROD0084,B002,4,2073.08,0.1,1865.77,1530.5,335.27,Completed
ORD000957,2026-04-25,CUST00906,PROD0020,B005,1,760.64,0.1,684.58,547.73,136.85,Completed
ORD000959,2026-12-03,CUST00128,PROD0065,B005,2,2702.67,0.15,2297.27,2022.43,274.84,Completed
ORD000970,2026-10-06,CUST00649,PROD0035,B003,5,2902.06,0.0,2902.06,2178.08,723.98,Completed
ORD000972,2026-05-24,CUST00108,PROD0048,B003,2,1776.73,0.1,1599.06,1230.99,368.07,Completed
ORD000974,2026-08-07,CUST02396,PROD0062,B005,2,1459.06,0.1,1313.16,1157.44,155.72,Completed
ORD000976,2026-11-22,CUST00505,PROD0091,B005,4,1654.7,0.15,1406.49,1261.16,145.33,Completed
ORD000977,2026-10-15,CUST02144,PROD0058,B003,5,674.03,0.0,674.03,872.91,-198.88,Completed
ORD000978,2026-10-11,CUST02160,PROD0041,B001,1,115.08,0.0,115.08,62.49,52.59,Completed
ORD000980,2026-10-22,CUST02245,PROD0005,B001,3,3667.18,0.15,3117.1,2261.19,855.91,Completed
ORD000982,2026-04-06,CUST01470,PROD0018,B005,3,5163.92,0.15,4389.33,3215.72,1173.61,Completed
ORD000989,2026-06-19,CUST01231,PROD0006,B001,2,1338.93,0.0,1338.93,971.81,367.12,Completed
ORD000990,2026-05-08,CUST01027,PROD0003,B004,5,1888.96,0.2,1511.16,1338.64,172.52,Completed
ORD000992,2026-11-29,CUST01731,PROD0060,B002,2,179.05,0.2,143.24,117.55,25.69,Completed
ORD000993,2026-01-02,CUST01758,PROD0091,B005,1,413.67,0.1,372.31,315.29,57.02,Completed
ORD000995,2026-07-12,CUST00583,PROD0019,B003,4,3554.78,0.2,2843.82,2216.76,627.06,Completed
ORD000996,2026-01-09,CUST00392,PROD0045,B001,3,3014.25,0.0,3014.25,2149.67,864.58,Completed
ORD001000,2026-12-16,CUST01539,PROD0084,B001,4,2073.08,0.0,2073.08,1530.5,542.58,Completed
ORD001004,2026-06-08,CUST01323,PROD0101,B002,2,1292.78,0.05,1228.14,921.0,307.14,Completed
ORD001005,2026-09-23,CUST00450,PROD0089,B004,1,343.33,0.15,291.83,225.59,66.24,Completed
ORD001007,2026-05-12,CUST01506,PROD0044,B002,4,4375.79,0.25,3281.84,2429.64,852.2,Completed
ORD001009,2026-10-01,CUST00834,PROD0096,B002,2,3553.84,0.05,3376.15,2068.95,1307.2,Completed
ORD001013,2026-08-12,CUST02061,PROD0023,B001,1,1273.06,0.1,1145.75,786.92,358.83,Completed
ORD001019,2026-11-23,CUST00537,PROD0076,B001,2,599.95,0.1,539.96,480.1,59.86,Completed
ORD001022,2026-11-27,CUST00983,PROD0020,B005,4,3042.55,0.1,2738.3,2190.93,547.37,Completed
ORD001024,2026-07-29,CUST01430,PROD0029,B003,2,916.01,0.05,870.21,531.7,338.51,Completed
ORD001028,2026-05-26,CUST02312,PROD0076,B005,1,299.98,0.15,254.98,240.05,14.93,Completed
ORD001033,2026-11-23,CUST01518,PROD0100,B001,1,810.99,0.2,648.79,633.28,15.51,Completed
ORD001035,2026-04-01,CUST01960,PROD0114,B002,1,1374.54,0.05,1305.81,1043.17,262.64,Completed
ORD001036,2026-09-07,CUST00344,PROD0050,B003,1,1099.14,0.25,824.35,634.27,190.08,Completed
ORD001046,2026-10-04,CUST02412,PROD0070,B005,5,1002.62,0.15,852.23,687.96,164.27,Completed
ORD001052,2026-08-29,CUST00625,PROD0089,B004,5,1716.67,0.1,1545.0,1127.94,417.06,Completed
ORD001053,2026-10-18,CUST00022,PROD0090,B003,4,1279.51,0.15,1087.59,800.72,286.87,Completed
ORD001061,2026-10-03,CUST00536,PROD0091,B003,1,413.67,0.15,351.63,315.29,36.34,Completed
ORD001068,2026-07-13,CUST00500,PROD0089,B003,4,1373.33,0.15,1167.33,902.35,264.98,Completed
ORD001069,2026-03-09,CUST00289,PROD0100,B005,1,810.99,0.0,810.99,633.28,177.71,Completed
ORD001072,2026-01-10,CUST00293,PROD0038,B002,3,179.79,0.05,170.81,122.13,48.68,Completed
ORD001080,2026-03-08,CUST00424,PROD0074,B003,3,1958.53,0.2,1566.83,1514.51,52.32,Completed
ORD001081,2026-05-03,CUST02064,PROD0118,B001,2,579.77,0.2,463.82,388.34,75.48,Completed
ORD001084,2026-04-24,CUST02143,PROD0112,B002,1,866.36,0.05,823.05,678.33,144.72,Completed
ORD001086,2026-11-13,CUST01379,PROD0038,B004,3,179.79,0.25,134.84,122.13,12.71,Completed
ORD001089,2026-02-19,CUST01997,PROD0048,B005,1,888.37,0.15,755.11,615.49,139.62,Completed
ORD001096,2026-05-17,CUST01260,PROD0070,B002,1,200.52,0.1,180.47,137.59,42.88,Completed
ORD001098,2026-03-17,CUST00064,PROD0096,B002,2,3553.84,0.15,3020.77,2068.95,951.82,Completed
ORD001100,2026-03-30,CUST00436,PROD0100,B004,4,3243.95,0.15,2757.36,2533.12,224.24,Completed
ORD001103,2026-09-23,CUST02220,PROD0001,B003,4,7757.58,0.0,7757.58,4252.71,3504.87,Completed
ORD001116,2026-11-24,CUST01261,PROD0064,B004,5,4626.14,0.15,3932.22,3516.44,415.78,Completed
ORD001120,2026-07-01,CUST00610,PROD0053,B005,1,555.84,0.1,500.26,361.6,138.66,Completed
ORD001123,2026-10-10,CUST01001,PROD0061,B005,2,896.4,0.0,896.4,630.05,266.35,Completed
ORD001129,2026-02-03,CUST01624,PROD0100,B002,1,810.99,0.1,729.89,633.28,96.61,Completed
ORD001131,2026-12-14,CUST01048,PROD0078,B001,1,931.95,0.05,885.36,573.98,311.38,Completed
ORD001137,2026-08-16,CUST02162,PROD0100,B002,2,1621.98,0.0,1621.98,1266.56,355.42,Completed
ORD001143,2026-10-18,CUST00300,PROD0050,B002,2,2198.28,0.05,2088.37,1268.54,819.83,Completed
ORD001146,2026-09-11,CUST01642,PROD0059,B002,3,2925.0,0.1,2632.5,1850.13,782.37,Completed
ORD001151,2026-06-18,CUST00319,PROD0089,B004,4,1373.33,0.0,1373.33,902.35,470.98,Completed
ORD001161,2026-01-01,CUST02314,PROD0053,B005,4,2223.35,0.0,2223.35,1446.41,776.94,Completed
ORD001167,2026-06-05,CUST01364,PROD0096,B004,3,5330.76,0.15,4531.15,3103.42,1427.73,Completed
ORD001172,2026-12-09,CUST00198,PROD0075,B001,2,2827.8,0.15,2403.63,2184.91,218.72,Completed
ORD001173,2026-11-15,CUST01882,PROD0060,B003,1,89.53,0.1,80.57,58.78,21.79,Completed
ORD001178,2026-06-03,CUST01861,PROD0067,B003,2,1813.62,0.1,1632.26,994.65,637.61,Completed
ORD001182,2026-02-26,CUST02202,PROD0112,B004,2,1732.73,0.1,1559.45,1356.66,202.79,Completed
ORD001183,2026-12-20,CUST02407,PROD0001,B005,2,3878.79,0.2,3103.03,2126.36,976.67,Completed
ORD001185,2026-08-02,CUST01001,PROD0011,B003,4,3391.79,0.2,2713.43,2630.5,82.93,Completed
ORD001187,2026-10-30,CUST02376,PROD0087,B001,4,4724.26,0.0,4724.26,3298.78,1425.48,Completed
ORD001198,2026-07-02,CUST01935,PROD0005,B001,5,6111.97,0.2,4889.58,3768.65,1120.93,Completed
ORD001207,2026-04-03,CUST00587,PROD0085,B002,2,86.1,0.15,73.19,68.23,4.96,Completed
ORD001212,2026-11-07,CUST00877,PROD0085,B003,5,215.26,0.0,215.26,170.57,44.69,Completed
ORD001214,2026-11-01,CUST00045,PROD0104,B002,2,3204.91,0.0,3204.91,2119.14,1085.77,Completed
ORD001215,2026-09-26,CUST00293,PROD0017,B001,2,1739.19,0.15,1478.31,1263.96,214.35,Completed
ORD001216,2026-01-22,CUST01739,PROD0060,B001,5,447.63,0.1,402.86,293.88,108.98,Completed
ORD001226,2026-04-22,CUST01872,PROD0118,B002,5,1449.42,0.0,1449.42,970.84,478.58,Completed
ORD001227,2026-11-28,CUST00967,PROD0014,B005,5,6904.38,0.0,6904.38,3953.01,2951.37,Completed
ORD001229,2026-09-25,CUST01161,PROD0036,B005,4,1133.44,0.2,906.75,612.87,293.88,Completed
ORD001234,2026-05-18,CUST00980,PROD0011,B004,5,4239.74,0.05,4027.75,3288.12,739.63,Completed
ORD001235,2026-04-07,CUST02483,PROD0032,B005,3,2209.3,0.15,1877.91,1215.9,662.01,Completed
ORD001237,2026-04-23,CUST00198,PROD0076,B002,3,899.93,0.1,809.93,720.15,89.78,Completed
ORD001238,2026-09-02,CUST02219,PROD0012,B002,1,129.62,0.2,103.7,87.57,16.13,Completed
ORD001244,2026-09-18,CUST02488,PROD0025,B001,3,2970.13,0.2,2376.11,1772.15,603.96,Completed
ORD001245,2026-05-04,CUST02292,PROD0067,B002,1,906.81,0.05,861.47,497.33,364.14,Completed
ORD001246,2026-02-24,CUST01508,PROD0045,B002,2,2009.5,0.15,1708.07,1433.11,274.96,Completed
ORD001252,2026-04-12,CUST01062,PROD0089,B003,1,343.33,0.0,343.33,225.59,117.74,Completed
ORD001255,2026-11-18,CUST01301,PROD0119,B002,2,1197.16,0.15,1017.59,868.62,148.97,Completed
ORD001259,2026-05-20,CUST01420,PROD0017,B003,5,4347.97,0.1,3913.17,3159.89,753.28,Completed
ORD001260,2026-05-28,CUST02401,PROD0030,B005,5,5096.92,0.2,4077.53,4067.97,9.56,Completed
ORD001269,2026-08-28,CUST00269,PROD0020,B001,2,1521.28,0.05,1445.21,1095.47,349.74,Completed
ORD001274,2026-12-28,CUST01239,PROD0006,B004,2,1338.93,0.1,1205.04,971.81,233.23,Completed
ORD001276,2026-12-08,CUST02463,PROD0016,B004,4,355.46,0.15,302.14,212.86,89.28,Completed
ORD001287,2026-02-06,CUST00976,PROD0032,B001,4,2945.74,0.1,2651.16,1621.2,1029.96,Completed
ORD001288,2026-03-04,CUST02274,PROD0093,B001,2,1732.71,0.05,1646.07,1271.34,374.73,Completed
ORD001290,2026-11-05,CUST01235,PROD0108,B001,4,3639.53,0.05,3457.56,2093.7,1363.86,Completed
ORD001296,2026-05-27,CUST01787,PROD0021,B002,4,3380.64,0.2,2704.51,2054.31,650.2,Completed
ORD001297,2026-05-31,CUST02182,PROD0037,B001,4,2318.69,0.2,1854.96,1930.23,-75.27,Completed
ORD001298,2026-01-10,CUST01554,PROD0013,B003,1,676.55,0.2,541.24,457.72,83.52,Completed
ORD001300,2026-09-14,CUST02480,PROD0028,B002,1,730.19,0.1,657.17,458.51,198.66,Completed
ORD001303,2026-06-19,CUST00207,PROD0011,B001,3,2543.84,0.0,2543.84,1972.87,570.97,Completed
ORD001307,2026-09-17,CUST01607,PROD0111,B001,4,7339.28,0.05,6972.31,4428.25,2544.06,Completed
ORD001309,2026-10-07,CUST00843,PROD0098,B004,1,999.39,0.15,849.48,558.83,290.65,Completed
ORD001314,2026-04-25,CUST01371,PROD0097,B003,4,7044.68,0.0,7044.68,4338.46,2706.22,Completed
ORD001317,2026-05-02,CUST00057,PROD0089,B004,3,1030.0,0.05,978.5,676.76,301.74,Completed
ORD001322,2026-04-08,CUST01928,PROD0005,B005,5,3571.52,0.15,3035.8,3768.65,-732.85,Completed
ORD001326,2026-09-17,CUST01287,PROD0090,B005,2,639.76,0.05,607.77,400.36,207.41,Completed
ORD001327,2026-04-09,CUST00033,PROD0118,B003,3,869.65,0.1,782.68,582.5,200.18,Completed
ORD001328,2026-05-19,CUST00528,PROD0016,B004,2,177.73,0.1,159.95,106.43,53.52,Completed
ORD001335,2026-11-26,CUST00086,PROD0058,B003,3,938.27,0.1,844.44,523.75,320.69,Completed
ORD001345,2026-11-23,CUST00064,PROD0042,B001,1,1453.53,0.25,1090.15,1064.39,25.76,Completed
ORD001349,2026-11-25,CUST01887,PROD0107,B002,5,8891.01,0.25,6668.26,5438.35,1229.91,Completed
ORD001353,2026-10-15,CUST01476,PROD0051,B001,1,896.09,0.0,896.09,594.05,302.04,Completed
ORD001359,2026-09-25,CUST00902,PROD0049,B002,5,6663.61,0.2,5330.89,3855.39,1475.5,Completed
ORD001372,2026-03-30,CUST01581,PROD0002,B001,1,680.14,0.1,612.12,411.26,200.86,Completed
ORD001376,2026-04-19,CUST02136,PROD0041,B002,1,115.08,0.15,97.82,62.49,35.33,Completed
ORD001388,2026-11-16,CUST00805,PROD0088,B003,2,897.74,0.1,807.97,579.21,228.76,Completed
ORD001393,2026-03-16,CUST01684,PROD0061,B004,3,1344.6,0.1,1210.14,945.07,265.07,Completed
ORD001394,2026-04-12,CUST00121,PROD0055,B005,3,1394.23,0.05,1324.51,790.62,533.89,Completed
ORD001396,2026-05-04,CUST01852,PROD0103,B005,5,4363.29,0.2,3490.63,2582.17,908.46,Completed
ORD001397,2026-12-25,CUST02177,PROD0097,B001,2,3522.34,0.2,2817.87,2169.23,648.64,Completed
ORD001398,2026-11-13,CUST01336,PROD0067,B002,3,2720.42,0.1,2448.38,1491.98,956.4,Completed
ORD001402,2026-06-15,CUST00381,PROD0001,B002,1,1939.39,0.15,1648.49,1063.18,585.31,Completed
ORD001407,2026-09-12,CUST01532,PROD0052,B004,3,1982.05,0.2,1585.64,1360.05,225.59,Completed
ORD001417,2026-07-30,CUST00334,PROD0075,B005,5,7069.49,0.05,6716.02,5462.28,1253.74,Completed
ORD001418,2026-07-26,CUST00051,PROD0097,B003,4,7044.68,0.15,5987.98,4338.46,1649.52,Completed
ORD001425,2026-04-05,CUST01292,PROD0091,B003,4,1654.7,0.1,1489.23,1261.16,228.07,Completed
ORD001435,2026-07-15,CUST02281,PROD0113,B003,4,5016.73,0.1,4515.06,3627.81,887.25,Completed
ORD001440,2026-11-11,CUST00531,PROD0098,B001,5,4996.96,0.05,4747.11,2794.15,1952.96,Completed
ORD001446,2026-09-14,CUST01059,PROD0113,B001,2,2508.37,0.0,2508.37,1813.91,694.46,Completed
ORD001447,2026-02-22,CUST02313,PROD0011,B001,5,4239.74,0.15,3603.78,3288.12,315.66,Completed
ORD001448,2026-04-14,CUST00625,PROD0031,B001,2,1334.07,0.2,1067.26,1094.99,-27.73,Completed
ORD001452,2026-02-04,CUST02288,PROD0003,B003,4,1511.16,0.0,1511.16,1070.91,440.25,Completed
ORD001454,2026-04-20,CUST01992,PROD0116,B003,2,524.35,0.05,498.13,430.18,67.95,Completed
ORD001455,2026-09-07,CUST00506,PROD0042,B004,5,7267.64,0.1,6540.87,5321.93,1218.94,Completed
ORD001457,2026-02-24,CUST02148,PROD0101,B001,3,1939.17,0.2,1551.33,1381.51,169.82,Completed
ORD001460,2026-07-26,CUST01336,PROD0078,B003,4,3727.82,0.0,3727.82,2295.91,1431.91,Completed
ORD001468,2026-12-23,CUST01217,PROD0100,B003,4,3243.95,0.15,2757.36,2533.12,224.24,Completed
ORD001471,2026-11-27,CUST00026,PROD0068,B002,4,4099.74,0.0,4099.74,3293.45,806.29,Completed
ORD001477,2026-04-04,CUST00838,PROD0067,B002,3,2720.42,0.05,2584.4,1491.98,1092.42,Completed
ORD001482,2026-12-01,CUST00798,PROD0066,B004,1,1398.21,0.0,1398.21,1004.49,393.72,Completed
ORD001486,2026-12-26,CUST00324,PROD0001,B005,1,1939.39,0.2,1551.52,1063.18,488.34,Completed
ORD001488,2026-01-02,CUST00277,PROD0109,B005,3,4067.6,0.2,3254.08,2925.33,328.75,Completed
ORD001489,2026-10-08,CUST01556,PROD0113,B003,2,2508.37,0.0,2508.37,1813.91,694.46,Completed
ORD001495,2026-11-20,CUST01211,PROD0012,B004,3,388.85,0.1,349.97,262.72,87.25,Completed
ORD001497,2026-11-03,CUST00265,PROD0036,B003,3,850.08,0.05,807.58,459.65,347.93,Completed
ORD001498,2026-08-18,CUST02001,PROD0046,B001,4,893.34,0.1,804.01,674.21,129.8,Completed
ORD001501,2026-10-30,CUST02024,PROD0062,B003,5,3647.66,0.0,3647.66,2893.61,754.05,Completed
ORD001502,2026-04-26,CUST01243,PROD0021,B003,4,3380.64,0.0,3380.64,2054.31,1326.33,Completed
ORD001506,2026-03-24,CUST00712,PROD0012,B002,1,129.62,0.2,103.7,87.57,16.13,Completed
ORD001507,2026-10-15,CUST00899,PROD0035,B002,3,1741.24,0.05,1654.18,1306.85,347.33,Completed
ORD001512,2026-10-20,CUST00958,PROD0035,B005,4,2321.65,0.1,2089.49,1742.46,347.03,Completed
ORD001518,2026-08-04,CUST00851,PROD0019,B002,1,888.69,0.1,799.82,554.19,245.63,Completed
ORD001522,2026-04-22,CUST00367,PROD0018,B002,5,8606.54,0.2,6885.23,5359.54,1525.69,Completed
ORD001529,2026-09-07,CUST01707,PROD0052,B003,1,660.68,0.15,561.58,453.35,108.23,Completed
ORD001530,2026-03-28,CUST01924,PROD0108,B002,3,2729.65,0.15,2320.2,1570.27,749.93,Completed
ORD001538,2026-01-19,CUST00688,PROD0086,B004,4,2111.47,0.2,1689.18,1602.97,86.21,Completed
ORD001543,2026-12-05,CUST00790,PROD0108,B003,1,909.88,0.2,727.91,523.42,204.49,Completed
ORD001545,2026-08-28,CUST02417,PROD0014,B001,1,1380.88,0.05,1311.83,790.6,521.23,Completed
ORD001548,2026-05-29,CUST00886,PROD0036,B001,2,566.72,0.15,481.71,306.44,175.27,Completed
ORD001550,2026-12-08,CUST02111,PROD0028,B002,4,2920.77,0.05,2774.73,1834.06,940.67,Completed
ORD001551,2026-10-27,CUST00463,PROD0040,B005,1,990.67,0.1,891.61,540.35,351.26,Completed
ORD001552,2026-07-26,CUST00315,PROD0064,B002,1,925.23,0.2,740.18,703.29,36.89,Completed
ORD001553,2026-01-06,CUST00870,PROD0104,B001,3,4807.36,0.15,4086.26,3178.71,907.55,Completed
ORD001555,2026-12-13,CUST01433,PROD0025,B003,5,4950.22,0.2,3960.18,2953.59,1006.59,Completed
ORD001559,2026-05-24,CUST01273,PROD0017,B005,1,869.59,0.15,739.15,631.98,107.17,Completed
ORD001563,2026-05-19,CUST00020,PROD0073,B001,4,731.21,0.1,658.09,479.89,178.2,Completed
ORD001564,2026-09-22,CUST02324,PROD0081,B002,2,266.21,0.15,226.28,198.21,28.07,Completed
ORD001566,2026-10-23,CUST02095,PROD0117,B003,1,772.26,0.05,733.65,476.12,257.53,Completed
ORD001574,2026-02-07,CUST00638,PROD0045,B003,3,3014.25,0.15,2562.11,2149.67,412.44,Completed
ORD001576,2026-04-08,CUST00771,PROD0008,B003,5,1327.77,0.0,1327.77,1094.54,233.23,Completed
ORD001578,2026-09-25,CUST01420,PROD0051,B003,3,2688.28,0.0,2688.28,1782.15,906.13,Completed
ORD001580,2026-03-22,CUST00383,PROD0113,B002,5,6270.92,0.05,5957.37,4534.77,1422.6,Completed
ORD001584,2026-11-11,CUST00209,PROD0081,B001,2,266.21,0.0,266.21,198.21,68.0,Completed
ORD001587,2026-02-20,CUST01528,PROD0110,B001,5,3983.57,0.05,3784.39,2315.96,1468.43,Completed
ORD001589,2026-12-26,CUST02283,PROD0029,B005,5,2290.03,0.05,2175.53,1329.25,846.28,Completed
ORD001593,2026-08-01,CUST00495,PROD0035,B002,3,1115.77,0.1,1004.19,1306.85,-302.66,Completed
ORD001594,2026-02-13,CUST00437,PROD0050,B002,4,4396.56,0.25,3297.42,2537.07,760.35,Completed
ORD001600,2026-08-02,CUST00130,PROD0032,B004,5,3682.17,0.05,3498.06,2026.5,1471.56,Completed
ORD001604,2026-06-23,CUST01741,PROD0028,B003,3,2190.58,0.05,2081.05,1375.54,705.51,Completed
ORD001605,2026-01-31,CUST00131,PROD0085,B001,4,172.21,0.15,146.37,136.46,9.91,Completed
ORD001608,2026-02-17,CUST01019,PROD0012,B005,3,388.85,0.0,388.85,262.72,126.13,Completed
ORD001610,2026-10-22,CUST01874,PROD0076,B001,4,1199.9,0.2,959.92,960.2,-0.28,Completed
ORD001615,2026-10-29,CUST01184,PROD0030,B001,5,5096.92,0.05,4842.07,4067.97,774.1,Completed
ORD001616,2026-02-03,CUST02108,PROD0099,B003,1,849.27,0.1,764.34,593.57,170.77,Completed
ORD001619,2026-09-05,CUST00183,PROD0067,B004,1,906.81,0.05,861.47,497.33,364.14,Completed
ORD001620,2026-05-16,CUST01297,PROD0114,B004,4,5498.14,0.15,4673.42,4172.67,500.75,Completed
ORD001622,2026-04-29,CUST02337,PROD0032,B003,3,2209.3,0.1,1988.37,1215.9,772.47,Completed
ORD001627,2026-11-21,CUST01434,PROD0116,B001,1,262.17,0.1,235.95,215.09,20.86,Completed
ORD001628,2026-03-26,CUST01071,PROD0119,B004,1,598.58,0.05,568.66,434.31,134.35,Completed
ORD001630,2026-08-04,CUST01901,PROD0052,B005,2,1321.37,0.1,1189.23,906.7,282.53,Completed
ORD001631,2026-03-02,CUST00297,PROD0081,B002,5,665.54,0.25,499.15,495.54,3.61,Completed
ORD001632,2026-09-26,CUST01920,PROD0118,B001,5,1449.42,0.2,1159.53,970.84,188.69,Completed
ORD001635,2026-02-10,CUST01102,PROD0084,B005,3,1554.81,0.1,1399.33,1147.87,251.46,Completed
ORD001641,2026-11-28,CUST00804,PROD0023,B002,3,1961.16,0.05,1863.1,2360.76,-497.66,Completed
ORD001642,2026-04-07,CUST00579,PROD0002,B004,2,1360.28,0.15,1156.24,822.52,333.72,Completed
ORD001646,2026-02-10,CUST01558,PROD0115,B002,5,3732.73,0.0,3732.73,2303.26,1429.47,Completed
ORD001648,2026-03-08,CUST01893,PROD0009,B005,1,319.28,0.1,287.36,195.53,91.83,Completed
ORD001651,2026-05-24,CUST01327,PROD0068,B004,4,4099.74,0.1,3689.76,3293.45,396.31,Completed
ORD001652,2026-06-29,CUST02465,PROD0036,B005,3,850.08,0.0,850.08,459.65,390.43,Completed
ORD001655,2026-05-22,CUST01020,PROD0094,B001,2,390.56,0.05,371.03,234.04,136.99,Completed
ORD001666,2026-04-10,CUST01292,PROD0119,B002,2,1197.16,0.1,1077.45,868.62,208.83,Completed
ORD001667,2026-05-05,CUST00399,PROD0047,B002,2,620.39,0.15,527.34,359.3,168.04,Completed
ORD001670,2026-08-08,CUST01716,PROD0117,B001,5,3861.32,0.15,3282.12,2380.62,901.5,Completed
ORD001671,2026-04-17,CUST00736,PROD0014,B001,3,4142.63,0.15,3521.24,2371.81,1149.43,Completed
ORD001678,2026-04-07,CUST02422,PROD0112,B001,2,1732.73,0.05,1646.09,1356.66,289.43,Completed
ORD001680,2026-06-22,CUST00624,PROD0097,B003,1,1761.17,0.1,1585.05,1084.62,500.43,Completed
ORD001691,2026-03-22,CUST02265,PROD0073,B004,2,365.6,0.15,310.76,239.94,70.82,Completed
ORD001700,2026-02-12,CUST02143,PROD0029,B004,4,1832.02,0.2,1465.62,1063.4,402.22,Completed
ORD001701,2026-06-12,CUST00575,PROD0107,B003,4,7112.81,0.05,6757.16,4350.68,2406.48,Completed
ORD001702,2026-05-26,CUST00152,PROD0093,B002,1,866.35,0.2,693.08,635.67,57.41,Completed
ORD001704,2026-11-06,CUST01903,PROD0038,B001,5,299.66,0.0,299.66,203.55,96.11,Completed
ORD001709,2026-11-09,CUST01543,PROD0073,B004,1,182.8,0.1,164.52,119.97,44.55,Completed
ORD001712,2026-09-05,CUST00900,PROD0098,B001,4,3997.57,0.15,3397.94,2235.32,1162.62,Completed
ORD001713,2026-02-26,CUST01264,PROD0013,B002,5,3382.77,0.15,2875.35,2288.62,586.73,Completed
ORD001715,2026-09-04,CUST02324,PROD0032,B002,3,2209.3,0.2,1767.44,1215.9,551.54,Completed
ORD001717,2026-04-11,CUST00526,PROD0031,B002,5,3335.17,0.05,3168.42,2737.47,430.95,Completed
ORD001718,2026-10-02,CUST01892,PROD0063,B005,5,663.4,0.25,497.55,502.33,-4.78,Completed
ORD001719,2026-11-18,CUST01388,PROD0074,B002,2,1305.69,0.05,1240.4,1009.68,230.72,Completed
ORD001720,2026-12-13,CUST00469,PROD0114,B005,2,2749.07,0.1,2474.16,2086.33,387.83,Completed
ORD001722,2026-10-11,CUST01012,PROD0049,B003,2,2665.44,0.2,2132.35,1542.16,590.19,Completed
ORD001723,2026-07-18,CUST01001,PROD0120,B003,3,1707.5,0.1,1536.75,1100.84,435.91,Completed
ORD001727,2026-12-30,CUST02241,PROD0048,B003,4,3553.47,0.1,3198.12,2461.98,736.14,Completed
ORD001729,2026-04-24,CUST01910,PROD0014,B003,1,1380.88,0.15,1173.75,790.6,383.15,Completed
ORD001730,2026-08-21,CUST00103,PROD0069,B005,2,2530.07,0.15,2150.56,1372.88,777.68,Completed
ORD001731,2026-11-16,CUST00300,PROD0041,B004,3,345.23,0.05,327.97,187.47,140.5,Completed
ORD001733,2026-05-31,CUST00722,PROD0094,B005,2,390.56,0.1,351.51,234.04,117.47,Completed
ORD001736,2026-01-26,CUST01790,PROD0079,B001,5,604.52,0.1,544.07,582.85,-38.78,Completed
ORD001737,2026-04-22,CUST02342,PROD0015,B002,3,4263.2,0.25,3197.4,2651.18,546.22,Completed
ORD001739,2026-08-24,CUST01140,PROD0053,B003,3,1069.15,0.25,801.86,1084.81,-282.95,Completed
ORD001740,2026-05-23,CUST00821,PROD0036,B004,1,283.36,0.1,255.03,153.22,101.81,Completed
ORD001750,2026-01-05,CUST01717,PROD0119,B001,4,2394.33,0.05,2274.61,1737.24,537.37,Completed
ORD001754,2026-04-07,CUST01681,PROD0084,B001,5,1850.13,0.2,1480.1,1913.12,-433.02,Completed
ORD001764,2026-09-20,CUST02266,PROD0062,B002,1,729.53,0.05,693.05,578.72,114.33,Completed
ORD001771,2026-09-22,CUST01472,PROD0101,B001,1,646.39,0.15,549.43,460.5,88.93,Completed
ORD001772,2026-07-15,CUST01970,PROD0051,B001,2,1792.18,0.15,1523.36,1188.1,335.26,Completed
ORD001776,2026-06-17,CUST00994,PROD0039,B005,2,2965.38,0.05,2817.11,1652.49,1164.62,Completed
ORD001783,2026-02-04,CUST00200,PROD0044,B001,5,5469.74,0.2,4375.79,3037.05,1338.74,Completed
ORD001785,2026-01-28,CUST01623,PROD0045,B001,4,4019.0,0.0,4019.0,2866.23,1152.77,Completed
ORD001788,2026-12-23,CUST02065,PROD0118,B004,1,289.88,0.1,260.89,194.17,66.72,Completed
ORD001793,2026-02-14,CUST00500,PROD0094,B002,4,781.12,0.05,742.07,468.07,274.0,Completed
ORD001802,2026-09-22,CUST00572,PROD0016,B004,2,177.73,0.0,177.73,106.43,71.3,Completed
ORD001804,2026-05-26,CUST02191,PROD0084,B004,2,1036.54,0.1,932.89,765.25,167.64,Completed
ORD001806,2026-05-25,CUST01444,PROD0031,B001,5,3335.17,0.0,3335.17,2737.47,597.7,Completed
ORD001807,2026-07-03,CUST00569,PROD0022,B002,1,1264.34,0.1,1137.9,913.58,224.32,Completed
ORD001811,2026-06-10,CUST00852,PROD0023,B003,3,3819.17,0.2,3055.34,2360.76,694.58,Completed
ORD001813,2026-10-29,CUST01038,PROD0116,B001,3,786.52,0.05,747.19,645.27,101.92,Completed
ORD001822,2026-03-15,CUST02033,PROD0068,B001,4,4099.74,0.0,4099.74,3293.45,806.29,Completed
ORD001830,2026-11-29,CUST01432,PROD0119,B001,2,1197.16,0.1,1077.45,868.62,208.83,Completed
ORD001835,2026-10-08,CUST00264,PROD0112,B003,5,4331.81,0.0,4331.81,3391.64,940.17,Completed
ORD001840,2026-05-25,CUST00685,PROD0007,B001,4,190.83,0.05,181.29,143.01,38.28,Completed
ORD001843,2026-11-04,CUST00221,PROD0040,B004,2,1981.35,0.05,1882.28,1080.7,801.58,Completed
ORD001850,2026-05-20,CUST01561,PROD0057,B001,5,5025.49,0.05,4774.22,3244.76,1529.46,Completed
ORD001852,2026-06-25,CUST01842,PROD0002,B001,4,2720.55,0.0,2720.55,1645.04,1075.51,Completed
ORD001858,2026-12-28,CUST00308,PROD0021,B001,4,3380.64,0.25,2535.48,2054.31,481.17,Completed
ORD001865,2026-03-25,CUST00124,PROD0079,B002,4,693.21,0.05,658.55,466.28,192.27,Completed
ORD001866,2026-05-22,CUST01740,PROD0095,B003,4,1420.55,0.05,1349.52,1071.54,277.98,Completed
ORD001868,2026-06-10,CUST00279,PROD0109,B004,4,5423.46,0.05,5152.29,3900.44,1251.85,Completed
ORD001873,2026-12-22,CUST02255,PROD0024,B004,5,6410.17,0.05,6089.67,3515.47,2574.2,Completed
ORD001881,2026-12-22,CUST00253,PROD0095,B003,1,355.14,0.0,355.14,267.88,87.26,Completed
ORD001887,2026-11-30,CUST01678,PROD0045,B003,1,1004.75,0.05,954.52,716.56,237.96,Completed
ORD001890,2026-11-19,CUST00192,PROD0061,B002,1,448.2,0.1,403.38,315.02,88.36,Completed
ORD001895,2026-12-23,CUST01044,PROD0003,B002,5,1526.75,0.15,1297.74,1338.64,-40.9,Completed
ORD001897,2026-07-22,CUST01674,PROD0068,B002,1,1024.93,0.1,922.44,823.36,99.08,Completed
ORD001901,2026-11-06,CUST02105,PROD0041,B001,2,230.15,0.1,207.14,124.98,82.16,Completed
ORD001904,2026-05-20,CUST01327,PROD0108,B004,2,1819.76,0.1,1637.79,1046.85,590.94,Completed
ORD001905,2026-04-02,CUST01954,PROD0077,B001,5,1520.11,0.0,1520.11,1230.26,289.85,Completed
ORD001909,2026-06-24,CUST01798,PROD0056,B003,3,4235.16,0.0,4235.16,3172.93,1062.23,Completed
ORD001910,2026-12-07,CUST01370,PROD0004,B003,2,598.35,0.0,598.35,382.21,216.14,Completed
ORD001914,2026-08-20,CUST02023,PROD0014,B002,1,1380.88,0.1,1242.79,790.6,452.19,Completed
ORD001922,2026-01-07,CUST00557,PROD0075,B002,2,2827.8,0.05,2686.41,2184.91,501.5,Completed
ORD001925,2026-10-17,CUST01326,PROD0004,B003,1,299.17,0.15,254.3,191.1,63.2,Completed
ORD001939,2026-06-12,CUST02308,PROD0108,B003,4,3639.53,0.2,2911.62,2093.7,817.92,Completed
ORD001946,2026-03-22,CUST01450,PROD0088,B002,4,1795.48,0.0,1795.48,1158.41,637.07,Completed
ORD001947,2026-02-19,CUST00542,PROD0104,B001,2,3204.91,0.15,2724.17,2119.14,605.03,Completed
ORD001951,2026-10-19,CUST00995,PROD0107,B005,5,8891.01,0.15,7557.35,5438.35,2119.0,Completed
ORD001955,2026-10-22,CUST01059,PROD0085,B002,2,86.1,0.05,81.8,68.23,13.57,Completed
ORD001957,2026-04-02,CUST01517,PROD0001,B005,1,1939.39,0.2,1551.52,1063.18,488.34,Completed
ORD001958,2026-05-28,CUST00673,PROD0024,B005,4,5128.14,0.15,4358.92,2812.38,1546.54,Completed
ORD001959,2026-04-07,CUST01669,PROD0076,B005,3,899.93,0.15,764.94,720.15,44.79,Completed
ORD001961,2026-01-02,CUST00873,PROD0120,B002,3,1707.5,0.15,1451.37,1100.84,350.53,Completed
ORD001975,2026-07-18,CUST00584,PROD0026,B002,1,393.51,0.0,393.51,284.3,109.21,Completed
ORD001979,2026-03-21,CUST01013,PROD0111,B004,2,3669.64,0.1,3302.67,2214.12,1088.55,Completed
ORD001981,2026-12-18,CUST00639,PROD0050,B001,2,2198.28,0.15,1868.54,1268.54,600.0,Completed
ORD001982,2026-08-19,CUST01144,PROD0010,B005,2,3685.11,0.2,2948.09,2143.99,804.1,Completed
ORD001989,2026-06-21,CUST01330,PROD0036,B004,5,1416.8,0.0,1416.8,766.09,650.71,Completed
ORD001996,2026-03-06,CUST01091,PROD0025,B001,4,3960.18,0.0,3960.18,2362.87,1597.31,Completed
ORD001997,2026-11-10,CUST01623,PROD0115,B004,4,2986.19,0.05,2836.87,1842.61,994.26,Completed
ORD001999,2026-12-24,CUST02476,PROD0033,B001,3,1801.02,0.2,1440.82,1149.73,291.09,Completed
ORD002011,2026-10-16,CUST02048,PROD0023,B002,1,1273.06,0.0,1273.06,786.92,486.14,Completed
ORD002015,2026-01-22,CUST01605,PROD0069,B004,1,1265.03,0.1,1138.53,686.44,452.09,Completed
ORD002017,2026-02-02,CUST01355,PROD0025,B001,3,2970.13,0.2,2376.11,1772.15,603.96,Completed
ORD002018,2026-08-04,CUST01312,PROD0054,B004,4,4510.71,0.2,3608.57,3048.13,560.44,Completed
ORD002020,2026-12-03,CUST01572,PROD0003,B001,4,1511.16,0.0,1511.16,1070.91,440.25,Completed
ORD002022,2026-12-23,CUST01532,PROD0040,B003,4,3962.7,0.05,3764.56,2161.41,1603.15,Completed
ORD002023,2026-05-15,CUST01388,PROD0031,B005,5,3335.17,0.1,3001.66,2737.47,264.19,Completed
ORD002030,2026-01-12,CUST01879,PROD0032,B003,3,2209.3,0.1,1988.37,1215.9,772.47,Completed
ORD002031,2026-08-19,CUST01584,PROD0020,B002,1,760.64,0.05,722.61,547.73,174.88,Completed
ORD002038,2026-09-14,CUST00187,PROD0082,B005,5,10472.63,0.15,8901.74,5668.32,3233.42,Completed
ORD002039,2026-08-11,CUST00615,PROD0085,B005,1,43.05,0.15,36.6,34.11,2.49,Completed
ORD002040,2026-01-23,CUST00558,PROD0067,B003,5,4534.04,0.2,3627.23,2486.63,1140.6,Completed
ORD002041,2026-04-16,CUST01404,PROD0043,B003,3,874.19,0.1,786.77,535.94,250.83,Completed
ORD002044,2026-08-14,CUST00011,PROD0102,B002,4,3085.61,0.1,2777.05,1779.46,997.59,Completed
ORD002045,2026-01-20,CUST01172,PROD0074,B002,2,1305.69,0.15,1109.83,1009.68,100.15,Completed
ORD002052,2026-01-31,CUST00849,PROD0082,B003,1,2094.53,0.05,1989.8,1133.66,856.14,Completed
ORD002054,2026-01-21,CUST00101,PROD0112,B001,3,2599.09,0.0,2599.09,2034.98,564.11,Completed
ORD002057,2026-05-03,CUST00878,PROD0077,B005,5,1520.11,0.05,1444.11,1230.26,213.85,Completed
ORD002060,2026-06-08,CUST01037,PROD0046,B001,4,893.34,0.1,804.01,674.21,129.8,Completed
ORD002066,2026-07-09,CUST01050,PROD0065,B001,3,4054.0,0.2,3243.2,3033.65,209.55,Completed
ORD002070,2026-12-23,CUST01329,PROD0037,B001,4,2318.69,0.25,1739.02,1930.23,-191.21,Completed
ORD002083,2026-02-15,CUST02373,PROD0113,B003,5,6270.92,0.2,5016.73,4534.77,481.96,Completed
ORD002084,2026-11-12,CUST00007,PROD0106,B003,3,2155.74,0.05,2047.95,1293.66,754.29,Completed
ORD002087,2026-07-23,CUST01122,PROD0072,B001,1,465.16,0.0,465.16,326.62,138.54,Completed
ORD002088,2026-05-31,CUST02436,PROD0015,B004,1,1421.07,0.0,1421.07,883.73,537.34,Completed
ORD002093,2026-05-06,CUST01767,PROD0051,B003,5,4480.46,0.05,4256.44,2970.26,1286.18,Completed
ORD002094,2026-07-03,CUST01005,PROD0115,B004,4,2986.19,0.15,2538.26,1842.61,695.65,Completed
ORD002101,2026-03-29,CUST01634,PROD0108,B001,4,3639.53,0.2,2911.62,2093.7,817.92,Completed
ORD002104,2026-09-04,CUST00978,PROD0046,B001,3,670.01,0.15,569.5,505.66,63.84,Completed
ORD002106,2026-07-18,CUST00117,PROD0042,B004,5,7267.64,0.2,5814.11,5321.93,492.18,Completed
ORD002114,2026-10-25,CUST01356,PROD0015,B004,2,2842.13,0.05,2700.03,1767.45,932.58,Completed
ORD002121,2026-10-05,CUST00489,PROD0064,B002,4,3700.91,0.25,2775.68,2813.15,-37.47,Completed
ORD002123,2026-08-28,CUST00624,PROD0013,B003,3,2029.66,0.1,1826.7,1373.17,453.53,Completed
ORD002126,2026-01-02,CUST00824,PROD0011,B001,3,2543.84,0.1,2289.46,1972.87,316.59,Completed
ORD002128,2026-06-26,CUST00915,PROD0097,B003,4,5315.6,0.25,3986.7,4338.46,-351.76,Completed
ORD002132,2026-08-15,CUST02121,PROD0025,B003,5,4950.22,0.0,4950.22,2953.59,1996.63,Completed
ORD002134,2026-03-06,CUST01193,PROD0099,B001,3,2547.81,0.15,2165.64,1780.7,384.94,Completed
ORD002135,2026-12-08,CUST01946,PROD0094,B004,2,390.56,0.2,312.45,234.04,78.41,Completed
ORD002143,2026-01-16,CUST01664,PROD0043,B001,1,291.4,0.05,276.83,178.65,98.18,Completed
ORD002148,2026-09-11,CUST01518,PROD0036,B002,1,283.36,0.0,283.36,153.22,130.14,Completed
ORD002154,2026-03-24,CUST01879,PROD0041,B004,5,575.39,0.1,517.85,312.45,205.4,Completed
ORD002161,2026-11-22,CUST00313,PROD0113,B005,1,1254.18,0.1,1128.76,906.95,221.81,Completed
ORD002164,2026-12-23,CUST02363,PROD0018,B002,4,6885.23,0.2,5508.18,4287.63,1220.55,Completed
ORD002169,2026-03-11,CUST00745,PROD0108,B002,4,3639.53,0.15,3093.6,2093.7,999.9,Completed
ORD002175,2026-01-25,CUST01839,PROD0047,B003,3,930.59,0.1,837.53,538.95,298.58,Completed
ORD002177,2026-02-13,CUST00674,PROD0004,B003,4,1196.7,0.1,1077.03,764.42,312.61,Completed
ORD002182,2026-09-07,CUST00733,PROD0100,B004,1,810.99,0.0,810.99,633.28,177.71,Completed
ORD002190,2026-12-26,CUST01029,PROD0004,B005,4,1196.7,0.0,1196.7,764.42,432.28,Completed
ORD002192,2026-03-10,CUST01545,PROD0089,B004,1,343.33,0.0,343.33,225.59,117.74,Completed
ORD002193,2026-11-20,CUST00616,PROD0027,B005,2,1368.76,0.0,1368.76,991.49,377.27,Completed
ORD002201,2026-06-20,CUST02123,PROD0008,B002,3,796.66,0.2,637.33,656.72,-19.39,Completed
ORD002203,2026-04-23,CUST00298,PROD0003,B003,5,1888.96,0.05,1794.51,1338.64,455.87,Completed
ORD002206,2026-10-26,CUST02224,PROD0014,B004,4,3121.26,0.05,2965.2,3162.41,-197.21,Completed
ORD002209,2026-09-26,CUST02096,PROD0072,B002,3,1395.47,0.1,1255.93,979.86,276.07,Completed
ORD002216,2026-04-26,CUST01188,PROD0069,B001,4,5060.14,0.05,4807.13,2745.75,2061.38,Completed
ORD002220,2026-05-19,CUST01535,PROD0109,B004,1,1355.87,0.1,1220.28,975.11,245.17,Completed
ORD002221,2026-01-27,CUST01830,PROD0079,B003,2,346.61,0.0,346.61,233.14,113.47,Completed
ORD002225,2026-03-22,CUST00196,PROD0015,B004,5,7105.34,0.1,6394.8,4418.64,1976.16,Completed
ORD002240,2026-12-16,CUST01171,PROD0061,B001,5,2241.0,0.25,1680.75,1575.12,105.63,Completed
ORD002243,2026-04-28,CUST00959,PROD0004,B002,3,897.52,0.0,897.52,573.31,324.21,Completed
ORD002246,2026-11-05,CUST00006,PROD0004,B004,4,1196.7,0.0,1196.7,764.42,432.28,Completed
ORD002247,2026-04-23,CUST01564,PROD0021,B003,5,4225.8,0.1,3803.22,2567.89,1235.33,Completed
ORD002249,2026-06-20,CUST01955,PROD0087,B004,5,5905.32,0.1,5314.79,4123.48,1191.31,Completed
ORD002250,2026-12-22,CUST01069,PROD0049,B002,4,5330.89,0.1,4797.8,3084.32,1713.48,Completed
ORD002259,2026-05-05,CUST02369,PROD0015,B003,5,7105.34,0.05,6750.07,4418.64,2331.43,Completed
ORD002261,2026-09-22,CUST00497,PROD0120,B003,5,2845.83,0.1,2561.24,1834.73,726.51,Completed
ORD002263,2026-03-13,CUST01287,PROD0115,B001,3,2239.64,0.0,2239.64,1381.96,857.68,Completed
ORD002264,2026-09-21,CUST00521,PROD0046,B002,4,893.34,0.15,759.34,674.21,85.13,Completed
ORD002265,2026-04-21,CUST00018,PROD0099,B001,4,3397.08,0.1,3057.37,2374.27,683.1,Completed
ORD002268,2026-02-08,CUST01647,PROD0028,B005,3,2190.58,0.1,1971.52,1375.54,595.98,Completed
ORD002269,2026-04-05,CUST01104,PROD0055,B005,4,906.94,0.0,906.94,1054.16,-147.22,Completed
ORD002275,2026-11-02,CUST02323,PROD0020,B001,4,3042.55,0.1,2738.3,2190.93,547.37,Completed
ORD002278,2026-11-30,CUST00887,PROD0004,B002,5,1495.87,0.2,1196.7,955.52,241.18,Completed
ORD002282,2026-07-27,CUST02260,PROD0086,B004,5,2639.34,0.1,2375.41,2003.71,371.7,Completed
ORD002295,2026-08-04,CUST00414,PROD0076,B001,3,899.93,0.05,854.93,720.15,134.78,Completed
ORD002299,2026-10-16,CUST02443,PROD0098,B002,2,1998.78,0.05,1898.84,1117.66,781.18,Completed
ORD002302,2026-11-14,CUST02500,PROD0105,B004,3,1265.21,0.15,1075.43,932.39,143.04,Completed
ORD002306,2026-07-25,CUST00515,PROD0079,B005,5,866.51,0.0,866.51,582.85,283.66,Completed
ORD002311,2026-12-08,CUST01476,PROD0017,B005,3,2608.78,0.0,2608.78,1895.94,712.84,Completed
ORD002317,2026-02-18,CUST01809,PROD0111,B004,5,9174.1,0.15,7797.98,5535.31,2262.67,Completed
ORD002318,2026-07-23,CUST01842,PROD0095,B004,1,355.14,0.05,337.38,267.88,69.5,Completed
ORD002321,2026-11-18,CUST00603,PROD0101,B002,2,1292.78,0.15,1098.86,921.0,177.86,Completed
ORD002324,2026-08-18,CUST01857,PROD0120,B004,3,1707.5,0.05,1622.12,1100.84,521.28,Completed
ORD002325,2026-06-16,CUST01128,PROD0042,B001,4,5814.11,0.15,4941.99,4257.54,684.45,Completed
ORD002327,2026-05-22,CUST02487,PROD0042,B004,1,1453.53,0.15,1235.5,1064.39,171.11,Completed
ORD002328,2026-06-23,CUST00265,PROD0100,B001,4,3243.95,0.0,3243.95,2533.12,710.83,Completed
ORD002329,2026-08-29,CUST00979,PROD0059,B003,5,4875.0,0.05,4631.25,3083.56,1547.69,Completed
ORD002341,2026-05-04,CUST00737,PROD0025,B005,5,4950.22,0.2,3960.18,2953.59,1006.59,Completed
ORD002350,2026-10-19,CUST00408,PROD0066,B001,5,6991.07,0.1,6291.96,5022.45,1269.51,Completed
ORD002353,2026-02-10,CUST01004,PROD0117,B003,4,3089.06,0.05,2934.61,1904.49,1030.12,Completed
ORD002357,2026-02-16,CUST02047,PROD0035,B002,4,2321.65,0.15,1973.4,1742.46,230.94,Completed
ORD002359,2026-05-27,CUST00257,PROD0071,B002,5,2398.93,0.1,2159.04,1867.86,291.18,Completed
ORD002365,2026-08-10,CUST02445,PROD0103,B001,1,872.66,0.0,872.66,516.43,356.23,Completed
ORD002368,2026-02-24,CUST02420,PROD0037,B005,5,2898.37,0.1,2608.53,2412.79,195.74,Completed
ORD002374,2026-04-26,CUST02463,PROD0006,B004,3,2008.39,0.05,1907.97,1457.71,450.26,Completed
ORD002377,2026-02-19,CUST01296,PROD0025,B001,3,2970.13,0.15,2524.61,1772.15,752.46,Completed
ORD002382,2026-11-16,CUST00748,PROD0073,B005,2,365.6,0.1,329.04,239.94,89.1,Completed
ORD002386,2026-12-21,CUST01537,PROD0036,B004,3,850.08,0.2,680.07,459.65,220.42,Completed
ORD002388,2026-06-02,CUST00249,PROD0103,B004,3,2617.97,0.0,2617.97,1549.3,1068.67,Completed
ORD002392,2026-01-16,CUST01146,PROD0120,B004,3,1707.5,0.0,1707.5,1100.84,606.66,Completed
ORD002397,2026-09-16,CUST01778,PROD0006,B005,2,1338.93,0.05,1271.98,971.81,300.17,Completed
ORD002398,2026-09-14,CUST00490,PROD0020,B003,5,3803.19,0.1,3422.87,2738.67,684.2,Completed
ORD002399,2026-12-25,CUST00828,PROD0074,B003,5,3264.22,0.0,3264.22,2524.19,740.03,Completed
ORD002414,2026-03-26,CUST00928,PROD0046,B005,1,223.34,0.1,201.0,168.55,32.45,Completed
ORD002419,2026-06-18,CUST01065,PROD0048,B001,1,888.37,0.1,799.53,615.49,184.04,Completed
ORD002428,2026-06-12,CUST01594,PROD0034,B001,3,3232.34,0.0,3232.34,2149.77,1082.57,Completed
ORD002434,2026-11-13,CUST02096,PROD0060,B001,1,89.53,0.25,67.14,58.78,8.36,Completed
ORD002435,2026-03-24,CUST02276,PROD0005,B002,1,1222.39,0.0,1222.39,753.73,468.66,Completed
ORD002436,2026-05-21,CUST01695,PROD0095,B002,4,1420.55,0.1,1278.49,1071.54,206.95,Completed
ORD002439,2026-02-26,CUST00930,PROD0088,B002,1,448.87,0.0,448.87,289.6,159.27,Completed
ORD002445,2026-06-13,CUST02079,PROD0023,B002,5,6365.28,0.0,6365.28,3934.59,2430.69,Completed
ORD002447,2026-04-23,CUST02276,PROD0099,B002,2,1698.54,0.2,1358.83,1187.14,171.69,Completed
ORD002452,2026-08-07,CUST00385,PROD0109,B005,3,4067.6,0.2,3254.08,2925.33,328.75,Completed
ORD002453,2026-07-28,CUST01198,PROD0076,B001,2,599.95,0.1,539.96,480.1,59.86,Completed
ORD002454,2026-01-07,CUST00862,PROD0057,B002,3,3015.3,0.05,2864.53,1946.86,917.67,Completed
ORD002460,2026-10-24,CUST01268,PROD0053,B002,4,2223.35,0.15,1889.85,1446.41,443.44,Completed
ORD002461,2026-12-25,CUST01285,PROD0002,B002,3,2040.42,0.15,1734.35,1233.78,500.57,Completed
ORD002465,2026-07-28,CUST00857,PROD0054,B004,3,3383.03,0.0,3383.03,2286.1,1096.93,Completed
ORD002468,2026-02-25,CUST02084,PROD0063,B005,2,265.36,0.05,252.09,200.93,51.16,Completed
ORD002474,2026-04-10,CUST02360,PROD0055,B005,2,929.48,0.1,836.54,527.08,309.46,Completed
ORD002475,2026-08-20,CUST00669,PROD0019,B004,2,1777.39,0.25,1333.04,1108.38,224.66,Completed
ORD002477,2026-12-29,CUST00554,PROD0078,B004,2,1863.91,0.1,1677.52,1147.95,529.57,Completed
ORD002482,2026-12-01,CUST01585,PROD0048,B005,2,1776.73,0.15,1510.22,1230.99,279.23,Completed
ORD002485,2026-04-13,CUST00625,PROD0010,B004,5,9212.77,0.1,8291.5,5359.98,2931.52,Completed
ORD002491,2026-06-14,CUST00691,PROD0042,B005,4,4225.21,0.1,3802.68,4257.54,-454.86,Completed
ORD002492,2026-09-30,CUST00119,PROD0018,B002,2,3442.62,0.25,2581.96,2143.81,438.15,Completed
ORD002493,2026-05-06,CUST02080,PROD0066,B002,1,1398.21,0.1,1258.39,1004.49,253.9,Completed
ORD002497,2026-01-10,CUST01860,PROD0068,B004,1,1024.93,0.1,922.44,823.36,99.08,Completed
ORD002506,2026-12-19,CUST00802,PROD0021,B004,3,2535.48,0.1,2281.93,1540.73,741.2,Completed
ORD002513,2026-10-30,CUST01425,PROD0066,B004,4,5592.86,0.1,5033.57,4017.96,1015.61,Completed
ORD002515,2026-03-03,CUST00443,PROD0004,B003,1,299.17,0.1,269.26,191.1,78.16,Completed
ORD002516,2026-03-03,CUST02094,PROD0103,B002,2,1745.31,0.15,1483.52,1032.87,450.65,Completed
ORD002517,2026-08-28,CUST02008,PROD0008,B001,3,796.66,0.2,637.33,656.72,-19.39,Completed
ORD002519,2026-02-14,CUST02130,PROD0082,B004,5,10472.63,0.1,9425.37,5668.32,3757.05,Completed
ORD002520,2026-10-15,CUST01561,PROD0062,B004,3,2188.59,0.0,2188.59,1736.16,452.43,Completed
ORD002522,2026-01-07,CUST01944,PROD0093,B004,1,866.35,0.1,779.72,635.67,144.05,Completed
ORD002528,2026-03-03,CUST02237,PROD0055,B005,2,929.48,0.05,883.01,527.08,355.93,Completed
ORD002529,2026-02-09,CUST00785,PROD0029,B005,2,916.01,0.1,824.41,531.7,292.71,Completed
ORD002532,2026-11-11,CUST00558,PROD0115,B004,4,2986.19,0.0,2986.19,1842.61,1143.58,Completed
ORD002536,2026-10-25,CUST02433,PROD0074,B001,4,2611.38,0.15,2219.67,2019.35,200.32,Completed
ORD002544,2026-10-20,CUST01145,PROD0097,B002,4,7044.68,0.1,6340.21,4338.46,2001.75,Completed
ORD002545,2026-05-14,CUST01529,PROD0034,B001,4,4309.79,0.15,3663.32,2866.35,796.97,Completed
ORD002547,2026-05-19,CUST01346,PROD0025,B005,5,4950.22,0.2,3960.18,2953.59,1006.59,Completed
ORD002548,2026-03-16,CUST02490,PROD0013,B002,5,3382.77,0.15,2875.35,2288.62,586.73,Completed
ORD002554,2026-07-15,CUST00913,PROD0021,B001,1,845.16,0.25,633.87,513.58,120.29,Completed
ORD002557,2026-12-14,CUST00929,PROD0114,B001,4,5498.14,0.15,4673.42,4172.67,500.75,Completed
ORD002567,2026-07-18,CUST02157,PROD0007,B001,1,47.71,0.1,42.94,35.75,7.19,Completed
ORD002568,2026-01-02,CUST00236,PROD0106,B005,4,2874.32,0.0,2874.32,1724.88,1149.44,Completed
ORD002569,2026-02-08,CUST02411,PROD0063,B001,2,265.36,0.0,265.36,200.93,64.43,Completed
ORD002572,2026-09-02,CUST02264,PROD0079,B003,5,866.51,0.2,693.21,582.85,110.36,Completed
ORD002586,2026-10-08,CUST01106,PROD0097,B001,3,5283.51,0.1,4755.16,3253.85,1501.31,Completed
ORD002589,2026-02-04,CUST01746,PROD0091,B002,5,2068.37,0.05,1964.95,1576.45,388.5,Completed
ORD002593,2026-08-24,CUST01429,PROD0065,B004,3,4054.0,0.05,3851.31,3033.65,817.66,Completed
ORD002599,2026-03-10,CUST02098,PROD0057,B001,4,4020.4,0.15,3417.33,2595.81,821.52,Completed
ORD002602,2026-04-06,CUST00234,PROD0096,B004,1,1776.92,0.2,1421.54,1034.47,387.07,Completed
ORD002605,2026-08-22,CUST02321,PROD0063,B002,5,663.4,0.15,563.89,502.33,61.56,Completed
ORD002606,2026-07-28,CUST01679,PROD0101,B004,3,1939.17,0.15,1648.29,1381.51,266.78,Completed
ORD002608,2026-11-15,CUST01584,PROD0082,B003,1,2094.53,0.1,1885.08,1133.66,751.42,Completed
ORD002611,2026-03-16,CUST01570,PROD0064,B005,4,3700.91,0.05,3515.87,2813.15,702.72,Completed
ORD002612,2026-07-15,CUST00384,PROD0078,B001,2,1863.91,0.1,1677.52,1147.95,529.57,Completed
ORD002615,2026-02-11,CUST02444,PROD0031,B003,4,2668.14,0.0,2668.14,2189.98,478.16,Completed
ORD002616,2026-07-09,CUST01386,PROD0120,B002,3,1707.5,0.0,1707.5,1100.84,606.66,Completed
ORD002621,2026-02-17,CUST01320,PROD0011,B003,2,1695.9,0.05,1611.1,1315.25,295.85,Completed
ORD002628,2026-12-05,CUST02289,PROD0030,B001,1,1019.38,0.05,968.41,813.59,154.82,Completed
ORD002631,2026-09-15,CUST02123,PROD0090,B001,2,639.76,0.15,543.79,400.36,143.43,Completed
ORD002640,2026-07-11,CUST01801,PROD0013,B003,3,2029.66,0.0,2029.66,1373.17,656.49,Completed
ORD002642,2026-05-07,CUST01629,PROD0119,B003,4,2394.33,0.1,2154.89,1737.24,417.65,Completed
ORD002647,2026-04-22,CUST00543,PROD0002,B002,4,2720.55,0.1,2448.5,1645.04,803.46,Completed
ORD002665,2026-02-23,CUST01269,PROD0018,B004,2,3442.62,0.2,2754.09,2143.81,610.28,Completed
ORD002669,2026-03-18,CUST02218,PROD0112,B001,1,866.36,0.05,823.05,678.33,144.72,Completed
ORD002676,2026-04-05,CUST01039,PROD0012,B005,1,129.62,0.1,116.65,87.57,29.08,Completed
ORD002677,2026-07-22,CUST01395,PROD0051,B004,1,896.09,0.2,716.87,594.05,122.82,Completed
ORD002678,2026-02-13,CUST02110,PROD0118,B002,4,1159.53,0.1,1043.58,776.67,266.91,Completed
ORD002686,2026-08-21,CUST01914,PROD0044,B004,1,1093.95,0.1,984.55,607.41,377.14,Completed
ORD002698,2026-09-28,CUST01442,PROD0117,B002,1,772.26,0.2,617.81,476.12,141.69,Completed
ORD002700,2026-01-24,CUST01912,PROD0039,B001,1,1482.69,0.15,1260.29,826.25,434.04,Completed
ORD002702,2026-04-13,CUST01144,PROD0068,B005,3,3074.8,0.0,3074.8,2470.09,604.71,Completed
ORD002704,2026-07-01,CUST00278,PROD0009,B001,2,638.57,0.2,510.86,391.05,119.81,Completed
ORD002712,2026-03-28,CUST01038,PROD0078,B002,1,931.95,0.2,745.56,573.98,171.58,Completed
ORD002721,2026-11-27,CUST01825,PROD0009,B004,1,319.28,0.15,271.39,195.53,75.86,Completed
ORD002729,2026-07-02,CUST00284,PROD0119,B002,4,2394.33,0.05,2274.61,1737.24,537.37,Completed
ORD002730,2026-06-06,CUST00258,PROD0104,B002,4,6409.81,0.1,5768.83,4238.27,1530.56,Completed
ORD002731,2026-03-24,CUST00429,PROD0105,B002,2,843.47,0.1,759.12,621.59,137.53,Completed
ORD002732,2026-10-25,CUST01104,PROD0040,B001,1,990.67,0.15,842.08,540.35,301.73,Completed
ORD002734,2026-07-29,CUST02161,PROD0037,B001,4,2318.69,0.2,1854.96,1930.23,-75.27,Completed
ORD002740,2026-03-15,CUST02056,PROD0039,B001,1,1482.69,0.1,1334.42,826.25,508.17,Completed
ORD002743,2026-05-21,CUST01411,PROD0063,B004,4,530.72,0.15,451.11,401.86,49.25,Completed
ORD002744,2026-06-24,CUST02047,PROD0044,B005,5,5469.74,0.05,5196.25,3037.05,2159.2,Completed
ORD002747,2026-04-01,CUST01134,PROD0116,B001,5,1310.86,0.0,1310.86,1075.45,235.41,Completed
ORD002748,2026-07-21,CUST01563,PROD0102,B003,3,2314.2,0.1,2082.79,1334.6,748.19,Completed
ORD002751,2026-01-15,CUST02072,PROD0042,B001,2,2907.05,0.05,2761.7,2128.77,632.93,Completed
ORD002752,2026-01-29,CUST01321,PROD0020,B002,1,760.64,0.05,722.61,547.73,174.88,Completed
ORD002754,2026-10-30,CUST01519,PROD0109,B004,1,1355.87,0.15,1152.49,975.11,177.38,Completed
ORD002761,2026-03-13,CUST01417,PROD0072,B004,4,1860.63,0.0,1860.63,1306.48,554.15,Completed
ORD002767,2026-11-05,CUST02367,PROD0059,B001,2,1950.0,0.2,1560.0,1233.42,326.58,Completed
ORD002768,2026-12-04,CUST00536,PROD0112,B003,4,3465.45,0.05,3292.18,2713.31,578.87,Completed
ORD002769,2026-03-12,CUST00885,PROD0113,B003,1,1254.18,0.0,1254.18,906.95,347.23,Completed
ORD002774,2026-07-29,CUST00107,PROD0061,B003,2,896.4,0.1,806.76,630.05,176.71,Completed
ORD002777,2026-04-12,CUST00441,PROD0112,B001,2,1732.73,0.05,1646.09,1356.66,289.43,Completed
ORD002779,2026-01-03,CUST00236,PROD0015,B001,3,4263.2,0.0,4263.2,2651.18,1612.02,Completed
ORD002781,2026-02-14,CUST01670,PROD0120,B003,2,1138.33,0.05,1081.42,733.89,347.53,Completed
ORD002782,2026-06-09,CUST01876,PROD0083,B004,2,3308.37,0.15,2812.12,2242.95,569.17,Completed
ORD002788,2026-07-16,CUST01266,PROD0057,B001,2,2010.2,0.15,1708.67,1297.91,410.76,Completed
ORD002789,2026-08-26,CUST01558,PROD0030,B004,1,1019.38,0.1,917.45,813.59,103.86,Completed
ORD002791,2026-11-01,CUST02408,PROD0008,B004,5,1327.77,0.1,1194.99,1094.54,100.45,Completed
ORD002798,2026-01-02,CUST01697,PROD0022,B003,5,6321.69,0.05,6005.6,4567.91,1437.69,Completed
ORD002799,2026-07-12,CUST01986,PROD0020,B005,3,2281.92,0.15,1939.63,1643.2,296.43,Completed
ORD002800,2026-11-27,CUST00310,PROD0097,B005,2,3522.34,0.05,3346.22,2169.23,1176.99,Completed
ORD002801,2026-04-05,CUST00413,PROD0088,B005,1,448.87,0.15,381.54,289.6,91.94,Completed
ORD002805,2026-12-02,CUST00503,PROD0084,B004,4,2073.08,0.05,1969.42,1530.5,438.92,Completed
ORD002807,2026-05-05,CUST00721,PROD0013,B003,4,2706.22,0.05,2570.9,1830.9,740.0,Completed
ORD002808,2026-06-19,CUST01842,PROD0049,B002,4,5330.89,0.15,4531.26,3084.32,1446.94,Completed
ORD002821,2026-07-15,CUST02244,PROD0030,B004,4,4077.53,0.05,3873.66,3254.38,619.28,Completed
ORD002825,2026-06-21,CUST00690,PROD0014,B005,1,1380.88,0.0,1380.88,790.6,590.28,Completed
ORD002826,2026-04-28,CUST01451,PROD0083,B001,2,3308.37,0.1,2977.54,2242.95,734.59,Completed
ORD002829,2026-09-15,CUST00664,PROD0037,B005,5,2898.37,0.05,2753.45,2412.79,340.66,Completed
ORD002844,2026-10-17,CUST00866,PROD0060,B002,5,447.63,0.15,380.48,293.88,86.6,Completed
ORD002856,2026-12-26,CUST01991,PROD0114,B005,3,4123.61,0.0,4123.61,3129.5,994.11,Completed
ORD002860,2026-01-01,CUST01558,PROD0068,B002,1,1024.93,0.15,871.2,823.36,47.84,Completed
ORD002862,2026-03-11,CUST00715,PROD0054,B005,1,550.48,0.0,550.48,762.03,-211.55,Completed
ORD002863,2026-10-11,CUST02366,PROD0109,B004,3,4067.6,0.1,3660.84,2925.33,735.51,Completed
ORD002865,2026-09-25,CUST01272,PROD0057,B001,2,2010.2,0.15,1708.67,1297.91,410.76,Completed
ORD002870,2026-11-07,CUST02258,PROD0044,B003,3,3281.84,0.1,2953.66,1822.23,1131.43,Completed
ORD002871,2026-09-04,CUST02053,PROD0087,B004,5,5905.32,0.05,5610.06,4123.48,1486.58,Completed
ORD002873,2026-10-22,CUST01880,PROD0079,B002,3,519.91,0.25,389.93,349.71,40.22,Completed
ORD002884,2026-01-01,CUST00508,PROD0095,B001,5,1775.68,0.2,1420.55,1339.42,81.13,Completed
ORD002889,2026-09-08,CUST00613,PROD0009,B002,1,319.28,0.0,319.28,195.53,123.75,Completed
ORD002892,2026-02-20,CUST00424,PROD0067,B003,2,1813.62,0.2,1450.9,994.65,456.25,Completed
ORD002893,2026-01-11,CUST00797,PROD0099,B001,2,1698.54,0.05,1613.61,1187.14,426.47,Completed
ORD002895,2026-02-03,CUST01462,PROD0015,B005,2,2842.13,0.05,2700.03,1767.45,932.58,Completed
ORD002897,2026-11-29,CUST00833,PROD0109,B004,5,6779.33,0.15,5762.43,4875.55,886.88,Completed
ORD002901,2026-03-17,CUST00702,PROD0072,B005,5,2325.79,0.05,2209.5,1633.1,576.4,Completed
ORD002904,2026-01-08,CUST00043,PROD0068,B003,1,1024.93,0.2,819.95,823.36,-3.41,Completed
ORD002906,2026-04-24,CUST00252,PROD0118,B003,1,289.88,0.05,275.39,194.17,81.22,Completed
ORD002907,2026-11-27,CUST00003,PROD0029,B005,1,458.01,0.1,412.21,265.85,146.36,Completed
ORD002911,2026-01-03,CUST00584,PROD0034,B002,3,3232.34,0.2,2585.88,2149.77,436.11,Completed
ORD002914,2026-03-12,CUST02409,PROD0109,B001,1,1355.87,0.1,1220.28,975.11,245.17,Completed
ORD002918,2026-02-22,CUST01347,PROD0017,B002,4,3478.37,0.05,3304.46,2527.92,776.54,Completed
ORD002922,2026-06-02,CUST01800,PROD0017,B005,3,2608.78,0.15,2217.46,1895.94,321.52,Completed
ORD002924,2026-05-22,CUST02475,PROD0029,B003,1,458.01,0.0,458.01,265.85,192.16,Completed
ORD002928,2026-07-22,CUST00473,PROD0016,B002,5,444.32,0.0,444.32,266.08,178.24,Completed
ORD002930,2026-08-28,CUST01414,PROD0079,B002,3,519.91,0.15,441.92,349.71,92.21,Completed
ORD002931,2026-12-14,CUST02019,PROD0098,B004,1,999.39,0.0,999.39,558.83,440.56,Completed
ORD002934,2026-02-08,CUST01048,PROD0040,B001,4,3962.7,0.15,3368.29,2161.41,1206.88,Completed
ORD002937,2026-07-06,CUST00277,PROD0098,B004,1,999.39,0.2,799.51,558.83,240.68,Completed
ORD002944,2026-08-09,CUST00225,PROD0019,B004,2,1777.39,0.05,1688.52,1108.38,580.14,Completed
ORD002945,2026-12-13,CUST02204,PROD0032,B002,5,3682.17,0.15,3129.84,2026.5,1103.34,Completed
ORD002946,2026-11-20,CUST00242,PROD0020,B002,3,2281.92,0.1,2053.72,1643.2,410.52,Completed
ORD002948,2026-10-20,CUST01663,PROD0083,B005,4,6616.75,0.2,5293.4,4485.91,807.49,Completed
ORD002950,2026-02-16,CUST01069,PROD0118,B002,2,579.77,0.15,492.8,388.34,104.46,Completed
ORD002951,2026-04-19,CUST01537,PROD0039,B005,3,4448.07,0.25,3336.05,2478.74,857.31,Completed
ORD002954,2026-04-25,CUST00456,PROD0060,B001,2,179.05,0.0,179.05,117.55,61.5,Completed
ORD002956,2026-10-17,CUST00002,PROD0058,B003,1,312.76,0.05,297.12,174.58,122.54,Completed
ORD002960,2026-08-06,CUST01853,PROD0053,B001,2,1111.68,0.15,944.92,723.21,221.71,Completed
ORD002969,2026-07-21,CUST01628,PROD0019,B002,3,2666.08,0.15,2266.17,1662.57,603.6,Completed
ORD002971,2026-11-25,CUST02002,PROD0035,B003,5,2902.06,0.0,2902.06,2178.08,723.98,Completed
ORD002975,2026-12-02,CUST00521,PROD0120,B004,2,1138.33,0.05,1081.42,733.89,347.53,Completed
ORD002978,2026-11-14,CUST01496,PROD0048,B002,5,4441.84,0.25,3331.38,3077.47,253.91,Completed
ORD002985,2026-12-25,CUST01849,PROD0111,B005,2,3669.64,0.25,2752.23,2214.12,538.11,Completed
ORD002987,2026-12-30,CUST01243,PROD0008,B005,2,531.11,0.0,531.11,437.82,93.29,Completed
ORD002988,2026-04-29,CUST00757,PROD0092,B001,3,313.33,0.05,297.67,199.91,97.76,Completed
ORD002989,2026-06-03,CUST00761,PROD0036,B003,1,283.36,0.25,212.52,153.22,59.3,Completed
ORD002994,2026-11-04,CUST01850,PROD0055,B004,5,2323.71,0.1,2091.34,1317.7,773.64,Completed
ORD002997,2026-04-27,CUST00072,PROD0059,B001,5,4875.0,0.1,4387.5,3083.56,1303.94,Completed
ORD003001,2026-06-12,CUST01339,PROD0113,B002,4,5016.73,0.15,4264.23,3627.81,636.42,Completed
ORD003003,2026-11-25,CUST00082,PROD0109,B005,3,4067.6,0.1,3660.84,2925.33,735.51,Completed
ORD003005,2026-11-21,CUST01185,PROD0071,B002,1,479.79,0.1,431.81,373.57,58.24,Completed
ORD003010,2026-03-17,CUST02381,PROD0081,B001,5,665.54,0.1,598.98,495.54,103.44,Completed
ORD003013,2026-06-16,CUST00499,PROD0082,B002,5,10472.63,0.2,8378.11,5668.32,2709.79,Completed
ORD003015,2026-10-10,CUST00915,PROD0044,B001,4,4375.79,0.15,3719.42,2429.64,1289.78,Completed
ORD003016,2026-12-25,CUST00545,PROD0108,B001,1,909.88,0.05,864.39,523.42,340.97,Completed
ORD003019,2026-04-26,CUST02218,PROD0011,B005,4,3391.79,0.05,3222.2,2630.5,591.7,Completed
ORD003020,2026-11-03,CUST00615,PROD0005,B003,5,6111.97,0.0,6111.97,3768.65,2343.32,Completed
ORD003022,2026-03-21,CUST02334,PROD0110,B004,4,3186.86,0.1,2868.17,1852.77,1015.4,Completed
ORD003025,2026-09-25,CUST01849,PROD0003,B002,5,1888.96,0.0,1888.96,1338.64,550.32,Completed
ORD003027,2026-03-12,CUST00439,PROD0054,B001,4,4510.71,0.25,3383.03,3048.13,334.9,Completed
ORD003036,2026-04-18,CUST01091,PROD0106,B005,2,1437.16,0.05,1365.3,862.44,502.86,Completed
ORD003037,2026-07-30,CUST02276,PROD0046,B001,5,1116.68,0.05,1060.84,842.77,218.07,Completed
ORD003038,2026-05-31,CUST01065,PROD0071,B005,4,1919.14,0.2,1535.31,1494.29,41.02,Completed
ORD003040,2026-10-23,CUST02202,PROD0082,B005,1,2094.53,0.05,1989.8,1133.66,856.14,Completed
ORD003045,2026-03-24,CUST02221,PROD0078,B005,1,931.95,0.25,698.96,573.98,124.98,Completed
ORD003048,2026-12-21,CUST01645,PROD0054,B001,2,2255.35,0.0,2255.35,1524.07,731.28,Completed
ORD003058,2026-01-15,CUST02411,PROD0086,B001,3,1583.6,0.15,1346.06,1202.23,143.83,Completed
ORD003059,2026-12-28,CUST01482,PROD0076,B002,1,299.98,0.15,254.98,240.05,14.93,Completed
ORD003067,2026-04-19,CUST00926,PROD0022,B001,5,6321.69,0.05,6005.6,4567.91,1437.69,Completed
ORD003070,2026-09-10,CUST00783,PROD0113,B005,2,2508.37,0.05,2382.95,1813.91,569.04,Completed
ORD003074,2026-04-08,CUST00753,PROD0052,B001,1,660.68,0.25,495.51,453.35,42.16,Completed
ORD003078,2026-08-15,CUST02455,PROD0109,B001,2,2711.73,0.1,2440.56,1950.22,490.34,Completed
ORD003083,2026-01-15,CUST02374,PROD0046,B003,4,893.34,0.1,804.01,674.21,129.8,Completed
ORD003091,2026-04-24,CUST01609,PROD0045,B002,1,1004.75,0.0,1004.75,716.56,288.19,Completed
ORD003097,2026-12-13,CUST00690,PROD0120,B002,5,2845.83,0.05,2703.54,1834.73,868.81,Completed
ORD003098,2026-02-16,CUST02370,PROD0023,B003,5,6365.28,0.2,5092.22,3934.59,1157.63,Completed
ORD003099,2026-02-18,CUST01198,PROD0096,B004,2,3553.84,0.15,3020.77,2068.95,951.82,Completed
ORD003102,2026-12-08,CUST00939,PROD0056,B002,4,5646.88,0.1,5082.19,4230.57,851.62,Completed
ORD003116,2026-07-29,CUST01243,PROD0020,B002,5,3803.19,0.05,3613.04,2738.67,874.37,Completed
ORD003126,2026-03-29,CUST00076,PROD0095,B004,1,355.14,0.15,301.87,267.88,33.99,Completed
ORD003127,2026-12-30,CUST01264,PROD0101,B005,4,2585.55,0.05,2456.27,1842.01,614.26,Completed
ORD003134,2026-04-17,CUST02200,PROD0089,B003,1,343.33,0.15,291.83,225.59,66.24,Completed
ORD003135,2026-02-12,CUST01157,PROD0026,B003,3,1180.52,0.0,1180.52,852.89,327.63,Completed
ORD003143,2026-02-20,CUST01227,PROD0085,B001,4,172.21,0.1,154.99,136.46,18.53,Completed
ORD003144,2026-02-22,CUST00521,PROD0063,B003,2,265.36,0.0,265.36,200.93,64.43,Completed
ORD003148,2026-08-23,CUST00922,PROD0031,B003,2,1334.07,0.15,1133.96,1094.99,38.97,Completed
ORD003149,2026-09-06,CUST00967,PROD0100,B005,5,4054.94,0.05,3852.2,3166.4,685.8,Completed
ORD003153,2026-03-08,CUST00375,PROD0011,B005,5,4239.74,0.0,4239.74,3288.12,951.62,Completed
ORD003155,2026-09-29,CUST00198,PROD0055,B001,5,2323.71,0.05,2207.52,1317.7,889.82,Completed
ORD003164,2026-10-10,CUST02415,PROD0040,B004,5,4953.37,0.15,4210.37,2701.76,1508.61,Completed
ORD003165,2026-04-08,CUST01616,PROD0077,B005,4,1216.09,0.0,1216.09,984.21,231.88,Completed
ORD003167,2026-10-18,CUST01390,PROD0049,B001,3,3998.17,0.05,3798.26,2313.24,1485.02,Completed
ORD003170,2026-05-28,CUST01899,PROD0050,B002,3,3297.42,0.2,2637.94,1902.8,735.14,Completed
ORD003173,2026-09-25,CUST00360,PROD0065,B002,1,1351.33,0.15,1148.64,1011.22,137.42,Completed
ORD003174,2026-08-01,CUST01087,PROD0111,B003,4,7339.28,0.1,6605.35,4428.25,2177.1,Completed
ORD003183,2026-09-29,CUST01420,PROD0006,B005,4,2677.86,0.2,2142.29,1943.61,198.68,Completed
ORD003186,2026-08-20,CUST01381,PROD0041,B004,3,345.23,0.15,293.45,187.47,105.98,Completed
ORD003190,2026-06-29,CUST01008,PROD0013,B002,3,2029.66,0.15,1725.21,1373.17,352.04,Completed
ORD003195,2026-04-06,CUST02220,PROD0077,B001,4,1216.09,0.2,972.87,984.21,-11.34,Completed
ORD003202,2026-08-01,CUST01966,PROD0032,B001,5,3682.17,0.05,3498.06,2026.5,1471.56,Completed
ORD003204,2026-01-27,CUST02493,PROD0089,B005,5,1716.67,0.0,1716.67,1127.94,588.73,Completed
ORD003206,2026-06-11,CUST00498,PROD0040,B002,5,4953.37,0.1,4458.03,2701.76,1756.27,Completed
ORD003207,2026-07-29,CUST01807,PROD0079,B002,3,519.91,0.1,467.91,349.71,118.2,Completed
ORD003216,2026-11-29,CUST02115,PROD0057,B005,2,2010.2,0.05,1909.69,1297.91,611.78,Completed
ORD003218,2026-04-22,CUST02121,PROD0062,B003,5,3647.66,0.0,3647.66,2893.61,754.05,Completed
ORD003221,2026-07-18,CUST01833,PROD0010,B002,4,7370.22,0.0,7370.22,4287.98,3082.24,Completed
ORD003223,2026-11-16,CUST00218,PROD0049,B005,4,5330.89,0.0,5330.89,3084.32,2246.57,Completed
ORD003225,2026-10-19,CUST00513,PROD0028,B001,4,2920.77,0.1,2628.69,1834.06,794.63,Completed
ORD003231,2026-10-29,CUST00479,PROD0045,B004,4,4019.0,0.15,3416.15,2866.23,549.92,Completed
ORD003236,2026-03-13,CUST00035,PROD0087,B005,1,1181.06,0.1,1062.96,824.7,238.26,Completed
ORD003239,2026-01-05,CUST00368,PROD0008,B001,4,1062.22,0.1,955.99,875.63,80.36,Completed
ORD003242,2026-06-16,CUST00042,PROD0114,B003,5,6872.68,0.15,5841.78,5215.83,625.95,Completed
ORD003251,2026-09-30,CUST00938,PROD0064,B002,1,925.23,0.1,832.71,703.29,129.42,Completed
ORD003253,2026-09-05,CUST00242,PROD0118,B005,1,289.88,0.05,275.39,194.17,81.22,Completed
ORD003255,2026-11-15,CUST01627,PROD0029,B005,4,1832.02,0.0,1832.02,1063.4,768.62,Completed
ORD003256,2026-12-14,CUST01260,PROD0090,B005,3,959.63,0.1,863.67,600.54,263.13,Completed
ORD003259,2026-04-19,CUST00108,PROD0023,B005,4,5092.22,0.05,4837.62,3147.68,1689.94,Completed
ORD003260,2026-02-14,CUST00676,PROD0063,B003,4,530.72,0.05,504.19,401.86,102.33,Completed
ORD003261,2026-12-13,CUST02371,PROD0020,B002,5,3803.19,0.1,3422.87,2738.67,684.2,Completed
ORD003264,2026-09-07,CUST00474,PROD0009,B003,5,1596.42,0.2,1277.14,977.63,299.51,Completed
ORD003277,2026-11-18,CUST00341,PROD0036,B003,2,566.72,0.05,538.39,306.44,231.95,Completed
ORD003279,2026-06-21,CUST00613,PROD0062,B002,1,729.53,0.2,583.63,578.72,4.91,Completed
ORD003280,2026-08-17,CUST00173,PROD0032,B003,3,2209.3,0.05,2098.84,1215.9,882.94,Completed
ORD003283,2026-03-02,CUST02368,PROD0117,B001,3,2316.79,0.05,2200.95,1428.37,772.58,Completed
ORD003288,2026-07-14,CUST01864,PROD0080,B003,4,1626.4,0.15,1382.44,1127.99,254.45,Completed
ORD003293,2026-06-21,CUST00507,PROD0088,B003,5,2244.35,0.1,2019.92,1448.01,571.91,Completed
ORD003304,2026-10-11,CUST00997,PROD0040,B001,4,3962.7,0.05,3764.56,2161.41,1603.15,Completed
ORD003307,2026-11-02,CUST02320,PROD0078,B004,5,4659.77,0.05,4426.78,2869.89,1556.89,Completed
ORD003309,2026-07-24,CUST00532,PROD0015,B002,4,5684.27,0.0,5684.27,3534.91,2149.36,Completed
ORD003310,2026-11-14,CUST01787,PROD0028,B005,4,2920.77,0.05,2774.73,1834.06,940.67,Completed
ORD003314,2026-04-26,CUST01576,PROD0036,B003,4,1133.44,0.1,1020.1,612.87,407.23,Completed
ORD003319,2026-12-30,CUST01320,PROD0096,B003,5,8884.61,0.25,6663.46,5172.37,1491.09,Completed
ORD003320,2026-07-09,CUST00103,PROD0024,B001,5,6410.17,0.15,5448.65,3515.47,1933.18,Completed
ORD003326,2026-03-19,CUST00118,PROD0004,B004,2,598.35,0.1,538.52,382.21,156.31,Completed
ORD003329,2026-08-11,CUST02114,PROD0059,B004,3,2925.0,0.2,2340.0,1850.13,489.87,Completed
ORD003333,2026-10-28,CUST00612,PROD0075,B003,1,1413.9,0.0,1413.9,1092.46,321.44,Completed
ORD003339,2026-05-07,CUST01070,PROD0043,B001,2,582.79,0.0,582.79,357.29,225.5,Completed
ORD003340,2026-07-03,CUST00599,PROD0088,B003,5,2244.35,0.15,1907.7,1448.01,459.69,Completed
ORD003344,2026-09-08,CUST01446,PROD0061,B003,3,1344.6,0.15,1142.91,945.07,197.84,Completed
ORD003360,2026-04-22,CUST01249,PROD0040,B003,4,3962.7,0.2,3170.16,2161.41,1008.75,Completed
ORD003362,2026-07-05,CUST00915,PROD0030,B003,1,1019.38,0.05,968.41,813.59,154.82,Completed
ORD003363,2026-01-08,CUST00603,PROD0066,B001,1,1398.21,0.15,1188.48,1004.49,183.99,Completed
ORD003364,2026-01-16,CUST00473,PROD0082,B003,1,2094.53,0.25,1570.89,1133.66,437.23,Completed
ORD003365,2026-01-21,CUST00447,PROD0011,B002,4,3391.79,0.15,2883.02,2630.5,252.52,Completed
ORD003367,2026-02-14,CUST00401,PROD0018,B002,3,5163.92,0.05,4905.72,3215.72,1690.0,Completed
ORD003387,2026-07-27,CUST01980,PROD0029,B003,5,2290.03,0.0,2290.03,1329.25,960.78,Completed
ORD003388,2026-04-21,CUST02251,PROD0053,B005,1,555.84,0.05,528.04,361.6,166.44,Completed
ORD003390,2026-06-27,CUST02373,PROD0034,B002,1,1077.45,0.0,1077.45,716.59,360.86,Completed
ORD003391,2026-07-20,CUST00458,PROD0080,B003,5,2033.0,0.1,1829.7,1409.99,419.71,Completed
ORD003401,2026-07-28,CUST01123,PROD0010,B001,3,5527.66,0.15,4698.52,3215.99,1482.53,Completed
ORD003404,2026-09-03,CUST01988,PROD0015,B004,4,5684.27,0.15,4831.63,3534.91,1296.72,Completed
ORD003412,2026-11-06,CUST01146,PROD0001,B002,2,3878.79,0.15,3296.97,2126.36,1170.61,Completed
ORD003414,2026-12-18,CUST01708,PROD0068,B002,2,2049.87,0.0,2049.87,1646.73,403.14,Completed
ORD003416,2026-07-17,CUST01588,PROD0007,B005,3,143.12,0.1,128.81,107.26,21.55,Completed
ORD003419,2026-02-10,CUST02217,PROD0058,B001,1,312.76,0.15,265.85,174.58,91.27,Completed
ORD003426,2026-11-24,CUST00553,PROD0084,B002,4,2073.08,0.2,1658.46,1530.5,127.96,Completed
ORD003430,2026-01-17,CUST02069,PROD0070,B002,3,601.57,0.0,601.57,412.77,188.8,Completed
ORD003432,2026-04-27,CUST01957,PROD0083,B005,3,4962.56,0.1,4466.31,3364.43,1101.88,Completed
ORD003433,2026-07-04,CUST01073,PROD0077,B004,5,1520.11,0.15,1292.1,1230.26,61.84,Completed
ORD003436,2026-05-24,CUST02241,PROD0047,B001,1,310.2,0.1,279.18,179.65,99.53,Completed
ORD003439,2026-04-27,CUST01143,PROD0070,B002,3,601.57,0.0,601.57,412.77,188.8,Completed
ORD003448,2026-08-16,CUST01510,PROD0076,B001,4,1199.9,0.0,1199.9,960.2,239.7,Completed
ORD003454,2026-10-11,CUST00374,PROD0017,B004,1,869.59,0.1,782.63,631.98,150.65,Completed
ORD003462,2026-09-01,CUST01907,PROD0093,B002,2,1732.71,0.0,1732.71,1271.34,461.37,Completed
ORD003465,2026-01-26,CUST00324,PROD0028,B001,3,2190.58,0.15,1861.99,1375.54,486.45,Completed
ORD003468,2026-01-05,CUST01093,PROD0028,B005,1,730.19,0.15,620.66,458.51,162.15,Completed
ORD003471,2026-08-09,CUST01892,PROD0120,B005,2,1138.33,0.05,1081.42,733.89,347.53,Completed
ORD003474,2026-07-20,CUST02442,PROD0081,B005,3,399.32,0.25,299.49,297.32,2.17,Completed
ORD003476,2026-01-15,CUST00817,PROD0087,B001,5,5905.32,0.15,5019.53,4123.48,896.05,Completed
ORD003483,2026-06-15,CUST00149,PROD0009,B001,5,1596.42,0.2,1277.14,977.63,299.51,Completed
ORD003488,2026-11-22,CUST02279,PROD0116,B002,5,1310.86,0.1,1179.77,1075.45,104.32,Completed
ORD003495,2026-04-14,CUST00019,PROD0120,B005,5,2845.83,0.15,2418.96,1834.73,584.23,Completed
ORD003498,2026-10-31,CUST00970,PROD0005,B002,1,1222.39,0.1,1100.15,753.73,346.42,Completed
ORD003499,2026-03-28,CUST01216,PROD0104,B001,5,8012.27,0.2,6409.81,5297.84,1111.97,Completed
ORD003500,2026-12-14,CUST01501,PROD0089,B005,4,1373.33,0.25,1030.0,902.35,127.65,Completed
ORD003502,2026-07-17,CUST00928,PROD0094,B004,2,205.49,0.05,195.21,234.04,-38.83,Completed
ORD003508,2026-10-09,CUST00873,PROD0120,B001,2,1138.33,0.05,1081.42,733.89,347.53,Completed
ORD003517,2026-05-23,CUST02167,PROD0038,B004,5,299.66,0.0,299.66,203.55,96.11,Completed
ORD003521,2026-02-04,CUST00039,PROD0095,B005,5,1775.68,0.15,1509.33,1339.42,169.91,Completed
ORD003523,2026-01-02,CUST02286,PROD0095,B002,3,1065.41,0.0,1065.41,803.65,261.76,Completed
ORD003525,2026-05-23,CUST00755,PROD0116,B002,1,262.17,0.15,222.85,215.09,7.76,Completed
ORD003526,2026-05-01,CUST00350,PROD0056,B002,1,1411.72,0.1,1270.55,1057.64,212.91,Completed
ORD003532,2026-09-06,CUST00078,PROD0028,B001,3,2190.58,0.05,2081.05,1375.54,705.51,Completed
ORD003533,2026-01-24,CUST00578,PROD0073,B005,1,182.8,0.15,155.38,119.97,35.41,Completed
ORD003534,2026-07-02,CUST00411,PROD0032,B002,3,2209.3,0.15,1877.91,1215.9,662.01,Completed
ORD003536,2026-08-04,CUST01988,PROD0023,B001,5,6365.28,0.0,6365.28,3934.59,2430.69,Completed
ORD003548,2026-12-18,CUST00958,PROD0049,B001,3,3998.17,0.05,3798.26,2313.24,1485.02,Completed
ORD003552,2026-04-18,CUST02163,PROD0103,B002,1,872.66,0.2,698.13,516.43,181.7,Completed
ORD003554,2026-09-30,CUST00852,PROD0069,B004,1,1265.03,0.15,1075.28,686.44,388.84,Completed
ORD003563,2026-02-15,CUST02438,PROD0031,B001,4,2668.14,0.05,2534.73,2189.98,344.75,Completed
ORD003568,2026-02-07,CUST01124,PROD0080,B002,3,1219.8,0.0,1219.8,845.99,373.81,Completed
ORD003575,2026-08-10,CUST00200,PROD0015,B002,1,778.27,0.1,700.45,883.73,-183.28,Completed
ORD003579,2026-05-07,CUST01144,PROD0111,B005,4,7339.28,0.15,6238.38,4428.25,1810.13,Completed
ORD003587,2026-10-01,CUST01274,PROD0043,B003,1,291.4,0.1,262.26,178.65,83.61,Completed
ORD003593,2026-09-22,CUST02108,PROD0081,B005,5,665.54,0.15,565.71,495.54,70.17,Completed
ORD003594,2026-09-21,CUST00768,PROD0060,B004,4,358.1,0.05,340.2,235.11,105.09,Completed
ORD003598,2026-01-20,CUST01278,PROD0033,B003,3,1801.02,0.2,1440.82,1149.73,291.09,Completed
ORD003603,2026-08-01,CUST02290,PROD0011,B002,1,847.95,0.0,847.95,657.62,190.33,Completed
ORD003609,2026-01-15,CUST02417,PROD0004,B003,4,1196.7,0.1,1077.03,764.42,312.61,Completed
ORD003613,2026-08-21,CUST02171,PROD0066,B002,4,5592.86,0.05,5313.22,4017.96,1295.26,Completed
ORD003617,2026-03-29,CUST01763,PROD0025,B003,1,990.04,0.0,990.04,590.72,399.32,Completed
ORD003619,2026-05-09,CUST00569,PROD0047,B002,2,620.39,0.1,558.36,359.3,199.06,Completed
ORD003620,2026-01-07,CUST01832,PROD0088,B002,2,897.74,0.1,807.97,579.21,228.76,Completed
ORD003626,2026-12-25,CUST00742,PROD0049,B001,4,5330.89,0.0,5330.89,3084.32,2246.57,Completed
ORD003635,2026-04-01,CUST02039,PROD0063,B001,4,530.72,0.1,477.65,401.86,75.79,Completed
ORD003639,2026-02-27,CUST02023,PROD0060,B003,4,358.1,0.0,358.1,235.11,122.99,Completed
ORD003640,2026-12-22,CUST00181,PROD0087,B004,4,4724.26,0.1,4251.83,3298.78,953.05,Completed
ORD003642,2026-07-29,CUST00473,PROD0005,B003,4,4889.58,0.2,3911.66,3014.92,896.74,Completed
ORD003643,2026-02-17,CUST00578,PROD0021,B005,3,2535.48,0.2,2028.38,1540.73,487.65,Completed
ORD003647,2026-06-25,CUST01379,PROD0006,B005,1,669.46,0.05,635.99,485.9,150.09,Completed
ORD003654,2026-03-24,CUST01682,PROD0030,B002,5,5096.92,0.1,4587.23,4067.97,519.26,Completed
ORD003659,2026-07-26,CUST00394,PROD0064,B001,2,1850.46,0.2,1480.36,1406.57,73.79,Completed
ORD003661,2026-05-12,CUST01756,PROD0037,B004,5,2898.37,0.1,2608.53,2412.79,195.74,Completed
ORD003666,2026-10-16,CUST02280,PROD0054,B002,3,3383.03,0.0,3383.03,2286.1,1096.93,Completed
ORD003668,2026-05-21,CUST00055,PROD0014,B001,1,1380.88,0.1,1242.79,790.6,452.19,Completed
ORD003672,2026-07-15,CUST02176,PROD0003,B002,5,1888.96,0.05,1794.51,1338.64,455.87,Completed
ORD003678,2026-09-07,CUST02485,PROD0036,B001,4,1133.44,0.05,1076.77,612.87,463.9,Completed
ORD003679,2026-12-27,CUST00884,PROD0098,B005,5,4996.96,0.05,4747.11,2794.15,1952.96,Completed
ORD003683,2026-01-10,CUST00234,PROD0005,B003,3,3667.18,0.15,3117.1,2261.19,855.91,Completed
ORD003684,2026-08-21,CUST00242,PROD0020,B003,4,3042.55,0.05,2890.43,2190.93,699.5,Completed
ORD003685,2026-03-14,CUST01582,PROD0041,B004,1,115.08,0.05,109.32,62.49,46.83,Completed
ORD003688,2026-03-02,CUST01316,PROD0041,B001,3,345.23,0.0,345.23,187.47,157.76,Completed
ORD003692,2026-08-04,CUST00251,PROD0017,B002,5,4347.97,0.15,3695.77,3159.89,535.88,Completed
ORD003695,2026-03-20,CUST00351,PROD0030,B005,5,5096.92,0.15,4332.38,4067.97,264.41,Completed
ORD003696,2026-06-03,CUST00317,PROD0027,B001,4,2737.51,0.0,2737.51,1982.98,754.53,Completed
ORD003706,2026-05-27,CUST02057,PROD0047,B001,5,1550.99,0.0,1550.99,898.25,652.74,Completed
ORD003715,2026-12-26,CUST00300,PROD0096,B002,3,5330.76,0.1,4797.69,3103.42,1694.27,Completed
ORD003719,2026-02-16,CUST00028,PROD0020,B003,3,2281.92,0.0,2281.92,1643.2,638.72,Completed
ORD003729,2026-07-22,CUST01143,PROD0085,B003,3,129.15,0.0,129.15,102.34,26.81,Completed
ORD003738,2026-01-14,CUST02062,PROD0041,B005,5,575.39,0.05,546.62,312.45,234.17,Completed
ORD003740,2026-01-31,CUST00759,PROD0041,B004,1,115.08,0.05,109.32,62.49,46.83,Completed
ORD003746,2026-12-22,CUST01749,PROD0068,B003,5,5124.67,0.2,4099.74,4116.82,-17.08,Completed
ORD003747,2026-01-18,CUST01280,PROD0104,B002,4,6409.81,0.2,5127.85,4238.27,889.58,Completed
ORD003748,2026-10-09,CUST02493,PROD0099,B001,2,1698.54,0.1,1528.68,1187.14,341.54,Completed
ORD003763,2026-05-13,CUST01328,PROD0048,B001,4,3553.47,0.2,2842.77,2461.98,380.79,Completed
ORD003764,2026-03-03,CUST02091,PROD0052,B001,5,3303.42,0.15,2807.91,2266.75,541.16,Completed
ORD003766,2026-02-22,CUST02197,PROD0045,B003,3,3014.25,0.05,2863.54,2149.67,713.87,Completed
ORD003767,2026-05-30,CUST00395,PROD0012,B002,1,129.62,0.0,129.62,87.57,42.05,Completed
ORD003768,2026-04-05,CUST01595,PROD0086,B005,5,2639.34,0.15,2243.44,2003.71,239.73,Completed
ORD003769,2026-07-31,CUST01982,PROD0066,B001,1,1398.21,0.1,1258.39,1004.49,253.9,Completed
ORD003777,2026-02-20,CUST01409,PROD0071,B005,5,1963.9,0.1,1767.51,1867.86,-100.35,Completed
ORD003782,2026-04-10,CUST02400,PROD0063,B004,1,132.68,0.25,99.51,100.47,-0.96,Completed
ORD003784,2026-08-21,CUST01743,PROD0092,B005,2,208.89,0.05,198.44,133.27,65.17,Completed
ORD003788,2026-01-20,CUST02216,PROD0100,B005,1,810.99,0.15,689.34,633.28,56.06,Completed
ORD003791,2026-02-09,CUST00293,PROD0035,B001,1,580.41,0.15,493.35,435.62,57.73,Completed
ORD003803,2026-05-30,CUST00115,PROD0030,B001,5,5096.92,0.05,4842.07,4067.97,774.1,Completed
ORD003805,2026-07-12,CUST02277,PROD0071,B005,5,2398.93,0.25,1799.2,1867.86,-68.66,Completed
ORD003806,2026-09-08,CUST00780,PROD0090,B001,3,959.63,0.15,815.69,600.54,215.15,Completed
ORD003808,2026-04-14,CUST01572,PROD0061,B002,2,896.4,0.1,806.76,630.05,176.71,Completed
ORD003816,2026-06-18,CUST01088,PROD0035,B004,1,580.41,0.15,493.35,435.62,57.73,Completed
ORD003822,2026-07-29,CUST01570,PROD0100,B003,3,2432.96,0.15,2068.02,1899.84,168.18,Completed
ORD003823,2026-10-21,CUST01709,PROD0021,B002,4,3380.64,0.1,3042.58,2054.31,988.27,Completed
ORD003825,2026-02-14,CUST02132,PROD0114,B002,4,5498.14,0.0,5498.14,4172.67,1325.47,Completed
ORD003835,2026-06-05,CUST02031,PROD0079,B005,3,519.91,0.1,467.91,349.71,118.2,Completed
ORD003836,2026-10-23,CUST00242,PROD0048,B004,4,3553.47,0.1,3198.12,2461.98,736.14,Completed
ORD003838,2026-08-19,CUST00092,PROD0032,B005,2,1472.87,0.15,1251.94,810.6,441.34,Completed
ORD003839,2026-01-18,CUST01537,PROD0021,B001,2,1690.32,0.0,1690.32,1027.16,663.16,Completed
ORD003844,2026-07-29,CUST02323,PROD0064,B004,1,925.23,0.0,925.23,703.29,221.94,Completed
ORD003847,2026-11-13,CUST00752,PROD0012,B002,1,129.62,0.1,116.65,87.57,29.08,Completed
ORD003848,2026-02-09,CUST00187,PROD0051,B001,2,1792.18,0.15,1523.36,1188.1,335.26,Completed
ORD003849,2026-06-10,CUST01253,PROD0032,B001,5,3682.17,0.15,3129.84,2026.5,1103.34,Completed
ORD003851,2026-06-10,CUST02177,PROD0094,B003,5,976.4,0.0,976.4,585.09,391.31,Completed
ORD003853,2026-03-19,CUST00771,PROD0098,B005,4,3997.57,0.0,3997.57,2235.32,1762.25,Completed
ORD003855,2026-07-07,CUST00182,PROD0015,B003,4,5684.27,0.2,4547.41,3534.91,1012.5,Completed
ORD003856,2026-12-05,CUST01314,PROD0008,B003,2,531.11,0.05,504.55,437.82,66.73,Completed
ORD003863,2026-03-30,CUST01813,PROD0010,B005,5,9212.77,0.15,7830.86,5359.98,2470.88,Completed
ORD003864,2026-06-03,CUST00725,PROD0017,B001,2,1739.19,0.0,1739.19,1263.96,475.23,Completed
ORD003873,2026-01-24,CUST01487,PROD0031,B005,1,667.03,0.15,566.98,547.49,19.49,Completed
ORD003878,2026-12-30,CUST00719,PROD0064,B003,5,4626.14,0.1,4163.53,3516.44,647.09,Completed
ORD003879,2026-06-01,CUST00623,PROD0069,B003,2,2530.07,0.1,2277.06,1372.88,904.18,Completed
ORD003882,2026-09-14,CUST00476,PROD0079,B001,3,519.91,0.1,467.91,349.71,118.2,Completed
ORD003883,2026-04-12,CUST00846,PROD0061,B002,2,896.4,0.2,717.12,630.05,87.07,Completed
ORD003887,2026-09-27,CUST01953,PROD0059,B004,3,2925.0,0.1,2632.5,1850.13,782.37,Completed
ORD003888,2026-11-29,CUST00416,PROD0030,B004,2,2038.77,0.15,1732.95,1627.19,105.76,Completed
ORD003889,2026-04-11,CUST02158,PROD0030,B002,4,4077.53,0.05,3873.66,3254.38,619.28,Completed
ORD003903,2026-09-18,CUST01257,PROD0038,B004,2,119.86,0.15,101.89,81.42,20.47,Completed
ORD003907,2026-04-07,CUST02092,PROD0063,B002,3,398.04,0.1,358.24,301.4,56.84,Completed
ORD003921,2026-06-07,CUST02238,PROD0047,B002,4,1240.79,0.15,1054.67,718.6,336.07,Completed
ORD003927,2026-08-14,CUST01198,PROD0071,B001,2,959.57,0.2,767.66,747.14,20.52,Completed
ORD003933,2026-11-14,CUST00221,PROD0088,B004,5,2244.35,0.05,2132.14,1448.01,684.13,Completed
ORD003935,2026-10-11,CUST00427,PROD0063,B001,3,398.04,0.05,378.14,301.4,76.74,Completed
ORD003936,2026-04-25,CUST01458,PROD0021,B005,2,1690.32,0.05,1605.8,1027.16,578.64,Completed
ORD003938,2026-10-01,CUST00759,PROD0094,B004,3,585.84,0.2,468.67,351.05,117.62,Completed
ORD003939,2026-01-14,CUST01191,PROD0035,B002,4,2321.65,0.05,2205.57,1742.46,463.11,Completed
ORD003943,2026-05-30,CUST02123,PROD0062,B001,2,1459.06,0.15,1240.2,1157.44,82.76,Completed
ORD003946,2026-11-20,CUST01225,PROD0097,B005,2,3522.34,0.2,2817.87,2169.23,648.64,Completed
ORD003953,2026-01-05,CUST01181,PROD0043,B004,3,874.19,0.15,743.06,535.94,207.12,Completed
ORD003954,2026-05-02,CUST01319,PROD0114,B001,4,5498.14,0.05,5223.24,4172.67,1050.57,Completed
ORD003959,2026-04-12,CUST02323,PROD0037,B001,5,2898.37,0.0,2898.37,2412.79,485.58,Completed
ORD003960,2026-10-03,CUST02182,PROD0002,B004,3,2040.42,0.0,2040.42,1233.78,806.64,Completed
ORD003964,2026-12-05,CUST00246,PROD0052,B002,5,3303.42,0.25,2477.56,2266.75,210.81,Completed
ORD003969,2026-10-23,CUST00531,PROD0045,B001,4,4019.0,0.15,3416.15,2866.23,549.92,Completed
ORD003970,2026-06-22,CUST00445,PROD0005,B005,4,4889.58,0.05,4645.1,3014.92,1630.18,Completed
ORD003971,2026-10-28,CUST01618,PROD0062,B003,3,2188.59,0.15,1860.3,1736.16,124.14,Completed
ORD003973,2026-05-10,CUST01894,PROD0027,B001,4,2737.51,0.15,2326.89,1982.98,343.91,Completed
ORD003979,2026-04-01,CUST02118,PROD0100,B003,1,810.99,0.15,689.34,633.28,56.06,Completed
ORD003983,2026-06-10,CUST01260,PROD0088,B001,1,448.87,0.1,403.98,289.6,114.38,Completed
ORD003995,2026-12-08,CUST00111,PROD0018,B001,5,8606.54,0.1,7745.88,5359.54,2386.34,Completed
ORD003998,2026-12-21,CUST00812,PROD0057,B001,5,5025.49,0.05,4774.22,3244.76,1529.46,Completed
ORD003999,2026-12-13,CUST01618,PROD0065,B001,4,5405.34,0.15,4594.54,4044.87,549.67,Completed
ORD004006,2026-09-25,CUST01416,PROD0003,B002,4,1511.16,0.15,1284.49,1070.91,213.58,Completed
ORD004016,2026-04-09,CUST01842,PROD0102,B003,4,3085.61,0.0,3085.61,1779.46,1306.15,Completed
ORD004019,2026-04-26,CUST01903,PROD0011,B002,2,1695.9,0.05,1611.1,1315.25,295.85,Completed
ORD004020,2026-06-21,CUST00136,PROD0048,B002,1,888.37,0.1,799.53,615.49,184.04,Completed
ORD004021,2026-01-10,CUST01910,PROD0041,B001,3,345.23,0.1,310.71,187.47,123.24,Completed
ORD004023,2026-11-07,CUST01044,PROD0011,B003,5,4239.74,0.15,3603.78,3288.12,315.66,Completed
ORD004024,2026-08-26,CUST02008,PROD0081,B002,2,266.21,0.0,266.21,198.21,68.0,Completed
ORD004026,2026-08-08,CUST02075,PROD0041,B001,5,575.39,0.15,489.08,312.45,176.63,Completed
ORD004031,2026-06-15,CUST01967,PROD0116,B005,1,262.17,0.05,249.06,215.09,33.97,Completed
ORD004035,2026-10-09,CUST01937,PROD0062,B002,1,729.53,0.2,583.63,578.72,4.91,Completed
ORD004036,2026-06-23,CUST02072,PROD0081,B004,3,399.32,0.05,379.36,297.32,82.04,Completed
ORD004037,2026-03-06,CUST01017,PROD0026,B001,4,1574.03,0.15,1337.92,1137.19,200.73,Completed
ORD004038,2026-04-28,CUST01532,PROD0017,B001,5,4347.97,0.1,3913.17,3159.89,753.28,Completed
ORD004043,2026-09-08,CUST00422,PROD0033,B001,2,1200.68,0.15,1020.58,766.49,254.09,Completed
ORD004045,2026-09-25,CUST00286,PROD0020,B001,2,1521.28,0.15,1293.08,1095.47,197.61,Completed
ORD004046,2026-05-26,CUST02364,PROD0018,B001,2,3442.62,0.0,3442.62,2143.81,1298.81,Completed
ORD004047,2026-02-06,CUST00842,PROD0073,B004,3,548.4,0.0,548.4,359.92,188.48,Completed
ORD004050,2026-05-07,CUST01341,PROD0009,B003,4,1277.14,0.15,1085.57,782.1,303.47,Completed
ORD004052,2026-03-11,CUST00997,PROD0071,B004,2,959.57,0.05,911.59,747.14,164.45,Completed
ORD004056,2026-10-26,CUST01485,PROD0075,B001,5,7069.49,0.2,5655.6,5462.28,193.32,Completed
ORD004067,2026-12-05,CUST00173,PROD0018,B004,5,8606.54,0.05,8176.21,5359.54,2816.67,Completed
ORD004070,2026-04-08,CUST00805,PROD0094,B005,5,976.4,0.05,927.58,585.09,342.49,Completed
ORD004076,2026-05-30,CUST02339,PROD0090,B005,4,1279.51,0.1,1151.56,800.72,350.84,Completed
ORD004078,2026-04-16,CUST01557,PROD0068,B005,4,4099.74,0.0,4099.74,3293.45,806.29,Completed
ORD004079,2026-12-27,CUST02432,PROD0026,B001,1,393.51,0.05,373.83,284.3,89.53,Completed
ORD004085,2026-09-22,CUST01272,PROD0103,B004,3,2617.97,0.15,2225.28,1549.3,675.98,Completed
ORD004087,2026-06-04,CUST00092,PROD0062,B002,5,3647.66,0.15,3100.5,2893.61,206.89,Completed
ORD004088,2026-07-06,CUST02226,PROD0007,B002,1,47.71,0.2,38.17,35.75,2.42,Completed
ORD004095,2026-06-13,CUST01422,PROD0057,B004,3,3015.3,0.0,3015.3,1946.86,1068.44,Completed
ORD004098,2026-11-15,CUST02282,PROD0061,B004,5,2241.0,0.25,1680.75,1575.12,105.63,Completed
ORD004104,2026-05-04,CUST01840,PROD0066,B001,3,4194.64,0.25,3145.98,3013.47,132.51,Completed
ORD004106,2026-11-30,CUST01866,PROD0068,B001,1,1024.93,0.2,819.95,823.36,-3.41,Completed
ORD004116,2026-03-01,CUST01238,PROD0103,B003,1,872.66,0.15,741.76,516.43,225.33,Completed
ORD004121,2026-12-18,CUST00345,PROD0094,B003,1,195.28,0.15,165.99,117.02,48.97,Completed
ORD004131,2026-08-09,CUST01517,PROD0033,B002,5,3001.7,0.0,3001.7,1916.21,1085.49,Completed
ORD004133,2026-06-30,CUST00695,PROD0016,B002,3,266.59,0.1,239.93,159.65,80.28,Completed
ORD004137,2026-11-23,CUST02371,PROD0004,B002,4,1196.7,0.05,1136.86,764.42,372.44,Completed
ORD004142,2026-01-12,CUST00058,PROD0008,B001,2,531.11,0.25,398.33,437.82,-39.49,Completed
ORD004147,2026-11-10,CUST00952,PROD0055,B003,2,929.48,0.25,697.11,527.08,170.03,Completed
ORD004151,2026-02-13,CUST00839,PROD0104,B005,1,1602.45,0.15,1362.09,1059.57,302.52,Completed
ORD004168,2026-12-06,CUST01553,PROD0029,B003,3,1374.02,0.2,1099.21,797.55,301.66,Completed
ORD004171,2026-08-18,CUST02460,PROD0029,B004,1,458.01,0.0,458.01,265.85,192.16,Completed
ORD004174,2026-07-24,CUST01950,PROD0072,B002,4,1860.63,0.15,1581.54,1306.48,275.06,Completed
ORD004175,2026-02-21,CUST01438,PROD0021,B005,4,3380.64,0.1,3042.58,2054.31,988.27,Completed
ORD004182,2026-11-12,CUST00434,PROD0093,B003,5,4331.76,0.0,4331.76,3178.36,1153.4,Completed
ORD004183,2026-08-18,CUST00793,PROD0098,B003,4,3997.57,0.15,3397.94,2235.32,1162.62,Completed
ORD004184,2026-12-31,CUST02309,PROD0065,B003,5,6756.67,0.1,6081.01,5056.08,1024.93,Completed
ORD004185,2026-07-05,CUST00311,PROD0072,B004,1,303.41,0.1,273.07,326.62,-53.55,Completed
ORD004187,2026-04-13,CUST02320,PROD0094,B002,3,585.84,0.0,585.84,351.05,234.79,Completed
ORD004190,2026-10-26,CUST00223,PROD0085,B001,1,43.05,0.1,38.74,34.11,4.63,Completed
ORD004193,2026-04-19,CUST01613,PROD0067,B003,1,906.81,0.0,906.81,497.33,409.48,Completed
ORD004207,2026-06-17,CUST01719,PROD0098,B001,4,3997.57,0.1,3597.81,2235.32,1362.49,Completed
ORD004213,2026-07-17,CUST02369,PROD0078,B002,2,1863.91,0.0,1863.91,1147.95,715.96,Completed
ORD004216,2026-01-29,CUST01367,PROD0058,B003,2,625.51,0.0,625.51,349.16,276.35,Completed
ORD004217,2026-01-11,CUST00136,PROD0045,B005,2,2009.5,0.25,1507.13,1433.11,74.02,Completed
ORD004218,2026-08-31,CUST00156,PROD0020,B001,3,2281.92,0.0,2281.92,1643.2,638.72,Completed
ORD004219,2026-08-10,CUST01129,PROD0095,B002,3,1065.41,0.1,958.87,803.65,155.22,Completed
ORD004220,2026-07-09,CUST00726,PROD0022,B003,4,5057.35,0.15,4298.75,3654.32,644.43,Completed
ORD004224,2026-03-09,CUST01521,PROD0020,B002,3,2281.92,0.25,1711.43,1643.2,68.23,Completed
ORD004225,2026-03-05,CUST01861,PROD0010,B005,3,5527.66,0.05,5251.28,3215.99,2035.29,Completed
ORD004228,2026-07-12,CUST02029,PROD0019,B002,1,888.69,0.2,710.95,554.19,156.76,Completed
ORD004231,2026-02-28,CUST00580,PROD0037,B002,5,2898.37,0.1,2608.53,2412.79,195.74,Completed
ORD004232,2026-10-08,CUST01887,PROD0113,B003,2,2508.37,0.2,2006.69,1813.91,192.78,Completed
ORD004233,2026-09-12,CUST00654,PROD0105,B005,3,1265.21,0.1,1138.69,932.39,206.3,Completed
ORD004238,2026-03-30,CUST01949,PROD0001,B003,4,4313.47,0.1,3882.13,4252.71,-370.58,Completed
ORD004251,2026-06-27,CUST00867,PROD0015,B003,5,7105.34,0.25,5329.0,4418.64,910.36,Completed
ORD004253,2026-11-29,CUST01825,PROD0095,B003,1,355.14,0.25,266.36,267.88,-1.52,Completed
ORD004260,2026-01-29,CUST00673,PROD0030,B003,3,3058.15,0.25,2293.61,2440.78,-147.17,Completed
ORD004265,2026-11-17,CUST02367,PROD0101,B005,4,2585.55,0.15,2197.72,1842.01,355.71,Completed
ORD004268,2026-11-26,CUST00582,PROD0015,B003,4,5684.27,0.05,5400.05,3534.91,1865.14,Completed
ORD004272,2026-05-19,CUST01341,PROD0027,B002,1,684.38,0.0,684.38,495.75,188.63,Completed
ORD004273,2026-04-29,CUST02219,PROD0085,B001,4,172.21,0.0,172.21,136.46,35.75,Completed
ORD004274,2026-09-11,CUST02031,PROD0031,B001,3,2001.1,0.1,1801.0,1642.48,158.52,Completed
ORD004275,2026-04-05,CUST00048,PROD0028,B004,4,2920.77,0.1,2628.69,1834.06,794.63,Completed
ORD004277,2026-05-31,CUST01895,PROD0067,B005,5,4534.04,0.05,4307.34,2486.63,1820.71,Completed
ORD004286,2026-11-01,CUST00196,PROD0066,B003,2,2796.43,0.0,2796.43,2008.98,787.45,Completed
ORD004290,2026-11-10,CUST01465,PROD0033,B001,3,1801.02,0.1,1620.92,1149.73,471.19,Completed
ORD004298,2026-10-18,CUST00793,PROD0042,B002,2,2907.05,0.0,2907.05,2128.77,778.28,Completed
ORD004299,2026-05-15,CUST00737,PROD0108,B003,2,1819.76,0.1,1637.79,1046.85,590.94,Completed
ORD004300,2026-04-26,CUST01225,PROD0025,B005,4,3960.18,0.15,3366.15,2362.87,1003.28,Completed
ORD004306,2026-11-11,CUST00521,PROD0088,B004,1,448.87,0.25,336.65,289.6,47.05,Completed
ORD004308,2026-07-08,CUST00099,PROD0011,B004,3,2543.84,0.05,2416.65,1972.87,443.78,Completed
ORD004310,2026-10-10,CUST01072,PROD0057,B003,2,2010.2,0.1,1809.18,1297.91,511.27,Completed
ORD004312,2026-02-18,CUST00951,PROD0011,B004,1,847.95,0.25,635.96,657.62,-21.66,Completed
ORD004314,2026-07-15,CUST01245,PROD0064,B004,2,1850.46,0.2,1480.36,1406.57,73.79,Completed
ORD004317,2026-09-16,CUST00551,PROD0047,B001,4,1240.79,0.1,1116.71,718.6,398.11,Completed
ORD004325,2026-08-16,CUST01535,PROD0082,B001,5,10472.63,0.05,9949.0,5668.32,4280.68,Completed
ORD004328,2026-01-27,CUST00365,PROD0057,B002,3,3015.3,0.0,3015.3,1946.86,1068.44,Completed
ORD004332,2026-11-15,CUST01181,PROD0113,B005,2,2508.37,0.15,2132.11,1813.91,318.2,Completed
ORD004333,2026-02-12,CUST01262,PROD0021,B005,5,4225.8,0.15,3591.93,2567.89,1024.04,Completed
ORD004335,2026-10-24,CUST01468,PROD0111,B001,1,1834.82,0.05,1743.08,1107.06,636.02,Completed
ORD004336,2026-02-06,CUST01443,PROD0088,B001,1,448.87,0.25,336.65,289.6,47.05,Completed
ORD004337,2026-03-25,CUST00236,PROD0106,B004,1,718.58,0.0,718.58,431.22,287.36,Completed
ORD004338,2026-06-11,CUST00617,PROD0066,B002,2,2796.43,0.1,2516.79,2008.98,507.81,Completed
ORD004339,2026-05-07,CUST00343,PROD0021,B001,3,2535.48,0.0,2535.48,1540.73,994.75,Completed
ORD004341,2026-02-14,CUST02164,PROD0021,B001,1,845.16,0.15,718.38,513.58,204.8,Completed
ORD004344,2026-05-03,CUST02456,PROD0030,B003,4,4077.53,0.0,4077.53,3254.38,823.15,Completed
ORD004346,2026-09-12,CUST00497,PROD0016,B004,3,266.59,0.2,213.27,159.65,53.62,Completed
ORD004347,2026-05-23,CUST00248,PROD0001,B002,1,1939.39,0.2,1551.52,1063.18,488.34,Completed
ORD004356,2026-02-21,CUST00263,PROD0014,B002,4,5523.51,0.15,4694.98,3162.41,1532.57,Completed
ORD004360,2026-07-18,CUST02371,PROD0100,B002,5,4054.94,0.15,3446.7,3166.4,280.3,Completed
ORD004361,2026-12-13,CUST01633,PROD0093,B002,3,2599.06,0.15,2209.2,1907.02,302.18,Completed
ORD004362,2026-05-15,CUST01464,PROD0014,B005,5,6904.38,0.15,5868.73,3953.01,1915.72,Completed
ORD004380,2026-07-17,CUST00995,PROD0092,B005,2,208.89,0.1,188.0,133.27,54.73,Completed
ORD004382,2026-09-26,CUST01198,PROD0110,B001,2,1593.43,0.1,1434.09,926.38,507.71,Completed
ORD004386,2026-09-27,CUST01017,PROD0085,B002,5,215.26,0.1,193.73,170.57,23.16,Completed
ORD004387,2026-05-28,CUST00293,PROD0063,B001,3,398.04,0.15,338.33,301.4,36.93,Completed
ORD004395,2026-04-23,CUST02427,PROD0003,B003,5,1888.96,0.0,1888.96,1338.64,550.32,Completed
ORD004399,2026-06-23,CUST00255,PROD0096,B001,2,3553.84,0.05,3376.15,2068.95,1307.2,Completed
ORD004401,2026-05-30,CUST02426,PROD0018,B004,1,1721.31,0.25,1290.98,1071.91,219.07,Completed
ORD004407,2026-05-29,CUST02031,PROD0069,B004,5,6325.17,0.1,5692.66,3432.19,2260.47,Completed
ORD004408,2026-04-05,CUST00880,PROD0077,B004,3,912.07,0.05,866.46,738.16,128.3,Completed
ORD004411,2026-11-06,CUST00028,PROD0023,B004,2,2546.11,0.15,2164.2,1573.84,590.36,Completed
ORD004412,2026-10-26,CUST01020,PROD0118,B003,1,289.88,0.2,231.91,194.17,37.74,Completed
ORD004413,2026-04-30,CUST00257,PROD0051,B005,5,4480.46,0.0,4480.46,2970.26,1510.2,Completed
ORD004415,2026-10-17,CUST01790,PROD0005,B001,3,3667.18,0.1,3300.47,2261.19,1039.28,Completed
ORD004416,2026-03-04,CUST02310,PROD0016,B003,5,444.32,0.15,377.68,266.08,111.6,Completed
ORD004417,2026-02-26,CUST01302,PROD0036,B005,5,1416.8,0.2,1133.44,766.09,367.35,Completed
ORD004419,2026-08-24,CUST01213,PROD0100,B002,4,3243.95,0.05,3081.76,2533.12,548.64,Completed
ORD004420,2026-03-30,CUST02343,PROD0015,B001,2,2842.13,0.15,2415.81,1767.45,648.36,Completed
ORD004426,2026-02-07,CUST02096,PROD0108,B001,4,3639.53,0.2,2911.62,2093.7,817.92,Completed
ORD004434,2026-06-28,CUST02002,PROD0042,B001,1,1453.53,0.0,1453.53,1064.39,389.14,Completed
ORD004435,2026-12-18,CUST01383,PROD0049,B001,1,1332.72,0.0,1332.72,771.08,561.64,Completed
ORD004438,2026-10-03,CUST00661,PROD0036,B002,1,283.36,0.1,255.03,153.22,101.81,Completed
ORD004440,2026-11-30,CUST02472,PROD0013,B003,3,2029.66,0.15,1725.21,1373.17,352.04,Completed
ORD004444,2026-04-27,CUST00411,PROD0081,B002,1,133.11,0.15,113.14,99.11,14.03,Completed
ORD004445,2026-10-24,CUST02171,PROD0036,B002,5,1416.8,0.15,1204.28,766.09,438.19,Completed
ORD004447,2026-01-07,CUST01247,PROD0040,B004,1,990.67,0.05,941.14,540.35,400.79,Completed
ORD004448,2026-09-27,CUST01975,PROD0009,B001,3,957.85,0.15,814.18,586.58,227.6,Completed
ORD004449,2026-08-13,CUST00382,PROD0062,B004,3,2188.59,0.15,1860.3,1736.16,124.14,Completed
ORD004451,2026-04-22,CUST00520,PROD0111,B005,5,9174.1,0.1,8256.69,5535.31,2721.38,Completed
ORD004453,2026-03-30,CUST00107,PROD0061,B005,2,896.4,0.05,851.58,630.05,221.53,Completed
ORD004454,2026-02-10,CUST02310,PROD0068,B005,5,5124.67,0.0,5124.67,4116.82,1007.85,Completed
ORD004455,2026-03-15,CUST00466,PROD0099,B004,1,849.27,0.05,806.81,593.57,213.24,Completed
ORD004456,2026-08-28,CUST01153,PROD0045,B001,1,1004.75,0.15,854.04,716.56,137.48,Completed
ORD004460,2026-11-05,CUST00676,PROD0005,B004,4,4889.58,0.1,4400.62,3014.92,1385.7,Completed
ORD004461,2026-09-10,CUST00048,PROD0096,B002,1,1776.92,0.1,1599.23,1034.47,564.76,Completed
ORD004464,2026-03-23,CUST00377,PROD0112,B001,3,2599.09,0.1,2339.18,2034.98,304.2,Completed
ORD004476,2026-03-03,CUST00398,PROD0031,B001,5,3335.17,0.1,3001.66,2737.47,264.19,Completed
ORD004482,2026-10-06,CUST02205,PROD0109,B002,1,1355.87,0.15,1152.49,975.11,177.38,Completed
ORD004486,2026-10-29,CUST00463,PROD0090,B002,4,1279.51,0.15,1087.59,800.72,286.87,Completed
ORD004490,2026-09-20,CUST00812,PROD0028,B002,3,2190.58,0.2,1752.46,1375.54,376.92,Completed
ORD004495,2026-02-04,CUST00740,PROD0077,B002,3,912.07,0.15,775.26,738.16,37.1,Completed
ORD004497,2026-07-07,CUST00548,PROD0087,B002,2,2362.13,0.15,2007.81,1649.39,358.42,Completed
ORD004500,2026-04-06,CUST00309,PROD0039,B004,5,7413.45,0.1,6672.1,4131.23,2540.87,Completed
ORD004503,2026-10-09,CUST01006,PROD0080,B004,1,406.6,0.05,386.27,282.0,104.27,Completed
ORD004518,2026-05-13,CUST02133,PROD0038,B002,4,239.73,0.0,239.73,162.84,76.89,Completed
ORD004522,2026-10-03,CUST00894,PROD0088,B005,5,2244.35,0.2,1795.48,1448.01,347.47,Completed
ORD004529,2026-08-15,CUST00347,PROD0040,B001,2,1981.35,0.15,1684.14,1080.7,603.44,Completed
ORD004530,2026-04-09,CUST02319,PROD0084,B001,3,1554.81,0.0,1554.81,1147.87,406.94,Completed
ORD004533,2026-05-16,CUST01976,PROD0016,B001,1,88.86,0.15,75.54,53.22,22.32,Completed
ORD004543,2026-05-12,CUST02028,PROD0111,B003,5,9174.1,0.15,7797.98,5535.31,2262.67,Completed
ORD004544,2026-06-16,CUST00663,PROD0052,B001,1,660.68,0.1,594.61,453.35,141.26,Completed
ORD004546,2026-02-06,CUST02259,PROD0001,B004,1,1939.39,0.1,1745.46,1063.18,682.28,Completed
ORD004549,2026-08-31,CUST02069,PROD0079,B001,2,346.61,0.15,294.61,233.14,61.47,Completed
ORD004550,2026-12-05,CUST02267,PROD0101,B003,4,2585.55,0.05,2456.27,1842.01,614.26,Completed
ORD004557,2026-11-15,CUST01630,PROD0032,B003,3,2209.3,0.15,1877.91,1215.9,662.01,Completed
ORD004558,2026-09-26,CUST01972,PROD0080,B002,3,1219.8,0.2,975.84,845.99,129.85,Completed
ORD004562,2026-07-03,CUST01153,PROD0044,B003,4,4375.79,0.1,3938.21,2429.64,1508.57,Completed
ORD004566,2026-05-08,CUST02134,PROD0022,B004,2,2528.68,0.2,2022.94,1827.16,195.78,Completed
ORD004567,2026-09-07,CUST01753,PROD0044,B001,3,3281.84,0.05,3117.75,1822.23,1295.52,Completed
ORD004571,2026-03-11,CUST00704,PROD0010,B002,2,3685.11,0.1,3316.6,2143.99,1172.61,Completed
ORD004578,2026-07-02,CUST00381,PROD0097,B004,4,7044.68,0.15,5987.98,4338.46,1649.52,Completed
ORD004583,2026-04-08,CUST02166,PROD0007,B001,4,190.83,0.2,152.66,143.01,9.65,Completed
ORD004587,2026-07-17,CUST02093,PROD0037,B002,2,1159.35,0.2,927.48,965.12,-37.64,Completed
ORD004588,2026-05-30,CUST01717,PROD0060,B002,2,179.05,0.05,170.1,117.55,52.55,Completed
ORD004591,2026-05-17,CUST00560,PROD0112,B002,5,4331.81,0.0,4331.81,3391.64,940.17,Completed
ORD004592,2026-06-02,CUST01746,PROD0091,B001,2,827.35,0.0,827.35,630.58,196.77,Completed
ORD004594,2026-06-09,CUST00626,PROD0107,B001,3,5334.6,0.15,4534.41,3263.01,1271.4,Completed
ORD004595,2026-12-21,CUST01609,PROD0082,B003,2,1651.43,0.0,1651.43,2267.33,-615.9,Completed
ORD004596,2026-06-22,CUST01983,PROD0012,B004,5,648.08,0.0,648.08,437.87,210.21,Completed
ORD004601,2026-05-03,CUST00566,PROD0094,B001,4,781.12,0.15,663.96,468.07,195.89,Completed
ORD004604,2026-01-22,CUST01691,PROD0099,B003,4,3397.08,0.1,3057.37,2374.27,683.1,Completed
ORD004607,2026-03-29,CUST01911,PROD0098,B002,2,1998.78,0.1,1798.91,1117.66,681.25,Completed
ORD004608,2026-11-05,CUST01983,PROD0088,B002,5,2244.35,0.15,1907.7,1448.01,459.69,Completed
ORD004613,2026-01-07,CUST00039,PROD0092,B004,2,208.89,0.15,177.56,133.27,44.29,Completed
ORD004615,2026-12-06,CUST01961,PROD0023,B003,2,2546.11,0.05,2418.81,1573.84,844.97,Completed
ORD004620,2026-11-25,CUST01213,PROD0056,B002,3,4235.16,0.1,3811.64,3172.93,638.71,Completed
ORD004625,2026-04-22,CUST02176,PROD0049,B005,4,5330.89,0.0,5330.89,3084.32,2246.57,Completed
ORD004626,2026-04-11,CUST01316,PROD0051,B004,5,4480.46,0.05,4256.44,2970.26,1286.18,Completed
ORD004632,2026-09-02,CUST00585,PROD0077,B003,1,304.02,0.1,273.62,246.05,27.57,Completed
ORD004638,2026-04-04,CUST00782,PROD0115,B003,5,3732.73,0.05,3546.1,2303.26,1242.84,Completed
ORD004640,2026-04-10,CUST01008,PROD0003,B002,4,1511.16,0.1,1360.05,1070.91,289.14,Completed
ORD004641,2026-10-30,CUST02483,PROD0062,B004,1,729.53,0.05,693.05,578.72,114.33,Completed
ORD004644,2026-01-01,CUST00847,PROD0056,B003,5,7058.6,0.15,5999.81,5288.22,711.59,Completed
ORD004645,2026-03-20,CUST01374,PROD0050,B004,5,5495.7,0.0,5495.7,3171.34,2324.36,Completed
ORD004647,2026-03-27,CUST01472,PROD0098,B002,3,2998.18,0.0,2998.18,1676.49,1321.69,Completed
ORD004652,2026-10-02,CUST01843,PROD0013,B004,5,3382.77,0.15,2875.35,2288.62,586.73,Completed
ORD004655,2026-08-23,CUST00985,PROD0011,B001,1,847.95,0.15,720.76,657.62,63.14,Completed
ORD004658,2026-11-24,CUST00971,PROD0054,B003,3,3383.03,0.15,2875.58,2286.1,589.48,Completed
ORD004662,2026-09-29,CUST01878,PROD0011,B001,2,1695.9,0.05,1611.1,1315.25,295.85,Completed
ORD004663,2026-05-29,CUST00986,PROD0048,B005,5,4441.84,0.05,4219.74,3077.47,1142.27,Completed
ORD004666,2026-01-21,CUST01280,PROD0077,B002,4,1216.09,0.05,1155.28,984.21,171.07,Completed
ORD004672,2026-11-30,CUST01671,PROD0002,B002,5,3400.69,0.05,3230.66,2056.3,1174.36,Completed
ORD004678,2026-07-18,CUST01175,PROD0013,B001,1,676.55,0.25,507.41,457.72,49.69,Completed
ORD004681,2026-09-05,CUST00875,PROD0116,B005,2,524.35,0.05,498.13,430.18,67.95,Completed
ORD004682,2026-07-16,CUST01208,PROD0047,B005,4,1240.79,0.15,1054.67,718.6,336.07,Completed
ORD004686,2026-11-07,CUST01794,PROD0036,B003,1,283.36,0.1,255.03,153.22,101.81,Completed
ORD004699,2026-04-03,CUST00397,PROD0074,B005,3,1958.53,0.1,1762.68,1514.51,248.17,Completed
ORD004706,2026-03-18,CUST01382,PROD0057,B003,2,2010.2,0.05,1909.69,1297.91,611.78,Completed
ORD004713,2026-02-07,CUST01324,PROD0065,B002,4,4100.37,0.05,3895.35,4044.87,-149.52,Completed
ORD004718,2026-04-18,CUST02200,PROD0094,B003,4,781.12,0.15,663.96,468.07,195.89,Completed
ORD004720,2026-08-26,CUST00130,PROD0038,B002,3,179.79,0.05,170.81,122.13,48.68,Completed
ORD004738,2026-03-29,CUST00407,PROD0110,B003,1,796.71,0.25,597.54,463.19,134.35,Completed
ORD004741,2026-04-30,CUST02267,PROD0021,B001,3,2535.48,0.15,2155.16,1540.73,614.43,Completed
ORD004743,2026-12-11,CUST02153,PROD0085,B002,2,86.1,0.1,77.49,68.23,9.26,Completed
ORD004745,2026-05-15,CUST01455,PROD0012,B004,5,648.08,0.05,615.68,437.87,177.81,Completed
ORD004746,2026-02-04,CUST01547,PROD0059,B002,1,975.0,0.0,975.0,616.71,358.29,Completed
ORD004748,2026-10-07,CUST00999,PROD0102,B001,2,1542.8,0.2,1234.24,889.73,344.51,Completed
ORD004749,2026-12-09,CUST02395,PROD0056,B002,2,2823.44,0.1,2541.09,2115.29,425.8,Completed
ORD004754,2026-06-01,CUST00719,PROD0080,B003,5,2033.0,0.0,2033.0,1409.99,623.01,Completed
ORD004756,2026-02-05,CUST01282,PROD0069,B001,3,3795.1,0.0,3795.1,2059.31,1735.79,Completed
ORD004759,2026-10-15,CUST00311,PROD0094,B002,5,976.4,0.25,732.3,585.09,147.21,Completed
ORD004763,2026-01-03,CUST01717,PROD0049,B003,2,2665.44,0.15,2265.63,1542.16,723.47,Completed
ORD004767,2026-01-15,CUST01088,PROD0086,B001,4,2111.47,0.1,1900.32,1602.97,297.35,Completed
ORD004768,2026-10-14,CUST02195,PROD0006,B004,2,1338.93,0.0,1338.93,971.81,367.12,Completed
ORD004769,2026-06-12,CUST01194,PROD0068,B001,1,1024.93,0.05,973.69,823.36,150.33,Completed
ORD004774,2026-09-06,CUST00874,PROD0046,B005,2,446.67,0.1,402.0,337.11,64.89,Completed
ORD004775,2026-05-08,CUST00574,PROD0016,B002,3,266.59,0.15,226.61,159.65,66.96,Completed
ORD004776,2026-06-07,CUST00715,PROD0059,B001,4,3900.0,0.1,3510.0,2466.85,1043.15,Completed
ORD004777,2026-02-14,CUST02409,PROD0045,B002,4,4019.0,0.05,3818.05,2866.23,951.82,Completed
ORD004782,2026-05-10,CUST02053,PROD0112,B002,1,866.36,0.1,779.72,678.33,101.39,Completed
ORD004784,2026-04-26,CUST02224,PROD0029,B005,4,1832.02,0.0,1832.02,1063.4,768.62,Completed
ORD004786,2026-02-01,CUST00589,PROD0001,B001,5,9696.97,0.2,7757.58,5315.89,2441.69,Completed
ORD004792,2026-06-19,CUST02104,PROD0087,B002,5,5905.32,0.0,5905.32,4123.48,1781.84,Completed
ORD004793,2026-11-09,CUST01548,PROD0117,B001,5,3861.32,0.05,3668.26,2380.62,1287.64,Completed
ORD004798,2026-05-27,CUST01897,PROD0010,B003,1,1842.55,0.2,1474.04,1072.0,402.04,Completed
ORD004801,2026-01-04,CUST00436,PROD0023,B001,1,1273.06,0.05,1209.41,786.92,422.49,Completed
ORD004804,2026-01-14,CUST00629,PROD0009,B002,2,638.57,0.05,606.64,391.05,215.59,Completed
ORD004805,2026-11-17,CUST02399,PROD0065,B001,3,4054.0,0.0,4054.0,3033.65,1020.35,Completed
ORD004813,2026-09-02,CUST01321,PROD0074,B001,2,1305.69,0.2,1044.55,1009.68,34.87,Completed
ORD004815,2026-04-24,CUST00137,PROD0065,B004,2,2702.67,0.0,2702.67,2022.43,680.24,Completed
ORD004817,2026-11-04,CUST00596,PROD0093,B003,2,1732.71,0.05,1646.07,1271.34,374.73,Completed
ORD004821,2026-09-10,CUST02073,PROD0072,B005,4,1860.63,0.2,1488.51,1306.48,182.03,Completed
ORD004831,2026-10-04,CUST00913,PROD0068,B004,4,4099.74,0.1,3689.76,3293.45,396.31,Completed
ORD004845,2026-08-11,CUST02457,PROD0090,B002,5,1599.39,0.05,1519.42,1000.91,518.51,Completed
ORD004847,2026-06-25,CUST01466,PROD0062,B001,4,2918.12,0.25,2188.59,2314.89,-126.3,Completed
ORD004850,2026-05-08,CUST02206,PROD0014,B005,5,6904.38,0.1,6213.95,3953.01,2260.94,Completed
ORD004863,2026-08-04,CUST01894,PROD0028,B005,4,2920.77,0.0,2920.77,1834.06,1086.71,Completed
ORD004864,2026-02-27,CUST00001,PROD0080,B005,3,1219.8,0.25,914.85,845.99,68.86,Completed
ORD004866,2026-03-17,CUST01731,PROD0033,B001,4,2401.36,0.1,2161.23,1532.97,628.26,Completed
ORD004868,2026-07-17,CUST01056,PROD0089,B003,2,686.67,0.15,583.67,451.18,132.49,Completed
ORD004869,2026-11-20,CUST00763,PROD0076,B001,3,899.93,0.05,854.93,720.15,134.78,Completed
ORD004873,2026-05-18,CUST01677,PROD0104,B001,4,6409.81,0.1,5768.83,4238.27,1530.56,Completed
ORD004874,2026-05-06,CUST00246,PROD0051,B002,1,896.09,0.0,896.09,594.05,302.04,Completed
ORD004889,2026-01-28,CUST01760,PROD0057,B003,1,1005.1,0.0,1005.1,648.95,356.15,Completed
ORD004890,2026-06-03,CUST02450,PROD0048,B005,5,4441.84,0.1,3997.65,3077.47,920.18,Completed
ORD004892,2026-11-29,CUST00659,PROD0018,B001,4,6885.23,0.2,5508.18,4287.63,1220.55,Completed
ORD004919,2026-06-15,CUST00154,PROD0045,B001,1,1004.75,0.1,904.27,716.56,187.71,Completed
ORD004920,2026-03-19,CUST00823,PROD0095,B003,3,1065.41,0.05,1012.14,803.65,208.49,Completed
ORD004926,2026-12-25,CUST01650,PROD0058,B003,2,625.51,0.0,625.51,349.16,276.35,Completed
ORD004927,2026-11-12,CUST00169,PROD0012,B004,1,129.62,0.1,116.65,87.57,29.08,Completed
ORD004933,2026-03-11,CUST00911,PROD0041,B003,2,230.15,0.15,195.63,124.98,70.65,Completed
ORD004935,2026-03-03,CUST01140,PROD0072,B002,1,465.16,0.2,372.13,326.62,45.51,Completed
ORD004941,2026-07-23,CUST01499,PROD0052,B002,5,3303.42,0.1,2973.07,2266.75,706.32,Completed
ORD004945,2026-12-19,CUST00991,PROD0071,B004,4,1919.14,0.25,1439.36,1494.29,-54.93,Completed
ORD004948,2026-01-19,CUST00518,PROD0092,B002,2,208.89,0.2,167.11,133.27,33.84,Completed
ORD004949,2026-06-20,CUST02043,PROD0077,B003,1,304.02,0.05,288.82,246.05,42.77,Completed
ORD004950,2026-12-22,CUST00291,PROD0031,B001,5,3335.17,0.15,2834.9,2737.47,97.43,Completed
ORD004956,2026-07-22,CUST00577,PROD0087,B004,2,2362.13,0.05,2244.02,1649.39,594.63,Completed
ORD004957,2026-05-06,CUST02179,PROD0071,B005,2,959.57,0.15,815.63,747.14,68.49,Completed
ORD004958,2026-11-14,CUST00930,PROD0064,B001,4,3700.91,0.05,3515.87,2813.15,702.72,Completed
ORD004959,2026-12-21,CUST01096,PROD0081,B001,3,399.32,0.0,399.32,297.32,102.0,Completed
ORD004962,2026-08-11,CUST01114,PROD0049,B004,1,1332.72,0.15,1132.81,771.08,361.73,Completed
ORD004971,2026-04-08,CUST01732,PROD0090,B002,2,639.76,0.15,543.79,400.36,143.43,Completed
ORD004975,2026-06-13,CUST01530,PROD0040,B002,3,2972.02,0.15,2526.22,1621.06,905.16,Completed
ORD004976,2026-09-26,CUST00838,PROD0116,B004,2,524.35,0.1,471.91,430.18,41.73,Completed
ORD004982,2026-05-04,CUST02006,PROD0117,B005,1,772.26,0.25,579.2,476.12,103.08,Completed
ORD004984,2026-12-19,CUST00575,PROD0117,B001,1,772.26,0.25,579.2,476.12,103.08,Completed
ORD004993,2026-12-24,CUST00299,PROD0074,B005,2,1305.69,0.0,1305.69,1009.68,296.01,Completed
ORD004995,2026-09-03,CUST01813,PROD0012,B001,2,259.23,0.15,220.35,175.15,45.2,Completed
ORD005002,2026-01-26,CUST00358,PROD0072,B001,2,579.11,0.15,492.24,653.24,-161.0,Completed
ORD005003,2026-07-03,CUST01301,PROD0073,B002,5,914.01,0.2,731.21,599.86,131.35,Completed
ORD005004,2026-09-04,CUST00999,PROD0097,B004,1,1761.17,0.05,1673.11,1084.62,588.49,Completed
ORD005005,2026-08-27,CUST00822,PROD0057,B003,5,5025.49,0.15,4271.67,3244.76,1026.91,Completed
ORD005009,2026-02-23,CUST01711,PROD0115,B002,1,746.55,0.05,709.22,460.65,248.57,Completed
ORD005010,2026-04-15,CUST00212,PROD0019,B001,5,4443.47,0.2,3554.78,2770.95,783.83,Completed
ORD005011,2026-09-23,CUST00715,PROD0005,B001,1,1222.39,0.05,1161.28,753.73,407.55,Completed
ORD005015,2026-07-06,CUST02455,PROD0069,B004,3,3795.1,0.1,3415.59,2059.31,1356.28,Completed
ORD005020,2026-02-12,CUST00712,PROD0013,B001,2,1353.11,0.1,1217.8,915.45,302.35,Completed
ORD005026,2026-06-28,CUST00257,PROD0083,B005,3,4962.56,0.2,3970.05,3364.43,605.62,Completed
ORD005032,2026-02-22,CUST00593,PROD0091,B003,2,827.35,0.05,785.98,630.58,155.4,Completed
ORD005033,2026-07-03,CUST00822,PROD0019,B003,3,2666.08,0.05,2532.78,1662.57,870.21,Completed
ORD005036,2026-05-10,CUST01404,PROD0007,B002,4,190.83,0.0,190.83,143.01,47.82,Completed
ORD005042,2026-03-31,CUST00582,PROD0005,B003,3,3667.18,0.1,3300.47,2261.19,1039.28,Completed
ORD005057,2026-08-08,CUST01445,PROD0050,B004,5,5495.7,0.1,4946.13,3171.34,1774.79,Completed
ORD005058,2026-12-31,CUST01307,PROD0065,B003,3,4054.0,0.15,3445.9,3033.65,412.25,Completed
ORD005059,2026-09-06,CUST00162,PROD0076,B004,1,299.98,0.05,284.98,240.05,44.93,Completed
ORD005062,2026-05-26,CUST01465,PROD0051,B001,2,1792.18,0.2,1433.75,1188.1,245.65,Completed
ORD005063,2026-10-26,CUST00476,PROD0049,B003,2,2665.44,0.0,2665.44,1542.16,1123.28,Completed
ORD005064,2026-03-04,CUST01444,PROD0075,B004,5,7069.49,0.2,5655.6,5462.28,193.32,Completed
ORD005066,2026-11-28,CUST01078,PROD0077,B003,4,1216.09,0.0,1216.09,984.21,231.88,Completed
ORD005067,2026-07-29,CUST00836,PROD0104,B004,1,1602.45,0.1,1442.21,1059.57,382.64,Completed
ORD005085,2026-03-26,CUST02367,PROD0075,B002,3,4241.7,0.05,4029.61,3277.37,752.24,Completed
ORD005089,2026-08-17,CUST00224,PROD0040,B004,2,1981.35,0.1,1783.21,1080.7,702.51,Completed
ORD005092,2026-09-02,CUST02392,PROD0089,B005,1,343.33,0.05,326.17,225.59,100.58,Completed
ORD005093,2026-05-01,CUST00436,PROD0082,B004,1,1359.37,0.2,1087.5,1133.66,-46.16,Completed
ORD005094,2026-05-20,CUST01610,PROD0098,B004,5,4996.96,0.15,4247.42,2794.15,1453.27,Completed
ORD005097,2026-08-27,CUST01750,PROD0098,B001,3,2998.18,0.1,2698.36,1676.49,1021.87,Completed
ORD005098,2026-05-23,CUST01397,PROD0064,B003,2,1850.46,0.1,1665.41,1406.57,258.84,Completed
ORD005106,2026-12-04,CUST02280,PROD0075,B004,3,4241.7,0.2,3393.36,3277.37,115.99,Completed
ORD005110,2026-06-08,CUST00842,PROD0115,B004,3,2239.64,0.15,1903.69,1381.96,521.73,Completed
ORD005111,2026-09-09,CUST01206,PROD0070,B001,4,510.47,0.1,459.43,550.37,-90.94,Completed
ORD005119,2026-04-25,CUST00257,PROD0074,B005,5,3264.22,0.1,2937.8,2524.19,413.61,Completed
ORD005121,2026-05-12,CUST00117,PROD0074,B003,4,2611.38,0.05,2480.81,2019.35,461.46,Completed
ORD005125,2026-03-04,CUST00333,PROD0070,B004,3,601.57,0.1,541.42,412.77,128.65,Completed
ORD005133,2026-01-10,CUST00713,PROD0082,B005,3,6283.58,0.1,5655.22,3400.99,2254.23,Completed
ORD005138,2026-05-26,CUST02103,PROD0098,B002,3,2998.18,0.05,2848.27,1676.49,1171.78,Completed
ORD005143,2026-03-05,CUST01173,PROD0058,B004,2,625.51,0.2,500.41,349.16,151.25,Completed
ORD005148,2026-05-25,CUST02378,PROD0087,B001,4,4724.26,0.0,4724.26,3298.78,1425.48,Completed
ORD005150,2026-10-02,CUST02011,PROD0036,B002,5,1416.8,0.1,1275.12,766.09,509.03,Completed
ORD005156,2026-04-28,CUST00102,PROD0117,B001,3,2316.79,0.1,2085.12,1428.37,656.75,Completed
ORD005158,2026-09-26,CUST02144,PROD0074,B003,2,966.46,0.15,821.49,1009.68,-188.19,Completed
ORD005162,2026-06-11,CUST00944,PROD0025,B004,2,1980.09,0.0,1980.09,1181.43,798.66,Completed
ORD005163,2026-04-20,CUST01419,PROD0113,B002,2,2508.37,0.15,2132.11,1813.91,318.2,Completed
ORD005171,2026-05-25,CUST00376,PROD0059,B002,2,1950.0,0.1,1755.0,1233.42,521.58,Completed
ORD005172,2026-11-22,CUST00149,PROD0067,B005,1,906.81,0.0,906.81,497.33,409.48,Completed
ORD005178,2026-02-21,CUST02062,PROD0047,B005,2,620.39,0.05,589.38,359.3,230.08,Completed
ORD005185,2026-12-20,CUST00640,PROD0069,B004,2,1555.93,0.2,1244.75,1372.88,-128.13,Completed
ORD005194,2026-05-04,CUST00950,PROD0044,B003,5,5469.74,0.15,4649.28,3037.05,1612.23,Completed
ORD005199,2026-07-25,CUST01152,PROD0032,B005,3,2209.3,0.05,2098.84,1215.9,882.94,Completed
ORD005201,2026-05-01,CUST00428,PROD0107,B003,2,3556.4,0.05,3378.58,2175.34,1203.24,Completed
ORD005202,2026-03-18,CUST00109,PROD0094,B001,1,195.28,0.15,165.99,117.02,48.97,Completed
ORD005206,2026-04-05,CUST02061,PROD0092,B001,4,417.78,0.05,396.89,266.55,130.34,Completed
ORD005218,2026-04-27,CUST01898,PROD0090,B003,4,1279.51,0.0,1279.51,800.72,478.79,Completed
ORD005222,2026-08-10,CUST00678,PROD0066,B002,1,1398.21,0.2,1118.57,1004.49,114.08,Completed
ORD005224,2026-08-25,CUST00345,PROD0105,B003,1,421.74,0.05,400.65,310.8,89.85,Completed
ORD005225,2026-03-06,CUST01318,PROD0098,B003,3,2998.18,0.25,2248.63,1676.49,572.14,Completed
ORD005227,2026-03-05,CUST00110,PROD0033,B005,2,1200.68,0.1,1080.62,766.49,314.13,Completed
ORD005232,2026-06-02,CUST01595,PROD0059,B001,2,1950.0,0.2,1560.0,1233.42,326.58,Completed
ORD005235,2026-02-26,CUST01192,PROD0072,B004,4,1860.63,0.15,1581.54,1306.48,275.06,Completed
ORD005237,2026-02-07,CUST00374,PROD0024,B004,5,6410.17,0.15,5448.65,3515.47,1933.18,Completed
ORD005243,2026-11-18,CUST00021,PROD0065,B001,5,6756.67,0.05,6418.84,5056.08,1362.76,Completed
ORD005244,2026-10-06,CUST02031,PROD0043,B001,3,874.19,0.2,699.35,535.94,163.41,Completed
ORD005251,2026-02-17,CUST01970,PROD0077,B001,3,912.07,0.05,866.46,738.16,128.3,Completed
ORD005252,2026-11-20,CUST00667,PROD0049,B003,3,3998.17,0.1,3598.35,2313.24,1285.11,Completed
ORD005254,2026-01-12,CUST01055,PROD0026,B002,4,1574.03,0.1,1416.62,1137.19,279.43,Completed
ORD005255,2026-04-23,CUST01242,PROD0023,B001,3,3819.17,0.05,3628.21,2360.76,1267.45,Completed
ORD005257,2026-12-21,CUST01134,PROD0092,B004,2,208.89,0.1,188.0,133.27,54.73,Completed
ORD005261,2026-08-14,CUST00344,PROD0077,B001,2,608.04,0.1,547.24,492.1,55.14,Completed
ORD005263,2026-09-22,CUST01445,PROD0062,B005,1,729.53,0.15,620.1,578.72,41.38,Completed
ORD005265,2026-03-30,CUST00909,PROD0041,B004,2,230.15,0.1,207.14,124.98,82.16,Completed
ORD005270,2026-04-04,CUST01910,PROD0083,B005,4,6616.75,0.2,5293.4,4485.91,807.49,Completed
ORD005282,2026-04-04,CUST01283,PROD0051,B001,2,1792.18,0.1,1612.97,1188.1,424.87,Completed
ORD005283,2026-11-30,CUST00798,PROD0103,B001,1,872.66,0.1,785.39,516.43,268.96,Completed
ORD005289,2026-02-16,CUST00240,PROD0029,B003,4,1832.02,0.2,1465.62,1063.4,402.22,Completed
ORD005290,2026-10-30,CUST01565,PROD0044,B001,5,5469.74,0.0,5469.74,3037.05,2432.69,Completed
ORD005292,2026-08-23,CUST02412,PROD0084,B005,3,1554.81,0.2,1243.85,1147.87,95.98,Completed
ORD005296,2026-10-03,CUST01945,PROD0106,B005,3,2155.74,0.15,1832.38,1293.66,538.72,Completed
ORD005302,2026-04-06,CUST02006,PROD0063,B003,1,132.68,0.05,126.05,100.47,25.58,Completed
ORD005303,2026-10-24,CUST01543,PROD0091,B004,5,2068.37,0.0,2068.37,1576.45,491.92,Completed
ORD005314,2026-02-04,CUST02282,PROD0100,B005,2,1621.98,0.15,1378.68,1266.56,112.12,Completed
ORD005317,2026-10-20,CUST02058,PROD0088,B001,5,2244.35,0.15,1907.7,1448.01,459.69,Completed
ORD005319,2026-12-20,CUST01183,PROD0014,B003,2,2761.75,0.15,2347.49,1581.2,766.29,Completed
ORD005322,2026-01-22,CUST02425,PROD0029,B004,5,2290.03,0.0,2290.03,1329.25,960.78,Completed
ORD005327,2026-05-26,CUST02155,PROD0030,B004,3,3058.15,0.0,3058.15,2440.78,617.37,Completed
ORD005332,2026-09-17,CUST02372,PROD0055,B002,2,929.48,0.2,743.59,527.08,216.51,Completed
ORD005333,2026-08-27,CUST01906,PROD0028,B004,5,3650.96,0.1,3285.87,2292.57,993.3,Completed
ORD005339,2026-11-01,CUST00780,PROD0014,B001,4,5523.51,0.0,5523.51,3162.41,2361.1,Completed
ORD005345,2026-12-08,CUST01828,PROD0107,B001,4,7112.81,0.0,7112.81,4350.68,2762.13,Completed
ORD005346,2026-09-23,CUST00737,PROD0028,B005,5,3650.96,0.05,3468.41,2292.57,1175.84,Completed
ORD005355,2026-03-13,CUST02111,PROD0080,B002,4,1626.4,0.1,1463.76,1127.99,335.77,Completed
ORD005356,2026-07-03,CUST00285,PROD0097,B003,1,1761.17,0.15,1496.99,1084.62,412.37,Completed
ORD005357,2026-08-30,CUST01005,PROD0052,B004,3,1982.05,0.15,1684.74,1360.05,324.69,Completed
ORD005365,2026-06-17,CUST01979,PROD0085,B001,4,172.21,0.0,172.21,136.46,35.75,Completed
ORD005367,2026-01-30,CUST01509,PROD0034,B001,1,1077.45,0.1,969.7,716.59,253.11,Completed
ORD005375,2026-07-06,CUST00403,PROD0009,B002,3,957.85,0.1,862.07,586.58,275.49,Completed
ORD005377,2026-07-03,CUST00379,PROD0057,B004,2,2010.2,0.1,1809.18,1297.91,511.27,Completed
ORD005380,2026-05-13,CUST00081,PROD0071,B004,5,2398.93,0.05,2278.98,1867.86,411.12,Completed
ORD005381,2026-02-02,CUST01025,PROD0034,B004,4,4309.79,0.25,3232.34,2866.35,365.99,Completed
ORD005382,2026-12-12,CUST01185,PROD0026,B004,4,1574.03,0.2,1259.22,1137.19,122.03,Completed
ORD005384,2026-12-27,CUST02449,PROD0045,B003,4,4019.0,0.0,4019.0,2866.23,1152.77,Completed
ORD005387,2026-03-13,CUST01560,PROD0075,B001,4,5655.6,0.1,5090.03,4369.82,720.21,Completed
ORD005388,2026-06-14,CUST02031,PROD0058,B004,2,333.96,0.1,300.56,349.16,-48.6,Completed
ORD005389,2026-07-06,CUST01216,PROD0049,B001,5,6663.61,0.1,5997.25,3855.39,2141.86,Completed
ORD005393,2026-03-09,CUST00649,PROD0067,B003,3,2720.42,0.0,2720.42,1491.98,1228.44,Completed
ORD005394,2026-02-04,CUST01069,PROD0067,B002,2,1813.62,0.0,1813.62,994.65,818.97,Completed
ORD005395,2026-01-24,CUST01946,PROD0074,B003,5,3264.22,0.25,2448.16,2524.19,-76.03,Completed
ORD005396,2026-05-16,CUST01192,PROD0043,B003,1,291.4,0.2,233.12,178.65,54.47,Completed
ORD005398,2026-12-01,CUST02406,PROD0062,B001,3,2188.59,0.25,1641.45,1736.16,-94.71,Completed
ORD005402,2026-05-24,CUST02450,PROD0088,B002,3,1346.61,0.1,1211.95,868.81,343.14,Completed
ORD005410,2026-01-12,CUST02071,PROD0052,B003,3,1191.59,0.15,1012.85,1360.05,-347.2,Completed
ORD005413,2026-03-05,CUST00207,PROD0057,B001,1,1005.1,0.1,904.59,648.95,255.64,Completed
ORD005414,2026-08-12,CUST01204,PROD0099,B004,4,3397.08,0.0,3397.08,2374.27,1022.81,Completed
ORD005417,2026-09-13,CUST01258,PROD0024,B001,3,3846.1,0.1,3461.49,2109.28,1352.21,Completed
ORD005419,2026-05-11,CUST02347,PROD0076,B001,5,1499.88,0.15,1274.89,1200.24,74.65,Completed
ORD005420,2026-12-05,CUST00109,PROD0091,B002,2,827.35,0.15,703.25,630.58,72.67,Completed
ORD005423,2026-03-15,CUST00190,PROD0025,B003,3,2970.13,0.15,2524.61,1772.15,752.46,Completed
ORD005425,2026-08-30,CUST00019,PROD0050,B001,4,4396.56,0.15,3737.08,2537.07,1200.01,Completed
ORD005426,2026-12-28,CUST01567,PROD0105,B005,4,1686.95,0.15,1433.91,1243.18,190.73,Completed
ORD005428,2026-02-10,CUST00178,PROD0028,B005,3,2190.58,0.05,2081.05,1375.54,705.51,Completed
ORD005429,2026-01-20,CUST02460,PROD0058,B002,5,1563.78,0.25,1172.84,872.91,299.93,Completed
ORD005431,2026-07-21,CUST00668,PROD0025,B004,5,4950.22,0.1,4455.2,2953.59,1501.61,Completed
ORD005436,2026-07-14,CUST00338,PROD0077,B001,2,608.04,0.2,486.43,492.1,-5.67,Completed
ORD005442,2026-03-23,CUST02331,PROD0043,B001,2,582.79,0.15,495.38,357.29,138.09,Completed
ORD005447,2026-07-22,CUST01487,PROD0069,B005,2,2530.07,0.05,2403.56,1372.88,1030.68,Completed
ORD005450,2026-02-25,CUST01105,PROD0077,B001,5,1520.11,0.15,1292.1,1230.26,61.84,Completed
ORD005451,2026-05-13,CUST00594,PROD0006,B002,2,1338.93,0.0,1338.93,971.81,367.12,Completed
ORD005454,2026-11-16,CUST02290,PROD0087,B001,4,4724.26,0.1,4251.83,3298.78,953.05,Completed
ORD005461,2026-10-21,CUST00111,PROD0006,B003,5,3347.32,0.0,3347.32,2429.52,917.8,Completed
ORD005468,2026-07-07,CUST00794,PROD0079,B002,2,346.61,0.15,294.61,233.14,61.47,Completed
ORD005469,2026-12-13,CUST01714,PROD0072,B001,2,930.32,0.05,883.8,653.24,230.56,Completed
ORD005475,2026-08-16,CUST01521,PROD0051,B005,2,1792.18,0.05,1702.58,1188.1,514.48,Completed
ORD005477,2026-08-19,CUST00840,PROD0010,B004,3,5527.66,0.1,4974.9,3215.99,1758.91,Completed
ORD005481,2026-01-12,CUST00488,PROD0054,B005,3,3383.03,0.1,3044.73,2286.1,758.63,Completed
ORD005490,2026-10-24,CUST00676,PROD0063,B004,5,663.4,0.1,597.06,502.33,94.73,Completed
ORD005491,2026-09-13,CUST01351,PROD0064,B001,5,4626.14,0.1,4163.53,3516.44,647.09,Completed
ORD005492,2026-03-26,CUST01198,PROD0055,B002,4,1858.97,0.15,1580.12,1054.16,525.96,Completed
ORD005497,2026-03-31,CUST02054,PROD0037,B005,4,2318.69,0.0,2318.69,1930.23,388.46,Completed
ORD005503,2026-06-03,CUST00796,PROD0068,B004,2,2049.87,0.2,1639.89,1646.73,-6.84,Completed
ORD005513,2026-11-01,CUST01849,PROD0083,B002,1,1654.19,0.05,1571.48,1121.48,450.0,Completed
ORD005515,2026-03-31,CUST00012,PROD0005,B001,1,1222.39,0.0,1222.39,753.73,468.66,Completed
ORD005521,2026-07-28,CUST02331,PROD0111,B005,4,7339.28,0.2,5871.42,4428.25,1443.17,Completed
ORD005528,2026-07-30,CUST00448,PROD0037,B004,4,2318.69,0.25,1739.02,1930.23,-191.21,Completed
ORD005535,2026-10-03,CUST00198,PROD0035,B002,2,1160.82,0.15,986.7,871.23,115.47,Completed
ORD005549,2026-08-18,CUST00941,PROD0086,B004,5,2639.34,0.2,2111.47,2003.71,107.76,Completed
ORD005563,2026-06-27,CUST02352,PROD0092,B004,4,417.78,0.15,355.11,266.55,88.56,Completed
ORD005570,2026-04-16,CUST01195,PROD0065,B002,2,2702.67,0.1,2432.4,2022.43,409.97,Completed
ORD005575,2026-11-29,CUST00624,PROD0065,B002,4,5405.34,0.15,4594.54,4044.87,549.67,Completed
ORD005576,2026-09-09,CUST02161,PROD0087,B004,5,5905.32,0.1,5314.79,4123.48,1191.31,Completed
ORD005577,2026-11-11,CUST02375,PROD0043,B005,2,582.79,0.2,466.23,357.29,108.94,Completed
ORD005578,2026-05-16,CUST01314,PROD0028,B004,2,1460.38,0.15,1241.32,917.03,324.29,Completed
ORD005584,2026-08-27,CUST00419,PROD0027,B004,4,2737.51,0.0,2737.51,1982.98,754.53,Completed
ORD005588,2026-09-08,CUST02187,PROD0087,B005,3,3543.19,0.0,3543.19,2474.09,1069.1,Completed
ORD005593,2026-08-24,CUST00069,PROD0025,B002,1,990.04,0.2,792.04,590.72,201.32,Completed
ORD005595,2026-02-04,CUST01257,PROD0033,B001,5,2076.66,0.15,1765.16,1916.21,-151.05,Completed
ORD005596,2026-12-25,CUST02138,PROD0050,B004,3,3297.42,0.0,3297.42,1902.8,1394.62,Completed
ORD005598,2026-11-05,CUST00919,PROD0022,B003,3,3793.01,0.15,3224.06,2740.74,483.32,Completed
ORD005600,2026-08-19,CUST01336,PROD0048,B005,4,3553.47,0.05,3375.8,2461.98,913.82,Completed
ORD005604,2026-02-08,CUST02477,PROD0058,B004,1,312.76,0.15,265.85,174.58,91.27,Completed
ORD005611,2026-02-27,CUST00684,PROD0043,B001,5,1456.99,0.15,1238.44,893.23,345.21,Completed
ORD005622,2026-11-29,CUST00556,PROD0015,B002,2,2842.13,0.0,2842.13,1767.45,1074.68,Completed
ORD005624,2026-03-30,CUST01842,PROD0068,B004,4,4099.74,0.2,3279.79,3293.45,-13.66,Completed
ORD005625,2026-02-26,CUST01247,PROD0003,B001,5,1888.96,0.05,1794.51,1338.64,455.87,Completed
ORD005630,2026-02-20,CUST01719,PROD0057,B005,3,3015.3,0.0,3015.3,1946.86,1068.44,Completed
ORD005633,2026-02-08,CUST00397,PROD0067,B002,5,4534.04,0.15,3853.93,2486.63,1367.3,Completed
ORD005636,2026-04-13,CUST00309,PROD0080,B001,2,813.2,0.0,813.2,563.99,249.21,Completed
ORD005642,2026-01-08,CUST00662,PROD0046,B002,2,446.67,0.25,335.01,337.11,-2.1,Completed
ORD005645,2026-06-02,CUST00679,PROD0106,B002,3,2155.74,0.05,2047.95,1293.66,754.29,Completed
ORD005647,2026-01-31,CUST00843,PROD0023,B003,5,6365.28,0.2,5092.22,3934.59,1157.63,Completed
ORD005650,2026-05-03,CUST00708,PROD0003,B004,3,1133.37,0.05,1076.7,803.19,273.51,Completed
ORD005652,2026-12-14,CUST01765,PROD0088,B002,5,2244.35,0.15,1907.7,1448.01,459.69,Completed
ORD005654,2026-10-09,CUST01352,PROD0037,B002,5,2898.37,0.0,2898.37,2412.79,485.58,Completed
ORD005655,2026-04-08,CUST00440,PROD0085,B004,1,43.05,0.15,36.6,34.11,2.49,Completed
ORD005658,2026-03-21,CUST01969,PROD0015,B003,2,2842.13,0.15,2415.81,1767.45,648.36,Completed
ORD005660,2026-04-10,CUST00089,PROD0015,B002,2,2842.13,0.05,2700.03,1767.45,932.58,Completed
ORD005667,2026-02-27,CUST00338,PROD0016,B004,5,444.32,0.1,399.89,266.08,133.81,Completed
ORD005668,2026-03-28,CUST01041,PROD0038,B001,5,299.66,0.05,284.68,203.55,81.13,Completed
ORD005669,2026-03-31,CUST02283,PROD0038,B004,4,239.73,0.15,203.77,162.84,40.93,Completed
ORD005678,2026-03-10,CUST00949,PROD0114,B001,4,5498.14,0.05,5223.24,4172.67,1050.57,Completed
ORD005679,2026-10-30,CUST00107,PROD0114,B001,1,1374.54,0.2,1099.63,1043.17,56.46,Completed
ORD005680,2026-12-28,CUST00801,PROD0066,B001,4,5592.86,0.05,5313.22,4017.96,1295.26,Completed
ORD005681,2026-01-25,CUST00056,PROD0002,B002,3,2040.42,0.05,1938.4,1233.78,704.62,Completed
ORD005686,2026-02-25,CUST00635,PROD0105,B004,5,2108.69,0.0,2108.69,1553.98,554.71,Completed
ORD005687,2026-09-23,CUST01675,PROD0090,B003,1,319.88,0.0,319.88,200.18,119.7,Completed
ORD005691,2026-04-28,CUST00993,PROD0084,B001,1,518.27,0.05,492.35,382.62,109.73,Completed
ORD005692,2026-11-26,CUST00857,PROD0081,B002,4,532.43,0.05,505.81,396.43,109.38,Completed
ORD005699,2026-01-01,CUST00824,PROD0061,B002,3,1344.6,0.0,1344.6,945.07,399.53,Completed
ORD005701,2026-03-11,CUST02175,PROD0074,B002,3,1958.53,0.1,1762.68,1514.51,248.17,Completed
ORD005702,2026-03-11,CUST01782,PROD0030,B002,2,2038.77,0.05,1936.83,1627.19,309.64,Completed
ORD005705,2026-05-05,CUST01235,PROD0036,B001,3,850.08,0.0,850.08,459.65,390.43,Completed
ORD005708,2026-11-30,CUST00557,PROD0025,B005,4,3960.18,0.0,3960.18,2362.87,1597.31,Completed
ORD005710,2026-12-13,CUST01433,PROD0064,B002,4,3700.91,0.0,3700.91,2813.15,887.76,Completed
ORD005711,2026-05-20,CUST01456,PROD0103,B003,5,4363.29,0.25,3272.46,2582.17,690.29,Completed
ORD005720,2026-04-14,CUST00871,PROD0061,B002,4,1792.8,0.15,1523.88,1260.1,263.78,Completed
ORD005723,2026-01-24,CUST01674,PROD0011,B001,5,4239.74,0.2,3391.79,3288.12,103.67,Completed
ORD005727,2026-02-09,CUST01329,PROD0001,B002,5,9696.97,0.15,8242.42,5315.89,2926.53,Completed
ORD005729,2026-08-11,CUST01846,PROD0084,B001,1,518.27,0.1,466.44,382.62,83.82,Completed
ORD005730,2026-09-03,CUST00906,PROD0049,B002,1,1332.72,0.0,1332.72,771.08,561.64,Completed
ORD005736,2026-04-25,CUST02292,PROD0054,B004,3,3383.03,0.1,3044.73,2286.1,758.63,Completed
ORD005743,2026-03-06,CUST02046,PROD0050,B002,1,1099.14,0.0,1099.14,634.27,464.87,Completed
ORD005746,2026-09-25,CUST00871,PROD0046,B004,5,1116.68,0.1,1005.01,842.77,162.24,Completed
ORD005747,2026-04-12,CUST00302,PROD0060,B002,3,268.58,0.15,228.29,176.33,51.96,Completed
ORD005748,2026-12-15,CUST01937,PROD0116,B005,5,1310.86,0.25,983.15,1075.45,-92.3,Completed
ORD005754,2026-08-31,CUST01443,PROD0081,B005,3,399.32,0.0,399.32,297.32,102.0,Completed
ORD005756,2026-06-06,CUST01143,PROD0026,B003,3,1180.52,0.2,944.41,852.89,91.52,Completed
ORD005758,2026-01-15,CUST01792,PROD0035,B004,2,1160.82,0.05,1102.78,871.23,231.55,Completed
ORD005764,2026-11-24,CUST00373,PROD0019,B001,1,888.69,0.15,755.39,554.19,201.2,Completed
ORD005768,2026-03-19,CUST00773,PROD0081,B002,4,532.43,0.15,452.56,396.43,56.13,Completed
ORD005769,2026-06-27,CUST00435,PROD0093,B004,3,2599.06,0.0,2599.06,1907.02,692.04,Completed
ORD005772,2026-06-20,CUST01216,PROD0033,B004,1,600.34,0.2,480.27,383.24,97.03,Completed
ORD005776,2026-08-10,CUST02143,PROD0077,B004,5,1520.11,0.05,1444.11,1230.26,213.85,Completed
ORD005779,2026-08-09,CUST01378,PROD0110,B005,2,1593.43,0.15,1354.41,926.38,428.03,Completed
ORD005793,2026-04-03,CUST02486,PROD0068,B001,3,3074.8,0.1,2767.32,2470.09,297.23,Completed
ORD005795,2026-10-28,CUST00826,PROD0093,B002,5,4331.76,0.15,3682.0,3178.36,503.64,Completed
ORD005805,2026-01-11,CUST01642,PROD0074,B003,1,652.84,0.0,652.84,504.84,148.0,Completed
ORD005811,2026-11-17,CUST01263,PROD0096,B001,4,7107.69,0.15,6041.53,4137.9,1903.63,Completed
ORD005816,2026-08-10,CUST02033,PROD0012,B005,3,388.85,0.2,311.08,262.72,48.36,Completed
ORD005821,2026-06-22,CUST01452,PROD0022,B004,3,2751.08,0.1,2475.97,2740.74,-264.77,Completed
ORD005822,2026-06-27,CUST02430,PROD0089,B003,2,686.67,0.1,618.0,451.18,166.82,Completed
ORD005826,2026-07-31,CUST00324,PROD0109,B005,1,1355.87,0.25,1016.9,975.11,41.79,Completed
ORD005830,2026-12-09,CUST00168,PROD0080,B003,2,813.2,0.05,772.54,563.99,208.55,Completed
ORD005834,2026-07-10,CUST00963,PROD0039,B001,5,7413.45,0.05,7042.78,4131.23,2911.55,Completed
ORD005836,2026-03-15,CUST01062,PROD0088,B001,2,897.74,0.15,763.08,579.21,183.87,Completed
ORD005841,2026-12-30,CUST02239,PROD0020,B002,5,3803.19,0.0,3803.19,2738.67,1064.52,Completed
ORD005844,2026-06-26,CUST02104,PROD0031,B003,1,667.03,0.1,600.33,547.49,52.84,Completed
ORD005856,2026-03-15,CUST02302,PROD0103,B004,3,2617.97,0.1,2356.17,1549.3,806.87,Completed
ORD005857,2026-02-10,CUST00434,PROD0050,B005,4,4396.56,0.2,3517.25,2537.07,980.18,Completed
ORD005860,2026-04-26,CUST01120,PROD0022,B001,5,4734.6,0.25,3550.95,4567.91,-1016.96,Completed
ORD005862,2026-06-13,CUST02395,PROD0015,B003,1,1421.07,0.15,1207.91,883.73,324.18,Completed
ORD005874,2026-03-30,CUST00703,PROD0089,B003,3,1030.0,0.25,772.5,676.76,95.74,Completed
ORD005880,2026-10-26,CUST01811,PROD0043,B003,4,1165.59,0.15,990.75,714.58,276.17,Completed
ORD005887,2026-03-12,CUST00724,PROD0079,B002,1,173.3,0.1,155.97,116.57,39.4,Completed
ORD005889,2026-10-08,CUST00283,PROD0094,B003,5,976.4,0.1,878.76,585.09,293.67,Completed
ORD005890,2026-11-27,CUST02000,PROD0011,B002,3,2543.84,0.15,2162.27,1972.87,189.4,Completed
ORD005891,2026-05-26,CUST01716,PROD0062,B003,2,1459.06,0.25,1094.3,1157.44,-63.14,Completed
ORD005893,2026-07-12,CUST01396,PROD0040,B003,2,1981.35,0.1,1783.21,1080.7,702.51,Completed
ORD005897,2026-09-25,CUST00617,PROD0074,B002,2,1305.69,0.1,1175.12,1009.68,165.44,Completed
ORD005898,2026-06-08,CUST01773,PROD0003,B001,4,1511.16,0.2,1208.93,1070.91,138.02,Completed
ORD005903,2026-08-07,CUST02490,PROD0114,B003,1,1374.54,0.0,1374.54,1043.17,331.37,Completed
ORD005904,2026-08-30,CUST00973,PROD0087,B005,5,5905.32,0.2,4724.26,4123.48,600.78,Completed
ORD005905,2026-05-08,CUST00702,PROD0110,B003,5,3983.57,0.05,3784.39,2315.96,1468.43,Completed
ORD005913,2026-06-09,CUST00774,PROD0092,B005,5,522.22,0.1,470.0,333.18,136.82,Completed
ORD005914,2026-02-10,CUST01091,PROD0010,B005,2,3685.11,0.1,3316.6,2143.99,1172.61,Completed
ORD005916,2026-03-30,CUST00890,PROD0116,B002,3,786.52,0.0,786.52,645.27,141.25,Completed
ORD005920,2026-03-26,CUST00826,PROD0012,B005,3,388.85,0.15,330.52,262.72,67.8,Completed
ORD005921,2026-03-30,CUST01469,PROD0115,B001,2,1493.09,0.0,1493.09,921.31,571.78,Completed
ORD005924,2026-06-08,CUST00413,PROD0095,B001,5,1775.68,0.0,1775.68,1339.42,436.26,Completed
ORD005925,2026-05-22,CUST01854,PROD0053,B001,4,2223.35,0.05,2112.19,1446.41,665.78,Completed
ORD005929,2026-07-09,CUST00322,PROD0082,B003,3,6283.58,0.05,5969.4,3400.99,2568.41,Completed
ORD005936,2026-11-25,CUST00186,PROD0009,B002,2,638.57,0.0,638.57,391.05,247.52,Completed
ORD005941,2026-12-31,CUST02356,PROD0058,B003,4,1251.03,0.2,1000.82,698.33,302.49,Completed
ORD005943,2026-06-21,CUST00113,PROD0062,B003,3,2188.59,0.1,1969.73,1736.16,233.57,Completed
ORD005947,2026-07-09,CUST00967,PROD0006,B001,3,2008.39,0.1,1807.56,1457.71,349.85,Completed
ORD005956,2026-06-14,CUST00250,PROD0048,B005,4,3553.47,0.1,3198.12,2461.98,736.14,Completed
ORD005959,2026-01-20,CUST00146,PROD0085,B003,3,129.15,0.05,122.7,102.34,20.36,Completed
ORD005961,2026-07-15,CUST00211,PROD0030,B001,2,2038.77,0.05,1936.83,1627.19,309.64,Completed
ORD005969,2026-01-18,CUST00507,PROD0072,B001,3,1395.47,0.05,1325.7,979.86,345.84,Completed
ORD005975,2026-09-16,CUST01184,PROD0107,B003,1,1778.2,0.1,1600.38,1087.67,512.71,Completed
ORD005976,2026-08-20,CUST02443,PROD0074,B003,5,2699.44,0.15,2294.53,2524.19,-229.66,Completed
ORD005978,2026-02-02,CUST02332,PROD0014,B004,2,2761.75,0.0,2761.75,1581.2,1180.55,Completed
ORD005984,2026-06-02,CUST00151,PROD0010,B001,4,7370.22,0.15,6264.69,4287.98,1976.71,Completed
ORD005997,2026-06-22,CUST02455,PROD0018,B005,2,3442.62,0.1,3098.36,2143.81,954.55,Completed
ORD006000,2026-11-13,CUST01582,PROD0108,B004,1,909.88,0.2,727.91,523.42,204.49,Completed
ORD006005,2026-09-18,CUST01779,PROD0050,B005,1,1099.14,0.05,1044.18,634.27,409.91,Completed
ORD006014,2026-04-26,CUST00639,PROD0075,B002,2,2827.8,0.0,2827.8,2184.91,642.89,Completed
ORD006015,2026-03-21,CUST00791,PROD0096,B003,1,1776.92,0.0,1776.92,1034.47,742.45,Completed
ORD006019,2026-06-06,CUST02338,PROD0039,B002,4,5930.76,0.0,5930.76,3304.98,2625.78,Completed
ORD006021,2026-10-04,CUST00296,PROD0054,B002,4,4510.71,0.05,4285.17,3048.13,1237.04,Completed
ORD006025,2026-06-19,CUST00386,PROD0061,B002,2,896.4,0.1,806.76,630.05,176.71,Completed
ORD006026,2026-11-23,CUST00592,PROD0067,B003,2,1003.21,0.15,852.73,994.65,-141.92,Completed
ORD006032,2026-11-15,CUST01998,PROD0111,B002,4,7339.28,0.1,6605.35,4428.25,2177.1,Completed
ORD006035,2026-01-14,CUST00639,PROD0093,B003,3,2599.06,0.0,2599.06,1907.02,692.04,Completed
ORD006038,2026-11-25,CUST02083,PROD0022,B004,2,2528.68,0.15,2149.38,1827.16,322.22,Completed
ORD006043,2026-04-05,CUST00551,PROD0067,B005,4,3627.23,0.15,3083.15,1989.31,1093.84,Completed
ORD006044,2026-08-25,CUST00435,PROD0113,B001,1,1254.18,0.05,1191.47,906.95,284.52,Completed
ORD006050,2026-12-27,CUST00082,PROD0058,B001,4,1251.03,0.05,1188.47,698.33,490.14,Completed
ORD006054,2026-05-31,CUST01435,PROD0114,B005,2,2749.07,0.1,2474.16,2086.33,387.83,Completed
ORD006061,2026-01-28,CUST00627,PROD0059,B005,5,4875.0,0.25,3656.25,3083.56,572.69,Completed
ORD006062,2026-08-05,CUST01281,PROD0076,B001,2,599.95,0.25,449.96,480.1,-30.14,Completed
ORD006070,2026-07-03,CUST01005,PROD0077,B001,3,912.07,0.2,729.66,738.16,-8.5,Completed
ORD006072,2026-07-12,CUST00451,PROD0031,B004,4,2668.14,0.1,2401.33,2189.98,211.35,Completed
ORD006082,2026-08-17,CUST01942,PROD0040,B004,3,2972.02,0.0,2972.02,1621.06,1350.96,Completed
ORD006087,2026-08-16,CUST00524,PROD0085,B001,1,43.05,0.15,36.6,34.11,2.49,Completed
ORD006091,2026-08-20,CUST01869,PROD0015,B001,4,5684.27,0.1,5115.84,3534.91,1580.93,Completed
ORD006097,2026-02-10,CUST00217,PROD0094,B001,3,585.84,0.25,439.38,351.05,88.33,Completed
ORD006116,2026-10-15,CUST01731,PROD0005,B004,2,2444.79,0.15,2078.07,1507.46,570.61,Completed
ORD006120,2026-05-08,CUST01668,PROD0073,B003,5,914.01,0.1,822.61,599.86,222.75,Completed
ORD006122,2026-07-17,CUST02113,PROD0047,B003,3,930.59,0.1,837.53,538.95,298.58,Completed
ORD006134,2026-06-16,CUST00144,PROD0048,B005,1,888.37,0.2,710.69,615.49,95.2,Completed
ORD006137,2026-09-05,CUST01588,PROD0041,B001,2,230.15,0.05,218.65,124.98,93.67,Completed
ORD006139,2026-07-10,CUST00604,PROD0104,B001,2,3204.91,0.15,2724.17,2119.14,605.03,Completed
ORD006141,2026-11-10,CUST00709,PROD0048,B003,3,2665.1,0.1,2398.59,1846.48,552.11,Completed
ORD006145,2026-02-01,CUST01860,PROD0035,B003,4,2321.65,0.15,1973.4,1742.46,230.94,Completed
ORD006149,2026-08-20,CUST00123,PROD0100,B003,5,4054.94,0.2,3243.95,3166.4,77.55,Completed
ORD006152,2026-06-27,CUST01741,PROD0017,B003,2,1739.19,0.0,1739.19,1263.96,475.23,Completed
ORD006161,2026-11-05,CUST01420,PROD0022,B001,3,3793.01,0.15,3224.06,2740.74,483.32,Completed
ORD006171,2026-05-18,CUST00262,PROD0116,B001,5,1310.86,0.15,1114.24,1075.45,38.79,Completed
ORD006173,2026-08-22,CUST01348,PROD0101,B002,4,2585.55,0.1,2327.0,1842.01,484.99,Completed
ORD006175,2026-01-13,CUST00558,PROD0091,B003,2,827.35,0.05,785.98,630.58,155.4,Completed
ORD006178,2026-03-26,CUST02098,PROD0107,B002,1,1778.2,0.1,1600.38,1087.67,512.71,Completed
ORD006180,2026-11-19,CUST00540,PROD0063,B001,3,398.04,0.0,398.04,301.4,96.64,Completed
ORD006181,2026-07-15,CUST02269,PROD0077,B001,2,453.15,0.05,430.49,492.1,-61.61,Completed
ORD006182,2026-01-04,CUST00625,PROD0034,B001,2,2154.89,0.0,2154.89,1433.18,721.71,Completed
ORD006185,2026-12-03,CUST00937,PROD0025,B005,2,1980.09,0.2,1584.07,1181.43,402.64,Completed
ORD006186,2026-10-08,CUST01522,PROD0112,B003,5,4331.81,0.1,3898.63,3391.64,506.99,Completed
ORD006187,2026-09-17,CUST00534,PROD0047,B005,2,620.39,0.0,620.39,359.3,261.09,Completed
ORD006188,2026-05-15,CUST00282,PROD0109,B005,2,2711.73,0.15,2304.97,1950.22,354.75,Completed
ORD006192,2026-10-16,CUST01128,PROD0120,B001,4,2276.66,0.0,2276.66,1467.78,808.88,Completed
ORD006193,2026-11-22,CUST02141,PROD0006,B002,2,1338.93,0.1,1205.04,971.81,233.23,Completed
ORD006196,2026-09-07,CUST01544,PROD0112,B005,3,2599.09,0.0,2599.09,2034.98,564.11,Completed
ORD006201,2026-05-10,CUST01667,PROD0053,B002,1,555.84,0.15,472.46,361.6,110.86,Completed
ORD006213,2026-07-21,CUST01643,PROD0033,B005,1,600.34,0.0,600.34,383.24,217.1,Completed
ORD006221,2026-03-29,CUST02241,PROD0068,B001,2,2049.87,0.2,1639.89,1646.73,-6.84,Completed
ORD006223,2026-10-05,CUST00411,PROD0003,B001,1,377.79,0.2,302.23,267.73,34.5,Completed
ORD006230,2026-03-30,CUST02039,PROD0038,B002,2,119.86,0.2,95.89,81.42,14.47,Completed
ORD006232,2026-12-16,CUST01282,PROD0037,B004,2,1159.35,0.15,985.45,965.12,20.33,Completed
ORD006247,2026-03-23,CUST00728,PROD0050,B005,5,5495.7,0.2,4396.56,3171.34,1225.22,Completed
ORD006248,2026-04-09,CUST00150,PROD0085,B004,3,93.0,0.0,93.0,102.34,-9.34,Completed
ORD006250,2026-03-10,CUST01231,PROD0102,B001,1,771.4,0.0,771.4,444.87,326.53,Completed
ORD006251,2026-07-23,CUST02075,PROD0109,B003,2,2711.73,0.1,2440.56,1950.22,490.34,Completed
ORD006259,2026-07-23,CUST00291,PROD0074,B005,5,3264.22,0.05,3101.01,2524.19,576.82,Completed
ORD006260,2026-08-07,CUST02351,PROD0103,B005,4,3490.63,0.1,3141.57,2065.73,1075.84,Completed
ORD006262,2026-07-22,CUST00440,PROD0026,B003,5,1967.53,0.1,1770.78,1421.48,349.3,Completed
ORD006270,2026-09-11,CUST02084,PROD0066,B004,4,5592.86,0.0,5592.86,4017.96,1574.9,Completed
ORD006272,2026-08-01,CUST02458,PROD0014,B003,5,6904.38,0.1,6213.95,3953.01,2260.94,Completed
ORD006279,2026-07-03,CUST01019,PROD0115,B003,1,746.55,0.1,671.89,460.65,211.24,Completed
ORD006280,2026-03-04,CUST02488,PROD0037,B003,3,1739.02,0.15,1478.17,1447.68,30.49,Completed
ORD006284,2026-03-29,CUST00336,PROD0003,B004,5,1888.96,0.0,1888.96,1338.64,550.32,Completed
ORD006285,2026-08-04,CUST02494,PROD0036,B001,4,1133.44,0.1,1020.1,612.87,407.23,Completed
ORD006286,2026-05-15,CUST02394,PROD0090,B002,5,1599.39,0.2,1279.51,1000.91,278.6,Completed
ORD006297,2026-12-19,CUST02218,PROD0011,B004,2,1695.9,0.0,1695.9,1315.25,380.65,Completed
ORD006298,2026-09-24,CUST02272,PROD0102,B001,3,2314.2,0.05,2198.49,1334.6,863.89,Completed
ORD006305,2026-04-18,CUST00055,PROD0047,B003,2,620.39,0.0,620.39,359.3,261.09,Completed
ORD006312,2026-05-15,CUST00447,PROD0021,B002,4,3380.64,0.1,3042.58,2054.31,988.27,Completed
ORD006314,2026-03-22,CUST01098,PROD0011,B001,1,847.95,0.05,805.55,657.62,147.93,Completed
ORD006320,2026-07-23,CUST01857,PROD0082,B002,3,6283.58,0.15,5341.04,3400.99,1940.05,Completed
ORD006321,2026-10-02,CUST00180,PROD0116,B003,2,524.35,0.1,471.91,430.18,41.73,Completed
ORD006328,2026-12-19,CUST01535,PROD0119,B005,4,2394.33,0.25,1795.75,1737.24,58.51,Completed
ORD006329,2026-04-05,CUST02183,PROD0052,B005,4,1474.41,0.0,1474.41,1813.4,-338.99,Completed
ORD006331,2026-09-25,CUST02131,PROD0073,B004,3,548.4,0.1,493.57,359.92,133.65,Completed
ORD006333,2026-03-06,CUST00426,PROD0009,B003,1,319.28,0.15,271.39,195.53,75.86,Completed
ORD006335,2026-04-04,CUST00986,PROD0014,B002,5,6904.38,0.2,5523.51,3953.01,1570.5,Completed
ORD006336,2026-03-22,CUST00044,PROD0056,B004,2,2823.44,0.25,2117.58,2115.29,2.29,Completed
ORD006337,2026-07-06,CUST00670,PROD0110,B001,4,3186.86,0.2,2549.48,1852.77,696.71,Completed
ORD006339,2026-12-25,CUST01571,PROD0069,B005,3,3795.1,0.05,3605.35,2059.31,1546.04,Completed
ORD006342,2026-05-18,CUST01957,PROD0050,B005,4,4396.56,0.15,3737.08,2537.07,1200.01,Completed
ORD006350,2026-01-17,CUST02482,PROD0081,B004,5,665.54,0.2,532.43,495.54,36.89,Completed
ORD006351,2026-05-24,CUST01798,PROD0092,B002,5,522.22,0.1,470.0,333.18,136.82,Completed
ORD006352,2026-09-01,CUST00240,PROD0073,B003,4,731.21,0.15,621.52,479.89,141.63,Completed
ORD006359,2026-05-31,CUST00040,PROD0084,B001,5,2591.35,0.1,2332.21,1913.12,419.09,Completed
ORD006360,2026-10-13,CUST01922,PROD0072,B005,2,930.32,0.1,837.28,653.24,184.04,Completed
ORD006366,2026-02-26,CUST01693,PROD0088,B003,2,897.74,0.0,897.74,579.21,318.53,Completed
ORD006370,2026-10-24,CUST01499,PROD0031,B005,3,2001.1,0.0,2001.1,1642.48,358.62,Completed
ORD006372,2026-11-12,CUST01487,PROD0093,B002,3,2599.06,0.0,2599.06,1907.02,692.04,Completed
ORD006374,2026-12-15,CUST02406,PROD0013,B001,5,3382.77,0.05,3213.63,2288.62,925.01,Completed
ORD006376,2026-07-04,CUST00915,PROD0104,B002,5,8012.27,0.1,7211.04,5297.84,1913.2,Completed
ORD006393,2026-06-20,CUST00576,PROD0072,B005,1,465.16,0.15,395.38,326.62,68.76,Completed
ORD006395,2026-03-14,CUST01352,PROD0120,B001,1,569.17,0.15,483.79,366.95,116.84,Completed
ORD006402,2026-05-16,CUST01952,PROD0060,B001,2,179.05,0.0,179.05,117.55,61.5,Completed
ORD006408,2026-11-12,CUST01283,PROD0067,B003,5,4534.04,0.0,4534.04,2486.63,2047.41,Completed
ORD006416,2026-10-05,CUST01225,PROD0055,B005,3,1394.23,0.25,1045.67,790.62,255.05,Completed
ORD006420,2026-12-04,CUST00304,PROD0027,B003,1,684.38,0.15,581.72,495.75,85.97,Completed
ORD006422,2026-01-09,CUST00754,PROD0023,B004,5,6365.28,0.05,6047.02,3934.59,2112.43,Completed
ORD006429,2026-11-24,CUST01107,PROD0007,B002,5,238.54,0.1,214.68,178.76,35.92,Completed
ORD006434,2026-04-26,CUST01251,PROD0093,B001,1,866.35,0.0,866.35,635.67,230.68,Completed
ORD006435,2026-03-30,CUST01046,PROD0117,B004,2,1544.53,0.15,1312.85,952.25,360.6,Completed
ORD006436,2026-03-16,CUST00020,PROD0035,B002,3,1741.24,0.15,1480.05,1306.85,173.2,Completed
ORD006437,2026-05-31,CUST02027,PROD0090,B001,2,639.76,0.05,607.77,400.36,207.41,Completed
ORD006438,2026-10-06,CUST00831,PROD0120,B004,5,2845.83,0.15,2418.96,1834.73,584.23,Completed
ORD006441,2026-09-10,CUST01838,PROD0042,B002,2,2907.05,0.0,2907.05,2128.77,778.28,Completed
ORD006444,2026-04-11,CUST01160,PROD0025,B004,1,990.04,0.0,990.04,590.72,399.32,Completed
ORD006448,2026-01-27,CUST00592,PROD0109,B005,4,5423.46,0.1,4881.12,3900.44,980.68,Completed
ORD006453,2026-11-11,CUST01863,PROD0027,B002,1,684.38,0.1,615.94,495.75,120.19,Completed
ORD006455,2026-02-01,CUST01833,PROD0022,B001,3,3793.01,0.1,3413.71,2740.74,672.97,Completed
ORD006461,2026-09-16,CUST01428,PROD0088,B001,3,796.08,0.1,716.47,868.81,-152.34,Completed
ORD006462,2026-01-03,CUST02088,PROD0115,B003,1,746.55,0.15,634.56,460.65,173.91,Completed
ORD006470,2026-08-06,CUST00478,PROD0028,B002,2,1460.38,0.1,1314.34,917.03,397.31,Completed
ORD006478,2026-11-11,CUST00951,PROD0088,B005,1,448.87,0.1,403.98,289.6,114.38,Completed
ORD006486,2026-11-29,CUST02499,PROD0037,B004,1,579.67,0.05,550.69,482.56,68.13,Completed
ORD006489,2026-12-30,CUST01239,PROD0107,B002,5,8891.01,0.15,7557.35,5438.35,2119.0,Completed
ORD006490,2026-02-07,CUST01571,PROD0102,B001,1,771.4,0.0,771.4,444.87,326.53,Completed
ORD006492,2026-11-14,CUST02156,PROD0076,B003,5,1499.88,0.15,1274.89,1200.24,74.65,Completed
ORD006493,2026-04-30,CUST01923,PROD0080,B004,3,1219.8,0.2,975.84,845.99,129.85,Completed
ORD006497,2026-05-11,CUST00884,PROD0081,B001,3,399.32,0.0,399.32,297.32,102.0,Completed
ORD006499,2026-08-07,CUST02175,PROD0052,B003,3,1982.05,0.05,1882.95,1360.05,522.9,Completed
ORD006504,2026-05-05,CUST01017,PROD0014,B001,2,2761.75,0.1,2485.58,1581.2,904.38,Completed
ORD006506,2026-07-02,CUST00770,PROD0036,B001,3,850.08,0.15,722.57,459.65,262.92,Completed
ORD006507,2026-09-15,CUST02428,PROD0010,B002,2,3685.11,0.0,3685.11,2143.99,1541.12,Completed
ORD006508,2026-11-06,CUST01476,PROD0068,B002,2,2049.87,0.05,1947.37,1646.73,300.64,Completed
ORD006510,2026-10-17,CUST02230,PROD0077,B005,3,912.07,0.2,729.66,738.16,-8.5,Completed
ORD006511,2026-04-28,CUST00495,PROD0003,B001,1,377.79,0.1,340.01,267.73,72.28,Completed
ORD006512,2026-06-13,CUST01793,PROD0038,B003,1,59.93,0.05,56.94,40.71,16.23,Completed
ORD006516,2026-11-06,CUST02228,PROD0015,B004,3,4263.2,0.1,3836.88,2651.18,1185.7,Completed
ORD006520,2026-06-29,CUST02299,PROD0113,B001,3,3762.55,0.0,3762.55,2720.86,1041.69,Completed
ORD006523,2026-08-09,CUST00841,PROD0035,B002,1,580.41,0.2,464.33,435.62,28.71,Completed
ORD006526,2026-11-09,CUST00822,PROD0073,B001,5,914.01,0.15,776.91,599.86,177.05,Completed
ORD006529,2026-09-27,CUST01958,PROD0013,B002,1,676.55,0.15,575.07,457.72,117.35,Completed
ORD006541,2026-02-18,CUST00387,PROD0075,B002,3,4241.7,0.1,3817.52,3277.37,540.15,Completed
ORD006544,2026-10-05,CUST00231,PROD0115,B003,3,2239.64,0.1,2015.68,1381.96,633.72,Completed
ORD006545,2026-03-10,CUST01197,PROD0078,B005,5,4659.77,0.1,4193.8,2869.89,1323.91,Completed
ORD006547,2026-05-28,CUST01531,PROD0090,B001,1,319.88,0.05,303.88,200.18,103.7,Completed
ORD006548,2026-05-27,CUST01338,PROD0083,B001,5,8270.93,0.1,7443.84,5607.38,1836.46,Completed
ORD006557,2026-03-07,CUST00306,PROD0013,B002,5,3382.77,0.1,3044.49,2288.62,755.87,Completed
ORD006558,2026-01-19,CUST01636,PROD0092,B001,3,313.33,0.0,313.33,199.91,113.42,Completed
ORD006559,2026-09-11,CUST00798,PROD0023,B005,2,2546.11,0.1,2291.5,1573.84,717.66,Completed
ORD006564,2026-11-28,CUST01978,PROD0083,B004,3,4962.56,0.2,3970.05,3364.43,605.62,Completed
ORD006567,2026-12-07,CUST00852,PROD0083,B001,5,8270.93,0.15,7030.3,5607.38,1422.92,Completed
ORD006570,2026-03-19,CUST00035,PROD0007,B002,4,190.83,0.15,162.2,143.01,19.19,Completed
ORD006575,2026-06-25,CUST02153,PROD0047,B005,3,930.59,0.2,744.47,538.95,205.52,Completed
ORD006576,2026-02-06,CUST02403,PROD0027,B005,3,2053.13,0.1,1847.82,1487.24,360.58,Completed
ORD006582,2026-05-15,CUST00438,PROD0051,B003,4,3584.37,0.0,3584.37,2376.21,1208.16,Completed
ORD006590,2026-10-12,CUST01224,PROD0023,B001,2,2546.11,0.2,2036.89,1573.84,463.05,Completed
ORD006591,2026-01-05,CUST02452,PROD0091,B001,3,1241.02,0.05,1178.97,945.87,233.1,Completed
ORD006592,2026-09-06,CUST01548,PROD0002,B001,2,1360.28,0.1,1224.25,822.52,401.73,Completed
ORD006597,2026-04-28,CUST00280,PROD0070,B001,2,401.05,0.1,360.94,275.18,85.76,Completed
ORD006598,2026-09-30,CUST00548,PROD0069,B004,4,2326.91,0.05,2210.56,2745.75,-535.19,Completed
ORD006602,2026-12-03,CUST00944,PROD0051,B002,3,2688.28,0.2,2150.62,1782.15,368.47,Completed
ORD006611,2026-12-01,CUST01276,PROD0097,B004,4,7044.68,0.2,5635.74,4338.46,1297.28,Completed
ORD006612,2026-06-21,CUST00505,PROD0042,B005,1,1453.53,0.25,1090.15,1064.39,25.76,Completed
ORD006613,2026-12-04,CUST01535,PROD0006,B004,3,2008.39,0.05,1907.97,1457.71,450.26,Completed
ORD006615,2026-11-10,CUST01154,PROD0099,B004,5,4246.35,0.1,3821.71,2967.84,853.87,Completed
ORD006622,2026-09-24,CUST00721,PROD0014,B005,2,2761.75,0.0,2761.75,1581.2,1180.55,Completed
ORD006623,2026-04-11,CUST00855,PROD0042,B002,4,5814.11,0.1,5232.7,4257.54,975.16,Completed
ORD006630,2026-09-19,CUST01945,PROD0103,B004,4,3490.63,0.2,2792.5,2065.73,726.77,Completed
ORD006638,2026-12-10,CUST00917,PROD0003,B002,5,1888.96,0.1,1700.06,1338.64,361.42,Completed
ORD006640,2026-12-14,CUST00121,PROD0100,B005,3,2432.96,0.0,2432.96,1899.84,533.12,Completed
ORD006641,2026-03-03,CUST02284,PROD0088,B005,4,1795.48,0.15,1526.16,1158.41,367.75,Completed
ORD006644,2026-05-09,CUST00331,PROD0054,B002,5,5638.39,0.15,4792.63,3810.16,982.47,Completed
ORD006652,2026-01-03,CUST02342,PROD0046,B002,3,670.01,0.0,670.01,505.66,164.35,Completed
ORD006653,2026-04-10,CUST00378,PROD0105,B001,1,421.74,0.25,316.3,310.8,5.5,Completed
ORD006660,2026-03-07,CUST00171,PROD0071,B002,5,2398.93,0.15,2039.09,1867.86,171.23,Completed
ORD006667,2026-09-05,CUST01057,PROD0028,B001,2,1460.38,0.1,1314.34,917.03,397.31,Completed
ORD006670,2026-07-06,CUST01929,PROD0117,B001,2,1544.53,0.15,1312.85,952.25,360.6,Completed
ORD006672,2026-09-25,CUST00487,PROD0008,B001,2,531.11,0.0,531.11,437.82,93.29,Completed
ORD006673,2026-08-24,CUST01878,PROD0047,B002,2,341.1,0.0,341.1,359.3,-18.2,Completed
ORD006676,2026-04-23,CUST02318,PROD0069,B001,3,3795.1,0.2,3036.08,2059.31,976.77,Completed
ORD006677,2026-06-07,CUST01567,PROD0065,B005,4,5405.34,0.15,4594.54,4044.87,549.67,Completed
ORD006680,2026-06-04,CUST01935,PROD0112,B001,3,2599.09,0.1,2339.18,2034.98,304.2,Completed
ORD006682,2026-04-12,CUST01387,PROD0006,B004,1,669.46,0.15,569.05,485.9,83.15,Completed
ORD006684,2026-04-09,CUST00824,PROD0021,B002,5,4225.8,0.2,3380.64,2567.89,812.75,Completed
ORD006685,2026-06-14,CUST02494,PROD0004,B004,1,299.17,0.0,299.17,191.1,108.07,Completed
ORD006687,2026-06-17,CUST02336,PROD0103,B002,4,3490.63,0.1,3141.57,2065.73,1075.84,Completed
ORD006690,2026-12-07,CUST00087,PROD0027,B004,1,684.38,0.25,513.28,495.75,17.53,Completed
ORD006694,2026-01-26,CUST01484,PROD0021,B002,3,2535.48,0.0,2535.48,1540.73,994.75,Completed
ORD006706,2026-03-01,CUST00006,PROD0066,B001,5,6991.07,0.1,6291.96,5022.45,1269.51,Completed
ORD006709,2026-05-16,CUST00993,PROD0002,B005,5,1912.06,0.1,1720.86,2056.3,-335.44,Completed
ORD006710,2026-09-29,CUST00150,PROD0109,B005,1,1355.87,0.15,1152.49,975.11,177.38,Completed
ORD006718,2026-05-28,CUST02177,PROD0082,B001,3,6283.58,0.15,5341.04,3400.99,1940.05,Completed
ORD006730,2026-02-16,CUST01671,PROD0120,B005,5,2845.83,0.15,2418.96,1834.73,584.23,Completed
ORD006732,2026-01-03,CUST01183,PROD0100,B005,3,2432.96,0.0,2432.96,1899.84,533.12,Completed
ORD006738,2026-04-15,CUST02424,PROD0001,B004,4,7757.58,0.0,7757.58,4252.71,3504.87,Completed
ORD006741,2026-03-20,CUST00380,PROD0101,B001,1,646.39,0.2,517.11,460.5,56.61,Completed
ORD006745,2026-05-12,CUST00553,PROD0060,B004,5,447.63,0.05,425.24,293.88,131.36,Completed
ORD006747,2026-08-30,CUST01187,PROD0006,B005,2,1338.93,0.0,1338.93,971.81,367.12,Completed
ORD006762,2026-12-12,CUST01421,PROD0088,B001,2,897.74,0.1,807.97,579.21,228.76,Completed
ORD006776,2026-09-06,CUST01725,PROD0034,B001,1,1077.45,0.1,969.7,716.59,253.11,Completed
ORD006779,2026-02-20,CUST01110,PROD0094,B002,4,433.78,0.15,368.71,468.07,-99.36,Completed
ORD006781,2026-02-05,CUST00026,PROD0005,B001,4,4889.58,0.0,4889.58,3014.92,1874.66,Completed
ORD006784,2026-07-11,CUST01737,PROD0091,B005,4,1654.7,0.1,1489.23,1261.16,228.07,Completed
ORD006785,2026-09-29,CUST02142,PROD0018,B002,1,1721.31,0.05,1635.24,1071.91,563.33,Completed
ORD006788,2026-06-29,CUST02339,PROD0050,B002,4,4396.56,0.1,3956.9,2537.07,1419.83,Completed
ORD006797,2026-10-13,CUST01124,PROD0042,B003,2,2907.05,0.25,2180.29,2128.77,51.52,Completed
ORD006803,2026-07-08,CUST00988,PROD0090,B003,3,959.63,0.0,959.63,600.54,359.09,Completed
ORD006808,2026-03-28,CUST01444,PROD0041,B002,5,575.39,0.2,460.31,312.45,147.86,Completed
ORD006811,2026-11-30,CUST02183,PROD0083,B004,2,3308.37,0.15,2812.12,2242.95,569.17,Completed
ORD006812,2026-09-16,CUST01238,PROD0022,B002,5,6321.69,0.2,5057.35,4567.91,489.44,Completed
ORD006813,2026-04-26,CUST01473,PROD0046,B004,3,670.01,0.05,636.5,505.66,130.84,Completed
ORD006817,2026-01-27,CUST00210,PROD0117,B004,2,1544.53,0.05,1467.3,952.25,515.05,Completed
ORD006824,2026-06-19,CUST01607,PROD0022,B003,1,1264.34,0.0,1264.34,913.58,350.76,Completed
ORD006840,2026-08-31,CUST02371,PROD0097,B001,3,5283.51,0.0,5283.51,3253.85,2029.66,Completed
ORD006844,2026-08-19,CUST02150,PROD0047,B001,5,1550.99,0.1,1395.88,898.25,497.63,Completed
ORD006847,2026-10-19,CUST02011,PROD0028,B001,2,1460.38,0.0,1460.38,917.03,543.35,Completed
ORD006848,2026-10-08,CUST02110,PROD0114,B001,3,4123.61,0.05,3917.43,3129.5,787.93,Completed
ORD006853,2026-06-06,CUST00826,PROD0106,B003,5,3592.9,0.05,3413.26,2156.1,1257.16,Completed
ORD006866,2026-10-31,CUST00495,PROD0055,B001,4,1858.97,0.0,1858.97,1054.16,804.81,Completed
ORD006869,2026-06-10,CUST00892,PROD0026,B003,1,393.51,0.1,354.15,284.3,69.85,Completed
ORD006874,2026-06-17,CUST00014,PROD0073,B005,4,731.21,0.0,731.21,479.89,251.32,Completed
ORD006879,2026-06-07,CUST02059,PROD0015,B001,1,1421.07,0.05,1350.01,883.73,466.28,Completed
ORD006880,2026-11-08,CUST00147,PROD0002,B004,2,1360.28,0.05,1292.26,822.52,469.74,Completed
ORD006890,2026-01-01,CUST01543,PROD0108,B005,1,909.88,0.1,818.9,523.42,295.48,Completed
ORD006892,2026-04-07,CUST01887,PROD0043,B001,1,291.4,0.1,262.26,178.65,83.61,Completed
ORD006893,2026-05-01,CUST00174,PROD0073,B005,2,365.6,0.0,365.6,239.94,125.66,Completed
ORD006897,2026-07-21,CUST02213,PROD0046,B004,4,893.34,0.05,848.67,674.21,174.46,Completed
ORD006902,2026-06-24,CUST01802,PROD0002,B002,3,2040.42,0.1,1836.37,1233.78,602.59,Completed
ORD006903,2026-09-17,CUST00407,PROD0037,B005,3,1739.02,0.0,1739.02,1447.68,291.34,Completed
ORD006912,2026-02-12,CUST00567,PROD0109,B003,2,2711.73,0.0,2711.73,1950.22,761.51,Completed
ORD006913,2026-09-02,CUST01503,PROD0023,B001,3,3819.17,0.1,3437.25,2360.76,1076.49,Completed
ORD006919,2026-04-27,CUST01053,PROD0033,B003,1,600.34,0.15,510.29,383.24,127.05,Completed
ORD006920,2026-07-17,CUST00236,PROD0044,B002,1,1093.95,0.2,875.16,607.41,267.75,Completed
ORD006924,2026-07-28,CUST01752,PROD0043,B004,1,291.4,0.2,233.12,178.65,54.47,Completed
ORD006925,2026-05-12,CUST01986,PROD0114,B002,4,5498.14,0.2,4398.51,4172.67,225.84,Completed
ORD006929,2026-08-19,CUST00420,PROD0068,B004,2,2049.87,0.05,1947.37,1646.73,300.64,Completed
ORD006932,2026-03-17,CUST02480,PROD0092,B001,1,104.44,0.15,88.78,66.64,22.14,Completed
ORD006938,2026-08-30,CUST01539,PROD0094,B003,5,976.4,0.05,927.58,585.09,342.49,Completed
ORD006942,2026-01-08,CUST02039,PROD0017,B001,2,1739.19,0.1,1565.27,1263.96,301.31,Completed
ORD006945,2026-10-10,CUST01266,PROD0003,B002,2,755.58,0.0,755.58,535.46,220.12,Completed
ORD006957,2026-09-20,CUST00869,PROD0097,B001,4,7044.68,0.15,5987.98,4338.46,1649.52,Completed
ORD006960,2026-05-04,CUST00453,PROD0097,B005,5,8805.85,0.15,7484.97,5423.08,2061.89,Completed
ORD006965,2026-06-16,CUST01819,PROD0087,B001,4,4724.26,0.1,4251.83,3298.78,953.05,Completed
ORD006973,2026-02-25,CUST00494,PROD0082,B001,4,8378.11,0.15,7121.39,4534.66,2586.73,Completed
ORD006981,2026-09-19,CUST00463,PROD0024,B005,2,2564.07,0.0,2564.07,1406.19,1157.88,Completed
ORD006984,2026-03-19,CUST01175,PROD0051,B005,5,4480.46,0.15,3808.39,2970.26,838.13,Completed
ORD006985,2026-12-24,CUST01998,PROD0089,B005,5,1716.67,0.1,1545.0,1127.94,417.06,Completed
ORD006986,2026-03-10,CUST00151,PROD0030,B001,2,2038.77,0.05,1936.83,1627.19,309.64,Completed
ORD006990,2026-06-01,CUST02050,PROD0115,B004,4,2986.19,0.2,2388.95,1842.61,546.34,Completed
ORD006991,2026-11-10,CUST01381,PROD0044,B001,4,4375.79,0.05,4157.0,2429.64,1727.36,Completed
ORD006998,2026-04-22,CUST00312,PROD0021,B002,1,845.16,0.15,718.38,513.58,204.8,Completed
ORD007000,2026-06-06,CUST02095,PROD0076,B001,3,899.93,0.15,764.94,720.15,44.79,Completed
ORD007001,2026-09-03,CUST00978,PROD0014,B001,4,5523.51,0.15,4694.98,3162.41,1532.57,Completed
ORD007003,2026-01-19,CUST00749,PROD0087,B002,3,3543.19,0.05,3366.04,2474.09,891.95,Completed
ORD007008,2026-09-14,CUST00693,PROD0049,B001,1,1332.72,0.1,1199.45,771.08,428.37,Completed
ORD007009,2026-07-27,CUST02392,PROD0103,B004,1,872.66,0.0,872.66,516.43,356.23,Completed
ORD007010,2026-01-07,CUST00861,PROD0008,B004,3,796.66,0.2,637.33,656.72,-19.39,Completed
ORD007011,2026-12-07,CUST02372,PROD0105,B003,2,843.47,0.1,759.12,621.59,137.53,Completed
ORD007024,2026-01-16,CUST00073,PROD0119,B001,5,2992.91,0.05,2843.27,2171.55,671.72,Completed
ORD007025,2026-11-09,CUST00973,PROD0099,B003,2,1698.54,0.1,1528.68,1187.14,341.54,Completed
ORD007028,2026-09-02,CUST00306,PROD0057,B004,1,1005.1,0.1,904.59,648.95,255.64,Completed
ORD007033,2026-04-24,CUST00203,PROD0016,B003,3,266.59,0.15,226.61,159.65,66.96,Completed
ORD007036,2026-11-08,CUST00051,PROD0069,B004,1,1265.03,0.0,1265.03,686.44,578.59,Completed
ORD007045,2026-07-18,CUST02000,PROD0085,B004,4,172.21,0.05,163.6,136.46,27.14,Completed
ORD007050,2026-04-27,CUST01934,PROD0114,B002,1,1374.54,0.05,1305.81,1043.17,262.64,Completed
ORD007056,2026-03-09,CUST01560,PROD0079,B005,2,346.61,0.2,277.28,233.14,44.14,Completed
ORD007058,2026-06-26,CUST01352,PROD0062,B002,4,2918.12,0.05,2772.22,2314.89,457.33,Completed
ORD007064,2026-04-06,CUST01445,PROD0034,B004,3,3232.34,0.1,2909.11,2149.77,759.34,Completed
ORD007066,2026-10-18,CUST00768,PROD0041,B001,2,230.15,0.2,184.12,124.98,59.14,Completed
ORD007069,2026-07-17,CUST01226,PROD0036,B001,2,566.72,0.25,425.04,306.44,118.6,Completed
ORD007071,2026-09-28,CUST00434,PROD0004,B004,1,299.17,0.15,254.3,191.1,63.2,Completed
ORD007085,2026-08-18,CUST00866,PROD0037,B004,3,1739.02,0.0,1739.02,1447.68,291.34,Completed
ORD007089,2026-07-15,CUST02450,PROD0043,B001,2,582.79,0.2,466.23,357.29,108.94,Completed
ORD007099,2026-05-03,CUST00826,PROD0084,B001,5,2591.35,0.0,2591.35,1913.12,678.23,Completed
ORD007102,2026-11-17,CUST00617,PROD0016,B004,2,177.73,0.15,151.07,106.43,44.64,Completed
ORD007105,2026-05-27,CUST02344,PROD0073,B005,3,548.4,0.1,493.57,359.92,133.65,Completed
ORD007106,2026-01-27,CUST02022,PROD0055,B005,4,1858.97,0.05,1766.02,1054.16,711.86,Completed
ORD007108,2026-12-16,CUST02426,PROD0037,B001,5,2898.37,0.2,2318.69,2412.79,-94.1,Completed
ORD007110,2026-10-20,CUST02166,PROD0110,B005,4,3186.86,0.0,3186.86,1852.77,1334.09,Completed
ORD007115,2026-12-07,CUST00118,PROD0020,B001,1,760.64,0.15,646.54,547.73,98.81,Completed
ORD007117,2026-12-04,CUST02302,PROD0114,B003,5,6872.68,0.05,6529.04,5215.83,1313.21,Completed
ORD007119,2026-07-24,CUST00457,PROD0070,B002,1,200.52,0.05,190.5,137.59,52.91,Completed
ORD007126,2026-01-21,CUST00520,PROD0081,B003,1,133.11,0.0,133.11,99.11,34.0,Completed
ORD007129,2026-05-10,CUST01337,PROD0076,B001,4,1199.9,0.1,1079.91,960.2,119.71,Completed
ORD007130,2026-11-16,CUST00625,PROD0037,B004,3,1739.02,0.25,1304.26,1447.68,-143.42,Completed
ORD007132,2026-10-08,CUST00780,PROD0076,B003,2,599.95,0.0,599.95,480.1,119.85,Completed
ORD007140,2026-07-27,CUST02208,PROD0070,B004,4,802.1,0.0,802.1,550.37,251.73,Completed
ORD007142,2026-11-23,CUST00884,PROD0012,B003,5,648.08,0.1,583.27,437.87,145.4,Completed
ORD007152,2026-05-20,CUST01702,PROD0040,B001,4,3962.7,0.0,3962.7,2161.41,1801.29,Completed
ORD007153,2026-05-06,CUST01334,PROD0055,B004,5,2323.71,0.15,1975.15,1317.7,657.45,Completed
ORD007160,2026-11-04,CUST00585,PROD0101,B003,4,2585.55,0.05,2456.27,1842.01,614.26,Completed
ORD007165,2026-05-12,CUST02258,PROD0061,B001,1,448.2,0.15,380.97,315.02,65.95,Completed
ORD007166,2026-09-10,CUST01030,PROD0046,B002,1,223.34,0.2,178.67,168.55,10.12,Completed
ORD007168,2026-05-25,CUST01044,PROD0098,B001,3,2998.18,0.15,2548.45,1676.49,871.96,Completed
ORD007169,2026-04-24,CUST01078,PROD0034,B003,4,4309.79,0.05,4094.3,2866.35,1227.95,Completed
ORD007170,2026-06-11,CUST00982,PROD0112,B002,5,4331.81,0.05,4115.22,3391.64,723.58,Completed
ORD007172,2026-03-30,CUST00560,PROD0040,B002,1,990.67,0.15,842.08,540.35,301.73,Completed
ORD007174,2026-02-11,CUST01290,PROD0096,B005,5,8884.61,0.15,7551.92,5172.37,2379.55,Completed
ORD007175,2026-09-23,CUST00097,PROD0001,B004,4,7757.58,0.1,6981.82,4252.71,2729.11,Completed
ORD007176,2026-07-27,CUST01751,PROD0022,B002,4,5057.35,0.15,4298.75,3654.32,644.43,Completed
ORD007188,2026-11-02,CUST01664,PROD0050,B002,2,2198.28,0.05,2088.37,1268.54,819.83,Completed
ORD007189,2026-09-24,CUST01146,PROD0079,B002,4,693.21,0.15,589.23,466.28,122.95,Completed
ORD007194,2026-08-02,CUST02177,PROD0116,B001,4,1048.69,0.2,838.95,860.36,-21.41,Completed
ORD007195,2026-08-25,CUST01131,PROD0074,B003,2,1305.69,0.15,1109.83,1009.68,100.15,Completed
ORD007200,2026-07-09,CUST00797,PROD0036,B003,3,850.08,0.1,765.07,459.65,305.42,Completed
ORD007203,2026-09-05,CUST02149,PROD0052,B003,2,1321.37,0.05,1255.3,906.7,348.6,Completed
ORD007213,2026-05-16,CUST02284,PROD0069,B004,4,5060.14,0.05,4807.13,2745.75,2061.38,Completed
ORD007214,2026-12-14,CUST01154,PROD0110,B003,5,3983.57,0.2,3186.86,2315.96,870.9,Completed
ORD007215,2026-01-19,CUST02229,PROD0005,B001,2,2444.79,0.15,2078.07,1507.46,570.61,Completed
ORD007220,2026-12-23,CUST00261,PROD0104,B002,4,6409.81,0.0,6409.81,4238.27,2171.54,Completed
ORD007221,2026-06-16,CUST00200,PROD0049,B002,5,6663.61,0.0,6663.61,3855.39,2808.22,Completed
ORD007226,2026-02-13,CUST00878,PROD0116,B005,4,1048.69,0.2,838.95,860.36,-21.41,Completed
ORD007230,2026-12-20,CUST00873,PROD0049,B003,1,1332.72,0.25,999.54,771.08,228.46,Completed
ORD007234,2026-05-09,CUST01690,PROD0059,B002,1,975.0,0.1,877.5,616.71,260.79,Completed
ORD007237,2026-01-10,CUST02474,PROD0059,B001,2,1950.0,0.15,1657.5,1233.42,424.08,Completed
ORD007241,2026-02-12,CUST02034,PROD0047,B001,4,1240.79,0.05,1178.75,718.6,460.15,Completed
ORD007242,2026-02-23,CUST01640,PROD0007,B001,2,95.41,0.05,90.64,71.51,19.13,Completed
ORD007245,2026-10-12,CUST02085,PROD0004,B002,1,299.17,0.2,239.34,191.1,48.24,Completed
ORD007252,2026-11-25,CUST01522,PROD0058,B004,3,938.27,0.1,844.44,523.75,320.69,Completed
ORD007258,2026-06-24,CUST01098,PROD0045,B001,2,2009.5,0.05,1909.03,1433.11,475.92,Completed
ORD007263,2026-07-06,CUST02140,PROD0083,B003,3,4962.56,0.1,4466.31,3364.43,1101.88,Completed
ORD007268,2026-01-21,CUST01756,PROD0093,B001,1,866.35,0.05,823.04,635.67,187.37,Completed
ORD007277,2026-10-20,CUST00635,PROD0095,B003,3,1065.41,0.05,1012.14,803.65,208.49,Completed
ORD007281,2026-01-06,CUST00399,PROD0031,B002,3,2001.1,0.25,1500.83,1642.48,-141.65,Completed
ORD007285,2026-03-21,CUST02353,PROD0065,B001,2,2702.67,0.15,2297.27,2022.43,274.84,Completed
ORD007286,2026-04-07,CUST00927,PROD0003,B005,1,377.79,0.15,321.12,267.73,53.39,Completed
ORD007287,2026-06-10,CUST00144,PROD0035,B001,1,580.41,0.25,435.31,435.62,-0.31,Completed
ORD007288,2026-09-03,CUST00694,PROD0042,B001,5,7267.64,0.0,7267.64,5321.93,1945.71,Completed
ORD007292,2026-09-13,CUST02395,PROD0036,B003,4,1133.44,0.0,1133.44,612.87,520.57,Completed
ORD007294,2026-10-01,CUST00148,PROD0011,B002,5,4239.74,0.2,3391.79,3288.12,103.67,Completed
ORD007298,2026-01-09,CUST00019,PROD0033,B003,2,1200.68,0.1,1080.62,766.49,314.13,Completed
ORD007302,2026-02-12,CUST00493,PROD0113,B003,1,1254.18,0.1,1128.76,906.95,221.81,Completed
ORD007306,2026-12-29,CUST01508,PROD0113,B001,5,6270.92,0.25,4703.19,4534.77,168.42,Completed
ORD007308,2026-04-13,CUST00819,PROD0097,B004,1,1761.17,0.25,1320.88,1084.62,236.26,Completed
ORD007312,2026-12-07,CUST02096,PROD0039,B002,1,1482.69,0.1,1334.42,826.25,508.17,Completed
ORD007315,2026-11-28,CUST00101,PROD0004,B001,3,897.52,0.15,762.9,573.31,189.59,Completed
ORD007318,2026-04-05,CUST01556,PROD0047,B003,5,1550.99,0.25,1163.24,898.25,264.99,Completed
ORD007319,2026-10-29,CUST02363,PROD0030,B003,4,4077.53,0.05,3873.66,3254.38,619.28,Completed
ORD007322,2026-09-24,CUST00121,PROD0050,B003,2,2198.28,0.2,1758.62,1268.54,490.08,Completed
ORD007327,2026-11-06,CUST02316,PROD0041,B002,3,345.23,0.1,310.71,187.47,123.24,Completed
ORD007331,2026-01-19,CUST01790,PROD0014,B005,3,4142.63,0.2,3314.11,2371.81,942.3,Completed
ORD007336,2026-10-29,CUST02149,PROD0045,B001,3,3014.25,0.1,2712.82,2149.67,563.15,Completed
ORD007337,2026-03-02,CUST00301,PROD0093,B001,1,866.35,0.15,736.4,635.67,100.73,Completed
ORD007340,2026-08-26,CUST02411,PROD0016,B003,1,88.86,0.15,75.54,53.22,22.32,Completed
ORD007345,2026-09-14,CUST00530,PROD0087,B001,2,2362.13,0.0,2362.13,1649.39,712.74,Completed
ORD007351,2026-10-17,CUST00802,PROD0078,B001,2,1863.91,0.0,1863.91,1147.95,715.96,Completed
ORD007361,2026-02-12,CUST00791,PROD0010,B002,5,9212.77,0.2,7370.22,5359.98,2010.24,Completed
ORD007370,2026-01-29,CUST00010,PROD0023,B004,5,6365.28,0.2,5092.22,3934.59,1157.63,Completed
ORD007374,2026-11-18,CUST01054,PROD0056,B001,1,1411.72,0.1,1270.55,1057.64,212.91,Completed
ORD007379,2026-02-13,CUST00513,PROD0051,B003,2,1792.18,0.15,1523.36,1188.1,335.26,Completed
ORD007387,2026-07-29,CUST00211,PROD0025,B004,5,4950.22,0.15,4207.69,2953.59,1254.1,Completed
ORD007393,2026-11-13,CUST00137,PROD0072,B002,5,2325.79,0.05,2209.5,1633.1,576.4,Completed
ORD007398,2026-07-16,CUST02330,PROD0001,B001,1,1939.39,0.2,1551.52,1063.18,488.34,Completed
ORD007406,2026-06-28,CUST00022,PROD0038,B002,4,239.73,0.0,239.73,162.84,76.89,Completed
ORD007408,2026-05-05,CUST00458,PROD0063,B003,1,132.68,0.2,106.15,100.47,5.68,Completed
ORD007409,2026-06-06,CUST02236,PROD0026,B005,1,393.51,0.1,354.15,284.3,69.85,Completed
ORD007413,2026-01-06,CUST01009,PROD0096,B001,4,7107.69,0.05,6752.3,4137.9,2614.4,Completed
ORD007416,2026-10-25,CUST01861,PROD0088,B005,1,448.87,0.1,403.98,289.6,114.38,Completed
ORD007419,2026-01-04,CUST01532,PROD0077,B001,3,912.07,0.0,912.07,738.16,173.91,Completed
ORD007420,2026-08-23,CUST02069,PROD0105,B002,1,421.74,0.15,358.48,310.8,47.68,Completed
ORD007423,2026-12-13,CUST01434,PROD0091,B004,5,2068.37,0.05,1964.95,1576.45,388.5,Completed
ORD007426,2026-02-22,CUST01075,PROD0025,B003,5,4950.22,0.05,4702.71,2953.59,1749.12,Completed
ORD007430,2026-07-06,CUST00568,PROD0034,B002,4,4309.79,0.0,4309.79,2866.35,1443.44,Completed
ORD007435,2026-02-21,CUST02244,PROD0094,B005,3,344.61,0.1,310.15,351.05,-40.9,Completed
ORD007446,2026-11-18,CUST00188,PROD0020,B001,1,760.64,0.15,646.54,547.73,98.81,Completed
ORD007449,2026-01-02,CUST00102,PROD0064,B001,2,1850.46,0.1,1665.41,1406.57,258.84,Completed
ORD007455,2026-10-15,CUST00084,PROD0071,B003,5,2398.93,0.0,2398.93,1867.86,531.07,Completed
ORD007465,2026-11-22,CUST01058,PROD0078,B004,1,931.95,0.15,792.16,573.98,218.18,Completed
ORD007474,2026-03-27,CUST01586,PROD0023,B004,2,2546.11,0.0,2546.11,1573.84,972.27,Completed
ORD007475,2026-02-08,CUST00895,PROD0008,B005,3,796.66,0.15,677.16,656.72,20.44,Completed
ORD007476,2026-05-27,CUST00773,PROD0110,B004,5,3983.57,0.05,3784.39,2315.96,1468.43,Completed
ORD007489,2026-11-14,CUST00523,PROD0043,B002,1,291.4,0.0,291.4,178.65,112.75,Completed
ORD007493,2026-02-25,CUST02241,PROD0044,B001,5,5469.74,0.1,4922.77,3037.05,1885.72,Completed
ORD007494,2026-03-19,CUST01296,PROD0037,B003,5,2898.37,0.2,2318.69,2412.79,-94.1,Completed
ORD007502,2026-08-22,CUST00588,PROD0047,B004,3,930.59,0.15,791.0,538.95,252.05,Completed
ORD007517,2026-07-22,CUST01803,PROD0069,B002,5,6325.17,0.25,4743.88,3432.19,1311.69,Completed
ORD007519,2026-04-18,CUST01465,PROD0060,B003,3,268.58,0.1,241.72,176.33,65.39,Completed
ORD007523,2026-02-23,CUST00177,PROD0056,B004,4,5646.88,0.1,5082.19,4230.57,851.62,Completed
ORD007525,2026-08-28,CUST00545,PROD0100,B005,3,2432.96,0.1,2189.67,1899.84,289.83,Completed
ORD007526,2026-07-27,CUST01566,PROD0036,B002,4,1133.44,0.15,963.43,612.87,350.56,Completed
ORD007528,2026-04-04,CUST02153,PROD0054,B001,1,1127.68,0.05,1071.29,762.03,309.26,Completed
ORD007529,2026-11-06,CUST00401,PROD0015,B003,3,4263.2,0.0,4263.2,2651.18,1612.02,Completed
ORD007531,2026-03-14,CUST00964,PROD0033,B002,2,1200.68,0.1,1080.62,766.49,314.13,Completed
ORD007541,2026-03-31,CUST00244,PROD0106,B002,2,1437.16,0.05,1365.3,862.44,502.86,Completed
ORD007546,2026-03-08,CUST01746,PROD0030,B003,2,2038.77,0.0,2038.77,1627.19,411.58,Completed
ORD007548,2026-02-07,CUST02184,PROD0067,B002,4,3627.23,0.15,3083.15,1989.31,1093.84,Completed
ORD007563,2026-11-08,CUST01125,PROD0091,B002,3,1241.02,0.2,992.82,945.87,46.95,Completed
ORD007564,2026-06-17,CUST00244,PROD0114,B003,1,1374.54,0.05,1305.81,1043.17,262.64,Completed
ORD007567,2026-02-24,CUST00832,PROD0090,B003,5,1599.39,0.1,1439.45,1000.91,438.54,Completed
ORD007579,2026-11-09,CUST00078,PROD0093,B004,4,3465.41,0.0,3465.41,2542.69,922.72,Completed
ORD007581,2026-09-13,CUST01753,PROD0028,B004,2,1460.38,0.2,1168.3,917.03,251.27,Completed
ORD007584,2026-01-18,CUST00577,PROD0067,B002,2,1813.62,0.1,1632.26,994.65,637.61,Completed
ORD007586,2026-04-08,CUST01588,PROD0091,B001,5,2068.37,0.15,1758.12,1576.45,181.67,Completed
ORD007596,2026-06-30,CUST00667,PROD0097,B001,4,7044.68,0.25,5283.51,4338.46,945.05,Completed
ORD007597,2026-10-19,CUST01262,PROD0081,B003,5,665.54,0.0,665.54,495.54,170.0,Completed
ORD007601,2026-12-30,CUST00179,PROD0051,B002,1,896.09,0.1,806.48,594.05,212.43,Completed
ORD007611,2026-06-30,CUST00947,PROD0056,B005,5,7058.6,0.2,5646.88,5288.22,358.66,Completed
ORD007612,2026-09-10,CUST01019,PROD0001,B003,1,1939.39,0.0,1939.39,1063.18,876.21,Completed
ORD007617,2026-10-10,CUST01485,PROD0035,B005,4,2321.65,0.1,2089.49,1742.46,347.03,Completed
ORD007620,2026-12-24,CUST01895,PROD0017,B004,4,3478.37,0.05,3304.46,2527.92,776.54,Completed
ORD007626,2026-03-01,CUST01587,PROD0057,B003,5,5025.49,0.05,4774.22,3244.76,1529.46,Completed
ORD007628,2026-08-21,CUST01755,PROD0119,B002,5,2992.91,0.15,2543.97,2171.55,372.42,Completed
ORD007634,2026-12-06,CUST01097,PROD0030,B002,5,5096.92,0.1,4587.23,4067.97,519.26,Completed
ORD007639,2026-03-16,CUST00063,PROD0109,B005,2,2711.73,0.1,2440.56,1950.22,490.34,Completed
ORD007640,2026-01-17,CUST02109,PROD0094,B001,3,585.84,0.25,439.38,351.05,88.33,Completed
ORD007646,2026-07-04,CUST01272,PROD0102,B001,4,3085.61,0.0,3085.61,1779.46,1306.15,Completed
ORD007648,2026-02-18,CUST01577,PROD0104,B001,3,4807.36,0.25,3605.52,3178.71,426.81,Completed
ORD007653,2026-06-29,CUST00177,PROD0076,B002,4,1199.9,0.15,1019.91,960.2,59.71,Completed
ORD007658,2026-10-14,CUST01996,PROD0079,B001,5,866.51,0.2,693.21,582.85,110.36,Completed
ORD007668,2026-05-21,CUST00794,PROD0022,B005,2,2528.68,0.05,2402.24,1827.16,575.08,Completed
ORD007672,2026-12-03,CUST01751,PROD0111,B003,3,5504.46,0.1,4954.01,3321.19,1632.82,Completed
ORD007674,2026-12-30,CUST01705,PROD0041,B002,1,115.08,0.15,97.82,62.49,35.33,Completed
ORD007676,2026-07-07,CUST01784,PROD0006,B003,2,1338.93,0.0,1338.93,971.81,367.12,Completed
ORD007681,2026-07-10,CUST02330,PROD0047,B004,5,1550.99,0.1,1395.88,898.25,497.63,Completed
ORD007690,2026-11-15,CUST02057,PROD0007,B003,3,143.12,0.15,121.65,107.26,14.39,Completed
ORD007694,2026-11-27,CUST00515,PROD0105,B002,4,1686.95,0.0,1686.95,1243.18,443.77,Completed
ORD007697,2026-04-27,CUST00505,PROD0019,B005,4,3554.78,0.1,3199.3,2216.76,982.54,Completed
ORD007702,2026-08-02,CUST01671,PROD0050,B001,5,5495.7,0.05,5220.92,3171.34,2049.58,Completed
ORD007707,2026-03-14,CUST00383,PROD0074,B002,1,652.84,0.1,587.56,504.84,82.72,Completed
ORD007712,2026-02-06,CUST01172,PROD0091,B002,1,413.67,0.0,413.67,315.29,98.38,Completed
ORD007713,2026-02-21,CUST01679,PROD0049,B002,5,6663.61,0.25,4997.71,3855.39,1142.32,Completed
ORD007714,2026-02-12,CUST00698,PROD0082,B002,3,6283.58,0.1,5655.22,3400.99,2254.23,Completed
ORD007718,2026-05-11,CUST00431,PROD0100,B001,3,2432.96,0.05,2311.32,1899.84,411.48,Completed
ORD007723,2026-09-03,CUST01410,PROD0047,B003,1,310.2,0.1,279.18,179.65,99.53,Completed
ORD007724,2026-01-20,CUST00307,PROD0103,B002,4,3490.63,0.05,3316.1,2065.73,1250.37,Completed
ORD007731,2026-01-24,CUST02149,PROD0064,B005,5,4626.14,0.15,3932.22,3516.44,415.78,Completed
ORD007735,2026-06-25,CUST00890,PROD0089,B003,3,1030.0,0.0,1030.0,676.76,353.24,Completed
ORD007737,2026-12-09,CUST00240,PROD0053,B001,4,2223.35,0.15,1889.85,1446.41,443.44,Completed
ORD007738,2026-03-21,CUST01891,PROD0114,B005,1,1374.54,0.05,1305.81,1043.17,262.64,Completed
ORD007746,2026-10-26,CUST01631,PROD0034,B004,5,5387.24,0.05,5117.88,3582.94,1534.94,Completed
ORD007748,2026-11-09,CUST00941,PROD0031,B004,4,2668.14,0.05,2534.73,2189.98,344.75,Completed
ORD007752,2026-04-20,CUST02043,PROD0089,B001,1,343.33,0.05,326.17,225.59,100.58,Completed
ORD007756,2026-07-20,CUST00674,PROD0060,B003,2,179.05,0.15,152.19,117.55,34.64,Completed
ORD007759,2026-12-25,CUST00190,PROD0042,B004,1,1453.53,0.1,1308.17,1064.39,243.78,Completed
ORD007763,2026-03-13,CUST01499,PROD0035,B002,4,2321.65,0.1,2089.49,1742.46,347.03,Completed
ORD007770,2026-11-17,CUST02158,PROD0120,B003,2,1138.33,0.15,967.58,733.89,233.69,Completed
ORD007779,2026-05-20,CUST01815,PROD0098,B005,4,3997.57,0.1,3597.81,2235.32,1362.49,Completed
ORD007781,2026-01-27,CUST00329,PROD0096,B001,3,5330.76,0.15,4531.15,3103.42,1427.73,Completed
ORD007788,2026-10-20,CUST00054,PROD0003,B001,4,1511.16,0.1,1360.05,1070.91,289.14,Completed
ORD007792,2026-09-23,CUST01850,PROD0012,B001,5,648.08,0.15,550.87,437.87,113.0,Completed
ORD007798,2026-05-18,CUST00152,PROD0038,B003,3,179.79,0.0,179.79,122.13,57.66,Completed
ORD007802,2026-10-12,CUST00769,PROD0118,B003,3,869.65,0.2,695.72,582.5,113.22,Completed
ORD007803,2026-03-02,CUST00988,PROD0073,B005,4,731.21,0.2,584.96,479.89,105.07,Completed
ORD007805,2026-06-23,CUST01510,PROD0030,B001,4,4077.53,0.0,4077.53,3254.38,823.15,Completed
ORD007813,2026-07-01,CUST02469,PROD0028,B003,2,1460.38,0.15,1241.32,917.03,324.29,Completed
ORD007814,2026-12-07,CUST00383,PROD0008,B001,3,796.66,0.15,677.16,656.72,20.44,Completed
ORD007816,2026-06-09,CUST01653,PROD0055,B005,1,244.02,0.0,244.02,263.54,-19.52,Completed
ORD007817,2026-01-05,CUST00732,PROD0054,B003,2,2255.35,0.1,2029.82,1524.07,505.75,Completed
ORD007826,2026-10-23,CUST00937,PROD0060,B002,4,358.1,0.0,358.1,235.11,122.99,Completed
ORD007832,2026-09-19,CUST02197,PROD0021,B003,4,3380.64,0.15,2873.54,2054.31,819.23,Completed
ORD007835,2026-10-05,CUST00918,PROD0015,B002,2,2842.13,0.05,2700.03,1767.45,932.58,Completed
ORD007842,2026-05-10,CUST01696,PROD0090,B004,4,1279.51,0.1,1151.56,800.72,350.84,Completed
ORD007843,2026-02-07,CUST02275,PROD0031,B002,1,667.03,0.1,600.33,547.49,52.84,Completed
ORD007844,2026-05-06,CUST00586,PROD0012,B002,4,518.47,0.1,466.62,350.3,116.32,Completed
ORD007845,2026-03-14,CUST00342,PROD0008,B001,1,265.55,0.05,252.28,218.91,33.37,Completed
ORD007852,2026-12-03,CUST01438,PROD0086,B003,5,2639.34,0.1,2375.41,2003.71,371.7,Completed
ORD007856,2026-04-01,CUST00365,PROD0066,B001,2,2796.43,0.2,2237.14,2008.98,228.16,Completed
ORD007867,2026-03-30,CUST00367,PROD0061,B002,4,1792.8,0.2,1434.24,1260.1,174.14,Completed
ORD007868,2026-05-12,CUST00668,PROD0092,B005,5,522.22,0.2,417.78,333.18,84.6,Completed
ORD007870,2026-10-20,CUST00948,PROD0103,B004,5,2301.94,0.05,2186.84,2582.17,-395.33,Completed
ORD007875,2026-11-11,CUST02267,PROD0048,B002,1,888.37,0.05,843.95,615.49,228.46,Completed
ORD007880,2026-03-29,CUST00480,PROD0074,B004,2,1305.69,0.1,1175.12,1009.68,165.44,Completed
ORD007886,2026-07-24,CUST01785,PROD0109,B003,5,6779.33,0.15,5762.43,4875.55,886.88,Completed
ORD007888,2026-10-05,CUST02206,PROD0026,B005,5,1967.53,0.05,1869.15,1421.48,447.67,Completed
ORD007894,2026-07-31,CUST00226,PROD0077,B005,1,304.02,0.1,273.62,246.05,27.57,Completed
ORD007904,2026-10-21,CUST01147,PROD0071,B004,2,959.57,0.1,863.62,747.14,116.48,Completed
ORD007911,2026-09-01,CUST01013,PROD0120,B003,5,2845.83,0.15,2418.96,1834.73,584.23,Completed
ORD007913,2026-06-04,CUST00240,PROD0084,B003,1,518.27,0.0,518.27,382.62,135.65,Completed
ORD007919,2026-06-27,CUST00506,PROD0026,B003,1,393.51,0.1,354.15,284.3,69.85,Completed
ORD007927,2026-10-09,CUST00487,PROD0066,B003,3,4194.64,0.1,3775.18,3013.47,761.71,Completed
ORD007930,2026-04-13,CUST01252,PROD0019,B005,5,4443.47,0.0,4443.47,2770.95,1672.52,Completed
ORD007933,2026-04-25,CUST00985,PROD0079,B003,1,93.88,0.1,84.5,116.57,-32.07,Completed
ORD007945,2026-08-07,CUST01072,PROD0080,B003,4,1626.4,0.0,1626.4,1127.99,498.41,Completed
ORD007946,2026-08-25,CUST00922,PROD0104,B002,1,1602.45,0.1,1442.21,1059.57,382.64,Completed
ORD007947,2026-12-20,CUST00997,PROD0066,B005,4,5592.86,0.0,5592.86,4017.96,1574.9,Completed
ORD007951,2026-12-27,CUST00691,PROD0094,B004,2,390.56,0.05,371.03,234.04,136.99,Completed
ORD007957,2026-04-07,CUST01765,PROD0029,B002,1,458.01,0.1,412.21,265.85,146.36,Completed
ORD007958,2026-12-25,CUST00291,PROD0119,B001,1,598.58,0.0,598.58,434.31,164.27,Completed
ORD007961,2026-09-26,CUST00875,PROD0042,B001,1,1453.53,0.1,1308.17,1064.39,243.78,Completed
ORD007965,2026-04-04,CUST01929,PROD0077,B005,4,1216.09,0.25,912.07,984.21,-72.14,Completed
ORD007969,2026-12-10,CUST02028,PROD0075,B001,3,4241.7,0.0,4241.7,3277.37,964.33,Completed
ORD007973,2026-06-08,CUST00694,PROD0114,B001,5,6872.68,0.2,5498.14,5215.83,282.31,Completed
ORD007975,2026-02-13,CUST01011,PROD0048,B005,3,2665.1,0.2,2132.08,1846.48,285.6,Completed
ORD007992,2026-07-04,CUST01552,PROD0117,B002,2,1544.53,0.1,1390.08,952.25,437.83,Completed
ORD008005,2026-06-13,CUST00997,PROD0101,B002,4,2585.55,0.05,2456.27,1842.01,614.26,Completed
ORD008008,2026-08-14,CUST01818,PROD0059,B003,4,3900.0,0.15,3315.0,2466.85,848.15,Completed
ORD008009,2026-04-26,CUST00028,PROD0022,B002,4,5057.35,0.1,4551.62,3654.32,897.3,Completed
ORD008010,2026-10-02,CUST02071,PROD0012,B005,5,648.08,0.2,518.47,437.87,80.6,Completed
ORD008016,2026-01-16,CUST01114,PROD0095,B004,5,1775.68,0.15,1509.33,1339.42,169.91,Completed
ORD008017,2026-07-21,CUST00607,PROD0093,B001,1,866.35,0.1,779.72,635.67,144.05,Completed
ORD008018,2026-05-14,CUST00460,PROD0011,B002,3,2543.84,0.0,2543.84,1972.87,570.97,Completed
ORD008023,2026-02-12,CUST00320,PROD0101,B004,1,646.39,0.0,646.39,460.5,185.89,Completed
ORD008024,2026-01-08,CUST01829,PROD0094,B001,5,976.4,0.1,878.76,585.09,293.67,Completed
ORD008030,2026-01-23,CUST00222,PROD0099,B003,3,2547.81,0.15,2165.64,1780.7,384.94,Completed
ORD008033,2026-09-18,CUST01252,PROD0110,B004,1,796.71,0.1,717.04,463.19,253.85,Completed
ORD008036,2026-10-03,CUST00706,PROD0098,B001,3,2998.18,0.1,2698.36,1676.49,1021.87,Completed
ORD008037,2026-01-02,CUST00478,PROD0009,B005,3,957.85,0.2,766.28,586.58,179.7,Completed
ORD008038,2026-09-26,CUST01403,PROD0034,B002,2,2154.89,0.05,2047.15,1433.18,613.97,Completed
ORD008041,2026-06-20,CUST01455,PROD0046,B005,3,670.01,0.2,536.0,505.66,30.34,Completed
ORD008049,2026-09-19,CUST00770,PROD0059,B004,2,1950.0,0.0,1950.0,1233.42,716.58,Completed
ORD008054,2026-12-20,CUST01197,PROD0023,B001,5,6365.28,0.05,6047.02,3934.59,2112.43,Completed
ORD008057,2026-08-14,CUST00939,PROD0028,B003,2,1460.38,0.2,1168.3,917.03,251.27,Completed
ORD008058,2026-05-05,CUST01747,PROD0087,B001,5,5905.32,0.2,4724.26,4123.48,600.78,Completed
ORD008059,2026-01-27,CUST00879,PROD0037,B002,4,2318.69,0.05,2202.76,1930.23,272.53,Completed
ORD008061,2026-01-18,CUST00732,PROD0090,B003,5,1599.39,0.15,1359.48,1000.91,358.57,Completed
ORD008063,2026-11-25,CUST00075,PROD0120,B004,2,1138.33,0.0,1138.33,733.89,404.44,Completed
ORD008067,2026-03-15,CUST01945,PROD0041,B004,4,460.31,0.1,414.28,249.96,164.32,Completed
ORD008071,2026-04-24,CUST00985,PROD0040,B004,3,2972.02,0.25,2229.02,1621.06,607.96,Completed
ORD008073,2026-05-08,CUST00313,PROD0116,B003,1,262.17,0.15,222.85,215.09,7.76,Completed
ORD008075,2026-06-25,CUST00144,PROD0082,B002,5,10472.63,0.2,8378.11,5668.32,2709.79,Completed
ORD008083,2026-09-13,CUST00651,PROD0099,B002,3,2547.81,0.15,2165.64,1780.7,384.94,Completed
ORD008085,2026-10-28,CUST02282,PROD0014,B001,4,5523.51,0.05,5247.33,3162.41,2084.92,Completed
ORD008086,2026-10-30,CUST00665,PROD0041,B002,2,230.15,0.2,184.12,124.98,59.14,Completed
ORD008088,2026-08-18,CUST01518,PROD0090,B005,3,959.63,0.05,911.65,600.54,311.11,Completed
ORD008092,2026-01-04,CUST02087,PROD0001,B003,2,3878.79,0.05,3684.85,2126.36,1558.49,Completed
ORD008095,2026-08-08,CUST00611,PROD0047,B001,1,310.2,0.0,310.2,179.65,130.55,Completed
ORD008118,2026-10-24,CUST01724,PROD0085,B002,1,43.05,0.0,43.05,34.11,8.94,Completed
ORD008120,2026-06-04,CUST00860,PROD0097,B003,4,7044.68,0.0,7044.68,4338.46,2706.22,Completed
ORD008130,2026-10-26,CUST01173,PROD0035,B003,1,580.41,0.15,493.35,435.62,57.73,Completed
ORD008134,2026-03-01,CUST00697,PROD0030,B004,2,2038.77,0.25,1529.08,1627.19,-98.11,Completed
ORD008135,2026-11-13,CUST01500,PROD0058,B001,2,625.51,0.1,562.96,349.16,213.8,Completed
ORD008136,2026-11-09,CUST00096,PROD0001,B001,1,1939.39,0.2,1551.52,1063.18,488.34,Completed
ORD008140,2026-10-04,CUST01908,PROD0046,B002,1,223.34,0.15,189.83,168.55,21.28,Completed
ORD008141,2026-01-24,CUST01090,PROD0068,B001,5,5124.67,0.2,4099.74,4116.82,-17.08,Completed
ORD008143,2026-10-16,CUST00821,PROD0001,B004,3,5818.18,0.1,5236.37,3189.54,2046.83,Completed
ORD008146,2026-05-28,CUST00502,PROD0113,B002,1,1254.18,0.15,1066.06,906.95,159.11,Completed
ORD008148,2026-01-05,CUST02205,PROD0106,B002,4,2874.32,0.05,2730.61,1724.88,1005.73,Completed
ORD008153,2026-10-26,CUST02379,PROD0006,B002,1,669.46,0.1,602.52,485.9,116.62,Completed
ORD008161,2026-07-27,CUST00549,PROD0096,B003,5,8884.61,0.0,8884.61,5172.37,3712.24,Completed
ORD008162,2026-06-13,CUST01629,PROD0051,B001,3,2688.28,0.05,2553.86,1782.15,771.71,Completed
ORD008163,2026-04-15,CUST00934,PROD0031,B003,4,2668.14,0.0,2668.14,2189.98,478.16,Completed
ORD008165,2026-12-15,CUST00025,PROD0058,B004,1,312.76,0.1,281.48,174.58,106.9,Completed
ORD008172,2026-04-04,CUST01533,PROD0088,B002,3,1346.61,0.15,1144.62,868.81,275.81,Completed
ORD008177,2026-02-22,CUST01686,PROD0057,B002,4,4020.4,0.2,3216.32,2595.81,620.51,Completed
ORD008179,2026-12-07,CUST02321,PROD0089,B001,1,343.33,0.2,274.67,225.59,49.08,Completed
ORD008180,2026-11-23,CUST00104,PROD0113,B003,2,2508.37,0.15,2132.11,1813.91,318.2,Completed
ORD008195,2026-01-04,CUST01312,PROD0103,B003,2,1745.31,0.25,1308.99,1032.87,276.12,Completed
ORD008205,2026-09-07,CUST00391,PROD0004,B005,5,1495.87,0.0,1495.87,955.52,540.35,Completed
ORD008210,2026-02-09,CUST02128,PROD0003,B002,4,1511.16,0.1,1360.05,1070.91,289.14,Completed
ORD008211,2026-08-16,CUST01190,PROD0068,B001,2,2049.87,0.1,1844.88,1646.73,198.15,Completed
ORD008218,2026-07-26,CUST00880,PROD0015,B003,2,2842.13,0.0,2842.13,1767.45,1074.68,Completed
ORD008221,2026-03-15,CUST00389,PROD0035,B003,2,1160.82,0.1,1044.74,871.23,173.51,Completed
ORD008227,2026-08-11,CUST02224,PROD0054,B003,4,4510.71,0.1,4059.64,3048.13,1011.51,Completed
ORD008228,2026-03-24,CUST01734,PROD0090,B001,3,959.63,0.25,719.73,600.54,119.19,Completed
ORD008234,2026-10-15,CUST02347,PROD0097,B001,2,3522.34,0.0,3522.34,2169.23,1353.11,Completed
ORD008237,2026-04-26,CUST02442,PROD0014,B001,1,1380.88,0.1,1242.79,790.6,452.19,Completed
ORD008238,2026-12-14,CUST01195,PROD0115,B003,4,2986.19,0.05,2836.87,1842.61,994.26,Completed
ORD008240,2026-06-25,CUST00658,PROD0095,B003,2,710.27,0.05,674.76,535.77,138.99,Completed
ORD008245,2026-03-17,CUST02489,PROD0095,B004,4,1420.55,0.1,1278.49,1071.54,206.95,Completed
ORD008247,2026-01-28,CUST01535,PROD0110,B003,2,1593.43,0.05,1513.76,926.38,587.38,Completed
ORD008249,2026-12-04,CUST00525,PROD0101,B004,1,646.39,0.1,581.75,460.5,121.25,Completed
ORD008260,2026-02-19,CUST01519,PROD0110,B002,4,3186.86,0.15,2708.83,1852.77,856.06,Completed
ORD008262,2026-08-22,CUST00744,PROD0040,B004,1,990.67,0.05,941.14,540.35,400.79,Completed
ORD008270,2026-08-16,CUST00379,PROD0014,B004,4,5523.51,0.0,5523.51,3162.41,2361.1,Completed
ORD008272,2026-04-15,CUST00750,PROD0078,B004,1,931.95,0.2,745.56,573.98,171.58,Completed
ORD008278,2026-10-26,CUST00802,PROD0086,B004,3,1583.6,0.0,1583.6,1202.23,381.37,Completed
ORD008279,2026-02-16,CUST02406,PROD0050,B004,5,5495.7,0.05,5220.92,3171.34,2049.58,Completed
ORD008280,2026-08-06,CUST01253,PROD0108,B002,4,2041.99,0.05,1939.89,2093.7,-153.81,Completed
ORD008283,2026-09-30,CUST00802,PROD0031,B001,3,2001.1,0.2,1600.88,1642.48,-41.6,Completed
ORD008301,2026-10-19,CUST02113,PROD0053,B001,4,2223.35,0.2,1778.68,1446.41,332.27,Completed
ORD008302,2026-09-15,CUST01963,PROD0087,B005,1,1181.06,0.1,1062.96,824.7,238.26,Completed
ORD008303,2026-02-26,CUST01622,PROD0079,B004,4,693.21,0.1,623.89,466.28,157.61,Completed
ORD008307,2026-01-20,CUST01387,PROD0033,B002,5,3001.7,0.2,2401.36,1916.21,485.15,Completed
ORD008310,2026-08-24,CUST00204,PROD0018,B003,1,1721.31,0.2,1377.05,1071.91,305.14,Completed
ORD008317,2026-02-11,CUST00499,PROD0048,B002,1,888.37,0.1,799.53,615.49,184.04,Completed
ORD008318,2026-06-15,CUST01775,PROD0120,B004,1,569.17,0.05,540.71,366.95,173.76,Completed
ORD008326,2026-02-08,CUST00872,PROD0033,B005,2,1200.68,0.0,1200.68,766.49,434.19,Completed
ORD008332,2026-01-15,CUST02066,PROD0104,B004,1,1602.45,0.15,1362.09,1059.57,302.52,Completed
ORD008336,2026-11-08,CUST00094,PROD0087,B001,2,2362.13,0.15,2007.81,1649.39,358.42,Completed
ORD008337,2026-09-16,CUST01099,PROD0049,B005,3,3998.17,0.05,3798.26,2313.24,1485.02,Completed
ORD008343,2026-05-27,CUST01305,PROD0030,B003,4,4077.53,0.2,3262.02,3254.38,7.64,Completed
ORD008346,2026-07-18,CUST00006,PROD0069,B003,5,6325.17,0.0,6325.17,3432.19,2892.98,Completed
ORD008352,2026-08-01,CUST01440,PROD0106,B003,4,2874.32,0.05,2730.61,1724.88,1005.73,Completed
ORD008354,2026-07-30,CUST00548,PROD0008,B001,5,1327.77,0.05,1261.38,1094.54,166.84,Completed
ORD008355,2026-03-31,CUST01524,PROD0120,B002,4,2276.66,0.1,2048.99,1467.78,581.21,Completed
ORD008361,2026-02-17,CUST00883,PROD0064,B003,4,3700.91,0.15,3145.78,2813.15,332.63,Completed
ORD008364,2026-09-15,CUST00372,PROD0111,B001,3,5504.46,0.1,4954.01,3321.19,1632.82,Completed
ORD008366,2026-02-15,CUST02169,PROD0067,B005,2,1813.62,0.1,1632.26,994.65,637.61,Completed
ORD008367,2026-06-07,CUST00866,PROD0017,B001,4,3478.37,0.1,3130.54,2527.92,602.62,Completed
ORD008371,2026-10-05,CUST01729,PROD0004,B004,4,1196.7,0.0,1196.7,764.42,432.28,Completed
ORD008372,2026-07-01,CUST00542,PROD0083,B001,1,1654.19,0.0,1654.19,1121.48,532.71,Completed
ORD008374,2026-11-09,CUST01811,PROD0076,B003,4,1199.9,0.0,1199.9,960.2,239.7,Completed
ORD008377,2026-09-19,CUST00143,PROD0071,B003,1,479.79,0.1,431.81,373.57,58.24,Completed
ORD008379,2026-10-01,CUST01676,PROD0097,B002,2,3522.34,0.1,3170.11,2169.23,1000.88,Completed
ORD008387,2026-12-18,CUST00281,PROD0025,B005,2,1980.09,0.15,1683.07,1181.43,501.64,Completed
ORD008388,2026-01-07,CUST02259,PROD0091,B002,1,354.23,0.2,283.39,315.29,-31.9,Completed
ORD008390,2026-03-29,CUST00548,PROD0109,B003,5,6779.33,0.2,5423.46,4875.55,547.91,Completed
ORD008392,2026-05-28,CUST01272,PROD0063,B002,5,663.4,0.15,563.89,502.33,61.56,Completed
ORD008406,2026-04-30,CUST00156,PROD0119,B002,4,2394.33,0.2,1915.47,1737.24,178.23,Completed
ORD008410,2026-02-21,CUST01917,PROD0114,B002,4,5498.14,0.1,4948.33,4172.67,775.66,Completed
ORD008412,2026-03-25,CUST01551,PROD0115,B005,5,3732.73,0.1,3359.46,2303.26,1056.2,Completed
ORD008414,2026-05-07,CUST01891,PROD0054,B004,2,2255.35,0.15,1917.05,1524.07,392.98,Completed
ORD008417,2026-06-03,CUST02076,PROD0072,B004,4,1860.63,0.05,1767.6,1306.48,461.12,Completed
ORD008421,2026-09-14,CUST01827,PROD0036,B004,1,283.36,0.0,283.36,153.22,130.14,Completed
ORD008429,2026-09-13,CUST00775,PROD0116,B003,3,676.0,0.25,507.0,645.27,-138.27,Completed
ORD008436,2026-06-13,CUST01785,PROD0004,B003,4,1196.7,0.1,1077.03,764.42,312.61,Completed
ORD008438,2026-05-28,CUST00172,PROD0017,B001,3,2608.78,0.05,2478.34,1895.94,582.4,Completed
ORD008439,2026-06-11,CUST01315,PROD0024,B004,3,3846.1,0.15,3269.19,2109.28,1159.91,Completed
ORD008444,2026-09-04,CUST00182,PROD0064,B005,5,4626.14,0.15,3932.22,3516.44,415.78,Completed
ORD008447,2026-01-18,CUST00243,PROD0037,B005,2,1159.35,0.15,985.45,965.12,20.33,Completed
ORD008456,2026-03-12,CUST00795,PROD0018,B002,3,5163.92,0.0,5163.92,3215.72,1948.2,Completed
ORD008459,2026-03-09,CUST00067,PROD0036,B005,3,850.08,0.05,807.58,459.65,347.93,Completed
ORD008463,2026-12-02,CUST00189,PROD0050,B003,5,5495.7,0.15,4671.35,3171.34,1500.01,Completed
ORD008474,2026-11-26,CUST00886,PROD0013,B002,2,1353.11,0.1,1217.8,915.45,302.35,Completed
ORD008480,2026-12-15,CUST02476,PROD0022,B001,5,6321.69,0.1,5689.52,4567.91,1121.61,Completed
ORD008481,2026-10-31,CUST01657,PROD0109,B003,1,1355.87,0.0,1355.87,975.11,380.76,Completed
ORD008482,2026-12-06,CUST01027,PROD0041,B005,2,230.15,0.1,207.14,124.98,82.16,Completed
ORD008484,2026-09-03,CUST01733,PROD0071,B003,3,999.81,0.05,949.82,1120.72,-170.9,Completed
ORD008487,2026-06-11,CUST02228,PROD0101,B005,1,646.39,0.15,549.43,460.5,88.93,Completed
ORD008488,2026-02-06,CUST01124,PROD0101,B004,1,646.39,0.1,581.75,460.5,121.25,Completed
ORD008490,2026-02-26,CUST00042,PROD0033,B001,3,1801.02,0.0,1801.02,1149.73,651.29,Completed
ORD008491,2026-12-19,CUST01842,PROD0071,B002,3,1439.36,0.0,1439.36,1120.72,318.64,Completed
ORD008498,2026-01-27,CUST02352,PROD0060,B004,1,89.53,0.1,80.57,58.78,21.79,Completed
ORD008500,2026-02-17,CUST00755,PROD0106,B004,3,2155.74,0.1,1940.17,1293.66,646.51,Completed
ORD008501,2026-05-27,CUST01794,PROD0015,B002,5,7105.34,0.25,5329.0,4418.64,910.36,Completed
ORD008510,2026-01-06,CUST00638,PROD0013,B003,4,2706.22,0.05,2570.9,1830.9,740.0,Completed
ORD008517,2026-02-18,CUST01581,PROD0087,B002,4,4724.26,0.15,4015.62,3298.78,716.84,Completed
ORD008521,2026-06-23,CUST01416,PROD0096,B003,5,8884.61,0.05,8440.38,5172.37,3268.01,Completed
ORD008530,2026-08-16,CUST02110,PROD0079,B001,5,866.51,0.1,779.86,582.85,197.01,Completed
ORD008542,2026-05-26,CUST00084,PROD0119,B004,3,1795.75,0.1,1616.17,1302.93,313.24,Completed
ORD008548,2026-03-01,CUST02201,PROD0047,B005,4,1240.79,0.05,1178.75,718.6,460.15,Completed
ORD008549,2026-11-27,CUST00081,PROD0098,B004,2,1998.78,0.15,1698.97,1117.66,581.31,Completed
ORD008554,2026-11-15,CUST02115,PROD0065,B004,5,6756.67,0.05,6418.84,5056.08,1362.76,Completed
ORD008558,2026-07-27,CUST00407,PROD0039,B004,5,7413.45,0.0,7413.45,4131.23,3282.22,Completed
ORD008560,2026-03-30,CUST01521,PROD0078,B001,1,931.95,0.1,838.76,573.98,264.78,Completed
ORD008572,2026-05-29,CUST00869,PROD0064,B001,1,925.23,0.15,786.45,703.29,83.16,Completed
ORD008573,2026-01-02,CUST01212,PROD0037,B002,3,1739.02,0.15,1478.17,1447.68,30.49,Completed
ORD008574,2026-02-23,CUST01228,PROD0110,B001,3,2390.14,0.2,1912.11,1389.57,522.54,Completed
ORD008586,2026-08-27,CUST00074,PROD0082,B005,4,8378.11,0.15,7121.39,4534.66,2586.73,Completed
ORD008587,2026-05-18,CUST00891,PROD0083,B001,3,4962.56,0.1,4466.31,3364.43,1101.88,Completed
ORD008588,2026-11-25,CUST00892,PROD0108,B004,4,3639.53,0.0,3639.53,2093.7,1545.83,Completed
ORD008592,2026-11-25,CUST02211,PROD0070,B002,4,802.1,0.0,802.1,550.37,251.73,Completed
ORD008596,2026-12-19,CUST00307,PROD0008,B001,4,1062.22,0.15,902.89,875.63,27.26,Completed
ORD008597,2026-06-20,CUST01569,PROD0118,B002,4,1159.53,0.1,1043.58,776.67,266.91,Completed
ORD008600,2026-12-18,CUST02093,PROD0043,B001,3,874.19,0.0,874.19,535.94,338.25,Completed
ORD008603,2026-04-09,CUST01410,PROD0075,B001,2,2827.8,0.1,2545.02,2184.91,360.11,Completed
ORD008605,2026-06-29,CUST02496,PROD0107,B001,4,7112.81,0.0,7112.81,4350.68,2762.13,Completed
ORD008606,2026-05-01,CUST01899,PROD0089,B005,3,1030.0,0.0,1030.0,676.76,353.24,Completed
ORD008608,2026-01-10,CUST00337,PROD0077,B002,3,912.07,0.0,912.07,738.16,173.91,Completed
ORD008615,2026-01-05,CUST02020,PROD0013,B004,2,1353.11,0.05,1285.45,915.45,370.0,Completed
ORD008617,2026-11-08,CUST00555,PROD0041,B002,3,345.23,0.1,310.71,187.47,123.24,Completed
ORD008624,2026-02-28,CUST00212,PROD0102,B003,5,3857.01,0.25,2892.75,2224.33,668.42,Completed
ORD008626,2026-04-30,CUST01162,PROD0077,B002,1,304.02,0.1,273.62,246.05,27.57,Completed
ORD008627,2026-06-01,CUST01969,PROD0019,B005,5,4443.47,0.05,4221.3,2770.95,1450.35,Completed
ORD008634,2026-04-03,CUST00657,PROD0063,B001,4,530.72,0.1,477.65,401.86,75.79,Completed
ORD008637,2026-08-25,CUST01438,PROD0027,B001,2,1368.76,0.1,1231.88,991.49,240.39,Completed
ORD008641,2026-05-11,CUST00630,PROD0106,B004,4,2874.32,0.05,2730.61,1724.88,1005.73,Completed
ORD008643,2026-02-26,CUST02408,PROD0070,B004,4,802.1,0.25,601.57,550.37,51.2,Completed
ORD008647,2026-09-21,CUST01685,PROD0093,B001,4,3465.41,0.2,2772.33,2542.69,229.64,Completed
ORD008648,2026-12-29,CUST02373,PROD0110,B004,4,3186.86,0.05,3027.52,1852.77,1174.75,Completed
ORD008656,2026-08-28,CUST00254,PROD0120,B001,5,2845.83,0.1,2561.24,1834.73,726.51,Completed
ORD008658,2026-12-04,CUST02339,PROD0097,B005,2,3522.34,0.0,3522.34,2169.23,1353.11,Completed
ORD008660,2026-07-21,CUST00425,PROD0066,B001,3,4194.64,0.1,3775.18,3013.47,761.71,Completed
ORD008661,2026-04-28,CUST01878,PROD0094,B002,2,390.56,0.05,371.03,234.04,136.99,Completed
ORD008664,2026-08-03,CUST01640,PROD0047,B001,3,930.59,0.0,930.59,538.95,391.64,Completed
ORD008665,2026-05-19,CUST01054,PROD0120,B005,2,1138.33,0.15,967.58,733.89,233.69,Completed
ORD008668,2026-05-23,CUST01443,PROD0050,B004,4,4396.56,0.1,3956.9,2537.07,1419.83,Completed
ORD008672,2026-02-10,CUST01219,PROD0042,B001,1,1453.53,0.0,1453.53,1064.39,389.14,Completed
ORD008673,2026-12-29,CUST01375,PROD0013,B001,5,3382.77,0.05,3213.63,2288.62,925.01,Completed
ORD008674,2026-10-01,CUST02396,PROD0011,B005,1,847.95,0.15,720.76,657.62,63.14,Completed
ORD008675,2026-10-09,CUST01854,PROD0014,B005,1,1380.88,0.15,1173.75,790.6,383.15,Completed
ORD008681,2026-05-24,CUST02197,PROD0086,B001,4,2111.47,0.1,1900.32,1602.97,297.35,Completed
ORD008682,2026-11-17,CUST02132,PROD0082,B001,5,10472.63,0.0,10472.63,5668.32,4804.31,Completed
ORD008684,2026-05-16,CUST00298,PROD0079,B005,2,346.61,0.15,294.61,233.14,61.47,Completed
ORD008690,2026-07-20,CUST01629,PROD0023,B002,1,1273.06,0.25,954.79,786.92,167.87,Completed
ORD008694,2026-03-12,CUST00481,PROD0081,B004,2,266.21,0.2,212.97,198.21,14.76,Completed
ORD008704,2026-08-15,CUST02361,PROD0103,B001,1,872.66,0.15,741.76,516.43,225.33,Completed
ORD008714,2026-12-10,CUST00825,PROD0024,B001,4,5128.14,0.25,3846.1,2812.38,1033.72,Completed
ORD008715,2026-09-01,CUST00643,PROD0057,B002,1,1005.1,0.0,1005.1,648.95,356.15,Completed
ORD008723,2026-10-28,CUST00879,PROD0032,B004,1,736.43,0.1,662.79,405.3,257.49,Completed
ORD008724,2026-03-21,CUST00907,PROD0051,B001,4,3584.37,0.1,3225.93,2376.21,849.72,Completed
ORD008726,2026-12-17,CUST01289,PROD0105,B005,2,843.47,0.05,801.3,621.59,179.71,Completed
ORD008727,2026-11-02,CUST00430,PROD0026,B002,3,1180.52,0.1,1062.47,852.89,209.58,Completed
ORD008733,2026-03-15,CUST00083,PROD0073,B001,3,548.4,0.1,493.57,359.92,133.65,Completed
ORD008736,2026-11-29,CUST01844,PROD0116,B002,5,1310.86,0.25,983.15,1075.45,-92.3,Completed
ORD008747,2026-04-11,CUST00232,PROD0048,B001,2,1776.73,0.1,1599.06,1230.99,368.07,Completed
ORD008756,2026-03-15,CUST00376,PROD0010,B001,4,7370.22,0.15,6264.69,4287.98,1976.71,Completed
ORD008758,2026-05-16,CUST00931,PROD0095,B003,2,710.27,0.05,674.76,535.77,138.99,Completed
ORD008759,2026-05-29,CUST00968,PROD0088,B003,5,2244.35,0.0,2244.35,1448.01,796.34,Completed
ORD008766,2026-12-03,CUST00802,PROD0085,B001,5,215.26,0.05,204.49,170.57,33.92,Completed
ORD008771,2026-10-04,CUST01765,PROD0086,B002,2,1055.73,0.0,1055.73,801.48,254.25,Completed
ORD008774,2026-03-27,CUST01511,PROD0109,B004,2,2711.73,0.05,2576.14,1950.22,625.92,Completed
ORD008778,2026-10-24,CUST00221,PROD0010,B002,2,3685.11,0.15,3132.35,2143.99,988.36,Completed
ORD008788,2026-07-16,CUST00697,PROD0027,B002,2,1368.76,0.1,1231.88,991.49,240.39,Completed
ORD008790,2026-12-17,CUST00458,PROD0017,B004,4,3478.37,0.15,2956.62,2527.92,428.7,Completed
ORD008793,2026-05-17,CUST02221,PROD0029,B001,1,458.01,0.15,389.3,265.85,123.45,Completed
ORD008795,2026-11-09,CUST00214,PROD0010,B005,1,1842.55,0.1,1658.3,1072.0,586.3,Completed
ORD008796,2026-05-11,CUST01860,PROD0021,B002,5,4225.8,0.1,3803.22,2567.89,1235.33,Completed
ORD008800,2026-03-09,CUST01720,PROD0040,B001,3,2972.02,0.1,2674.82,1621.06,1053.76,Completed
ORD008811,2026-11-12,CUST00361,PROD0047,B004,1,310.2,0.1,279.18,179.65,99.53,Completed
ORD008815,2026-11-08,CUST02003,PROD0009,B005,5,1596.42,0.1,1436.78,977.63,459.15,Completed
ORD008819,2026-01-24,CUST02460,PROD0103,B001,1,872.66,0.05,829.02,516.43,312.59,Completed
ORD008820,2026-12-28,CUST00421,PROD0063,B004,2,265.36,0.2,212.29,200.93,11.36,Completed
ORD008829,2026-09-07,CUST02243,PROD0108,B005,4,3639.53,0.2,2911.62,2093.7,817.92,Completed
ORD008835,2026-07-07,CUST00599,PROD0099,B005,2,1698.54,0.05,1613.61,1187.14,426.47,Completed
ORD008836,2026-05-04,CUST01452,PROD0050,B003,1,1099.14,0.1,989.23,634.27,354.96,Completed
ORD008842,2026-02-26,CUST01979,PROD0029,B005,5,2290.03,0.2,1832.02,1329.25,502.77,Completed
ORD008846,2026-11-30,CUST02462,PROD0028,B003,5,3650.96,0.0,3650.96,2292.57,1358.39,Completed
ORD008851,2026-03-11,CUST01348,PROD0039,B002,1,1482.69,0.2,1186.15,826.25,359.9,Completed
ORD008853,2026-02-06,CUST01526,PROD0009,B004,3,957.85,0.05,909.96,586.58,323.38,Completed
ORD008860,2026-01-10,CUST01343,PROD0038,B004,3,179.79,0.15,152.83,122.13,30.7,Completed
ORD008862,2026-03-25,CUST00454,PROD0031,B004,2,1334.07,0.2,1067.26,1094.99,-27.73,Completed
ORD008865,2026-02-14,CUST00021,PROD0057,B005,4,4020.4,0.05,3819.38,2595.81,1223.57,Completed
ORD008866,2026-07-11,CUST00044,PROD0083,B005,1,1654.19,0.05,1571.48,1121.48,450.0,Completed
ORD008868,2026-02-16,CUST02072,PROD0029,B003,1,458.01,0.0,458.01,265.85,192.16,Completed
ORD008872,2026-03-29,CUST00475,PROD0119,B003,3,1795.75,0.05,1705.96,1302.93,403.03,Completed
ORD008876,2026-02-22,CUST01883,PROD0044,B004,2,2187.9,0.15,1859.71,1214.82,644.89,Completed
ORD008882,2026-11-21,CUST00012,PROD0084,B005,1,518.27,0.15,440.53,382.62,57.91,Completed
ORD008886,2026-12-24,CUST01799,PROD0007,B002,4,190.83,0.15,162.2,143.01,19.19,Completed
ORD008891,2026-03-26,CUST02484,PROD0032,B003,3,2209.3,0.15,1877.91,1215.9,662.01,Completed
ORD008892,2026-10-05,CUST02410,PROD0110,B003,2,1593.43,0.15,1354.41,926.38,428.03,Completed
ORD008898,2026-07-12,CUST01310,PROD0102,B005,5,3857.01,0.1,3471.31,2224.33,1246.98,Completed
ORD008900,2026-06-16,CUST00641,PROD0058,B004,2,625.51,0.25,469.14,349.16,119.98,Completed
ORD008906,2026-01-12,CUST01066,PROD0119,B001,5,2992.91,0.05,2843.27,2171.55,671.72,Completed
ORD008909,2026-10-20,CUST01346,PROD0029,B001,1,458.01,0.1,412.21,265.85,146.36,Completed
ORD008917,2026-05-29,CUST02391,PROD0120,B005,4,2276.66,0.1,2048.99,1467.78,581.21,Completed
ORD008919,2026-11-21,CUST01316,PROD0115,B003,3,2239.64,0.2,1791.71,1381.96,409.75,Completed
ORD008921,2026-11-06,CUST00964,PROD0056,B004,3,4235.16,0.1,3811.64,3172.93,638.71,Completed
ORD008928,2026-05-19,CUST01168,PROD0022,B005,5,6321.69,0.15,5373.44,4567.91,805.53,Completed
ORD008929,2026-08-18,CUST00076,PROD0035,B005,1,580.41,0.1,522.37,435.62,86.75,Completed
ORD008932,2026-03-28,CUST02479,PROD0075,B001,1,1413.9,0.2,1131.12,1092.46,38.66,Completed
ORD008939,2026-12-13,CUST00567,PROD0039,B003,4,5930.76,0.1,5337.68,3304.98,2032.7,Completed
ORD008941,2026-09-03,CUST00240,PROD0056,B005,2,2823.44,0.0,2823.44,2115.29,708.15,Completed
ORD008945,2026-11-21,CUST00446,PROD0074,B003,4,2611.38,0.05,2480.81,2019.35,461.46,Completed
ORD008950,2026-02-10,CUST00524,PROD0072,B003,4,1860.63,0.1,1674.57,1306.48,368.09,Completed
ORD008953,2026-08-04,CUST02418,PROD0007,B005,5,238.54,0.15,202.76,178.76,24.0,Completed
ORD008956,2026-01-23,CUST00606,PROD0061,B004,5,2241.0,0.1,2016.9,1575.12,441.78,Completed
ORD008968,2026-11-25,CUST02008,PROD0096,B005,2,3553.84,0.0,3553.84,2068.95,1484.89,Completed
ORD008973,2026-10-22,CUST01051,PROD0038,B005,3,179.79,0.1,161.82,122.13,39.69,Completed
ORD008975,2026-05-07,CUST01018,PROD0055,B003,3,1394.23,0.15,1185.09,790.62,394.47,Completed
ORD008979,2026-07-09,CUST01999,PROD0034,B002,1,1077.45,0.05,1023.58,716.59,306.99,Completed
ORD008990,2026-10-07,CUST00756,PROD0060,B002,4,358.1,0.1,322.29,235.11,87.18,Completed
ORD009004,2026-05-14,CUST01242,PROD0114,B001,4,5498.14,0.2,4398.51,4172.67,225.84,Completed
ORD009005,2026-04-29,CUST01314,PROD0010,B001,5,9212.77,0.0,9212.77,5359.98,3852.79,Completed
ORD009007,2026-06-01,CUST01503,PROD0021,B004,3,2535.48,0.1,2281.93,1540.73,741.2,Completed
ORD009009,2026-09-17,CUST01595,PROD0021,B002,2,1690.32,0.1,1521.29,1027.16,494.13,Completed
ORD009012,2026-05-28,CUST00705,PROD0046,B001,1,223.34,0.15,189.83,168.55,21.28,Completed
ORD009013,2026-07-18,CUST02086,PROD0115,B003,4,2986.19,0.05,2836.87,1842.61,994.26,Completed
ORD009019,2026-01-07,CUST00131,PROD0067,B003,5,4534.04,0.2,3627.23,2486.63,1140.6,Completed
ORD009025,2026-03-04,CUST00789,PROD0033,B005,2,570.24,0.0,570.24,766.49,-196.25,Completed
ORD009037,2026-11-15,CUST01952,PROD0059,B002,4,3900.0,0.2,3120.0,2466.85,653.15,Completed
ORD009038,2026-04-07,CUST00955,PROD0085,B004,2,77.74,0.15,66.08,68.23,-2.15,Completed
ORD009039,2026-12-29,CUST02393,PROD0061,B004,4,1792.8,0.2,1434.24,1260.1,174.14,Completed
ORD009042,2026-04-23,CUST00181,PROD0014,B002,1,1380.88,0.2,1104.7,790.6,314.1,Completed
ORD009044,2026-01-26,CUST02317,PROD0067,B004,3,2720.42,0.15,2312.36,1491.98,820.38,Completed
ORD009046,2026-02-15,CUST00606,PROD0044,B004,5,5469.74,0.15,4649.28,3037.05,1612.23,Completed
ORD009049,2026-08-21,CUST01681,PROD0032,B002,2,1472.87,0.0,1472.87,810.6,662.27,Completed
ORD009054,2026-08-16,CUST00256,PROD0079,B001,5,866.51,0.05,823.19,582.85,240.34,Completed
ORD009064,2026-02-17,CUST01755,PROD0046,B004,5,1116.68,0.2,893.34,842.77,50.57,Completed
ORD009071,2026-08-15,CUST00353,PROD0068,B001,5,5124.67,0.1,4612.2,4116.82,495.38,Completed
ORD009076,2026-08-17,CUST00718,PROD0016,B002,3,266.59,0.0,266.59,159.65,106.94,Completed
ORD009082,2026-05-26,CUST00992,PROD0087,B001,2,2362.13,0.15,2007.81,1649.39,358.42,Completed
ORD009087,2026-07-27,CUST01944,PROD0063,B003,5,663.4,0.0,663.4,502.33,161.07,Completed
ORD009089,2026-12-10,CUST02363,PROD0091,B001,3,1241.02,0.25,930.77,945.87,-15.1,Completed
ORD009095,2026-01-02,CUST01335,PROD0003,B003,4,1511.16,0.1,1360.05,1070.91,289.14,Completed
ORD009101,2026-08-02,CUST01067,PROD0018,B004,3,5163.92,0.1,4647.53,3215.72,1431.81,Completed
ORD009102,2026-02-14,CUST00273,PROD0003,B001,1,377.79,0.15,321.12,267.73,53.39,Completed
ORD009115,2026-04-12,CUST00643,PROD0069,B003,1,1265.03,0.15,1075.28,686.44,388.84,Completed
ORD009122,2026-10-27,CUST00578,PROD0089,B003,5,1716.67,0.2,1373.33,1127.94,245.39,Completed
ORD009123,2026-10-21,CUST02329,PROD0065,B002,4,5405.34,0.05,5135.07,4044.87,1090.2,Completed
ORD009124,2026-12-11,CUST00217,PROD0076,B004,2,599.95,0.15,509.96,480.1,29.86,Completed
ORD009128,2026-01-15,CUST02030,PROD0055,B001,5,2323.71,0.1,2091.34,1317.7,773.64,Completed
ORD009130,2026-11-18,CUST00057,PROD0003,B003,4,1511.16,0.1,1360.05,1070.91,289.14,Completed
ORD009133,2026-06-19,CUST00660,PROD0083,B005,1,1654.19,0.2,1323.35,1121.48,201.87,Completed
ORD009134,2026-04-09,CUST00029,PROD0065,B004,4,5405.34,0.1,4864.81,4044.87,819.94,Completed
ORD009140,2026-05-03,CUST00428,PROD0072,B001,5,2325.79,0.2,1860.63,1633.1,227.53,Completed
ORD009141,2026-07-16,CUST01792,PROD0042,B001,4,4703.0,0.1,4232.7,4257.54,-24.84,Completed
ORD009149,2026-06-22,CUST02330,PROD0042,B002,1,342.41,0.1,308.1700000000001,1064.39,-756.22,Completed
ORD009153,2026-12-13,CUST02081,PROD0107,B001,3,4281.97,0.05,4067.87,3263.01,804.86,Completed
ORD009164,2026-05-14,CUST02151,PROD0051,B003,1,896.09,0.0,896.09,594.05,302.04,Completed
ORD009176,2026-09-14,CUST01134,PROD0111,B005,5,8121.46,0.05,7715.389999999999,5535.31,2180.08,Completed
ORD009187,2026-10-11,CUST01896,PROD0048,B005,2,665.62,0.1,599.06,1230.99,-631.93,Completed
ORD009189,2026-03-05,CUST02173,PROD0006,B004,5,2236.21,0.1,2012.5900000000001,2429.52,-416.93,Completed
ORD009193,2026-09-06,CUST02066,PROD0118,B005,3,869.65,0.0,869.65,582.5,287.15,Completed
ORD009194,2026-03-24,CUST00464,PROD0011,B002,5,2989.74,0.2,2391.79,3288.12,-896.33,Completed
ORD009197,2026-08-09,CUST01832,PROD0102,B002,4,1909.13,0.15,1622.7600000000002,1779.46,-156.7,Completed
ORD009198,2026-04-26,CUST02030,PROD0105,B003,3,154.1,0.1,138.69000000000005,932.39,-793.7,Completed
ORD009213,2026-05-12,CUST02005,PROD0081,B004,2,266.21,0.0,266.21,198.21,68.0,Completed
ORD009214,2026-12-07,CUST00960,PROD0079,B005,3,519.91,0.15,441.92,349.71,92.21,Completed
ORD009216,2026-11-30,CUST01403,PROD0022,B001,2,1476.04,0.05,1402.2399999999998,1827.16,-424.92,Completed
ORD009217,2026-11-13,CUST02285,PROD0042,B002,2,1854.42,0.05,1761.6999999999998,2128.77,-367.07,Completed
ORD009218,2026-10-15,CUST02181,PROD0044,B003,2,1135.26,0.05,1078.5,1214.82,-136.32,Completed
ORD009224,2026-03-29,CUST02186,PROD0045,B005,5,4023.75,0.0,4023.75,3582.79,440.96,Completed
ORD009225,2026-12-16,CUST01217,PROD0023,B005,5,5365.28,0.0,5365.28,3934.59,1430.69,Completed
ORD009226,2026-01-13,CUST02176,PROD0085,B004,5,215.26,0.1,193.73,170.57,23.16,Completed
ORD009227,2026-02-13,CUST01581,PROD0106,B004,1,718.58,0.15,610.79,431.22,179.57,Completed
ORD009229,2026-06-08,CUST00142,PROD0018,B004,2,2266.14,0.15,1926.2199999999998,2143.81,-217.59,Completed
ORD009230,2026-03-13,CUST00853,PROD0010,B003,1,842.55,0.0,842.55,1072.0,-229.45,Completed
ORD009238,2026-06-10,CUST00881,PROD0083,B002,3,3909.93,0.05,3714.4300000000003,3364.43,350.0,Completed
ORD009252,2026-10-09,CUST01215,PROD0023,B004,4,4039.6,0.05,3837.62,3147.68,689.94,Completed
ORD009261,2026-11-22,CUST00379,PROD0099,B001,1,849.27,0.1,764.34,593.57,170.77,Completed
ORD009262,2026-02-25,CUST01978,PROD0066,B002,4,4342.86,0.2,3474.29,4017.96,-543.67,Completed
ORD009263,2026-03-07,CUST01119,PROD0101,B005,3,939.17,0.0,939.1700000000001,1381.51,-442.34,Completed
ORD009264,2026-09-24,CUST01411,PROD0017,B003,1,697.3,0.15,592.7,631.98,-39.28,Completed
ORD009265,2026-05-16,CUST01721,PROD0056,B002,5,6058.6,0.0,6058.6,5288.22,770.38,Completed
ORD009266,2026-04-13,CUST01644,PROD0054,B001,3,2206.56,0.15,1875.58,2286.1,-410.52,Completed
ORD009267,2026-01-23,CUST00437,PROD0081,B004,4,532.43,0.0,532.43,396.43,136.0,Completed
ORD009268,2026-05-08,CUST01076,PROD0029,B001,1,458.01,0.15,389.3,265.85,123.45,Completed
ORD009271,2026-07-09,CUST01560,PROD0065,B004,5,5580.21,0.15,4743.18,5056.08,-312.9,Completed
ORD009276,2026-09-28,CUST00467,PROD0116,B002,5,60.86,0.2,48.690000000000055,1075.45,-1026.76,Completed
ORD009277,2026-04-10,CUST00597,PROD0078,B001,5,3548.67,0.1,3193.8,2869.89,323.91,Completed
ORD009282,2026-05-28,CUST00639,PROD0102,B002,1,771.4,0.2,617.12,444.87,172.25,Completed
ORD009287,2026-09-20,CUST00450,PROD0079,B003,4,693.21,0.2,554.57,466.28,88.29,Completed
ORD009291,2026-06-05,CUST02113,PROD0036,B003,1,283.36,0.15,240.86,153.22,87.64,Completed
ORD009293,2026-08-07,CUST00140,PROD0101,B005,2,181.67,0.1,163.5,921.0,-757.5,Completed
ORD009294,2026-07-11,CUST01952,PROD0111,B005,4,6339.28,0.0,6339.28,4428.25,1911.03,Completed
ORD009301,2026-04-26,CUST00033,PROD0074,B004,4,1361.37,0.2,1089.1,2019.35,-930.25,Completed
ORD009303,2026-04-08,CUST01893,PROD0089,B001,5,466.66,0.2,373.3299999999999,1127.94,-754.61,Completed
ORD009305,2026-07-24,CUST01280,PROD0048,B005,4,2500.84,0.05,2375.8,2461.98,-86.18,Completed
ORD009306,2026-07-28,CUST00812,PROD0098,B003,2,822.32,0.15,698.97,1117.66,-418.69,Completed
ORD009309,2026-10-20,CUST00717,PROD0090,B004,1,319.88,0.05,303.88,200.18,103.7,Completed
ORD009311,2026-07-24,CUST00615,PROD0104,B002,5,6835.8,0.15,5810.43,5297.84,512.59,Completed
ORD009315,2026-10-04,CUST01491,PROD0108,B002,5,3549.41,0.0,3549.41,2617.12,932.29,Completed
ORD009316,2026-06-13,CUST00152,PROD0079,B002,4,693.21,0.0,693.21,466.28,226.93,Completed
ORD009318,2026-09-06,CUST01910,PROD0030,B004,1,1019.38,0.15,866.48,813.59,52.89,Completed
ORD009323,2026-08-28,CUST02230,PROD0030,B002,5,4096.92,0.0,4096.92,4067.97,28.95,Completed
ORD009326,2026-03-30,CUST01962,PROD0018,B005,4,5774.12,0.1,5196.71,4287.63,909.08,Completed
ORD009329,2026-08-24,CUST01663,PROD0007,B002,1,47.71,0.15,40.55,35.75,4.8,Completed
ORD009330,2026-11-04,CUST00161,PROD0112,B005,3,1349.09,0.2,1079.27,2034.98,-955.71,Completed
ORD009336,2026-03-23,CUST02383,PROD0030,B002,2,862.29,0.15,732.95,1627.19,-894.24,Completed
ORD009338,2026-05-23,CUST00971,PROD0102,B005,5,2607.01,0.2,2085.61,2224.33,-138.72,Completed
ORD009340,2026-06-26,CUST02035,PROD0060,B004,3,268.58,0.2,214.86,176.33,38.53,Completed
ORD009346,2026-05-02,CUST00630,PROD0114,B003,4,4498.14,0.0,4498.14,4172.67,325.47,Completed
ORD009347,2026-01-11,CUST02015,PROD0099,B001,4,2344.44,0.05,2227.22,2374.27,-147.05,Completed
ORD009354,2026-01-29,CUST00617,PROD0115,B003,1,379.03,0.1,341.13,460.65,-119.52,Completed
ORD009356,2026-10-01,CUST01292,PROD0021,B003,4,2269.53,0.1,2042.58,2054.31,-11.73,Completed
ORD009365,2026-11-22,CUST01903,PROD0060,B004,3,268.58,0.0,268.58,176.33,92.25,Completed
ORD009366,2026-07-05,CUST02432,PROD0061,B004,4,792.8,0.0,792.8,1260.1,-467.3,Completed
ORD009368,2026-06-06,CUST02352,PROD0043,B002,4,1165.59,0.2,932.47,714.58,217.89,Completed
ORD009369,2026-09-01,CUST00047,PROD0082,B001,3,5107.11,0.15,4341.04,3400.99,940.05,Completed
ORD009370,2026-03-14,CUST00558,PROD0065,B004,1,240.22,0.1,216.20000000000005,1011.22,-795.02,Completed
ORD009376,2026-05-27,CUST01781,PROD0024,B005,4,3951.67,0.15,3358.92,2812.38,546.54,Completed
ORD009382,2026-03-28,CUST02094,PROD0017,B002,5,3014.63,0.25,2260.97,3159.89,-898.92,Completed
ORD009385,2026-03-05,CUST01225,PROD0084,B001,1,518.27,0.05,492.35,382.62,109.73,Completed
ORD009390,2026-06-25,CUST00046,PROD0112,B002,4,2288.98,0.15,1945.63,2713.31,-767.68,Completed
ORD009394,2026-04-19,CUST00216,PROD0035,B001,5,1790.94,0.1,1611.85,2178.08,-566.23,Completed
ORD009404,2026-12-21,CUST02366,PROD0011,B004,2,695.9,0.0,695.9000000000001,1315.25,-619.35,Completed
ORD009407,2026-11-19,CUST00384,PROD0047,B001,1,310.2,0.15,263.67,179.65,84.02,Completed
ORD009409,2026-09-11,CUST00353,PROD0023,B001,2,1435.0,0.1,1291.5,1573.84,-282.34,Completed
ORD009411,2026-06-21,CUST00649,PROD0095,B003,5,442.35,0.25,331.76,1339.42,-1007.66,Completed
ORD009413,2026-11-22,CUST01654,PROD0058,B001,3,938.27,0.25,703.7,523.75,179.95,Completed
ORD009415,2026-04-18,CUST01431,PROD0105,B001,3,88.74,0.15,75.43000000000006,932.39,-856.96,Completed
ORD009416,2026-03-04,CUST01771,PROD0054,B002,2,1078.88,0.15,917.05,1524.07,-607.02,Completed
ORD009419,2026-10-11,CUST01544,PROD0093,B004,2,680.07,0.05,646.0699999999999,1271.34,-625.27,Completed
ORD009424,2026-02-09,CUST01655,PROD0005,B002,2,1444.79,0.0,1444.79,1507.46,-62.67,Completed
ORD009426,2026-07-31,CUST00968,PROD0112,B004,4,2412.82,0.05,2292.18,2713.31,-421.13,Completed
ORD009432,2026-04-15,CUST00628,PROD0094,B001,1,195.28,0.1,175.75,117.02,58.73,Completed
ORD009433,2026-09-13,CUST00954,PROD0057,B001,4,2967.77,0.05,2819.38,2595.81,223.57,Completed
ORD009435,2026-08-05,CUST00717,PROD0057,B002,1,1005.1,0.1,904.59,648.95,255.64,Completed
ORD009436,2026-09-13,CUST00415,PROD0095,B003,5,775.68,0.0,775.6800000000001,1339.42,-563.74,Completed
ORD009442,2026-07-05,CUST02003,PROD0078,B002,2,811.27,0.05,770.71,1147.95,-377.24,Completed
ORD009448,2026-04-24,CUST01695,PROD0007,B002,5,238.54,0.05,226.61,178.76,47.85,Completed
ORD009450,2026-04-18,CUST01844,PROD0012,B002,4,518.47,0.05,492.55,350.3,142.25,Completed
ORD009451,2026-03-10,CUST02386,PROD0032,B002,3,1209.3,0.0,1209.3000000000002,1215.9,-6.6,Completed
ORD009454,2026-07-31,CUST01563,PROD0118,B001,5,116.09,0.25,87.06999999999994,970.84,-883.77,Completed
ORD009457,2026-06-12,CUST00072,PROD0028,B002,1,730.19,0.05,693.68,458.51,235.17,Completed
ORD009460,2026-03-01,CUST01903,PROD0044,B002,5,2074.69,0.15,1763.4899999999998,3037.05,-1273.56,Completed
ORD009466,2026-03-18,CUST01260,PROD0095,B001,2,710.27,0.0,710.27,535.77,174.5,Completed
ORD009468,2026-09-01,CUST01150,PROD0037,B004,4,1318.69,0.0,1318.69,1930.23,-611.54,Completed
ORD009469,2026-11-09,CUST00259,PROD0110,B005,5,2807.09,0.15,2386.03,2315.96,70.07,Completed
ORD009473,2026-10-18,CUST00592,PROD0024,B001,1,105.56,0.15,89.73000000000002,703.09,-613.36,Completed
ORD009479,2026-07-06,CUST01672,PROD0063,B004,1,132.68,0.0,132.68,100.47,32.21,Completed
ORD009482,2026-09-13,CUST01195,PROD0088,B001,3,235.5,0.1,211.95000000000005,868.81,-656.86,Completed
ORD009483,2026-11-09,CUST01751,PROD0004,B005,5,245.88,0.2,196.70000000000005,955.52,-758.82,Completed
ORD009486,2026-04-20,CUST01540,PROD0017,B001,1,869.59,0.05,826.12,631.98,194.14,Completed
ORD009491,2026-07-09,CUST01421,PROD0003,B001,3,22.27,0.1,20.039999999999964,803.19,-783.15,Completed
ORD009493,2026-12-21,CUST01848,PROD0074,B003,3,625.2,0.25,468.9000000000001,1514.51,-1045.61,Completed
ORD009500,2026-01-20,CUST01349,PROD0033,B005,2,89.58,0.1,80.61999999999989,766.49,-685.87,Completed
ORD009502,2026-12-10,CUST02401,PROD0065,B001,5,5704.04,0.05,5418.84,5056.08,362.76,Completed
ORD009507,2026-01-18,CUST01035,PROD0120,B001,4,1100.19,0.15,935.1600000000001,1467.78,-532.62,Completed
ORD009508,2026-01-14,CUST00354,PROD0032,B004,2,296.4,0.15,251.94000000000005,810.6,-558.66,Completed
ORD009510,2026-02-05,CUST01267,PROD0119,B005,1,598.58,0.1,538.72,434.31,104.41,Completed
ORD009511,2026-09-05,CUST01774,PROD0007,B003,1,47.71,0.05,45.32,35.75,9.57,Completed
ORD009512,2026-04-16,CUST01178,PROD0003,B001,3,1133.37,0.2,906.7,803.19,103.51,Completed
ORD009513,2026-09-15,CUST00691,PROD0108,B003,4,2639.53,0.0,2639.53,2093.7,545.83,Completed
ORD009519,2026-03-06,CUST01503,PROD0016,B005,5,444.32,0.0,444.32,266.08,178.24,Completed
ORD009527,2026-02-23,CUST00283,PROD0116,B002,4,1048.69,0.2,838.95,860.36,-21.41,Completed
ORD009528,2026-08-02,CUST01900,PROD0120,B004,2,138.33,0.0,138.32999999999993,733.89,-595.56,Completed
ORD009530,2026-04-18,CUST01163,PROD0106,B001,3,979.27,0.15,832.3800000000001,1293.66,-461.28,Completed
ORD009531,2026-05-01,CUST01915,PROD0035,B002,2,1160.82,0.2,928.66,871.23,57.43,Completed
ORD009532,2026-09-14,CUST01628,PROD0110,B003,1,796.71,0.15,677.2,463.19,214.01,Completed
ORD009535,2026-11-14,CUST00734,PROD0051,B003,3,1577.17,0.1,1419.4499999999998,1782.15,-362.7,Completed
ORD009538,2026-09-09,CUST01573,PROD0116,B001,3,786.52,0.15,668.54,645.27,23.27,Completed
ORD009544,2026-07-04,CUST00668,PROD0084,B001,1,518.27,0.0,518.27,382.62,135.65,Completed
ORD009545,2026-11-19,CUST00462,PROD0083,B003,3,3909.93,0.05,3714.4300000000003,3364.43,350.0,Completed
ORD009546,2026-01-12,CUST01843,PROD0049,B004,4,4154.42,0.15,3531.26,3084.32,446.94,Completed
ORD009547,2026-03-18,CUST00082,PROD0082,B005,1,983.42,0.1,885.0799999999999,1133.66,-248.58,Completed
ORD009551,2026-09-01,CUST01877,PROD0067,B002,1,906.81,0.2,725.45,497.33,228.12,Completed
ORD009552,2026-03-02,CUST01033,PROD0036,B005,2,566.72,0.2,453.38,306.44,146.94,Completed
ORD009557,2026-05-25,CUST00596,PROD0012,B001,5,648.08,0.15,550.87,437.87,113.0,Completed
ORD009560,2026-08-18,CUST00715,PROD0043,B005,3,874.19,0.1,786.77,535.94,250.83,Completed
ORD009565,2026-03-08,CUST00516,PROD0031,B001,4,1668.14,0.0,1668.1399999999999,2189.98,-521.84,Completed
ORD009577,2026-11-14,CUST01932,PROD0009,B002,2,638.57,0.0,638.57,391.05,247.52,Completed
ORD009583,2026-01-12,CUST00613,PROD0013,B004,3,696.32,0.25,522.24,1373.17,-850.93,Completed
ORD009590,2026-07-12,CUST00460,PROD0101,B004,1,646.39,0.25,484.79,460.5,24.29,Completed
ORD009591,2026-10-20,CUST02490,PROD0094,B001,1,195.28,0.0,195.28,117.02,78.26,Completed
ORD009592,2026-05-07,CUST00038,PROD0054,B003,1,16.57,0.1,14.909999999999968,762.03,-747.12,Completed
ORD009596,2026-06-29,CUST02259,PROD0061,B003,3,344.6,0.0,344.5999999999999,945.07,-600.47,Completed
ORD009597,2026-01-29,CUST02343,PROD0027,B001,3,942.02,0.1,847.8199999999999,1487.24,-639.42,Completed
ORD009611,2026-06-16,CUST02295,PROD0026,B001,2,787.01,0.15,668.96,568.59,100.37,Completed
ORD009612,2026-06-05,CUST01499,PROD0034,B003,2,904.89,0.2,723.9100000000001,1433.18,-709.27,Completed
ORD009613,2026-08-16,CUST00443,PROD0060,B001,4,358.1,0.15,304.39,235.11,69.28,Completed
ORD009617,2026-09-23,CUST02326,PROD0010,B002,1,509.23,0.25,381.9200000000001,1072.0,-690.08,Completed
ORD009619,2026-04-30,CUST00647,PROD0084,B004,4,896.61,0.15,762.1199999999999,1530.5,-768.38,Completed
ORD009620,2026-07-24,CUST00783,PROD0097,B003,5,7694.74,0.1,6925.27,5423.08,1502.19,Completed
ORD009627,2026-03-07,CUST00554,PROD0013,B001,5,2271.66,0.1,2044.4899999999998,2288.62,-244.13,Completed
ORD009633,2026-11-10,CUST00479,PROD0102,B001,2,431.69,0.1,388.52,889.73,-501.21,Completed
ORD009634,2026-06-01,CUST00571,PROD0048,B002,2,776.73,0.0,776.73,1230.99,-454.26,Completed
ORD009640,2026-09-16,CUST00316,PROD0102,B001,5,2607.01,0.2,2085.61,2224.33,-138.72,Completed
ORD009643,2026-09-22,CUST02485,PROD0107,B002,1,667.09,0.1,600.3800000000001,1087.67,-487.29,Completed
ORD009645,2026-09-12,CUST01182,PROD0067,B004,5,3284.04,0.2,2627.23,2486.63,140.6,Completed
ORD009646,2026-02-14,CUST01130,PROD0027,B002,5,2088.56,0.25,1566.42,2478.73,-912.31,Completed
ORD009650,2026-02-19,CUST00212,PROD0079,B001,4,693.21,0.0,693.21,466.28,226.93,Completed
ORD009655,2026-03-30,CUST01439,PROD0094,B004,1,195.28,0.25,146.46,117.02,29.44,Completed
ORD009657,2026-04-22,CUST01254,PROD0004,B002,5,384.76,0.1,346.28,955.52,-609.24,Completed
ORD009664,2026-06-04,CUST00718,PROD0026,B003,5,856.42,0.1,770.78,1421.48,-650.7,Completed
ORD009666,2026-09-06,CUST00798,PROD0058,B001,4,139.91,0.1,125.92000000000007,698.33,-572.41,Completed
ORD009667,2026-08-25,CUST01452,PROD0095,B004,2,710.27,0.1,639.25,535.77,103.48,Completed
ORD009672,2026-11-22,CUST02220,PROD0086,B001,1,527.87,0.05,501.47,400.74,100.73,Completed
ORD009678,2026-04-10,CUST00631,PROD0114,B002,3,3070.98,0.05,2917.43,3129.5,-212.07,Completed
ORD009682,2026-06-13,CUST02409,PROD0069,B002,4,3883.67,0.15,3301.12,2745.75,555.37,Completed
ORD009697,2026-03-21,CUST00440,PROD0048,B003,1,593.08,0.15,504.12,615.49,-111.37,Completed
ORD009698,2026-02-19,CUST02010,PROD0017,B002,1,869.59,0.15,739.15,631.98,107.17,Completed
ORD009699,2026-12-14,CUST00128,PROD0074,B002,3,905.91,0.05,860.6099999999999,1514.51,-653.9,Completed
ORD009703,2026-09-24,CUST02122,PROD0117,B002,4,1912.59,0.15,1625.6999999999998,1904.49,-278.79,Completed
ORD009707,2026-12-30,CUST01185,PROD0044,B005,5,4469.74,0.0,4469.74,3037.05,1432.69,Completed
ORD009708,2026-10-01,CUST02021,PROD0050,B001,2,1145.65,0.05,1088.37,1268.54,-180.17,Completed
ORD009714,2026-02-11,CUST00355,PROD0003,B001,1,377.79,0.0,377.79,267.73,110.06,Completed
ORD009716,2026-12-02,CUST00160,PROD0109,B003,4,4423.46,0.0,4423.46,3900.44,523.02,Completed
ORD009719,2026-09-25,CUST01147,PROD0113,B001,3,2512.55,0.2,2010.04,2720.86,-710.82,Completed
ORD009721,2026-02-12,CUST00403,PROD0118,B001,1,289.88,0.15,246.4,194.17,52.23,Completed
ORD009724,2026-03-19,CUST00841,PROD0080,B002,4,449.93,0.15,382.44000000000005,1127.99,-745.55,Completed
ORD009727,2026-10-25,CUST01598,PROD0048,B001,2,600.26,0.15,510.22,1230.99,-720.77,Completed
ORD009729,2026-12-13,CUST02152,PROD0094,B004,5,976.4,0.0,976.4,585.09,391.31,Completed
ORD009732,2026-03-19,CUST01408,PROD0027,B002,1,684.38,0.15,581.72,495.75,85.97,Completed
ORD009740,2026-07-18,CUST00614,PROD0016,B004,4,355.46,0.1,319.91,212.86,107.05,Completed
ORD009741,2026-01-05,CUST00238,PROD0028,B002,2,407.75,0.05,387.3599999999999,917.03,-529.67,Completed
ORD009742,2026-05-12,CUST01830,PROD0099,B001,1,849.27,0.05,806.81,593.57,213.24,Completed
ORD009747,2026-07-18,CUST01751,PROD0048,B004,4,2500.84,0.05,2375.8,2461.98,-86.18,Completed
ORD009749,2026-08-28,CUST01142,PROD0050,B001,3,2244.79,0.05,2132.55,1902.8,229.75,Completed
ORD009751,2026-08-23,CUST00173,PROD0101,B004,4,1474.44,0.1,1327.0,1842.01,-515.01,Completed
ORD009752,2026-02-13,CUST02448,PROD0077,B001,2,608.04,0.2,486.43,492.1,-5.67,Completed
ORD009753,2026-05-18,CUST01304,PROD0078,B003,1,931.95,0.0,931.95,573.98,357.97,Completed
ORD009759,2026-02-03,CUST01436,PROD0070,B002,3,601.57,0.1,541.42,412.77,128.65,Completed
ORD009762,2026-01-07,CUST01766,PROD0094,B005,1,195.28,0.1,175.75,117.02,58.73,Completed
ORD009764,2026-07-10,CUST01108,PROD0099,B004,5,3069.87,0.15,2609.39,2967.84,-358.45,Completed
ORD009777,2026-03-15,CUST01854,PROD0051,B001,5,3303.99,0.15,2808.39,2970.26,-161.87,Completed
ORD009780,2026-07-12,CUST00171,PROD0105,B001,3,88.74,0.15,75.43000000000006,932.39,-856.96,Completed
ORD009783,2026-10-01,CUST02251,PROD0053,B004,2,0.57,0.1,0.5099999999999909,723.21,-722.7,Completed
ORD009785,2026-05-10,CUST02288,PROD0086,B003,2,3.11,0.05,2.9500000000000455,801.48,-798.53,Completed
ORD009788,2026-10-07,CUST01015,PROD0041,B005,4,460.31,0.25,345.23,249.96,95.27,Completed
ORD009793,2026-05-17,CUST01659,PROD0055,B003,2,929.48,0.1,836.54,527.08,309.46,Completed
ORD009794,2026-03-19,CUST01127,PROD0078,B001,4,2477.81,0.2,1982.25,2295.91,-313.66,Completed
ORD009800,2026-03-27,CUST02216,PROD0111,B003,5,7840.76,0.25,5880.57,5535.31,345.26,Completed
ORD009804,2026-05-12,CUST00086,PROD0026,B003,2,787.01,0.0,787.01,568.59,218.42,Completed
ORD009812,2026-04-17,CUST00590,PROD0088,B005,2,897.74,0.2,718.19,579.21,138.98,Completed
ORD009813,2026-04-12,CUST00043,PROD0034,B003,2,1102.26,0.05,1047.15,1433.18,-386.03,Completed
ORD009817,2026-02-16,CUST00472,PROD0100,B001,1,810.99,0.25,608.24,633.28,-25.04,Completed
ORD009818,2026-10-24,CUST01441,PROD0056,B001,1,359.08,0.05,341.1300000000001,1057.64,-716.51,Completed
ORD009824,2026-04-15,CUST01378,PROD0039,B005,5,6413.45,0.0,6413.45,4131.23,2282.22,Completed
ORD009830,2026-11-08,CUST01444,PROD0098,B004,2,822.32,0.15,698.97,1117.66,-418.69,Completed
ORD009837,2026-02-26,CUST01733,PROD0044,B001,1,93.95,0.0,93.95000000000005,607.41,-513.46,Completed
ORD009843,2026-12-23,CUST01141,PROD0108,B001,5,3496.78,0.05,3321.9399999999996,2617.12,704.82,Completed
ORD009846,2026-02-27,CUST00942,PROD0005,B003,4,3778.47,0.1,3400.62,3014.92,385.7,Completed
ORD009857,2026-12-13,CUST00679,PROD0085,B003,5,215.26,0.05,204.49,170.57,33.92,Completed
ORD009861,2026-10-30,CUST00668,PROD0044,B005,3,2105.38,0.15,1789.5700000000002,1822.23,-32.66,Completed
ORD009862,2026-06-27,CUST01481,PROD0036,B003,4,22.33,0.1,20.100000000000023,612.87,-592.77,Completed
ORD009863,2026-11-16,CUST02022,PROD0105,B001,3,1265.21,0.25,948.91,932.39,16.52,Completed
ORD009865,2026-02-20,CUST01836,PROD0096,B005,3,4154.29,0.15,3531.1499999999996,3103.42,427.73,Completed
ORD009870,2026-01-21,CUST01065,PROD0038,B003,2,119.86,0.05,113.87,81.42,32.45,Completed
ORD009871,2026-08-22,CUST01807,PROD0003,B003,5,638.95,0.2,511.1600000000001,1338.64,-827.48,Completed
ORD009877,2026-09-24,CUST02356,PROD0018,B003,1,721.31,0.0,721.31,1071.91,-350.6,Completed
ORD009878,2026-03-19,CUST01412,PROD0034,B002,1,1077.45,0.2,861.96,716.59,145.37,Completed
ORD009882,2026-10-23,CUST02483,PROD0046,B004,5,1116.68,0.15,949.17,842.77,106.4,Completed
ORD009886,2026-06-27,CUST01576,PROD0071,B003,2,959.57,0.05,911.59,747.14,164.45,Completed
ORD009887,2026-12-01,CUST00589,PROD0093,B003,5,3155.29,0.15,2682.0,3178.36,-496.36,Completed
ORD009891,2026-05-26,CUST01178,PROD0111,B002,1,834.82,0.0,834.8199999999999,1107.06,-272.24,Completed
ORD009892,2026-12-27,CUST00404,PROD0032,B005,2,139.53,0.25,104.65000000000009,810.6,-705.95,Completed
ORD009901,2026-06-14,CUST01018,PROD0091,B005,1,413.67,0.0,413.67,315.29,98.38,Completed
ORD009906,2026-03-17,CUST00948,PROD0097,B001,5,7753.22,0.05,7365.5599999999995,5423.08,1942.48,Completed
ORD009909,2026-04-10,CUST01421,PROD0033,B002,4,1290.26,0.1,1161.23,1532.97,-371.74,Completed
ORD009910,2026-07-01,CUST00948,PROD0114,B004,4,4445.52,0.05,4223.24,4172.67,50.57,Completed
ORD009912,2026-05-03,CUST01146,PROD0075,B001,5,6016.86,0.05,5716.02,5462.28,253.74,Completed
ORD009913,2026-11-18,CUST00325,PROD0005,B004,4,3836.95,0.05,3645.1000000000004,3014.92,630.18,Completed
ORD009914,2026-07-24,CUST01372,PROD0099,B004,1,849.27,0.25,636.95,593.57,43.38,Completed
ORD009917,2026-09-08,CUST00815,PROD0092,B002,1,104.44,0.15,88.78,66.64,22.14,Completed
ORD009921,2026-04-18,CUST01861,PROD0047,B005,2,620.39,0.1,558.36,359.3,199.06,Completed
ORD009923,2026-12-27,CUST01954,PROD0100,B005,4,2132.84,0.1,1919.56,2533.12,-613.56,Completed
ORD009931,2026-08-19,CUST02112,PROD0053,B001,3,667.51,0.0,667.51,1084.81,-417.3,Completed
ORD009937,2026-05-03,CUST00228,PROD0117,B004,5,2808.69,0.05,2668.26,2380.62,287.64,Completed
ORD009941,2026-08-05,CUST00321,PROD0058,B001,2,625.51,0.1,562.96,349.16,213.8,Completed
ORD009944,2026-10-21,CUST01164,PROD0106,B002,5,2592.9,0.0,2592.9,2156.1,436.8,Completed
ORD009949,2026-12-08,CUST00682,PROD0103,B001,1,872.66,0.05,829.02,516.43,312.59,Completed
ORD009953,2026-11-28,CUST00163,PROD0070,B004,4,802.1,0.15,681.78,550.37,131.41,Completed
ORD009955,2026-10-04,CUST00875,PROD0055,B005,1,464.74,0.0,464.74,263.54,201.2,Completed
ORD009959,2026-03-29,CUST00824,PROD0044,B003,1,1093.95,0.1,984.55,607.41,377.14,Completed
ORD009974,2026-06-05,CUST02429,PROD0084,B002,1,518.27,0.2,414.62,382.62,32.0,Completed
ORD009979,2026-10-29,CUST00568,PROD0120,B005,4,1276.66,0.0,1276.6599999999999,1467.78,-191.12,Completed
ORD009984,2026-03-29,CUST00302,PROD0111,B001,2,2558.52,0.1,2302.67,2214.12,88.55,Completed
ORD009985,2026-04-05,CUST00997,PROD0110,B003,4,1936.85,0.2,1549.48,1852.77,-303.29,Completed
ORD009987,2026-06-23,CUST01449,PROD0003,B001,5,638.95,0.2,511.1600000000001,1338.64,-827.48,Completed
ORD009988,2026-06-13,CUST01119,PROD0010,B001,5,8160.15,0.05,7752.139999999999,5359.98,2392.16,Completed
ORD009994,2026-09-03,CUST01959,PROD0014,B003,1,380.88,0.0,380.8800000000001,790.6,-409.72,Completed
ORD009998,2026-07-01,CUST00761,PROD0012,B002,5,648.08,0.15,550.87,437.87,113.0,Completed
ORD010001,2026-10-01,CUST02373,PROD0083,B003,4,5616.75,0.0,5616.75,4485.91,1130.84,Completed
ORD010005,2026-03-05,CUST01989,PROD0012,B003,2,259.23,0.0,259.23,175.15,84.08,Completed
ORD010018,2026-01-09,CUST00526,PROD0088,B005,1,448.87,0.25,336.65,289.6,47.05,Completed
ORD010023,2026-03-13,CUST01885,PROD0011,B002,4,2280.69,0.1,2052.62,2630.5,-577.88,Completed
ORD010024,2026-06-30,CUST01968,PROD0097,B001,4,3005.93,0.0,3005.93,4338.46,-1332.53,Completed
ORD010030,2026-05-20,CUST00686,PROD0053,B003,2,111.68,0.0,111.68000000000006,723.21,-611.53,Completed
ORD010031,2026-06-10,CUST01807,PROD0110,B001,2,540.8,0.05,513.76,926.38,-412.62,Completed
ORD010034,2026-05-16,CUST02253,PROD0103,B004,1,872.66,0.1,785.39,516.43,268.96,Completed
ORD010040,2026-04-08,CUST01760,PROD0120,B005,3,707.5,0.0,707.5,1100.84,-393.34,Completed
ORD010048,2026-10-16,CUST01974,PROD0051,B002,5,3369.34,0.1,3032.41,2970.26,62.15,Completed
ORD010049,2026-02-24,CUST00003,PROD0081,B002,5,665.54,0.0,665.54,495.54,170.0,Completed
ORD010051,2026-06-22,CUST01026,PROD0017,B004,3,1608.78,0.0,1608.7800000000002,1895.94,-287.16,Completed
ORD010052,2026-12-29,CUST00155,PROD0008,B001,4,1062.22,0.15,902.89,875.63,27.26,Completed
ORD010056,2026-06-19,CUST02409,PROD0062,B003,3,1077.48,0.1,969.73,1736.16,-766.43,Completed
ORD010058,2026-10-23,CUST02280,PROD0048,B004,3,1331.77,0.25,998.8299999999999,1846.48,-847.65,Completed
ORD010059,2026-04-16,CUST00756,PROD0073,B003,4,731.21,0.2,584.96,479.89,105.07,Completed
ORD010062,2026-11-11,CUST02477,PROD0070,B001,3,601.57,0.2,481.26,412.77,68.49,Completed
ORD010064,2026-07-14,CUST00655,PROD0074,B004,4,1434.91,0.15,1219.67,2019.35,-799.68,Completed
ORD010067,2026-07-26,CUST01995,PROD0076,B001,3,899.93,0.2,719.94,720.15,-0.21,Completed
ORD010077,2026-10-27,CUST00103,PROD0111,B001,2,2336.31,0.25,1752.23,2214.12,-461.89,Completed
ORD010086,2026-11-29,CUST01762,PROD0097,B001,5,7805.85,0.0,7805.85,5423.08,2382.77,Completed
ORD010088,2026-11-04,CUST00308,PROD0110,B001,1,796.71,0.0,796.71,463.19,333.52,Completed
ORD010089,2026-11-19,CUST00677,PROD0108,B004,4,2586.91,0.05,2457.56,2093.7,363.86,Completed
ORD010099,2026-08-07,CUST01864,PROD0023,B003,4,3842.22,0.2,3073.78,3147.68,-73.9,Completed
ORD010103,2026-05-22,CUST01424,PROD0034,B005,4,3198.68,0.1,2878.81,2866.35,12.46,Completed
ORD010110,2026-02-11,CUST01501,PROD0111,B004,3,4504.46,0.0,4504.46,3321.19,1183.27,Completed
ORD010111,2026-03-15,CUST00196,PROD0057,B003,2,760.2,0.2,608.1600000000001,1297.91,-689.75,Completed
ORD010112,2026-12-06,CUST01541,PROD0086,B001,5,1462.87,0.15,1243.44,2003.71,-760.27,Completed
ORD010113,2026-02-13,CUST02335,PROD0050,B004,1,1099.14,0.1,989.23,634.27,354.96,Completed
ORD010122,2026-09-12,CUST02414,PROD0106,B003,5,2259.57,0.25,1694.6799999999998,2156.1,-461.42,Completed
ORD010128,2026-01-31,CUST01312,PROD0070,B002,4,802.1,0.2,641.68,550.37,91.31,Completed
ORD010131,2026-12-18,CUST01273,PROD0082,B003,5,9472.63,0.0,9472.63,5668.32,3804.31,Completed
ORD010132,2026-07-12,CUST01167,PROD0032,B002,3,1156.67,0.05,1098.8400000000001,1215.9,-117.06,Completed
ORD010133,2026-10-24,CUST00064,PROD0050,B003,2,1145.65,0.05,1088.37,1268.54,-180.17,Completed
ORD010138,2026-07-29,CUST01441,PROD0035,B003,3,688.61,0.05,654.1800000000001,1306.85,-652.67,Completed
ORD010143,2026-08-09,CUST01849,PROD0091,B001,5,1015.74,0.05,964.95,1576.45,-611.5,Completed
ORD010145,2026-10-16,CUST01246,PROD0050,B003,1,46.51,0.05,44.180000000000064,634.27,-590.09,Completed
ORD010156,2026-05-09,CUST02437,PROD0003,B002,1,377.79,0.15,321.12,267.73,53.39,Completed
ORD010157,2026-10-14,CUST01056,PROD0010,B005,4,6259.11,0.1,5633.2,4287.98,1345.22,Completed
ORD010158,2026-11-16,CUST01950,PROD0034,B004,5,2639.29,0.1,2375.36,3582.94,-1207.58,Completed
ORD010162,2026-11-17,CUST01236,PROD0058,B002,3,938.27,0.25,703.7,523.75,179.95,Completed
ORD010164,2026-12-09,CUST02313,PROD0046,B004,3,670.01,0.25,502.5,505.66,-3.16,Completed
ORD010168,2026-05-24,CUST00300,PROD0068,B001,2,938.76,0.1,844.8800000000001,1646.73,-801.85,Completed
ORD010169,2026-10-11,CUST00615,PROD0105,B001,5,932.21,0.15,792.3800000000001,1553.98,-761.6,Completed
ORD010174,2026-01-08,CUST02215,PROD0067,B002,3,1609.31,0.1,1448.38,1491.98,-43.6,Completed
ORD010180,2026-02-16,CUST00892,PROD0053,B001,4,890.01,0.25,667.51,1446.41,-778.9,Completed
ORD010182,2026-11-12,CUST01136,PROD0104,B005,1,425.99,0.15,362.0899999999999,1059.57,-697.48,Completed
ORD010183,2026-01-19,CUST00503,PROD0085,B001,2,86.1,0.15,73.19,68.23,4.96,Completed
ORD010184,2026-06-18,CUST02044,PROD0046,B004,5,64.04,0.05,60.83999999999992,842.77,-781.93,Completed
ORD010185,2026-08-12,CUST00876,PROD0111,B001,5,8062.99,0.1,7256.6900000000005,5535.31,1721.38,Completed
ORD010193,2026-11-02,CUST01290,PROD0044,B003,5,4469.74,0.0,4469.74,3037.05,1432.69,Completed
ORD010198,2026-10-24,CUST01447,PROD0101,B003,2,240.15,0.05,228.1400000000001,921.0,-692.86,Completed
ORD010200,2026-11-21,CUST01726,PROD0112,B004,2,556.26,0.15,472.81999999999994,1356.66,-883.84,Completed
ORD010203,2026-04-30,CUST00809,PROD0089,B001,3,1030.0,0.2,824.0,676.76,147.24,Completed
ORD010204,2026-11-01,CUST00784,PROD0018,B005,4,5832.6,0.05,5540.97,4287.63,1253.34,Completed
ORD010205,2026-07-11,CUST00908,PROD0086,B005,3,472.49,0.1,425.24,1202.23,-776.99,Completed
ORD010210,2026-08-18,CUST01010,PROD0033,B003,5,1949.07,0.05,1851.62,1916.21,-64.59,Completed
ORD010215,2026-07-12,CUST00827,PROD0073,B004,5,914.01,0.0,914.01,599.86,314.15,Completed
ORD010220,2026-01-22,CUST01886,PROD0074,B001,2,305.69,0.0,305.69000000000005,1009.68,-703.99,Completed
ORD010221,2026-10-21,CUST02500,PROD0024,B001,3,2793.47,0.05,2653.8,2109.28,544.52,Completed
ORD010226,2026-03-23,CUST01260,PROD0003,B002,2,755.58,0.1,680.02,535.46,144.56,Completed
ORD010233,2026-09-12,CUST02295,PROD0092,B004,3,313.33,0.05,297.67,199.91,97.76,Completed
ORD010234,2026-07-20,CUST02160,PROD0075,B002,2,1494.47,0.25,1120.85,2184.91,-1064.06,Completed
ORD010241,2026-04-16,CUST01118,PROD0063,B005,5,540.46,0.15,459.39,502.33,-42.94,Completed
ORD010248,2026-08-11,CUST02396,PROD0093,B001,2,680.07,0.05,646.0699999999999,1271.34,-625.27,Completed
ORD010249,2026-04-30,CUST00505,PROD0115,B005,5,2621.62,0.1,2359.46,2303.26,56.2,Completed
ORD010252,2026-01-26,CUST01475,PROD0027,B001,4,1487.51,0.2,1190.0100000000002,1982.98,-792.97,Completed
ORD010253,2026-07-13,CUST01818,PROD0091,B005,4,602.06,0.05,571.96,1261.16,-689.2,Completed
ORD010262,2026-02-13,CUST01194,PROD0050,B003,1,1099.14,0.1,989.23,634.27,354.96,Completed
ORD010267,2026-07-02,CUST00400,PROD0108,B002,2,819.76,0.0,819.76,1046.85,-227.09,Completed
ORD010269,2026-01-19,CUST01763,PROD0043,B002,3,874.19,0.1,786.77,535.94,250.83,Completed
ORD010271,2026-05-13,CUST01018,PROD0039,B001,4,4878.13,0.05,4634.22,3304.98,1329.24,Completed
ORD010287,2026-05-27,CUST00427,PROD0001,B002,1,762.93,0.15,648.49,1063.18,-414.69,Completed
ORD010288,2026-11-02,CUST00282,PROD0066,B005,5,5814.6,0.15,4942.41,5022.45,-80.04,Completed
ORD010289,2026-01-23,CUST01379,PROD0117,B002,2,433.42,0.1,390.0799999999999,952.25,-562.17,Completed
ORD010298,2026-10-30,CUST00377,PROD0102,B001,1,771.4,0.1,694.26,444.87,249.39,Completed
ORD010308,2026-03-27,CUST01520,PROD0093,B005,2,482.7,0.2,386.1600000000001,1271.34,-885.18,Completed
ORD010309,2026-05-15,CUST02058,PROD0030,B002,5,3985.81,0.1,3587.2299999999996,4067.97,-480.74,Completed
ORD010321,2026-08-30,CUST00045,PROD0051,B001,5,3480.46,0.0,3480.46,2970.26,510.2,Completed
ORD010325,2026-12-31,CUST01702,PROD0085,B001,5,215.26,0.05,204.49,170.57,33.92,Completed
ORD010331,2026-02-15,CUST01187,PROD0063,B002,1,132.68,0.15,112.78,100.47,12.31,Completed
ORD010338,2026-12-23,CUST01803,PROD0054,B002,3,2206.56,0.15,1875.58,2286.1,-410.52,Completed
ORD010346,2026-11-24,CUST02137,PROD0102,B005,1,771.4,0.0,771.4,444.87,326.53,Completed
ORD010353,2026-03-22,CUST02367,PROD0105,B004,1,421.74,0.15,358.48,310.8,47.68,Completed
ORD010366,2026-05-28,CUST02179,PROD0115,B001,5,2556.26,0.15,2172.82,2303.26,-130.44,Completed
ORD010367,2026-11-27,CUST01483,PROD0047,B004,3,930.59,0.1,837.53,538.95,298.58,Completed
ORD010368,2026-01-09,CUST01460,PROD0018,B003,5,7606.54,0.0,7606.540000000001,5359.54,2247.0,Completed
ORD010372,2026-07-31,CUST01764,PROD0094,B002,3,585.84,0.1,527.26,351.05,176.21,Completed
ORD010380,2026-08-28,CUST02210,PROD0029,B001,4,720.91,0.1,648.8199999999999,1063.4,-414.58,Completed
ORD010388,2026-08-15,CUST00470,PROD0048,B004,1,888.37,0.15,755.11,615.49,139.62,Completed
ORD010389,2026-10-13,CUST01485,PROD0083,B003,1,404.19,0.2,323.3499999999999,1121.48,-798.13,Completed
ORD010392,2026-12-20,CUST01101,PROD0102,B004,2,431.69,0.1,388.52,889.73,-501.21,Completed
ORD010404,2026-03-29,CUST01149,PROD0059,B002,5,3763.89,0.1,3387.5,3083.56,303.94,Completed
ORD010406,2026-01-03,CUST01938,PROD0053,B004,3,491.05,0.15,417.3900000000001,1084.81,-667.42,Completed
ORD010407,2026-08-25,CUST02112,PROD0117,B005,5,2684.85,0.15,2282.12,2380.62,-98.5,Completed
ORD010408,2026-05-18,CUST00491,PROD0103,B004,5,3029.95,0.25,2272.46,2582.17,-309.71,Completed
ORD010416,2026-09-15,CUST01293,PROD0067,B003,1,906.81,0.25,680.11,497.33,182.78,Completed
ORD010417,2026-03-23,CUST00007,PROD0052,B002,4,1642.73,0.0,1642.73,1813.4,-170.67,Completed
ORD010424,2026-03-09,CUST02125,PROD0024,B001,5,5160.18,0.2,4128.14,3515.47,612.67,Completed
ORD010431,2026-08-31,CUST01536,PROD0092,B001,5,522.22,0.25,391.66,333.18,58.48,Completed
ORD010435,2026-11-04,CUST02399,PROD0024,B003,1,1282.03,0.25,961.53,703.09,258.44,Completed
ORD010438,2026-02-17,CUST00934,PROD0059,B002,5,3763.89,0.1,3387.5,3083.56,303.94,Completed
ORD010439,2026-12-05,CUST00125,PROD0064,B001,2,600.45,0.2,480.3599999999999,1406.57,-926.21,Completed
ORD010440,2026-05-18,CUST02319,PROD0003,B001,1,377.79,0.1,340.01,267.73,72.28,Completed
ORD010446,2026-11-17,CUST00202,PROD0106,B001,2,260.69,0.15,221.58999999999992,862.44,-640.85,Completed
ORD010456,2026-12-31,CUST02243,PROD0040,B001,1,990.67,0.05,941.14,540.35,400.79,Completed
ORD010459,2026-03-23,CUST02086,PROD0079,B003,5,866.51,0.05,823.19,582.85,240.34,Completed
ORD010461,2026-03-27,CUST01542,PROD0115,B001,2,159.76,0.25,119.81999999999994,921.31,-801.49,Completed
ORD010464,2026-05-05,CUST01584,PROD0119,B002,3,743.12,0.05,705.96,1302.93,-596.97,Completed
ORD010466,2026-06-16,CUST01922,PROD0069,B001,2,1418.96,0.1,1277.06,1372.88,-95.82,Completed
ORD010469,2026-09-21,CUST00266,PROD0006,B001,1,669.46,0.05,635.99,485.9,150.09,Completed
ORD010471,2026-01-10,CUST00556,PROD0115,B005,5,2680.11,0.05,2546.1,2303.26,242.84,Completed
ORD010473,2026-09-01,CUST02216,PROD0118,B004,3,568.93,0.05,540.49,582.5,-42.01,Completed
ORD010476,2026-12-27,CUST00901,PROD0004,B004,2,598.35,0.1,538.52,382.21,156.31,Completed
ORD010478,2026-09-27,CUST01003,PROD0053,B004,5,1668.08,0.1,1501.27,1808.01,-306.74,Completed
ORD010483,2026-03-05,CUST00441,PROD0105,B001,1,421.74,0.1,379.57,310.8,68.77,Completed
ORD010484,2026-05-23,CUST00239,PROD0060,B005,1,89.53,0.15,76.09,58.78,17.31,Completed
ORD010487,2026-02-24,CUST01281,PROD0086,B002,2,55.73,0.0,55.73000000000002,801.48,-745.75,Completed
ORD010489,2026-05-25,CUST01964,PROD0096,B004,2,2442.73,0.1,2198.46,2068.95,129.51,Completed
ORD010490,2026-10-11,CUST02070,PROD0087,B004,4,3613.14,0.1,3251.83,3298.78,-46.95,Completed
ORD010496,2026-08-13,CUST00710,PROD0051,B001,1,896.09,0.05,851.29,594.05,257.24,Completed
ORD010498,2026-09-11,CUST02428,PROD0083,B005,2,2131.91,0.15,1812.12,2242.95,-430.83,Completed
ORD010509,2026-02-24,CUST02106,PROD0112,B004,2,680.09,0.05,646.0899999999999,1356.66,-710.57,Completed
ORD010510,2026-03-08,CUST02125,PROD0057,B003,1,5.1,0.0,5.100000000000023,648.95,-643.85,Completed
ORD010511,2026-11-16,CUST01977,PROD0050,B003,2,1087.17,0.1,978.45,1268.54,-290.09,Completed
ORD010512,2026-12-15,CUST00700,PROD0003,B005,3,1133.37,0.15,963.37,803.19,160.18,Completed
ORD010517,2026-07-23,CUST02215,PROD0099,B002,5,2996.35,0.2,2397.08,2967.84,-570.76,Completed
ORD010519,2026-06-18,CUST01255,PROD0090,B001,4,29.51,0.2,23.610000000000014,800.72,-777.11,Completed
ORD010520,2026-07-02,CUST01417,PROD0068,B001,2,997.23,0.05,947.3699999999999,1646.73,-699.36,Completed
ORD010531,2026-10-12,CUST00367,PROD0095,B003,3,12.78,0.05,12.139999999999986,803.65,-791.51,Completed
ORD010540,2026-09-07,CUST00522,PROD0039,B003,5,6163.45,0.2,4930.76,4131.23,799.53,Completed
ORD010541,2026-05-28,CUST01656,PROD0057,B004,3,1681.96,0.25,1261.4699999999998,1946.86,-685.39,Completed
ORD010542,2026-02-12,CUST01640,PROD0051,B003,2,739.56,0.05,702.5799999999999,1188.1,-485.52,Completed
ORD010543,2026-08-16,CUST01233,PROD0052,B004,4,1531.62,0.1,1378.46,1813.4,-434.94,Completed
ORD010544,2026-12-01,CUST01475,PROD0069,B004,5,5214.07,0.1,4692.66,3432.19,1260.47,Completed
ORD010557,2026-09-13,CUST00878,PROD0030,B005,1,1019.38,0.05,968.41,813.59,154.82,Completed
ORD010558,2026-03-04,CUST01408,PROD0102,B002,3,1064.2,0.2,851.3599999999999,1334.6,-483.24,Completed
ORD010559,2026-03-16,CUST01557,PROD0041,B003,1,115.08,0.1,103.57,62.49,41.08,Completed
ORD010561,2026-04-10,CUST00360,PROD0002,B001,3,863.94,0.15,734.3499999999999,1233.78,-499.43,Completed
ORD010563,2026-08-01,CUST01190,PROD0103,B004,2,634.2,0.1,570.78,1032.87,-462.09,Completed
ORD010568,2026-12-19,CUST00905,PROD0118,B003,5,449.42,0.0,449.4200000000001,970.84,-521.42,Completed
ORD010570,2026-01-15,CUST01034,PROD0025,B003,2,980.09,0.0,980.0899999999999,1181.43,-201.34,Completed
ORD010573,2026-06-22,CUST00863,PROD0027,B002,4,1626.4,0.1,1463.7600000000002,1982.98,-519.22,Completed
ORD010574,2026-05-13,CUST00829,PROD0098,B001,5,3663.63,0.25,2747.72,2794.15,-46.43,Completed
ORD010576,2026-08-17,CUST00593,PROD0090,B002,3,959.63,0.0,959.63,600.54,359.09,Completed
ORD010577,2026-11-04,CUST00811,PROD0071,B002,3,386.73,0.05,367.3900000000001,1120.72,-753.33,Completed
ORD010578,2026-01-30,CUST00847,PROD0006,B004,4,1677.86,0.0,1677.8600000000001,1943.61,-265.75,Completed
ORD010579,2026-05-25,CUST00357,PROD0079,B003,5,866.51,0.15,736.54,582.85,153.69,Completed
ORD010592,2026-10-21,CUST02430,PROD0051,B001,1,896.09,0.15,761.68,594.05,167.63,Completed
ORD010597,2026-03-31,CUST02432,PROD0014,B005,4,4470.87,0.05,4247.33,3162.41,1084.92,Completed
ORD010601,2026-02-20,CUST00972,PROD0021,B002,2,513.85,0.15,436.77,1027.16,-590.39,Completed
ORD010603,2026-06-18,CUST00669,PROD0072,B001,1,465.16,0.1,418.64,326.62,92.02,Completed
ORD010610,2026-04-29,CUST00414,PROD0012,B003,5,648.08,0.0,648.08,437.87,210.21,Completed
ORD010614,2026-02-02,CUST00799,PROD0109,B002,2,1711.73,0.0,1711.73,1950.22,-238.49,Completed
ORD010622,2026-05-21,CUST01938,PROD0008,B004,4,1062.22,0.15,902.89,875.63,27.26,Completed
ORD010624,2026-03-07,CUST00643,PROD0023,B004,5,5365.28,0.0,5365.28,3934.59,1430.69,Completed
ORD010633,2026-04-19,CUST01992,PROD0054,B005,1,75.04,0.05,71.28999999999996,762.03,-690.74,Completed
ORD010647,2026-05-18,CUST01602,PROD0002,B003,3,863.94,0.15,734.3499999999999,1233.78,-499.43,Completed
ORD010653,2026-03-13,CUST01778,PROD0104,B004,3,3696.24,0.1,3326.62,3178.71,147.91,Completed
ORD010656,2026-01-01,CUST01164,PROD0089,B004,1,343.33,0.1,309.0,225.59,83.41,Completed
ORD010661,2026-08-23,CUST00137,PROD0058,B001,2,625.51,0.1,562.96,349.16,213.8,Completed
ORD010664,2026-10-21,CUST01764,PROD0120,B003,4,1100.19,0.15,935.1600000000001,1467.78,-532.62,Completed
ORD010669,2026-02-22,CUST01426,PROD0115,B001,3,1063.16,0.15,903.69,1381.96,-478.27,Completed
ORD010671,2026-02-08,CUST01962,PROD0024,B003,2,1387.6,0.15,1179.46,1406.19,-226.73,Completed
ORD010680,2026-06-20,CUST01433,PROD0001,B001,5,8446.97,0.2,6757.58,5315.89,1441.69,Completed
ORD010686,2026-05-02,CUST01666,PROD0015,B004,4,4434.26,0.2,3547.41,3534.91,12.5,Completed
ORD010688,2026-06-15,CUST02322,PROD0034,B005,4,3059.79,0.2,2447.83,2866.35,-418.52,Completed
ORD010693,2026-07-25,CUST01158,PROD0022,B002,5,5269.05,0.05,5005.6,4567.91,437.69,Completed
ORD010698,2026-10-27,CUST00054,PROD0038,B002,4,239.73,0.0,239.73,162.84,76.89,Completed
ORD010699,2026-08-12,CUST01545,PROD0094,B002,5,976.4,0.1,878.76,585.09,293.67,Completed
ORD010704,2026-03-15,CUST01151,PROD0027,B005,1,684.38,0.1,615.94,495.75,120.19,Completed
ORD010706,2026-05-20,CUST00361,PROD0026,B004,3,1180.52,0.2,944.41,852.89,91.52,Completed
ORD010707,2026-05-13,CUST01668,PROD0007,B002,3,143.12,0.05,135.96,107.26,28.7,Completed
ORD010709,2026-05-25,CUST00952,PROD0024,B005,5,5357.55,0.05,5089.67,3515.47,1574.2,Completed
ORD010714,2026-01-11,CUST00029,PROD0043,B001,3,874.19,0.2,699.35,535.94,163.41,Completed
ORD010720,2026-04-20,CUST01619,PROD0006,B004,3,831.92,0.15,707.1300000000001,1457.71,-750.58,Completed
ORD010721,2026-09-28,CUST02280,PROD0033,B005,1,600.34,0.25,450.25,383.24,67.01,Completed
ORD010728,2026-08-18,CUST00139,PROD0067,B001,1,906.81,0.2,725.45,497.33,228.12,Completed
ORD010730,2026-02-03,CUST01692,PROD0101,B001,3,689.16,0.2,551.3299999999999,1381.51,-830.18,Completed
ORD010731,2026-05-20,CUST00487,PROD0030,B001,2,862.29,0.15,732.95,1627.19,-894.24,Completed
ORD010736,2026-06-14,CUST00361,PROD0007,B001,3,93.87,0.0,93.87,107.26,-13.39,Completed
ORD010742,2026-01-22,CUST00855,PROD0113,B001,5,5159.8,0.1,4643.82,4534.77,109.05,Completed
ORD010744,2026-03-14,CUST00471,PROD0021,B001,4,1235.44,0.2,988.3499999999999,2054.31,-1065.96,Completed
ORD010745,2026-06-17,CUST02462,PROD0027,B003,3,1053.13,0.0,1053.13,1487.24,-434.11,Completed
ORD010746,2026-09-19,CUST00390,PROD0040,B001,3,1919.39,0.05,1823.42,1621.06,202.36,Completed
ORD010750,2026-02-08,CUST00441,PROD0086,B001,3,407.13,0.15,346.05999999999995,1202.23,-856.17,Completed
ORD010753,2026-03-30,CUST01797,PROD0096,B005,1,665.81,0.1,599.23,1034.47,-435.24,Completed
ORD010764,2026-10-12,CUST00088,PROD0101,B003,1,646.39,0.25,484.79,460.5,24.29,Completed
ORD010766,2026-11-03,CUST01111,PROD0054,B002,5,4638.39,0.0,4638.39,3810.16,828.23,Completed
ORD010768,2026-09-22,CUST00803,PROD0086,B001,1,527.87,0.15,448.69,400.74,47.95,Completed
ORD010775,2026-08-18,CUST01441,PROD0008,B003,4,1062.22,0.15,902.89,875.63,27.26,Completed
ORD010776,2026-08-25,CUST01531,PROD0041,B004,5,575.39,0.2,460.31,312.45,147.86,Completed
ORD010777,2026-12-20,CUST00313,PROD0083,B003,5,7159.82,0.1,6443.84,5607.38,836.46,Completed
ORD010781,2026-02-11,CUST00106,PROD0070,B001,4,802.1,0.05,761.99,550.37,211.62,Completed
ORD010797,2026-11-03,CUST01440,PROD0115,B001,3,1128.53,0.1,1015.6800000000001,1381.96,-366.28,Completed
ORD010798,2026-12-17,CUST02439,PROD0006,B002,5,1202.84,0.0,1202.8400000000001,2429.52,-1226.68,Completed
ORD010801,2026-03-23,CUST01513,PROD0049,B001,3,2748.16,0.2,2198.53,2313.24,-114.71,Completed
ORD010804,2026-11-02,CUST01453,PROD0064,B005,2,797.82,0.05,757.9300000000001,1406.57,-648.64,Completed
ORD010807,2026-06-04,CUST01903,PROD0100,B005,2,569.35,0.05,540.8800000000001,1266.56,-725.68,Completed
ORD010810,2026-04-26,CUST00692,PROD0010,B005,5,3923.44,0.0,3923.4399999999996,5359.98,-1436.54,Completed
ORD010813,2026-06-19,CUST02236,PROD0045,B001,1,1004.75,0.1,904.27,716.56,187.71,Completed
ORD010814,2026-06-02,CUST01371,PROD0001,B003,1,939.39,0.0,939.3900000000001,1063.18,-123.79,Completed
ORD010820,2026-09-30,CUST00070,PROD0063,B002,1,132.68,0.1,119.41,100.47,18.94,Completed
ORD010822,2026-09-04,CUST01942,PROD0050,B002,2,1021.81,0.15,868.54,1268.54,-400.0,Completed
ORD010823,2026-04-29,CUST00239,PROD0010,B001,4,6120.21,0.2,4896.17,4287.98,608.19,Completed
ORD010827,2026-11-25,CUST00765,PROD0098,B001,5,3996.96,0.0,3996.96,2794.15,1202.81,Completed
ORD010829,2026-11-23,CUST01023,PROD0073,B002,2,365.6,0.1,329.04,239.94,89.1,Completed
ORD010830,2026-05-03,CUST02197,PROD0118,B002,1,289.88,0.1,260.89,194.17,66.72,Completed
ORD010833,2026-01-06,CUST01822,PROD0004,B001,5,384.76,0.1,346.28,955.52,-609.24,Completed
ORD010842,2026-01-18,CUST01408,PROD0104,B002,1,425.99,0.15,362.0899999999999,1059.57,-697.48,Completed
ORD010843,2026-05-03,CUST00953,PROD0116,B002,5,310.86,0.0,310.8599999999999,1075.45,-764.59,Completed
ORD010845,2026-09-14,CUST00102,PROD0063,B001,2,265.36,0.05,252.09,200.93,51.16,Completed
ORD010853,2026-01-19,CUST01974,PROD0008,B002,3,796.66,0.1,716.99,656.72,60.27,Completed
ORD010855,2026-03-23,CUST01704,PROD0003,B001,1,377.79,0.1,340.01,267.73,72.28,Completed
ORD010858,2026-07-31,CUST00988,PROD0003,B001,4,458.54,0.05,435.6099999999999,1070.91,-635.3,Completed
ORD010860,2026-12-27,CUST01732,PROD0055,B005,5,1271.07,0.05,1207.52,1317.7,-110.18,Completed
ORD010861,2026-11-19,CUST01962,PROD0076,B002,2,599.95,0.1,539.96,480.1,59.86,Completed
ORD010867,2026-02-24,CUST00209,PROD0068,B002,1,1024.93,0.25,768.7,823.36,-54.66,Completed
ORD010870,2026-12-05,CUST02021,PROD0021,B005,1,845.16,0.15,718.38,513.58,204.8,Completed
ORD010871,2026-11-15,CUST02175,PROD0079,B002,4,693.21,0.15,589.23,466.28,122.95,Completed
ORD010878,2026-03-18,CUST01805,PROD0048,B005,3,1553.99,0.1,1398.5900000000001,1846.48,-447.89,Completed
ORD010883,2026-08-17,CUST00642,PROD0027,B001,1,684.38,0.0,684.38,495.75,188.63,Completed
ORD010884,2026-02-01,CUST01353,PROD0074,B002,2,129.21,0.15,109.82999999999993,1009.68,-899.85,Completed
ORD010885,2026-01-02,CUST01361,PROD0018,B002,5,7495.42,0.1,6745.88,5359.54,1386.34,Completed
ORD010886,2026-02-06,CUST01050,PROD0037,B001,4,1266.06,0.05,1202.7600000000002,1930.23,-727.47,Completed
ORD010888,2026-11-07,CUST01362,PROD0003,B004,1,377.79,0.1,340.01,267.73,72.28,Completed
ORD010893,2026-09-29,CUST01399,PROD0099,B001,4,2397.08,0.0,2397.08,2374.27,22.81,Completed
ORD010896,2026-10-29,CUST00220,PROD0003,B001,4,400.06,0.1,360.04999999999995,1070.91,-710.86,Completed
ORD010899,2026-08-13,CUST00127,PROD0108,B004,3,1677.01,0.05,1593.1599999999999,1570.27,22.89,Completed
ORD010906,2026-07-07,CUST00014,PROD0090,B003,1,319.88,0.0,319.88,200.18,119.7,Completed
ORD010912,2026-11-24,CUST01491,PROD0068,B001,4,3099.74,0.0,3099.74,3293.45,-193.71,Completed
ORD010921,2026-12-11,CUST01316,PROD0048,B001,3,1488.64,0.15,1265.3400000000001,1846.48,-581.14,Completed
ORD010929,2026-10-09,CUST00473,PROD0056,B002,5,6058.6,0.0,6058.6,5288.22,770.38,Completed
ORD010932,2026-12-06,CUST02259,PROD0001,B004,4,6704.95,0.05,6369.7,4252.71,2116.99,Completed
ORD010947,2026-03-09,CUST00513,PROD0115,B002,2,316.62,0.15,269.1300000000001,921.31,-652.18,Completed
ORD010959,2026-03-19,CUST02161,PROD0035,B002,2,49.71,0.1,44.74000000000001,871.23,-826.49,Completed
ORD010960,2026-07-12,CUST01489,PROD0098,B001,2,946.15,0.05,898.8399999999999,1117.66,-218.82,Completed
ORD010962,2026-07-12,CUST00873,PROD0072,B004,3,342.84,0.05,325.70000000000005,979.86,-654.16,Completed
ORD010964,2026-03-22,CUST02232,PROD0026,B004,3,180.52,0.0,180.51999999999998,852.89,-672.37,Completed
ORD010966,2026-01-17,CUST00545,PROD0063,B002,2,265.36,0.15,225.56,200.93,24.63,Completed
ORD010969,2026-08-19,CUST00897,PROD0003,B003,2,755.58,0.05,717.81,535.46,182.35,Completed
ORD010977,2026-11-10,CUST00642,PROD0004,B004,2,598.35,0.0,598.35,382.21,216.14,Completed
ORD010980,2026-12-05,CUST01439,PROD0029,B002,1,458.01,0.25,343.51,265.85,77.66,Completed
ORD010984,2026-11-10,CUST00499,PROD0117,B005,4,1977.94,0.1,1780.15,1904.49,-124.34,Completed
ORD010990,2026-07-16,CUST00530,PROD0078,B002,1,931.95,0.1,838.76,573.98,264.78,Completed
ORD011000,2026-04-15,CUST01533,PROD0095,B004,1,355.14,0.15,301.87,267.88,33.99,Completed
ORD011002,2026-02-26,CUST01002,PROD0067,B005,3,1609.31,0.1,1448.38,1491.98,-43.6,Completed
ORD011004,2026-11-14,CUST00854,PROD0004,B003,3,897.52,0.15,762.9,573.31,189.59,Completed
ORD011007,2026-12-19,CUST02025,PROD0083,B002,4,5366.75,0.2,4293.4,4485.91,-192.51,Completed
ORD011011,2026-05-19,CUST00502,PROD0082,B002,1,844.52,0.2,675.6199999999999,1133.66,-458.04,Completed
ORD011013,2026-07-24,CUST01070,PROD0028,B002,4,1587.44,0.25,1190.58,1834.06,-643.48,Completed
ORD011023,2026-02-06,CUST01612,PROD0059,B001,1,975.0,0.1,877.5,616.71,260.79,Completed
ORD011027,2026-12-06,CUST01372,PROD0111,B001,5,7924.1,0.2,6339.28,5535.31,803.97,Completed
ORD011040,2026-09-11,CUST01772,PROD0113,B001,3,2709.92,0.05,2574.42,2720.86,-146.44,Completed
ORD011043,2026-01-25,CUST00733,PROD0112,B002,2,482.73,0.2,386.18000000000006,1356.66,-970.48,Completed
ORD011049,2026-12-02,CUST01923,PROD0078,B001,2,752.8,0.1,677.52,1147.95,-470.43,Completed
ORD011055,2026-09-15,CUST02209,PROD0083,B004,4,5283.41,0.25,3962.5600000000004,4485.91,-523.35,Completed
ORD011059,2026-04-18,CUST01764,PROD0005,B003,5,4778.64,0.25,3583.9799999999996,3768.65,-184.67,Completed
ORD011064,2026-04-07,CUST00353,PROD0051,B003,4,2407.89,0.15,2046.71,2376.21,-329.5,Completed
ORD011067,2026-04-07,CUST01717,PROD0119,B002,2,20.69,0.15,17.590000000000032,868.62,-851.03,Completed
ORD011078,2026-10-18,CUST00802,PROD0064,B001,5,3515.03,0.1,3163.5299999999997,3516.44,-352.91,Completed
ORD011079,2026-11-12,CUST01417,PROD0031,B001,5,2224.07,0.1,2001.6599999999999,2737.47,-735.81,Completed
ORD011080,2026-09-03,CUST02500,PROD0087,B001,5,4852.69,0.05,4610.06,4123.48,486.58,Completed
ORD011084,2026-06-15,CUST02451,PROD0013,B003,2,242.0,0.1,217.79999999999995,915.45,-697.65,Completed
ORD011088,2026-10-10,CUST01712,PROD0066,B001,4,4342.86,0.2,3474.29,4017.96,-543.67,Completed
ORD011093,2026-07-22,CUST01312,PROD0035,B005,3,407.91,0.25,305.93000000000006,1306.85,-1000.92,Completed
ORD011097,2026-10-28,CUST01423,PROD0009,B003,2,638.57,0.15,542.79,391.05,151.74,Completed
ORD011098,2026-05-05,CUST01802,PROD0019,B002,4,2378.31,0.15,2021.56,2216.76,-195.2,Completed
ORD011099,2026-06-23,CUST00398,PROD0050,B003,4,3343.93,0.05,3176.7299999999996,2537.07,639.66,Completed
ORD011101,2026-10-26,CUST01022,PROD0045,B001,4,2685.67,0.25,2014.25,2866.23,-851.98,Completed
ORD011109,2026-06-22,CUST02099,PROD0028,B003,2,407.75,0.05,387.3599999999999,917.03,-529.67,Completed
ORD011110,2026-05-16,CUST02380,PROD0016,B001,2,177.73,0.0,177.73,106.43,71.3,Completed
ORD011119,2026-01-31,CUST00169,PROD0051,B005,5,3480.46,0.0,3480.46,2970.26,510.2,Completed
ORD011122,2026-02-19,CUST00050,PROD0086,B003,2,3.11,0.05,2.9500000000000455,801.48,-798.53,Completed
ORD011123,2026-02-21,CUST00649,PROD0003,B005,3,1133.37,0.25,850.03,803.19,46.84,Completed
ORD011124,2026-05-14,CUST01244,PROD0019,B001,1,888.69,0.15,755.39,554.19,201.2,Completed
ORD011127,2026-11-11,CUST01931,PROD0114,B005,3,3012.49,0.1,2711.24,3129.5,-418.26,Completed
ORD011128,2026-03-30,CUST01621,PROD0088,B003,4,795.48,0.0,795.48,1158.41,-362.93,Completed
ORD011129,2026-09-14,CUST01740,PROD0040,B005,1,990.67,0.15,842.08,540.35,301.73,Completed
ORD011142,2026-06-01,CUST01400,PROD0093,B002,4,2215.41,0.2,1772.33,2542.69,-770.36,Completed
ORD011148,2026-04-10,CUST02236,PROD0005,B002,3,2333.85,0.25,1750.3899999999999,2261.19,-510.8,Completed
ORD011150,2026-05-29,CUST00436,PROD0066,B002,3,3083.53,0.1,2775.18,3013.47,-238.29,Completed
ORD011152,2026-01-09,CUST00851,PROD0057,B004,2,676.87,0.25,507.6500000000001,1297.91,-790.26,Completed
ORD011154,2026-08-28,CUST00574,PROD0073,B001,4,731.21,0.1,658.09,479.89,178.2,Completed
ORD011161,2026-02-24,CUST00861,PROD0011,B004,3,1293.84,0.2,1035.07,1972.87,-937.8,Completed
ORD011162,2026-11-17,CUST02425,PROD0012,B002,3,388.85,0.0,388.85,262.72,126.13,Completed
ORD011169,2026-11-10,CUST00537,PROD0020,B001,4,1931.44,0.1,1738.3000000000002,2190.93,-452.63,Completed
ORD011179,2026-01-10,CUST01649,PROD0097,B003,2,2189.01,0.25,1641.7600000000002,2169.23,-527.47,Completed
ORD011181,2026-01-28,CUST02058,PROD0053,B004,5,1529.19,0.2,1223.35,1808.01,-584.66,Completed
ORD011185,2026-05-27,CUST02454,PROD0096,B005,4,6055.05,0.05,5752.3,4137.9,1614.4,Completed
ORD011186,2026-07-31,CUST02368,PROD0057,B001,2,899.09,0.1,809.1800000000001,1297.91,-488.73,Completed
ORD011193,2026-08-18,CUST02499,PROD0023,B003,4,3915.75,0.15,3328.3900000000003,3147.68,180.71,Completed
ORD011196,2026-01-09,CUST01232,PROD0048,B003,3,1553.99,0.1,1398.5900000000001,1846.48,-447.89,Completed
ORD011209,2026-03-15,CUST01000,PROD0110,B005,3,1140.14,0.2,912.1099999999999,1389.57,-477.46,Completed
ORD011213,2026-12-28,CUST00476,PROD0034,B001,4,3198.68,0.1,2878.81,2866.35,12.46,Completed
ORD011217,2026-09-06,CUST00857,PROD0109,B005,5,5779.33,0.0,5779.33,4875.55,903.78,Completed
ORD011226,2026-08-21,CUST01297,PROD0105,B005,5,1108.69,0.0,1108.69,1553.98,-445.29,Completed
ORD011231,2026-03-19,CUST00941,PROD0098,B005,4,2747.58,0.2,2198.06,2235.32,-37.26,Completed
ORD011237,2026-07-02,CUST00122,PROD0088,B002,5,1133.24,0.1,1019.9200000000001,1448.01,-428.09,Completed
ORD011238,2026-03-19,CUST00764,PROD0081,B003,3,399.32,0.1,359.39,297.32,62.07,Completed
ORD011242,2026-04-15,CUST00406,PROD0035,B005,5,1725.59,0.15,1466.75,2178.08,-711.33,Completed
ORD011254,2026-06-05,CUST00044,PROD0068,B002,4,3099.74,0.0,3099.74,3293.45,-193.71,Completed
ORD011259,2026-12-17,CUST00243,PROD0043,B003,1,291.4,0.2,233.12,178.65,54.47,Completed
ORD011260,2026-06-19,CUST01387,PROD0104,B001,5,7012.27,0.0,7012.27,5297.84,1714.43,Completed
ORD011265,2026-03-27,CUST01565,PROD0051,B003,2,615.72,0.15,523.3599999999999,1188.1,-664.74,Completed
ORD011266,2026-09-19,CUST00487,PROD0067,B003,1,906.81,0.05,861.47,497.33,364.14,Completed
ORD011267,2026-10-31,CUST01914,PROD0015,B003,5,5994.22,0.1,5394.8,4418.64,976.16,Completed
ORD011269,2026-01-16,CUST02338,PROD0058,B001,4,551.43,0.0,551.43,698.33,-146.9,Completed
ORD011270,2026-01-29,CUST01904,PROD0062,B005,4,1807.01,0.1,1626.31,2314.89,-688.58,Completed
ORD011271,2026-02-19,CUST00307,PROD0005,B005,2,1444.79,0.0,1444.79,1507.46,-62.67,Completed
ORD011273,2026-05-02,CUST01398,PROD0111,B003,2,2493.16,0.15,2119.19,2214.12,-94.93,Completed
ORD011274,2026-08-17,CUST00878,PROD0062,B005,5,2471.18,0.15,2100.5,2893.61,-793.11,Completed
ORD011275,2026-11-11,CUST01416,PROD0051,B005,5,3480.46,0.0,3480.46,2970.26,510.2,Completed
ORD011276,2026-02-10,CUST02396,PROD0022,B004,3,2681.9,0.1,2413.71,2740.74,-327.03,Completed
ORD011281,2026-02-02,CUST02177,PROD0057,B004,4,2967.77,0.05,2819.38,2595.81,223.57,Completed
ORD011284,2026-05-05,CUST00974,PROD0064,B001,2,435.11,0.25,326.3299999999999,1406.57,-1080.24,Completed
ORD011286,2026-10-04,CUST01479,PROD0018,B002,1,544.84,0.15,463.1099999999999,1071.91,-608.8,Completed
ORD011304,2026-02-15,CUST01306,PROD0022,B001,2,1476.04,0.05,1402.2399999999998,1827.16,-424.92,Completed
ORD011306,2026-09-06,CUST01966,PROD0021,B001,4,2328.01,0.05,2211.61,2054.31,157.3,Completed
ORD011310,2026-08-16,CUST01983,PROD0040,B002,2,731.35,0.2,585.0799999999999,1080.7,-495.62,Completed
ORD011311,2026-09-07,CUST01115,PROD0004,B001,1,299.17,0.05,284.21,191.1,93.11,Completed
ORD011316,2026-10-08,CUST02177,PROD0050,B004,5,4162.37,0.25,3121.7799999999997,3171.34,-49.56,Completed
ORD011324,2026-01-16,CUST02275,PROD0089,B004,1,343.33,0.05,326.17,225.59,100.58,Completed
ORD011328,2026-11-11,CUST01915,PROD0095,B001,4,244.07,0.15,207.46000000000004,1071.54,-864.08,Completed
ORD011330,2026-03-11,CUST02159,PROD0079,B005,1,173.3,0.2,138.64,116.57,22.07,Completed
ORD011331,2026-10-25,CUST01739,PROD0064,B004,2,797.82,0.05,757.9300000000001,1406.57,-648.64,Completed
ORD011337,2026-08-17,CUST00812,PROD0026,B003,3,180.52,0.0,180.51999999999998,852.89,-672.37,Completed
ORD011343,2026-12-18,CUST01566,PROD0082,B002,3,5033.57,0.2,4026.8599999999997,3400.99,625.87,Completed
ORD011345,2026-11-20,CUST00542,PROD0043,B003,5,404.36,0.05,384.1400000000001,893.23,-509.09,Completed
ORD011346,2026-07-07,CUST02310,PROD0029,B001,4,498.69,0.25,374.02,1063.4,-689.38,Completed
ORD011348,2026-06-19,CUST02180,PROD0083,B002,2,2131.91,0.15,1812.12,2242.95,-430.83,Completed
ORD011349,2026-12-04,CUST01899,PROD0012,B002,5,648.08,0.05,615.68,437.87,177.81,Completed
ORD011360,2026-11-30,CUST01133,PROD0048,B002,1,477.12,0.0,477.12,615.49,-138.37,Completed
ORD011361,2026-08-12,CUST01304,PROD0049,B002,3,2887.06,0.1,2598.35,2313.24,285.11,Completed
ORD011362,2026-09-02,CUST01165,PROD0032,B003,3,1209.3,0.0,1209.3000000000002,1215.9,-6.6,Completed
ORD011367,2026-01-18,CUST00613,PROD0113,B004,2,1397.26,0.1,1257.5300000000002,1813.91,-556.38,Completed
ORD011372,2026-09-07,CUST02087,PROD0016,B001,2,177.73,0.05,168.84,106.43,62.41,Completed
ORD011373,2026-02-14,CUST01869,PROD0070,B001,1,200.52,0.2,160.42,137.59,22.83,Completed
ORD011374,2026-02-19,CUST01255,PROD0049,B002,1,280.09,0.05,266.0899999999999,771.08,-504.99,Completed
ORD011376,2026-01-28,CUST01460,PROD0116,B002,1,262.17,0.0,262.17,215.09,47.08,Completed
ORD011381,2026-10-10,CUST01000,PROD0044,B005,5,4358.63,0.1,3922.7700000000004,3037.05,885.72,Completed
ORD011383,2026-07-30,CUST01989,PROD0072,B004,4,860.63,0.0,860.6300000000001,1306.48,-445.85,Completed
ORD011395,2026-03-04,CUST00993,PROD0005,B002,1,111.28,0.1,100.15000000000009,753.73,-653.58,Completed
ORD011396,2026-08-31,CUST01467,PROD0107,B003,1,601.73,0.15,511.47,1087.67,-576.2,Completed
ORD011401,2026-04-06,CUST01768,PROD0080,B002,1,406.6,0.0,406.6,282.0,124.6,Completed
ORD011406,2026-03-24,CUST02352,PROD0086,B002,1,527.87,0.15,448.69,400.74,47.95,Completed
ORD011408,2026-05-10,CUST02399,PROD0017,B004,2,739.19,0.0,739.19,1263.96,-524.77,Completed
ORD011412,2026-06-20,CUST02032,PROD0061,B004,2,896.4,0.2,717.12,630.05,87.07,Completed
ORD011422,2026-04-17,CUST00444,PROD0110,B003,3,1390.14,0.0,1390.1399999999999,1389.57,0.57,Completed
ORD011425,2026-05-16,CUST01568,PROD0015,B001,5,6052.71,0.05,5750.07,4418.64,1331.43,Completed
ORD011429,2026-05-28,CUST01179,PROD0080,B005,5,783.0,0.2,626.4000000000001,1409.99,-783.59,Completed
ORD011430,2026-01-25,CUST00599,PROD0100,B003,1,810.99,0.1,729.89,633.28,96.61,Completed
ORD011432,2026-02-07,CUST00996,PROD0064,B005,2,850.46,0.0,850.46,1406.57,-556.11,Completed
ORD011442,2026-05-16,CUST01083,PROD0027,B005,2,257.64,0.1,231.8800000000001,991.49,-759.61,Completed
ORD011447,2026-12-15,CUST02463,PROD0017,B002,4,2145.04,0.25,1608.7800000000002,2527.92,-919.14,Completed
ORD011451,2026-01-30,CUST01301,PROD0089,B002,4,196.86,0.15,167.32999999999993,902.35,-735.02,Completed
ORD011455,2026-12-06,CUST01529,PROD0051,B002,5,3480.46,0.0,3480.46,2970.26,510.2,Completed
ORD011458,2026-12-14,CUST01421,PROD0111,B003,2,2617.01,0.05,2486.16,2214.12,272.04,Completed
ORD011464,2026-10-31,CUST00034,PROD0111,B003,2,2493.16,0.15,2119.19,2214.12,-94.93,Completed
ORD011472,2026-07-24,CUST02121,PROD0091,B001,3,64.55,0.15,54.86999999999989,945.87,-891.0,Completed
ORD011474,2026-12-21,CUST02211,PROD0010,B001,4,6120.21,0.2,4896.17,4287.98,608.19,Completed
ORD011476,2026-04-22,CUST01853,PROD0091,B003,2,827.35,0.0,827.35,630.58,196.77,Completed
ORD011479,2026-04-01,CUST02464,PROD0080,B003,1,406.6,0.2,325.28,282.0,43.28,Completed
ORD011480,2026-10-01,CUST01036,PROD0069,B003,5,5214.07,0.1,4692.66,3432.19,1260.47,Completed
ORD011483,2026-10-11,CUST01085,PROD0054,B003,2,1005.35,0.2,804.28,1524.07,-719.79,Completed
ORD011484,2026-12-19,CUST01036,PROD0099,B005,3,1495.18,0.05,1420.42,1780.7,-360.28,Completed
ORD011487,2026-11-24,CUST01157,PROD0054,B004,1,127.68,0.0,127.68000000000006,762.03,-634.35,Completed
ORD011499,2026-09-27,CUST01074,PROD0035,B002,5,1725.59,0.15,1466.75,2178.08,-711.33,Completed
ORD011509,2026-08-26,CUST00899,PROD0101,B005,1,646.39,0.15,549.43,460.5,88.93,Completed
ORD011511,2026-10-06,CUST01755,PROD0080,B005,3,1219.8,0.25,914.85,845.99,68.86,Completed
ORD011512,2026-02-20,CUST02360,PROD0117,B001,3,1205.69,0.1,1085.12,1428.37,-343.25,Completed
ORD011516,2026-05-31,CUST02171,PROD0098,B004,4,2997.57,0.0,2997.57,2235.32,762.25,Completed
ORD011517,2026-09-01,CUST01602,PROD0092,B001,1,104.44,0.2,83.55,66.64,16.91,Completed
ORD011530,2026-01-27,CUST02022,PROD0062,B002,3,1077.48,0.1,969.73,1736.16,-766.43,Completed
ORD011533,2026-12-26,CUST01685,PROD0119,B003,4,1217.86,0.15,1035.18,1737.24,-702.06,Completed
ORD011535,2026-07-05,CUST01328,PROD0015,B004,3,3210.57,0.05,3050.04,2651.18,398.86,Completed
ORD011542,2026-06-27,CUST00770,PROD0099,B005,2,645.91,0.05,613.6099999999999,1187.14,-573.53,Completed
ORD011545,2026-03-20,CUST02426,PROD0013,B001,2,300.47,0.05,285.45000000000005,915.45,-630.0,Completed
ORD011546,2026-02-12,CUST02354,PROD0083,B005,4,5564.12,0.05,5285.91,4485.91,800.0,Completed
ORD011547,2026-07-11,CUST01992,PROD0046,B002,2,446.67,0.2,357.34,337.11,20.23,Completed
ORD011550,2026-10-14,CUST00016,PROD0019,B002,5,1651.96,0.0,1651.96,2770.95,-1118.99,Completed
ORD011554,2026-06-10,CUST02086,PROD0033,B001,1,600.34,0.0,600.34,383.24,217.1,Completed
ORD011563,2026-02-22,CUST00208,PROD0022,B001,5,5210.58,0.1,4689.52,4567.91,121.61,Completed
ORD011564,2026-06-12,CUST02134,PROD0044,B005,5,4136.41,0.25,3102.3100000000004,3037.05,65.26,Completed
ORD011570,2026-01-19,CUST01309,PROD0064,B001,5,3515.03,0.1,3163.5299999999997,3516.44,-352.91,Completed
ORD011576,2026-07-01,CUST02146,PROD0085,B002,3,129.15,0.15,109.78,102.34,7.44,Completed
ORD011584,2026-03-30,CUST00088,PROD0016,B003,4,355.46,0.0,355.46,212.86,142.6,Completed
ORD011589,2026-05-20,CUST01166,PROD0075,B004,5,6016.86,0.05,5716.02,5462.28,253.74,Completed
ORD011595,2026-07-27,CUST00653,PROD0035,B001,4,1071.65,0.2,857.3199999999999,1742.46,-885.14,Completed
ORD011600,2026-02-19,CUST01335,PROD0093,B003,1,866.35,0.05,823.04,635.67,187.37,Completed
ORD011602,2026-04-26,CUST02152,PROD0080,B005,4,449.93,0.15,382.44000000000005,1127.99,-745.55,Completed
ORD011603,2026-03-23,CUST00416,PROD0109,B001,5,5726.69,0.05,5440.36,4875.55,564.81,Completed
ORD011606,2026-08-27,CUST00240,PROD0042,B004,1,342.41,0.1,308.1700000000001,1064.39,-756.22,Completed
ORD011608,2026-09-24,CUST00564,PROD0094,B002,3,290.91,0.05,276.36,351.05,-74.69,Completed
ORD011613,2026-05-06,CUST00149,PROD0075,B001,4,4602.97,0.05,4372.82,4369.82,3.0,Completed
ORD011614,2026-07-31,CUST01028,PROD0016,B005,1,88.86,0.15,75.54,53.22,22.32,Completed
ORD011621,2026-01-19,CUST01854,PROD0084,B002,4,896.61,0.15,762.1199999999999,1530.5,-768.38,Completed
ORD011626,2026-12-13,CUST00716,PROD0093,B004,1,866.35,0.15,736.4,635.67,100.73,Completed
ORD011638,2026-01-07,CUST02000,PROD0075,B001,5,6069.49,0.0,6069.49,5462.28,607.21,Completed
ORD011641,2026-12-22,CUST00005,PROD0026,B003,5,914.89,0.05,869.1500000000001,1421.48,-552.33,Completed
ORD011654,2026-12-23,CUST02324,PROD0100,B001,2,445.51,0.15,378.68000000000006,1266.56,-887.88,Completed
ORD011657,2026-09-01,CUST01158,PROD0026,B005,1,393.51,0.1,354.15,284.3,69.85,Completed
ORD011660,2026-03-01,CUST00159,PROD0094,B004,1,195.28,0.1,175.75,117.02,58.73,Completed
ORD011661,2026-04-28,CUST00278,PROD0003,B001,5,836.33,0.05,794.51,1338.64,-544.13,Completed
ORD011664,2026-04-22,CUST00731,PROD0100,B005,4,1910.61,0.25,1432.96,2533.12,-1100.16,Completed
ORD011665,2026-06-12,CUST01548,PROD0099,B002,3,1495.18,0.05,1420.42,1780.7,-360.28,Completed
ORD011667,2026-09-28,CUST01011,PROD0100,B003,4,2243.95,0.0,2243.95,2533.12,-289.17,Completed
ORD011672,2026-06-16,CUST02090,PROD0033,B001,1,600.34,0.15,510.29,383.24,127.05,Completed
ORD011673,2026-03-28,CUST01422,PROD0024,B002,5,5357.55,0.05,5089.67,3515.47,1574.2,Completed
ORD011679,2026-05-18,CUST01238,PROD0065,B001,4,4155.34,0.2,3324.2700000000004,4044.87,-720.6,Completed
ORD011682,2026-12-10,CUST00586,PROD0053,B001,1,555.84,0.05,528.04,361.6,166.44,Completed
ORD011696,2026-01-31,CUST01115,PROD0085,B002,5,215.26,0.15,182.97,170.57,12.4,Completed
ORD011698,2026-03-15,CUST02088,PROD0034,B003,5,4334.61,0.05,4117.88,3582.94,534.94,Completed
ORD011699,2026-01-15,CUST02394,PROD0016,B002,3,266.59,0.1,239.93,159.65,80.28,Completed
ORD011704,2026-12-24,CUST01032,PROD0064,B001,1,925.23,0.1,832.71,703.29,129.42,Completed
ORD011708,2026-11-22,CUST00254,PROD0019,B004,4,2502.15,0.05,2377.04,2216.76,160.28,Completed
ORD011714,2026-04-30,CUST02254,PROD0006,B003,4,1566.74,0.1,1410.0700000000002,1943.61,-533.54,Completed
ORD011721,2026-02-11,CUST01111,PROD0038,B005,1,59.93,0.0,59.93,40.71,19.22,Completed
ORD011724,2026-05-26,CUST01161,PROD0043,B005,4,165.59,0.0,165.58999999999992,714.58,-548.99,Completed
ORD011726,2026-09-08,CUST01430,PROD0045,B004,4,2769.0,0.2,2215.2,2866.23,-651.03,Completed
ORD011727,2026-12-07,CUST00266,PROD0047,B001,4,188.16,0.05,178.75,718.6,-539.85,Completed
ORD011729,2026-10-08,CUST01026,PROD0109,B001,4,4246.99,0.15,3609.9399999999996,3900.44,-290.5,Completed
ORD011731,2026-04-28,CUST00594,PROD0110,B003,4,2186.86,0.0,2186.86,1852.77,334.09,Completed
ORD011733,2026-05-24,CUST01599,PROD0019,B001,1,888.69,0.05,844.26,554.19,290.07,Completed
ORD011737,2026-04-04,CUST00115,PROD0025,B002,1,990.04,0.15,841.54,590.72,250.82,Completed
ORD011738,2026-04-08,CUST02388,PROD0008,B004,2,531.11,0.0,531.11,437.82,93.29,Completed
ORD011742,2026-12-07,CUST01090,PROD0111,B003,3,4327.99,0.15,3678.79,3321.19,357.6,Completed
ORD011743,2026-06-05,CUST00579,PROD0063,B003,2,174.19,0.0,174.19,200.93,-26.74,Completed
ORD011747,2026-12-07,CUST00672,PROD0066,B001,1,221.74,0.15,188.48000000000002,1004.49,-816.01,Completed
ORD011749,2026-08-13,CUST02027,PROD0108,B003,5,3496.78,0.05,3321.9399999999996,2617.12,704.82,Completed
ORD011750,2026-09-01,CUST00392,PROD0081,B001,3,399.32,0.2,319.46,297.32,22.14,Completed
ORD011753,2026-09-30,CUST00454,PROD0080,B003,3,1219.8,0.2,975.84,845.99,129.85,Completed
ORD011756,2026-03-22,CUST00944,PROD0103,B002,2,568.85,0.15,483.52,1032.87,-549.35,Completed
ORD011761,2026-10-31,CUST00925,PROD0031,B004,5,2085.17,0.2,1668.1399999999999,2737.47,-1069.33,Completed
ORD011764,2026-11-20,CUST01221,PROD0009,B001,4,166.03,0.1,149.43000000000006,782.1,-632.67,Completed
ORD011765,2026-04-03,CUST02435,PROD0031,B003,4,1491.67,0.15,1267.92,2189.98,-922.06,Completed
ORD011767,2026-10-04,CUST01942,PROD0067,B001,4,2516.12,0.1,2264.51,1989.31,275.2,Completed
ORD011770,2026-05-24,CUST00978,PROD0065,B005,5,5506.68,0.2,4405.34,5056.08,-650.74,Completed
ORD011771,2026-02-07,CUST02229,PROD0103,B002,5,3363.29,0.0,3363.29,2582.17,781.12,Completed
ORD011772,2026-04-02,CUST02443,PROD0002,B003,4,1667.93,0.05,1584.5300000000002,1645.04,-60.51,Completed
ORD011775,2026-05-14,CUST02131,PROD0074,B003,5,2087.75,0.15,1774.5900000000001,2524.19,-749.6,Completed
ORD011776,2026-09-06,CUST01838,PROD0032,B001,4,1769.27,0.15,1503.88,1621.2,-117.32,Completed
ORD011777,2026-03-06,CUST00203,PROD0059,B001,5,3541.67,0.25,2656.25,3083.56,-427.31,Completed
ORD011778,2026-07-11,CUST01512,PROD0075,B001,1,413.9,0.0,413.9000000000001,1092.46,-678.56,Completed
ORD011787,2026-10-04,CUST00882,PROD0099,B001,5,3069.87,0.15,2609.39,2967.84,-358.45,Completed
ORD011790,2026-05-17,CUST01957,PROD0081,B003,5,665.54,0.0,665.54,495.54,170.0,Completed
ORD011796,2026-10-11,CUST00358,PROD0038,B005,2,119.86,0.25,89.89,81.42,8.47,Completed
ORD011797,2026-08-01,CUST01270,PROD0056,B002,3,3124.04,0.1,2811.64,3172.93,-361.29,Completed
ORD011800,2026-03-06,CUST01319,PROD0090,B004,1,319.88,0.15,271.9,200.18,71.72,Completed
ORD011804,2026-05-27,CUST02188,PROD0101,B003,3,886.54,0.05,842.21,1381.51,-539.3,Completed
ORD011806,2026-03-26,CUST02168,PROD0117,B002,3,1205.69,0.1,1085.12,1428.37,-343.25,Completed
ORD011809,2026-07-30,CUST00072,PROD0073,B001,5,914.01,0.15,776.91,599.86,177.05,Completed
ORD011815,2026-06-21,CUST02408,PROD0041,B002,3,345.23,0.15,293.45,187.47,105.98,Completed
ORD011820,2026-12-04,CUST01984,PROD0049,B002,2,1612.81,0.05,1532.17,1542.16,-9.99,Completed
ORD011828,2026-11-06,CUST01712,PROD0032,B004,1,736.43,0.1,662.79,405.3,257.49,Completed
ORD011834,2026-06-19,CUST00228,PROD0049,B001,2,1488.98,0.15,1265.63,1542.16,-276.53,Completed
ORD011837,2026-07-28,CUST01379,PROD0108,B002,5,3549.41,0.0,3549.41,2617.12,932.29,Completed
ORD011839,2026-04-29,CUST01783,PROD0052,B003,4,1531.62,0.1,1378.46,1813.4,-434.94,Completed
ORD011840,2026-08-05,CUST02290,PROD0088,B002,4,684.37,0.1,615.9300000000001,1158.41,-542.48,Completed
ORD011842,2026-09-17,CUST00117,PROD0065,B005,5,5580.21,0.15,4743.18,5056.08,-312.9,Completed
ORD011843,2026-09-17,CUST00708,PROD0029,B002,4,832.02,0.0,832.02,1063.4,-231.38,Completed
ORD011844,2026-06-18,CUST00594,PROD0115,B001,2,381.98,0.1,343.78,921.31,-577.53,Completed
ORD011846,2026-12-09,CUST01188,PROD0106,B003,5,2540.27,0.05,2413.26,2156.1,257.16,Completed
ORD011847,2026-11-25,CUST00818,PROD0106,B003,3,1103.11,0.05,1047.95,1293.66,-245.71,Completed
ORD011854,2026-07-08,CUST00472,PROD0007,B001,1,47.71,0.15,40.55,35.75,4.8,Completed
ORD011856,2026-10-15,CUST01630,PROD0105,B005,5,1056.05,0.05,1003.25,1553.98,-550.73,Completed
ORD011864,2026-08-28,CUST01731,PROD0086,B001,1,527.87,0.05,501.47,400.74,100.73,Completed
ORD011865,2026-03-16,CUST00099,PROD0116,B002,4,1048.69,0.05,996.26,860.36,135.9,Completed
ORD011866,2026-07-27,CUST00719,PROD0115,B001,5,2621.62,0.1,2359.46,2303.26,56.2,Completed
ORD011867,2026-12-05,CUST02370,PROD0056,B001,4,4535.77,0.1,4082.1899999999996,4230.57,-148.38,Completed
ORD011877,2026-05-28,CUST00430,PROD0036,B002,3,850.08,0.05,807.58,459.65,347.93,Completed
ORD011882,2026-07-12,CUST01315,PROD0065,B005,5,5756.67,0.0,5756.67,5056.08,700.59,Completed
ORD011884,2026-11-18,CUST00019,PROD0008,B001,1,265.55,0.15,225.72,218.91,6.81,Completed
ORD011887,2026-01-18,CUST01121,PROD0026,B001,1,393.51,0.1,354.15,284.3,69.85,Completed
ORD011888,2026-09-26,CUST02038,PROD0053,B001,4,1112.24,0.1,1001.02,1446.41,-445.39,Completed
ORD011892,2026-12-12,CUST01986,PROD0012,B003,1,129.62,0.0,129.62,87.57,42.05,Completed
ORD011894,2026-09-09,CUST01330,PROD0084,B003,2,1036.54,0.15,881.06,765.25,115.81,Completed
ORD011895,2026-09-21,CUST00405,PROD0075,B005,2,1827.8,0.0,1827.8000000000002,2184.91,-357.11,Completed
ORD011899,2026-12-03,CUST01235,PROD0107,B005,5,7641.01,0.2,6112.81,5438.35,674.46,Completed
ORD011900,2026-11-09,CUST00093,PROD0083,B001,1,601.56,0.05,571.48,1121.48,-550.0,Completed
ORD011902,2026-10-03,CUST02122,PROD0081,B002,4,532.43,0.0,532.43,396.43,136.0,Completed
ORD011907,2026-10-18,CUST00664,PROD0094,B004,2,390.56,0.15,331.98,234.04,97.94,Completed
ORD011908,2026-12-24,CUST00634,PROD0061,B002,4,792.8,0.0,792.8,1260.1,-467.3,Completed
ORD011919,2026-04-28,CUST01290,PROD0032,B003,5,2682.17,0.0,2682.17,2026.5,655.67,Completed
ORD011922,2026-10-12,CUST01897,PROD0079,B005,5,866.51,0.1,779.86,582.85,197.01,Completed
ORD011924,2026-05-02,CUST00302,PROD0068,B003,3,1898.33,0.15,1613.58,2470.09,-856.51,Completed
ORD011926,2026-07-11,CUST01562,PROD0057,B005,5,3849.02,0.15,3271.67,3244.76,26.91,Completed
ORD011928,2026-04-08,CUST01068,PROD0024,B004,5,5233.71,0.15,4448.65,3515.47,933.18,Completed
ORD011933,2026-09-18,CUST01583,PROD0018,B005,3,4163.92,0.0,4163.92,3215.72,948.2,Completed
ORD011935,2026-06-18,CUST00363,PROD0032,B001,1,736.43,0.15,625.97,405.3,220.67,Completed
ORD011938,2026-12-20,CUST00973,PROD0098,B001,1,999.39,0.1,899.45,558.83,340.62,Completed
ORD011940,2026-04-25,CUST01126,PROD0045,B003,1,4.75,0.0,4.75,716.56,-711.81,Completed
ORD011943,2026-09-05,CUST00377,PROD0007,B001,5,238.54,0.15,202.76,178.76,24.0,Completed
ORD011953,2026-07-29,CUST00722,PROD0021,B005,1,845.16,0.1,760.64,513.58,247.06,Completed
ORD011960,2026-01-03,CUST00159,PROD0077,B005,4,1216.09,0.2,972.87,984.21,-11.34,Completed
ORD011961,2026-10-04,CUST01594,PROD0016,B004,3,266.59,0.1,239.93,159.65,80.28,Completed
ORD011963,2026-05-29,CUST00730,PROD0035,B002,3,1026.09,0.05,974.78,1306.85,-332.07,Completed
ORD011975,2026-07-11,CUST02436,PROD0071,B005,5,1346.29,0.05,1278.98,1867.86,-588.88,Completed
ORD011978,2026-03-09,CUST01709,PROD0078,B004,4,2616.71,0.1,2355.04,2295.91,59.13,Completed
ORD011979,2026-03-09,CUST00636,PROD0090,B002,2,639.76,0.05,607.77,400.36,207.41,Completed
ORD011982,2026-01-09,CUST00411,PROD0041,B005,5,575.39,0.1,517.85,312.45,205.4,Completed
ORD011987,2026-03-17,CUST02030,PROD0110,B005,2,482.32,0.1,434.0899999999999,926.38,-492.29,Completed
ORD011989,2026-07-02,CUST00431,PROD0088,B001,2,897.74,0.2,718.19,579.21,138.98,Completed
ORD012004,2026-05-27,CUST00579,PROD0078,B002,1,931.95,0.15,792.16,573.98,218.18,Completed
ORD012005,2026-09-14,CUST02019,PROD0035,B004,4,1321.65,0.0,1321.65,1742.46,-420.81,Completed
ORD012011,2026-10-22,CUST01393,PROD0067,B001,2,813.62,0.0,813.6199999999999,994.65,-181.03,Completed
ORD012026,2026-03-09,CUST01299,PROD0036,B002,2,566.72,0.15,481.71,306.44,175.27,Completed
ORD012033,2026-05-24,CUST01718,PROD0051,B004,4,2334.36,0.2,1867.4899999999998,2376.21,-508.72,Completed
ORD012037,2026-08-23,CUST00290,PROD0022,B001,2,1476.04,0.05,1402.2399999999998,1827.16,-424.92,Completed
ORD012038,2026-10-11,CUST02040,PROD0088,B001,3,235.5,0.1,211.95000000000005,868.81,-656.86,Completed
ORD012040,2026-12-02,CUST01160,PROD0071,B004,5,1398.93,0.0,1398.9299999999998,1867.86,-468.93,Completed
ORD012041,2026-01-06,CUST01094,PROD0095,B002,2,710.27,0.15,603.73,535.77,67.96,Completed
ORD012054,2026-09-17,CUST00682,PROD0027,B001,5,2245.41,0.15,1908.6,2478.73,-570.13,Completed
ORD012076,2026-09-29,CUST01268,PROD0061,B002,3,94.6,0.2,75.68000000000006,945.07,-869.39,Completed
ORD012077,2026-02-04,CUST00318,PROD0079,B002,4,693.21,0.2,554.57,466.28,88.29,Completed
ORD012082,2026-07-30,CUST01052,PROD0087,B003,2,1251.01,0.1,1125.9099999999999,1649.39,-523.48,Completed
ORD012090,2026-06-09,CUST00421,PROD0090,B004,3,959.63,0.1,863.67,600.54,263.13,Completed
ORD012096,2026-01-10,CUST01711,PROD0120,B005,5,1845.83,0.0,1845.83,1834.73,11.1,Completed
ORD012098,2026-06-13,CUST00032,PROD0093,B003,1,866.35,0.1,779.72,635.67,144.05,Completed
ORD012103,2026-09-26,CUST00121,PROD0028,B002,2,349.27,0.1,314.3399999999999,917.03,-602.69,Completed
ORD012104,2026-09-30,CUST02047,PROD0072,B001,4,749.52,0.1,674.5699999999999,1306.48,-631.91,Completed
ORD012107,2026-06-08,CUST01894,PROD0069,B003,4,4060.14,0.0,4060.1400000000003,2745.75,1314.39,Completed
ORD012109,2026-12-07,CUST01615,PROD0087,B001,1,69.96,0.1,62.960000000000036,824.7,-761.74,Completed
ORD012118,2026-12-11,CUST01849,PROD0085,B004,4,172.21,0.05,163.6,136.46,27.14,Completed
ORD012122,2026-08-13,CUST02399,PROD0010,B002,5,8101.67,0.1,7291.5,5359.98,1931.52,Completed
ORD012124,2026-10-02,CUST00933,PROD0047,B002,5,374.52,0.15,318.3399999999999,898.25,-579.91,Completed
ORD012127,2026-07-23,CUST01829,PROD0029,B001,1,458.01,0.05,435.11,265.85,169.26,Completed
ORD012135,2026-07-14,CUST00418,PROD0041,B003,2,230.15,0.2,184.12,124.98,59.14,Completed
ORD012140,2026-07-27,CUST02272,PROD0001,B005,4,6581.11,0.15,5593.94,4252.71,1341.23,Completed
ORD012144,2026-05-16,CUST01660,PROD0010,B002,2,2435.11,0.2,1948.0900000000001,2143.99,-195.9,Completed
ORD012153,2026-11-04,CUST02020,PROD0090,B005,1,319.88,0.0,319.88,200.18,119.7,Completed
ORD012167,2026-08-03,CUST00762,PROD0005,B004,3,2556.08,0.1,2300.47,2261.19,39.28,Completed
ORD012169,2026-12-24,CUST01218,PROD0031,B002,3,751.1,0.2,600.8800000000001,1642.48,-1041.6,Completed
ORD012172,2026-04-01,CUST02432,PROD0013,B002,2,242.0,0.1,217.79999999999995,915.45,-697.65,Completed
ORD012178,2026-01-12,CUST00247,PROD0036,B001,1,283.36,0.25,212.52,153.22,59.3,Completed
ORD012179,2026-03-27,CUST02343,PROD0027,B001,4,1487.51,0.2,1190.0100000000002,1982.98,-792.97,Completed
ORD012180,2026-12-24,CUST00498,PROD0029,B003,4,720.91,0.1,648.8199999999999,1063.4,-414.58,Completed
ORD012181,2026-12-09,CUST02384,PROD0102,B003,2,542.8,0.0,542.8,889.73,-346.93,Completed
ORD012187,2026-07-20,CUST00660,PROD0089,B002,2,686.67,0.2,549.34,451.18,98.16,Completed
ORD012188,2026-03-31,CUST00697,PROD0007,B002,5,238.54,0.0,238.54,178.76,59.78,Completed
ORD012190,2026-07-31,CUST02083,PROD0062,B001,5,2536.54,0.1,2282.89,2893.61,-610.72,Completed
ORD012192,2026-01-01,CUST02080,PROD0073,B002,1,182.8,0.0,182.8,119.97,62.83,Completed
ORD012211,2026-06-04,CUST02382,PROD0049,B001,4,4080.89,0.2,3264.71,3084.32,180.39,Completed
ORD012215,2026-06-29,CUST00214,PROD0107,B001,3,4223.49,0.1,3801.1400000000003,3263.01,538.13,Completed
ORD012216,2026-02-22,CUST00693,PROD0029,B001,3,374.02,0.0,374.02,797.55,-423.53,Completed
ORD012217,2026-12-08,CUST00911,PROD0051,B003,5,3480.46,0.0,3480.46,2970.26,510.2,Completed
ORD012224,2026-04-20,CUST01665,PROD0051,B004,5,3369.34,0.1,3032.41,2970.26,62.15,Completed
ORD012235,2026-04-20,CUST00278,PROD0010,B004,2,2574.0,0.1,2316.6,2143.99,172.61,Completed
ORD012241,2026-01-03,CUST00160,PROD0005,B003,3,2556.08,0.1,2300.47,2261.19,39.28,Completed
ORD012244,2026-07-26,CUST00688,PROD0051,B001,4,2584.37,0.0,2584.37,2376.21,208.16,Completed
ORD012245,2026-08-21,CUST02344,PROD0097,B003,3,4230.87,0.05,4019.33,3253.85,765.48,Completed
ORD012246,2026-02-23,CUST01519,PROD0035,B001,3,630.12,0.1,567.1099999999999,1306.85,-739.74,Completed
ORD012248,2026-11-20,CUST01380,PROD0105,B001,5,1108.69,0.0,1108.69,1553.98,-445.29,Completed
ORD012251,2026-09-16,CUST00159,PROD0039,B004,2,1912.75,0.05,1817.1100000000001,1652.49,164.62,Completed
ORD012252,2026-05-16,CUST00177,PROD0076,B005,3,899.93,0.25,674.95,720.15,-45.2,Completed
ORD012253,2026-09-25,CUST00978,PROD0106,B001,1,718.58,0.1,646.72,431.22,215.5,Completed
ORD012255,2026-10-08,CUST00378,PROD0072,B003,3,62.15,0.25,46.6099999999999,979.86,-933.25,Completed
ORD012256,2026-10-31,CUST00644,PROD0053,B003,5,1602.72,0.15,1362.31,1808.01,-445.7,Completed
ORD012257,2026-11-10,CUST00554,PROD0035,B003,2,49.71,0.1,44.74000000000001,871.23,-826.49,Completed
ORD012259,2026-02-27,CUST00462,PROD0069,B002,2,1418.96,0.1,1277.06,1372.88,-95.82,Completed
ORD012264,2026-12-30,CUST00567,PROD0073,B004,5,914.01,0.15,776.91,599.86,177.05,Completed
ORD012267,2026-01-18,CUST01372,PROD0116,B002,4,1048.69,0.1,943.82,860.36,83.46,Completed
ORD012270,2026-01-17,CUST01359,PROD0099,B005,4,2220.61,0.15,1887.52,2374.27,-486.75,Completed
ORD012271,2026-01-07,CUST01983,PROD0093,B004,3,1599.06,0.0,1599.06,1907.02,-307.96,Completed
ORD012272,2026-06-04,CUST01260,PROD0098,B004,1,999.39,0.0,999.39,558.83,440.56,Completed
ORD012277,2026-12-19,CUST00615,PROD0051,B002,1,896.09,0.0,896.09,594.05,302.04,Completed
ORD012283,2026-11-29,CUST01552,PROD0055,B005,3,144.23,0.2,115.38000000000011,790.62,-675.24,Completed
ORD012290,2026-04-19,CUST02382,PROD0071,B002,3,262.89,0.15,223.46000000000004,1120.72,-897.26,Completed
ORD012300,2026-02-09,CUST00178,PROD0089,B005,3,1030.0,0.1,927.0,676.76,250.24,Completed
ORD012301,2026-11-08,CUST00360,PROD0064,B001,5,3573.51,0.05,3394.83,3516.44,-121.61,Completed
ORD012306,2026-07-08,CUST01202,PROD0040,B001,4,2712.7,0.2,2170.16,2161.41,8.75,Completed
ORD012315,2026-01-21,CUST00757,PROD0088,B004,5,1067.88,0.15,907.7,1448.01,-540.31,Completed
ORD012317,2026-01-11,CUST01750,PROD0062,B001,2,459.06,0.0,459.05999999999995,1157.44,-698.38,Completed
ORD012331,2026-08-03,CUST00754,PROD0004,B001,3,897.52,0.15,762.9,573.31,189.59,Completed
ORD012335,2026-09-28,CUST01624,PROD0111,B002,4,6162.8,0.15,5238.38,4428.25,810.13,Completed
ORD012336,2026-02-26,CUST00460,PROD0058,B004,5,313.79,0.2,251.02999999999997,872.91,-621.88,Completed
ORD012337,2026-03-03,CUST01825,PROD0023,B004,3,2766.54,0.05,2628.21,2360.76,267.45,Completed
ORD012338,2026-08-10,CUST01376,PROD0075,B005,2,1033.92,0.2,827.1400000000001,2184.91,-1357.77,Completed
ORD012346,2026-04-13,CUST00983,PROD0073,B001,4,731.21,0.1,658.09,479.89,178.2,Completed
ORD012352,2026-12-20,CUST02498,PROD0033,B001,1,600.34,0.05,570.33,383.24,187.09,Completed
ORD012356,2026-01-12,CUST02177,PROD0103,B002,1,872.66,0.05,829.02,516.43,312.59,Completed
ORD012369,2026-09-29,CUST02335,PROD0066,B004,4,4416.39,0.15,3753.9300000000003,4017.96,-264.03,Completed
ORD012372,2026-06-21,CUST01673,PROD0065,B005,1,174.87,0.15,148.6400000000001,1011.22,-862.58,Completed
ORD012376,2026-07-07,CUST01379,PROD0042,B005,3,3184.11,0.15,2706.49,3193.16,-486.67,Completed
ORD012383,2026-07-18,CUST01042,PROD0085,B004,1,34.72,0.15,29.52,34.11,-4.59,Completed
ORD012387,2026-03-27,CUST01524,PROD0021,B003,4,2047.31,0.25,1535.48,2054.31,-518.83,Completed
ORD012389,2026-06-20,CUST01146,PROD0042,B004,1,277.06,0.15,235.5,1064.39,-828.89,Completed
ORD012392,2026-09-17,CUST01663,PROD0038,B001,2,119.86,0.25,89.89,81.42,8.47,Completed
ORD012394,2026-06-08,CUST01411,PROD0077,B002,2,608.04,0.15,516.84,492.1,24.74,Completed
ORD012400,2026-01-01,CUST00617,PROD0043,B003,2,582.79,0.1,524.52,357.29,167.23,Completed
ORD012413,2026-04-12,CUST00758,PROD0100,B002,1,593.48,0.1,534.13,633.28,-99.15,Completed
ORD012416,2026-02-06,CUST01487,PROD0064,B004,3,1664.57,0.1,1498.1100000000001,2109.86,-611.75,Completed
ORD012429,2026-01-06,CUST00219,PROD0116,B004,4,1048.69,0.1,943.82,860.36,83.46,Completed
ORD012430,2026-01-02,CUST01568,PROD0078,B002,5,3659.77,0.0,3659.7700000000004,2869.89,789.88,Completed
ORD012441,2026-10-11,CUST02296,PROD0106,B001,3,905.75,0.2,724.5999999999999,1293.66,-569.06,Completed
ORD012442,2026-08-12,CUST01277,PROD0101,B005,4,1252.23,0.25,939.1700000000001,1842.01,-902.84,Completed
ORD012452,2026-02-01,CUST01015,PROD0016,B004,1,88.86,0.1,79.98,53.22,26.76,Completed
ORD012453,2026-11-14,CUST01754,PROD0090,B005,2,639.76,0.15,543.79,400.36,143.43,Completed
ORD012456,2026-12-13,CUST02350,PROD0032,B004,3,959.3,0.2,767.44,1215.9,-448.46,Completed
ORD012466,2026-03-07,CUST01646,PROD0027,B001,5,2369.25,0.05,2250.79,2478.73,-227.94,Completed
ORD012468,2026-02-07,CUST00661,PROD0045,B001,2,833.02,0.15,708.0699999999999,1433.11,-725.04,Completed
ORD012470,2026-06-10,CUST02049,PROD0050,B005,1,99.14,0.0,99.1400000000001,634.27,-535.13,Completed
ORD012471,2026-09-30,CUST00123,PROD0119,B004,2,197.16,0.0,197.16000000000008,868.62,-671.46,Completed
ORD012484,2026-11-07,CUST01457,PROD0014,B003,3,2892.64,0.2,2314.11,2371.81,-57.7,Completed
ORD012490,2026-08-24,CUST01259,PROD0093,B001,5,3155.29,0.15,2682.0,3178.36,-496.36,Completed
ORD012499,2026-06-11,CUST00602,PROD0084,B001,2,36.54,0.0,36.539999999999964,765.25,-728.71,Completed
ORD012508,2026-09-28,CUST00666,PROD0027,B002,5,2088.56,0.25,1566.42,2478.73,-912.31,Completed
ORD012517,2026-02-11,CUST02297,PROD0033,B001,3,551.02,0.2,440.81999999999994,1149.73,-708.91,Completed
ORD012522,2026-03-25,CUST02064,PROD0074,B001,4,1434.91,0.15,1219.67,2019.35,-799.68,Completed
ORD012524,2026-05-25,CUST00993,PROD0071,B002,1,479.79,0.0,479.79,373.57,106.22,Completed
ORD012546,2026-04-14,CUST01498,PROD0062,B004,1,729.53,0.15,620.1,578.72,41.38,Completed
ORD012549,2026-03-27,CUST01427,PROD0002,B001,2,307.64,0.05,292.26,822.52,-530.26,Completed
ORD012552,2026-01-06,CUST02063,PROD0040,B001,1,990.67,0.15,842.08,540.35,301.73,Completed
ORD012553,2026-03-29,CUST00595,PROD0073,B002,4,731.21,0.1,658.09,479.89,178.2,Completed
ORD012557,2026-10-22,CUST00689,PROD0088,B005,5,1133.24,0.1,1019.9200000000001,1448.01,-428.09,Completed
ORD012561,2026-09-15,CUST00305,PROD0006,B003,1,669.46,0.15,569.05,485.9,83.15,Completed
ORD012562,2026-09-04,CUST01743,PROD0093,B004,1,866.35,0.1,779.72,635.67,144.05,Completed
ORD012572,2026-07-15,CUST01966,PROD0036,B002,1,283.36,0.05,269.19,153.22,115.97,Completed
ORD012573,2026-08-12,CUST02370,PROD0084,B005,2,1036.54,0.1,932.89,765.25,167.64,Completed
ORD012579,2026-09-07,CUST02397,PROD0072,B005,4,749.52,0.1,674.5699999999999,1306.48,-631.91,Completed
ORD012582,2026-09-25,CUST01883,PROD0042,B003,5,6215.0,0.05,5904.25,5321.93,582.32,Completed
ORD012586,2026-10-07,CUST01162,PROD0082,B004,4,7201.64,0.15,6121.39,4534.66,1586.73,Completed
ORD012588,2026-12-08,CUST02243,PROD0116,B001,5,60.86,0.2,48.690000000000055,1075.45,-1026.76,Completed
ORD012589,2026-04-29,CUST00039,PROD0060,B002,2,179.05,0.0,179.05,117.55,61.5,Completed
ORD012590,2026-03-26,CUST00763,PROD0110,B001,1,796.71,0.0,796.71,463.19,333.52,Completed
ORD012592,2026-11-24,CUST00324,PROD0035,B004,1,580.41,0.1,522.37,435.62,86.75,Completed
ORD012593,2026-01-19,CUST00964,PROD0039,B002,2,1715.38,0.2,1372.3000000000002,1652.49,-280.19,Completed
ORD012594,2026-11-23,CUST00655,PROD0101,B002,1,646.39,0.2,517.11,460.5,56.61,Completed
ORD012596,2026-04-12,CUST01252,PROD0045,B002,1,1004.75,0.1,904.27,716.56,187.71,Completed
ORD012597,2026-04-06,CUST02032,PROD0022,B005,4,4057.35,0.0,4057.3500000000004,3654.32,403.03,Completed
ORD012603,2026-02-18,CUST00731,PROD0082,B002,4,7128.11,0.2,5702.49,4534.66,1167.83,Completed
ORD012607,2026-09-24,CUST00286,PROD0081,B004,4,532.43,0.2,425.95,396.43,29.52,Completed
ORD012609,2026-04-29,CUST00266,PROD0102,B004,5,979.05,0.2,783.24,2224.33,-1441.09,Completed
ORD012615,2026-06-21,CUST01248,PROD0041,B004,2,230.15,0.15,195.63,124.98,70.65,Completed
ORD012623,2026-03-01,CUST00571,PROD0042,B001,3,3249.47,0.1,2924.52,3193.16,-268.64,Completed
ORD012629,2026-03-22,CUST02147,PROD0093,B002,1,866.35,0.05,823.04,635.67,187.37,Completed
ORD012630,2026-11-26,CUST02373,PROD0070,B004,3,601.57,0.0,601.57,412.77,188.8,Completed
ORD012631,2026-11-24,CUST00884,PROD0115,B001,3,1187.01,0.05,1127.6599999999999,1381.96,-254.3,Completed
ORD012632,2026-04-27,CUST01315,PROD0054,B001,2,1078.88,0.15,917.05,1524.07,-607.02,Completed
ORD012637,2026-12-20,CUST01035,PROD0017,B001,3,1497.67,0.1,1347.9,1895.94,-548.04,Completed
ORD012644,2026-07-04,CUST00971,PROD0057,B005,1,1005.1,0.15,854.34,648.95,205.39,Completed
ORD012647,2026-09-22,CUST00152,PROD0049,B001,4,4278.26,0.05,4064.3500000000004,3084.32,980.03,Completed
ORD012650,2026-11-21,CUST00483,PROD0028,B004,4,1920.77,0.0,1920.77,1834.06,86.71,Completed
ORD012653,2026-03-01,CUST00549,PROD0010,B005,4,6120.21,0.2,4896.17,4287.98,608.19,Completed
ORD012654,2026-07-12,CUST00440,PROD0013,B005,1,676.55,0.1,608.9,457.72,151.18,Completed
ORD012664,2026-11-12,CUST00216,PROD0001,B005,3,4818.18,0.0,4818.18,3189.54,1628.64,Completed
ORD012665,2026-04-29,CUST01129,PROD0058,B002,3,938.27,0.0,938.27,523.75,414.52,Completed
ORD012674,2026-12-18,CUST00177,PROD0104,B001,5,6678.93,0.25,5009.2,5297.84,-288.64,Completed
ORD012675,2026-05-30,CUST01479,PROD0016,B005,2,177.73,0.1,159.95,106.43,53.52,Completed
ORD012676,2026-01-29,CUST02286,PROD0097,B002,2,2345.87,0.15,1993.9899999999998,2169.23,-175.24,Completed
ORD012680,2026-07-03,CUST00364,PROD0022,B003,2,1417.57,0.1,1275.81,1827.16,-551.35,Completed
ORD012683,2026-10-07,CUST01931,PROD0034,B005,2,1154.89,0.0,1154.8899999999999,1433.18,-278.29,Completed
ORD012684,2026-09-04,CUST00420,PROD0042,B002,1,400.89,0.05,380.8499999999999,1064.39,-683.54,Completed
ORD012704,2026-03-30,CUST01177,PROD0082,B004,4,7201.64,0.15,6121.39,4534.66,1586.73,Completed
ORD012709,2026-02-11,CUST00115,PROD0052,B005,4,1642.73,0.0,1642.73,1813.4,-170.67,Completed
ORD012711,2026-03-16,CUST01898,PROD0109,B003,5,5529.32,0.2,4423.46,4875.55,-452.09,Completed
ORD012712,2026-03-20,CUST00844,PROD0068,B002,1,1024.93,0.15,871.2,823.36,47.84,Completed
ORD012714,2026-11-13,CUST00171,PROD0004,B001,4,707.33,0.15,601.23,764.42,-163.19,Completed
ORD012715,2026-10-20,CUST01775,PROD0039,B002,1,371.58,0.1,334.4200000000001,826.25,-491.83,Completed
ORD012724,2026-01-26,CUST01395,PROD0014,B001,1,380.88,0.0,380.8800000000001,790.6,-409.72,Completed
ORD012725,2026-06-14,CUST00544,PROD0042,B001,2,1907.05,0.0,1907.0500000000002,2128.77,-221.72,Completed
ORD012732,2026-11-24,CUST00536,PROD0023,B005,5,5365.28,0.0,5365.28,3934.59,1430.69,Completed
ORD012733,2026-09-04,CUST01005,PROD0081,B004,5,665.54,0.0,665.54,495.54,170.0,Completed
ORD012736,2026-05-17,CUST00341,PROD0017,B005,2,686.56,0.05,652.23,1263.96,-611.73,Completed
ORD012737,2026-11-06,CUST02458,PROD0097,B002,2,2411.23,0.1,2170.11,2169.23,0.88,Completed
ORD012741,2026-06-06,CUST01568,PROD0089,B001,3,1030.0,0.15,875.5,676.76,198.74,Completed
ORD012750,2026-06-06,CUST01614,PROD0072,B001,2,930.32,0.05,883.8,653.24,230.56,Completed
ORD012751,2026-06-27,CUST00468,PROD0108,B001,1,909.88,0.05,864.39,523.42,340.97,Completed
ORD012754,2026-11-15,CUST01983,PROD0017,B001,4,2145.04,0.25,1608.7800000000002,2527.92,-919.14,Completed
ORD012767,2026-10-14,CUST00955,PROD0025,B005,2,980.09,0.0,980.0899999999999,1181.43,-201.34,Completed
ORD012768,2026-03-31,CUST00222,PROD0093,B005,1,866.35,0.1,779.72,635.67,144.05,Completed
ORD012776,2026-08-22,CUST02116,PROD0102,B004,2,366.33,0.15,311.3800000000001,889.73,-578.35,Completed
ORD012779,2026-01-22,CUST00256,PROD0039,B003,5,6413.45,0.0,6413.45,4131.23,2282.22,Completed
ORD012782,2026-12-13,CUST00054,PROD0069,B001,1,88.56,0.15,75.27999999999997,686.44,-611.16,Completed
ORD012788,2026-02-28,CUST00804,PROD0011,B002,2,362.56,0.25,271.9200000000001,1315.25,-1043.33,Completed
ORD012789,2026-02-02,CUST00479,PROD0019,B001,2,724.76,0.05,688.52,1108.38,-419.86,Completed
ORD012793,2026-06-03,CUST01240,PROD0051,B005,5,3427.83,0.05,3256.4399999999996,2970.26,286.18,Completed
ORD012800,2026-07-07,CUST00740,PROD0090,B003,3,959.63,0.25,719.73,600.54,119.19,Completed
ORD012820,2026-03-01,CUST02230,PROD0080,B005,2,813.2,0.05,772.54,563.99,208.55,Completed
ORD012822,2026-04-21,CUST01579,PROD0006,B001,4,1566.74,0.1,1410.0700000000002,1943.61,-533.54,Completed
ORD012831,2026-03-03,CUST01508,PROD0040,B003,1,990.67,0.2,792.54,540.35,252.19,Completed
ORD012835,2026-05-22,CUST01876,PROD0084,B001,1,518.27,0.15,440.53,382.62,57.91,Completed
ORD012836,2026-10-26,CUST01022,PROD0069,B004,5,5325.17,0.0,5325.17,3432.19,1892.98,Completed
ORD012841,2026-11-03,CUST01305,PROD0114,B001,4,4445.52,0.05,4223.24,4172.67,50.57,Completed
ORD012854,2026-12-07,CUST01886,PROD0081,B005,1,133.11,0.15,113.14,99.11,14.03,Completed
ORD012855,2026-12-26,CUST01517,PROD0029,B003,4,582.02,0.2,465.6199999999999,1063.4,-597.78,Completed
ORD012856,2026-01-22,CUST01320,PROD0010,B004,2,2685.11,0.0,2685.11,2143.99,541.12,Completed
ORD012857,2026-11-07,CUST01475,PROD0012,B001,5,648.08,0.15,550.87,437.87,113.0,Completed
ORD012859,2026-04-27,CUST01256,PROD0103,B001,1,872.66,0.1,785.39,516.43,268.96,Completed
ORD012860,2026-12-16,CUST02055,PROD0112,B002,3,866.05,0.05,822.75,2034.98,-1212.23,Completed
ORD012868,2026-04-20,CUST02148,PROD0009,B001,4,1277.14,0.25,957.85,782.1,175.75,Completed
ORD012869,2026-01-10,CUST01758,PROD0003,B005,2,755.58,0.15,642.24,535.46,106.78,Completed
ORD012872,2026-06-26,CUST02102,PROD0074,B002,3,905.91,0.05,860.6099999999999,1514.51,-653.9,Completed
ORD012874,2026-03-03,CUST02460,PROD0043,B004,2,582.79,0.05,553.65,357.29,196.36,Completed
ORD012889,2026-07-25,CUST01262,PROD0019,B001,3,1489.61,0.15,1266.17,1662.57,-396.4,Completed
ORD012893,2026-10-31,CUST00228,PROD0111,B005,2,2493.16,0.15,2119.19,2214.12,-94.93,Completed
ORD012895,2026-03-09,CUST00902,PROD0046,B001,4,893.34,0.1,804.01,674.21,129.8,Completed
ORD012901,2026-06-05,CUST01068,PROD0040,B005,3,1860.91,0.1,1674.8200000000002,1621.06,53.76,Completed
ORD012903,2026-11-06,CUST01711,PROD0048,B001,4,2553.47,0.0,2553.47,2461.98,91.49,Completed
ORD012910,2026-02-21,CUST01526,PROD0077,B003,5,467.48,0.05,444.1099999999999,1230.26,-786.15,Completed
ORD012911,2026-01-03,CUST00825,PROD0020,B003,5,2626.73,0.15,2232.72,2738.67,-505.95,Completed
ORD012916,2026-08-09,CUST00871,PROD0043,B003,5,404.36,0.05,384.1400000000001,893.23,-509.09,Completed
ORD012920,2026-06-28,CUST01856,PROD0062,B003,4,1807.01,0.1,1626.31,2314.89,-688.58,Completed
ORD012923,2026-05-25,CUST00075,PROD0047,B003,2,620.39,0.0,620.39,359.3,261.09,Completed
ORD012925,2026-11-03,CUST01932,PROD0104,B004,4,5357.18,0.05,5089.32,4238.27,851.05,Completed
ORD012926,2026-03-22,CUST00006,PROD0094,B003,5,976.4,0.2,781.12,585.09,196.03,Completed
ORD012927,2026-10-16,CUST00012,PROD0077,B005,2,608.04,0.1,547.24,492.1,55.14,Completed
ORD012935,2026-05-16,CUST01864,PROD0092,B001,5,522.22,0.1,470.0,333.18,136.82,Completed
ORD012936,2026-07-10,CUST01604,PROD0019,B003,2,666.28,0.1,599.6500000000001,1108.38,-508.73,Completed
ORD012938,2026-02-11,CUST00115,PROD0067,B002,5,3422.92,0.1,3080.63,2486.63,594.0,Completed
ORD012942,2026-09-04,CUST00975,PROD0024,B002,5,5410.17,0.0,5410.17,3515.47,1894.7,Completed
ORD012943,2026-12-14,CUST00796,PROD0083,B001,1,477.72,0.15,406.05999999999995,1121.48,-715.42,Completed
ORD012953,2026-02-18,CUST01418,PROD0097,B002,1,708.54,0.05,673.1099999999999,1084.62,-411.51,Completed
ORD012954,2026-11-28,CUST02161,PROD0026,B004,1,393.51,0.15,334.48,284.3,50.18,Completed
ORD012955,2026-11-11,CUST01523,PROD0022,B002,2,1528.68,0.0,1528.6799999999998,1827.16,-298.48,Completed
ORD012961,2026-03-05,CUST01186,PROD0060,B001,2,179.05,0.05,170.1,117.55,52.55,Completed
ORD012966,2026-05-22,CUST00415,PROD0080,B005,5,921.89,0.1,829.7,1409.99,-580.29,Completed
ORD012969,2026-06-25,CUST02181,PROD0013,B003,4,1456.22,0.2,1164.98,1830.9,-665.92,Completed
ORD012970,2026-09-20,CUST00940,PROD0088,B003,4,795.48,0.0,795.48,1158.41,-362.93,Completed
ORD012972,2026-08-29,CUST00986,PROD0019,B005,2,527.39,0.2,421.9100000000001,1108.38,-686.47,Completed
ORD012977,2026-04-22,CUST00224,PROD0102,B004,5,2523.67,0.25,1892.75,2224.33,-331.58,Completed
ORD012982,2026-04-10,CUST00660,PROD0097,B003,5,7753.22,0.05,7365.5599999999995,5423.08,1942.48,Completed
ORD012987,2026-05-20,CUST00652,PROD0036,B001,2,566.72,0.15,481.71,306.44,175.27,Completed
ORD012993,2026-10-16,CUST00518,PROD0087,B003,3,2366.73,0.15,2011.7199999999998,2474.09,-462.37,Completed
ORD012998,2026-06-10,CUST00428,PROD0097,B001,4,6044.68,0.0,6044.68,4338.46,1706.22,Completed
ORD013002,2026-02-06,CUST01595,PROD0048,B001,5,3330.72,0.1,2997.65,3077.47,-79.82,Completed
ORD013004,2026-10-13,CUST01312,PROD0079,B003,5,866.51,0.05,823.19,582.85,240.34,Completed
ORD013008,2026-04-12,CUST00809,PROD0051,B003,1,896.09,0.0,896.09,594.05,302.04,Completed
ORD013009,2026-09-23,CUST00909,PROD0063,B002,3,398.04,0.25,298.53,301.4,-2.87,Completed
ORD013010,2026-11-08,CUST02104,PROD0033,B002,1,600.34,0.1,540.31,383.24,157.07,Completed
ORD013011,2026-07-23,CUST01611,PROD0117,B005,3,1066.8,0.2,853.44,1428.37,-574.93,Completed
ORD013020,2026-06-18,CUST01478,PROD0023,B003,4,3981.11,0.1,3583.0,3147.68,435.32,Completed
ORD013022,2026-11-15,CUST02061,PROD0101,B001,1,646.39,0.05,614.07,460.5,153.57,Completed
ORD013032,2026-01-17,CUST01343,PROD0098,B003,4,2944.94,0.05,2797.69,2235.32,562.37,Completed
ORD013037,2026-03-27,CUST01969,PROD0062,B004,4,1741.66,0.15,1480.4099999999999,2314.89,-834.48,Completed
ORD013039,2026-03-04,CUST01994,PROD0045,B005,1,1004.75,0.05,954.52,716.56,237.96,Completed
ORD013041,2026-08-03,CUST01148,PROD0059,B003,1,975.0,0.05,926.25,616.71,309.54,Completed
ORD013042,2026-06-29,CUST02424,PROD0098,B002,4,2944.94,0.05,2797.69,2235.32,562.37,Completed
ORD013054,2026-08-19,CUST01581,PROD0107,B002,2,2379.93,0.15,2022.94,2175.34,-152.4,Completed
ORD013058,2026-08-06,CUST00717,PROD0045,B003,3,1680.92,0.25,1260.69,2149.67,-888.98,Completed
ORD013081,2026-07-12,CUST00045,PROD0074,B001,4,1611.38,0.0,1611.38,2019.35,-407.97,Completed
ORD013087,2026-02-05,CUST02139,PROD0018,B001,4,5708.76,0.15,4852.45,4287.63,564.82,Completed
ORD013088,2026-04-02,CUST00422,PROD0064,B001,3,1723.05,0.05,1636.9,2109.86,-472.96,Completed
ORD013089,2026-07-11,CUST00604,PROD0088,B001,1,448.87,0.1,403.98,289.6,114.38,Completed
ORD013092,2026-01-02,CUST01120,PROD0117,B001,4,2089.06,0.0,2089.06,1904.49,184.57,Completed
ORD013094,2026-10-03,CUST01628,PROD0102,B002,4,1752.27,0.25,1314.1999999999998,1779.46,-465.26,Completed
ORD013095,2026-10-10,CUST01987,PROD0063,B003,3,398.04,0.2,318.43,301.4,17.03,Completed
ORD013099,2026-05-05,CUST00962,PROD0072,B001,3,342.84,0.05,325.70000000000005,979.86,-654.16,Completed
ORD013104,2026-04-08,CUST00138,PROD0098,B002,1,999.39,0.0,999.39,558.83,440.56,Completed
ORD013110,2026-10-04,CUST00828,PROD0063,B001,4,530.72,0.1,477.65,401.86,75.79,Completed
ORD013112,2026-01-18,CUST00025,PROD0089,B002,2,686.67,0.0,686.67,451.18,235.49,Completed
ORD013122,2026-05-01,CUST00103,PROD0100,B003,1,810.99,0.0,810.99,633.28,177.71,Completed
ORD013124,2026-01-20,CUST01996,PROD0049,B005,1,221.61,0.1,199.45000000000005,771.08,-571.63,Completed
ORD013128,2026-08-06,CUST01991,PROD0049,B001,3,2664.83,0.25,1998.62,2313.24,-314.62,Completed
ORD013129,2026-07-03,CUST02393,PROD0091,B005,5,891.91,0.15,758.1199999999999,1576.45,-818.33,Completed
ORD013131,2026-02-23,CUST01552,PROD0013,B003,3,977.03,0.05,928.1800000000001,1373.17,-444.99,Completed
ORD013133,2026-01-30,CUST02097,PROD0050,B004,3,2297.42,0.0,2297.42,1902.8,394.62,Completed
ORD013134,2026-12-01,CUST02010,PROD0086,B002,2,3.11,0.05,2.9500000000000455,801.48,-798.53,Completed
ORD013141,2026-10-11,CUST01799,PROD0113,B003,4,3964.11,0.05,3765.8999999999996,3627.81,138.09,Completed
ORD013150,2026-09-16,CUST00697,PROD0046,B004,5,5.57,0.1,5.009999999999991,842.77,-837.76,Completed
ORD013153,2026-06-06,CUST02158,PROD0047,B001,1,310.2,0.2,248.16,179.65,68.51,Completed
ORD013156,2026-05-09,CUST02129,PROD0017,B005,4,2228.37,0.2,1782.6999999999998,2527.92,-745.22,Completed
ORD013158,2026-03-10,CUST02473,PROD0120,B002,3,457.5,0.2,366.0,1100.84,-734.84,Completed
ORD013162,2026-08-05,CUST02320,PROD0117,B004,3,1316.79,0.0,1316.79,1428.37,-111.58,Completed
ORD013169,2026-06-03,CUST02229,PROD0116,B003,2,524.35,0.05,498.13,430.18,67.95,Completed
ORD013171,2026-08-25,CUST00668,PROD0053,B004,1,555.84,0.1,500.26,361.6,138.66,Completed
ORD013175,2026-11-10,CUST02283,PROD0117,B003,3,1205.69,0.1,1085.12,1428.37,-343.25,Completed
ORD013176,2026-10-24,CUST01726,PROD0109,B003,2,1711.73,0.0,1711.73,1950.22,-238.49,Completed
ORD013177,2026-11-29,CUST00147,PROD0017,B005,3,1358.79,0.2,1087.0300000000002,1895.94,-808.91,Completed
ORD013183,2026-12-07,CUST00714,PROD0043,B004,4,1165.59,0.2,932.47,714.58,217.89,Completed
ORD013185,2026-10-09,CUST00541,PROD0117,B004,4,1755.72,0.25,1316.79,1904.49,-587.7,Completed
ORD013186,2026-12-28,CUST02408,PROD0053,B001,2,111.68,0.0,111.68000000000006,723.21,-611.53,Completed
ORD013187,2026-05-27,CUST00893,PROD0072,B001,2,930.32,0.05,883.8,653.24,230.56,Completed
ORD013190,2026-07-12,CUST01056,PROD0023,B005,1,96.59,0.15,82.09999999999991,786.92,-704.82,Completed
ORD013194,2026-03-22,CUST00324,PROD0001,B002,1,886.76,0.05,842.4200000000001,1063.18,-220.76,Completed
ORD013199,2026-10-07,CUST00155,PROD0064,B004,2,600.45,0.2,480.3599999999999,1406.57,-926.21,Completed
ORD013200,2026-10-14,CUST00062,PROD0087,B005,4,3390.92,0.25,2543.19,3298.78,-755.59,Completed
ORD013203,2026-07-24,CUST02474,PROD0027,B001,3,876.66,0.15,745.1600000000001,1487.24,-742.08,Completed
ORD013205,2026-02-03,CUST00905,PROD0018,B004,3,4163.92,0.0,4163.92,3215.72,948.2,Completed
ORD013207,2026-11-14,CUST01294,PROD0049,B001,3,2748.16,0.2,2198.53,2313.24,-114.71,Completed
ORD013208,2026-09-10,CUST00979,PROD0022,B001,2,1352.21,0.15,1149.38,1827.16,-677.78,Completed
ORD013215,2026-12-11,CUST00955,PROD0086,B002,3,530.97,0.05,504.4200000000001,1202.23,-697.81,Completed
ORD013216,2026-07-28,CUST02036,PROD0011,B002,2,584.79,0.1,526.31,1315.25,-788.94,Completed
ORD013217,2026-07-09,CUST01445,PROD0064,B001,1,925.23,0.1,832.71,703.29,129.42,Completed
ORD013218,2026-11-26,CUST01549,PROD0090,B001,2,639.76,0.1,575.78,400.36,175.42,Completed
ORD013223,2026-09-01,CUST02107,PROD0115,B005,4,1809.72,0.15,1538.2600000000002,1842.61,-304.35,Completed
ORD013235,2026-12-30,CUST00751,PROD0037,B005,2,1159.35,0.15,985.45,965.12,20.33,Completed
ORD013241,2026-09-11,CUST01994,PROD0064,B001,5,3449.67,0.15,2932.22,3516.44,-584.22,Completed
ORD013246,2026-03-29,CUST01266,PROD0117,B003,5,2861.32,0.0,2861.32,2380.62,480.7,Completed
ORD013251,2026-06-30,CUST01566,PROD0045,B004,4,2907.89,0.1,2617.1,2866.23,-249.13,Completed
ORD013253,2026-12-25,CUST00174,PROD0080,B003,3,1219.8,0.2,975.84,845.99,129.85,Completed
ORD013256,2026-09-25,CUST00388,PROD0046,B002,3,670.01,0.1,603.0,505.66,97.34,Completed
ORD013259,2026-02-10,CUST02336,PROD0019,B003,5,3390.84,0.05,3221.3,2770.95,450.35,Completed
ORD013269,2026-07-15,CUST00273,PROD0018,B001,2,2266.14,0.15,1926.2199999999998,2143.81,-217.59,Completed
ORD013283,2026-12-03,CUST01995,PROD0110,B002,4,2075.74,0.1,1868.17,1852.77,15.4,Completed
ORD013285,2026-01-07,CUST01652,PROD0071,B002,1,479.79,0.05,455.79,373.57,82.22,Completed
ORD013301,2026-05-31,CUST00957,PROD0085,B001,2,86.1,0.05,81.8,68.23,13.57,Completed
ORD013309,2026-04-21,CUST00110,PROD0052,B005,5,2126.95,0.15,1807.9099999999999,2266.75,-458.84,Completed
ORD013312,2026-04-17,CUST01943,PROD0021,B001,4,2130.64,0.2,1704.5100000000002,2054.31,-349.8,Completed
ORD013319,2026-05-16,CUST00740,PROD0004,B001,3,897.52,0.25,673.14,573.31,99.83,Completed
ORD013321,2026-07-23,CUST02271,PROD0010,B002,2,2685.11,0.0,2685.11,2143.99,541.12,Completed
ORD013322,2026-04-13,CUST00400,PROD0013,B003,1,428.27,0.0,428.27,457.72,-29.45,Completed
ORD013325,2026-04-07,CUST00817,PROD0052,B004,1,660.68,0.2,528.55,453.35,75.2,Completed
ORD013326,2026-07-18,CUST00821,PROD0008,B004,2,531.11,0.05,504.55,437.82,66.73,Completed
ORD013329,2026-10-15,CUST00182,PROD0112,B004,2,139.36,0.15,118.46000000000004,1356.66,-1238.2,Completed
ORD013335,2026-09-26,CUST02057,PROD0078,B001,1,931.95,0.05,885.36,573.98,311.38,Completed
ORD013336,2026-01-31,CUST01975,PROD0020,B005,4,1792.55,0.2,1434.04,2190.93,-756.89,Completed
ORD013337,2026-09-29,CUST01064,PROD0093,B002,2,482.7,0.2,386.1600000000001,1271.34,-885.18,Completed
ORD013338,2026-10-23,CUST01213,PROD0043,B002,4,112.96,0.05,107.30999999999995,714.58,-607.27,Completed
ORD013341,2026-03-26,CUST02417,PROD0048,B001,1,888.37,0.0,888.37,615.49,272.88,Completed
ORD013342,2026-03-23,CUST01588,PROD0030,B004,1,1019.38,0.1,917.45,813.59,103.86,Completed
ORD013349,2026-10-31,CUST02214,PROD0007,B004,2,95.41,0.15,81.1,71.51,9.59,Completed
ORD013354,2026-05-02,CUST02267,PROD0067,B002,5,3200.71,0.25,2400.53,2486.63,-86.1,Completed
ORD013357,2026-07-23,CUST00169,PROD0092,B001,5,522.22,0.25,391.66,333.18,58.48,Completed
ORD013358,2026-11-08,CUST00884,PROD0116,B002,5,199.74,0.1,179.76999999999998,1075.45,-895.68,Completed
ORD013359,2026-05-21,CUST02398,PROD0052,B004,5,2126.95,0.15,1807.9099999999999,2266.75,-458.84,Completed
ORD013361,2026-06-20,CUST00609,PROD0013,B004,4,1529.74,0.15,1300.2800000000002,1830.9,-530.62,Completed
ORD013364,2026-06-01,CUST00438,PROD0061,B003,4,740.17,0.05,703.1600000000001,1260.1,-556.94,Completed
ORD013366,2026-11-25,CUST01424,PROD0002,B005,2,183.81,0.15,156.24,822.52,-666.28,Completed
ORD013371,2026-06-13,CUST02458,PROD0021,B001,5,3049.33,0.15,2591.93,2567.89,24.04,Completed
ORD013374,2026-07-22,CUST02060,PROD0008,B001,3,796.66,0.2,637.33,656.72,-19.39,Completed
ORD013375,2026-12-11,CUST02234,PROD0097,B005,1,761.17,0.0,761.1700000000001,1084.62,-323.45,Completed
ORD013376,2026-05-15,CUST02276,PROD0084,B001,5,1480.23,0.1,1332.21,1913.12,-580.91,Completed
ORD013377,2026-06-21,CUST00708,PROD0110,B002,2,416.95,0.15,354.4100000000001,926.38,-571.97,Completed
ORD013381,2026-03-30,CUST02056,PROD0078,B001,2,811.27,0.05,770.71,1147.95,-377.24,Completed
ORD013383,2026-04-04,CUST01185,PROD0050,B001,3,2244.79,0.05,2132.55,1902.8,229.75,Completed
ORD013384,2026-10-22,CUST00513,PROD0099,B005,4,2344.44,0.05,2227.22,2374.27,-147.05,Completed
ORD013388,2026-07-25,CUST00070,PROD0049,B001,1,82.73,0.2,66.18000000000006,771.08,-704.9,Completed
ORD013389,2026-01-10,CUST00714,PROD0035,B001,4,1269.02,0.05,1205.5700000000002,1742.46,-536.89,Completed
ORD013390,2026-05-08,CUST00909,PROD0094,B002,4,781.12,0.0,781.12,468.07,313.05,Completed
ORD013395,2026-03-31,CUST00814,PROD0099,B003,2,522.07,0.15,443.76,1187.14,-743.38,Completed
ORD013401,2026-02-15,CUST02196,PROD0008,B001,5,275.14,0.05,261.3800000000001,1094.54,-833.16,Completed
ORD013402,2026-03-20,CUST01642,PROD0026,B003,1,393.51,0.25,295.13,284.3,10.83,Completed
ORD013406,2026-07-03,CUST01748,PROD0098,B004,1,999.39,0.25,749.54,558.83,190.71,Completed
ORD013412,2026-10-09,CUST00554,PROD0020,B001,4,2042.55,0.0,2042.5500000000002,2190.93,-148.38,Completed
ORD013413,2026-12-24,CUST00005,PROD0079,B001,4,693.21,0.1,623.89,466.28,157.61,Completed
ORD013414,2026-07-11,CUST02362,PROD0062,B005,2,459.06,0.0,459.05999999999995,1157.44,-698.38,Completed
ORD013417,2026-11-19,CUST00356,PROD0084,B005,1,518.27,0.1,466.44,382.62,83.82,Completed
ORD013425,2026-07-22,CUST01365,PROD0023,B001,5,5312.65,0.05,5047.02,3934.59,1112.43,Completed
ORD013431,2026-04-13,CUST00687,PROD0062,B003,1,729.53,0.0,729.53,578.72,150.81,Completed
ORD013434,2026-08-17,CUST00581,PROD0007,B001,3,143.12,0.0,143.12,107.26,35.86,Completed
ORD013437,2026-04-15,CUST01050,PROD0061,B002,5,1241.0,0.0,1241.0,1575.12,-334.12,Completed
ORD013439,2026-10-30,CUST01787,PROD0042,B003,4,4703.0,0.1,4232.7,4257.54,-24.84,Completed
ORD013440,2026-01-28,CUST02465,PROD0024,B003,2,1564.07,0.0,1564.0700000000002,1406.19,157.88,Completed
ORD013442,2026-02-04,CUST00056,PROD0010,B002,1,842.55,0.0,842.55,1072.0,-229.45,Completed
ORD013443,2026-08-15,CUST01861,PROD0104,B002,4,5159.81,0.2,4127.85,4238.27,-110.42,Completed
ORD013446,2026-06-12,CUST01299,PROD0029,B001,3,321.38,0.05,305.30999999999995,797.55,-492.24,Completed
ORD013448,2026-03-21,CUST01182,PROD0081,B001,2,266.21,0.05,252.9,198.21,54.69,Completed
ORD013449,2026-10-23,CUST00125,PROD0027,B001,3,1000.51,0.05,950.48,1487.24,-536.76,Completed
ORD013470,2026-05-06,CUST02302,PROD0094,B002,4,781.12,0.15,663.96,468.07,195.89,Completed
ORD013471,2026-06-10,CUST00666,PROD0063,B003,1,132.68,0.05,126.05,100.47,25.58,Completed
ORD013474,2026-01-16,CUST01085,PROD0106,B002,1,718.58,0.0,718.58,431.22,287.36,Completed
ORD013475,2026-07-03,CUST00726,PROD0076,B004,3,899.93,0.0,899.93,720.15,179.78,Completed
ORD013484,2026-10-29,CUST00255,PROD0097,B003,3,4230.87,0.05,4019.33,3253.85,765.48,Completed
ORD013488,2026-05-30,CUST02465,PROD0008,B005,5,1230.89,0.2,984.71,1094.54,-109.83,Completed
ORD013490,2026-04-05,CUST01232,PROD0061,B002,4,542.8,0.2,434.24,1260.1,-825.86,Completed
ORD013491,2026-05-17,CUST00379,PROD0119,B003,2,1197.16,0.2,957.73,868.62,89.11,Completed
ORD013494,2026-01-31,CUST00762,PROD0048,B002,3,1553.99,0.1,1398.5900000000001,1846.48,-447.89,Completed
ORD013497,2026-10-07,CUST00929,PROD0114,B001,1,263.42,0.1,237.07999999999993,1043.17,-806.09,Completed
ORD013503,2026-09-20,CUST01777,PROD0026,B001,5,791.06,0.15,672.4000000000001,1421.48,-749.08,Completed
ORD013516,2026-01-19,CUST01872,PROD0117,B002,1,772.26,0.0,772.26,476.12,296.14,Completed
ORD013519,2026-01-03,CUST01811,PROD0016,B002,2,177.73,0.1,159.95,106.43,53.52,Completed
ORD013521,2026-12-22,CUST00012,PROD0109,B004,3,2956.49,0.1,2660.84,2925.33,-264.49,Completed
ORD013532,2026-03-29,CUST01057,PROD0053,B003,5,1529.19,0.2,1223.35,1808.01,-584.66,Completed
ORD013536,2026-03-04,CUST00359,PROD0116,B001,2,524.35,0.05,498.13,430.18,67.95,Completed
ORD013537,2026-12-15,CUST02069,PROD0023,B003,5,5188.81,0.15,4410.49,3934.59,475.9,Completed
ORD013541,2026-06-29,CUST01590,PROD0043,B003,4,1165.59,0.25,874.19,714.58,159.61,Completed
ORD013544,2026-01-13,CUST02367,PROD0063,B004,5,663.4,0.0,663.4,502.33,161.07,Completed
ORD013545,2026-02-01,CUST02467,PROD0116,B004,2,524.35,0.15,445.69,430.18,15.51,Completed
ORD013546,2026-05-16,CUST02137,PROD0022,B003,1,153.22,0.1,137.9000000000001,913.58,-775.68,Completed
ORD013549,2026-06-30,CUST01886,PROD0027,B005,2,368.76,0.0,368.76,991.49,-622.73,Completed
ORD013550,2026-02-04,CUST02394,PROD0031,B002,3,948.47,0.05,901.05,1642.48,-741.43,Completed
ORD013552,2026-04-07,CUST00318,PROD0023,B005,1,23.06,0.2,18.450000000000045,786.92,-768.47,Completed
ORD013553,2026-06-28,CUST01950,PROD0104,B001,3,3807.36,0.0,3807.3599999999997,3178.71,628.65,Completed
ORD013556,2026-07-27,CUST02359,PROD0027,B002,5,2245.41,0.15,1908.6,2478.73,-570.13,Completed
ORD013558,2026-03-10,CUST01703,PROD0024,B003,3,2669.64,0.15,2269.19,2109.28,159.91,Completed
ORD013561,2026-03-31,CUST00901,PROD0070,B003,3,601.57,0.0,601.57,412.77,188.8,Completed
ORD013563,2026-05-23,CUST01136,PROD0077,B002,3,912.07,0.05,866.46,738.16,128.3,Completed
ORD013564,2026-03-03,CUST00900,PROD0078,B005,4,2394.48,0.25,1795.8600000000001,2295.91,-500.05,Completed
ORD013565,2026-01-15,CUST02198,PROD0081,B004,1,133.11,0.1,119.8,99.11,20.69,Completed
ORD013567,2026-02-12,CUST00370,PROD0116,B002,3,786.52,0.1,707.86,645.27,62.59,Completed
ORD013568,2026-03-25,CUST00032,PROD0037,B003,5,1898.37,0.0,1898.37,2412.79,-514.42,Completed
ORD013574,2026-04-28,CUST01112,PROD0014,B003,3,3090.0,0.05,2935.5,2371.81,563.69,Completed
ORD013575,2026-03-11,CUST00283,PROD0114,B001,3,2947.13,0.15,2505.06,3129.5,-624.44,Completed
ORD013576,2026-11-07,CUST00723,PROD0091,B004,4,543.59,0.1,489.23,1261.16,-771.93,Completed
ORD013582,2026-03-19,CUST00919,PROD0044,B005,5,4417.11,0.05,4196.25,3037.05,1159.2,Completed
ORD013586,2026-05-02,CUST02482,PROD0066,B001,4,4540.23,0.05,4313.22,4017.96,295.26,Completed
ORD013591,2026-12-18,CUST01121,PROD0117,B002,1,772.26,0.2,617.81,476.12,141.69,Completed
ORD013598,2026-09-15,CUST00302,PROD0077,B001,5,343.65,0.15,292.0999999999999,1230.26,-938.16,Completed
ORD013604,2026-04-05,CUST01619,PROD0088,B001,5,1067.88,0.15,907.7,1448.01,-540.31,Completed
ORD013613,2026-10-03,CUST01763,PROD0069,B001,1,265.03,0.0,265.03,686.44,-421.41,Completed
ORD013614,2026-11-06,CUST00699,PROD0073,B004,3,548.4,0.05,520.99,359.92,161.07,Completed
ORD013618,2026-03-21,CUST01655,PROD0007,B002,5,238.54,0.15,202.76,178.76,24.0,Completed
ORD013620,2026-08-08,CUST01053,PROD0067,B004,5,3422.92,0.1,3080.63,2486.63,594.0,Completed
ORD013621,2026-03-31,CUST00714,PROD0078,B003,1,931.95,0.15,792.16,573.98,218.18,Completed
ORD013623,2026-07-18,CUST02082,PROD0047,B005,1,310.2,0.05,294.68,179.65,115.03,Completed
ORD013624,2026-10-03,CUST01650,PROD0035,B003,5,1790.94,0.1,1611.85,2178.08,-566.23,Completed
ORD013633,2026-05-06,CUST00940,PROD0014,B004,1,328.24,0.05,311.8299999999999,790.6,-478.77,Completed
ORD013634,2026-01-23,CUST01565,PROD0042,B002,2,1795.94,0.1,1616.35,2128.77,-512.42,Completed
ORD013640,2026-12-19,CUST01989,PROD0102,B003,1,771.4,0.05,732.83,444.87,287.96,Completed
ORD013645,2026-07-09,CUST01626,PROD0056,B005,3,1318.02,0.0,1318.02,3172.93,-1854.91,Completed
ORD013647,2026-09-14,CUST00793,PROD0049,B002,2,1665.44,0.0,1665.44,1542.16,123.28,Completed
ORD013651,2026-05-02,CUST01566,PROD0115,B003,5,2556.26,0.15,2172.82,2303.26,-130.44,Completed
ORD013652,2026-06-17,CUST00333,PROD0108,B002,5,3496.78,0.05,3321.9399999999996,2617.12,704.82,Completed
ORD013654,2026-02-01,CUST00688,PROD0076,B002,4,1199.9,0.2,959.92,960.2,-0.28,Completed
ORD013657,2026-07-23,CUST01750,PROD0010,B001,1,842.55,0.0,842.55,1072.0,-229.45,Completed
ORD013662,2026-10-29,CUST02201,PROD0015,B005,2,1592.14,0.2,1273.71,1767.45,-493.74,Completed
ORD013663,2026-11-15,CUST02025,PROD0066,B001,4,4481.74,0.1,4033.5699999999997,4017.96,15.61,Completed
ORD013670,2026-11-19,CUST02131,PROD0112,B002,2,732.73,0.0,732.73,1356.66,-623.93,Completed
ORD013672,2026-04-14,CUST00095,PROD0004,B002,2,598.35,0.1,538.52,382.21,156.31,Completed
ORD013689,2026-12-13,CUST02206,PROD0049,B001,4,4219.78,0.1,3797.8,3084.32,713.48,Completed
ORD013696,2026-09-13,CUST01723,PROD0032,B003,5,2571.07,0.1,2313.96,2026.5,287.46,Completed
ORD013702,2026-06-27,CUST02219,PROD0043,B002,1,291.4,0.05,276.83,178.65,98.18,Completed
ORD013703,2026-03-31,CUST00254,PROD0073,B003,5,914.01,0.15,776.91,599.86,177.05,Completed
ORD013714,2026-05-15,CUST02389,PROD0098,B004,1,999.39,0.05,949.42,558.83,390.59,Completed
ORD013717,2026-10-19,CUST00267,PROD0051,B001,5,3427.83,0.05,3256.4399999999996,2970.26,286.18,Completed
ORD013718,2026-04-29,CUST02058,PROD0031,B001,1,667.03,0.05,633.69,547.49,86.2,Completed
ORD013721,2026-11-24,CUST01709,PROD0041,B003,4,460.31,0.15,391.26,249.96,141.3,Completed
ORD013722,2026-06-25,CUST01948,PROD0111,B002,3,4254.46,0.2,3403.5699999999997,3321.19,82.38,Completed
ORD013725,2026-08-23,CUST02017,PROD0063,B004,5,663.4,0.05,630.23,502.33,127.9,Completed
ORD013737,2026-12-09,CUST01785,PROD0094,B005,4,781.12,0.1,703.01,468.07,234.94,Completed
ORD013741,2026-10-06,CUST00068,PROD0081,B005,3,399.32,0.25,299.49,297.32,2.17,Completed
ORD013742,2026-09-22,CUST02087,PROD0018,B001,1,668.67,0.05,635.24,1071.91,-436.67,Completed
ORD013749,2026-02-06,CUST02118,PROD0069,B005,4,4007.51,0.05,3807.13,2745.75,1061.38,Completed
ORD013751,2026-09-21,CUST01538,PROD0101,B001,3,939.17,0.0,939.1700000000001,1381.51,-442.34,Completed
ORD013752,2026-06-13,CUST01738,PROD0092,B003,1,104.44,0.2,83.55,66.64,16.91,Completed
ORD013759,2026-07-18,CUST00375,PROD0036,B004,5,240.33,0.15,204.27999999999997,766.09,-561.81,Completed
ORD013760,2026-02-24,CUST00929,PROD0007,B002,2,95.41,0.15,81.1,71.51,9.59,Completed
ORD013764,2026-12-20,CUST00625,PROD0043,B005,3,874.19,0.25,655.64,535.94,119.7,Completed
ORD013765,2026-05-17,CUST01008,PROD0113,B003,5,5159.8,0.1,4643.82,4534.77,109.05,Completed
ORD013768,2026-04-23,CUST01890,PROD0100,B005,1,810.99,0.15,689.34,633.28,56.06,Completed
ORD013776,2026-11-10,CUST01296,PROD0074,B001,4,1500.27,0.1,1350.2399999999998,2019.35,-669.11,Completed
ORD013777,2026-07-28,CUST02210,PROD0120,B004,5,1845.83,0.0,1845.83,1834.73,11.1,Completed
ORD013779,2026-05-30,CUST01924,PROD0038,B002,4,239.73,0.2,191.78,162.84,28.94,Completed
ORD013785,2026-06-27,CUST02478,PROD0002,B001,2,307.64,0.05,292.26,822.52,-530.26,Completed
ORD013793,2026-04-02,CUST01674,PROD0007,B001,1,47.71,0.1,42.94,35.75,7.19,Completed
ORD013800,2026-03-14,CUST00525,PROD0115,B001,1,746.55,0.15,634.56,460.65,173.91,Completed
ORD013804,2026-04-26,CUST00561,PROD0020,B004,4,2042.55,0.0,2042.5500000000002,2190.93,-148.38,Completed
ORD013809,2026-04-08,CUST01758,PROD0092,B005,4,417.78,0.1,376.0,266.55,109.45,Completed
ORD013812,2026-02-06,CUST00454,PROD0021,B001,1,845.16,0.1,760.64,513.58,247.06,Completed
ORD013818,2026-04-20,CUST00670,PROD0060,B001,5,447.63,0.2,358.1,293.88,64.22,Completed
ORD013820,2026-02-03,CUST01861,PROD0030,B001,4,2901.06,0.15,2465.9,3254.38,-788.48,Completed
ORD013822,2026-11-19,CUST00106,PROD0063,B002,3,398.04,0.1,358.24,301.4,56.84,Completed
ORD013829,2026-11-20,CUST00162,PROD0090,B002,2,639.76,0.2,511.8,400.36,111.44,Completed
ORD013833,2026-07-21,CUST01814,PROD0013,B003,3,1029.66,0.0,1029.66,1373.17,-343.51,Completed
ORD013839,2026-07-28,CUST02190,PROD0103,B002,5,3252.18,0.1,2926.96,2582.17,344.79,Completed
ORD013842,2026-07-13,CUST01206,PROD0103,B004,3,1565.35,0.05,1487.08,1549.3,-62.22,Completed
ORD013844,2026-05-02,CUST00707,PROD0117,B005,3,1205.69,0.1,1085.12,1428.37,-343.25,Completed
ORD013847,2026-07-14,CUST00521,PROD0045,B001,2,956.87,0.05,909.03,1433.11,-524.08,Completed
ORD013851,2026-08-03,CUST02001,PROD0008,B002,3,796.66,0.0,796.66,656.72,139.94,Completed
ORD013865,2026-03-16,CUST01875,PROD0003,B005,1,377.79,0.0,377.79,267.73,110.06,Completed
ORD013869,2026-09-20,CUST00294,PROD0096,B005,3,4219.66,0.1,3797.6899999999996,3103.42,694.27,Completed
ORD013878,2026-04-28,CUST01899,PROD0022,B005,4,4004.72,0.05,3804.4799999999996,3654.32,150.16,Completed
ORD013887,2026-09-30,CUST02457,PROD0056,B001,4,3478.22,0.15,2956.49,4230.57,-1274.08,Completed
ORD013889,2026-09-13,CUST00011,PROD0056,B001,4,4470.4,0.15,3799.84,4230.57,-430.73,Completed
ORD013895,2026-01-15,CUST01293,PROD0118,B004,1,289.88,0.15,246.4,194.17,52.23,Completed
ORD013896,2026-02-24,CUST00171,PROD0085,B002,2,86.1,0.1,77.49,68.23,9.26,Completed
ORD013900,2026-12-31,CUST00218,PROD0087,B001,4,3671.62,0.05,3488.04,3298.78,189.26,Completed
ORD013901,2026-08-19,CUST00908,PROD0074,B001,4,1558.75,0.05,1480.81,2019.35,-538.54,Completed
ORD013902,2026-04-11,CUST00931,PROD0087,B004,5,4794.21,0.1,4314.79,4123.48,191.31,Completed
ORD013906,2026-07-13,CUST02113,PROD0110,B001,2,865.7,0.0,865.7,926.38,-60.68,Completed
ORD013925,2026-10-08,CUST02155,PROD0048,B003,5,3389.2,0.05,3219.74,3077.47,142.27,Completed
ORD013926,2026-02-17,CUST00823,PROD0026,B005,5,856.42,0.1,770.78,1421.48,-650.7,Completed
ORD013927,2026-05-02,CUST01152,PROD0061,B001,3,291.97,0.05,277.3699999999999,945.07,-667.7,Completed
ORD013931,2026-12-24,CUST01920,PROD0089,B005,2,686.67,0.05,652.33,451.18,201.15,Completed
ORD013936,2026-08-24,CUST00993,PROD0082,B001,3,5107.11,0.15,4341.04,3400.99,940.05,Completed
ORD013948,2026-02-15,CUST01096,PROD0096,B005,1,665.81,0.1,599.23,1034.47,-435.24,Completed
ORD013951,2026-07-01,CUST00648,PROD0109,B004,1,303.23,0.05,288.06999999999994,975.11,-687.04,Completed
ORD013954,2026-04-27,CUST01773,PROD0118,B001,3,869.65,0.2,695.72,582.5,113.22,Completed
ORD013961,2026-11-19,CUST02486,PROD0118,B001,2,579.77,0.0,579.77,388.34,191.43,Completed
ORD013971,2026-08-24,CUST01026,PROD0052,B004,4,1466.26,0.15,1246.3200000000002,1813.4,-567.08,Completed
ORD013976,2026-09-20,CUST01095,PROD0093,B001,3,1487.94,0.1,1339.15,1907.02,-567.87,Completed
ORD013981,2026-10-16,CUST01863,PROD0058,B002,2,625.51,0.1,562.96,349.16,213.8,Completed
ORD013982,2026-02-22,CUST01841,PROD0075,B001,5,5958.38,0.1,5362.54,5462.28,-99.74,Completed
ORD013993,2026-05-09,CUST02309,PROD0034,B004,2,821.56,0.25,616.1700000000001,1433.18,-817.01,Completed
ORD013996,2026-05-07,CUST01188,PROD0106,B004,5,2540.27,0.05,2413.26,2156.1,257.16,Completed
ORD013997,2026-08-30,CUST00808,PROD0006,B005,1,669.46,0.05,635.99,485.9,150.09,Completed
ORD014000,2026-06-07,CUST01922,PROD0030,B002,5,3985.81,0.1,3587.2299999999996,4067.97,-480.74,Completed
ORD014001,2026-08-04,CUST00815,PROD0059,B004,1,975.0,0.2,780.0,616.71,163.29,Completed
ORD014002,2026-06-10,CUST01197,PROD0092,B002,4,417.78,0.0,417.78,266.55,151.23,Completed
ORD014005,2026-09-08,CUST01453,PROD0084,B002,2,1036.54,0.05,984.71,765.25,219.46,Completed
ORD014007,2026-12-05,CUST02147,PROD0062,B001,3,1012.12,0.15,860.3,1736.16,-875.86,Completed
ORD014023,2026-04-02,CUST01966,PROD0007,B003,3,143.12,0.15,121.65,107.26,14.39,Completed
ORD014027,2026-04-12,CUST00574,PROD0076,B002,2,599.95,0.15,509.96,480.1,29.86,Completed
ORD014029,2026-03-11,CUST01127,PROD0049,B001,5,5413.61,0.2,4330.89,3855.39,475.5,Completed
ORD014033,2026-03-22,CUST00130,PROD0010,B001,4,6193.75,0.15,5264.69,4287.98,976.71,Completed
ORD014036,2026-05-25,CUST00365,PROD0104,B001,5,6678.93,0.25,5009.2,5297.84,-288.64,Completed
ORD014037,2026-06-10,CUST01211,PROD0026,B001,2,787.01,0.05,747.66,568.59,179.07,Completed
ORD014042,2026-04-26,CUST01901,PROD0017,B003,1,869.59,0.1,782.63,631.98,150.65,Completed
ORD014045,2026-04-17,CUST00582,PROD0043,B005,5,345.88,0.1,311.28999999999996,893.23,-581.94,Completed
ORD014047,2026-02-28,CUST01435,PROD0003,B002,1,377.79,0.1,340.01,267.73,72.28,Completed
ORD014053,2026-07-30,CUST01058,PROD0115,B004,5,2556.26,0.15,2172.82,2303.26,-130.44,Completed
ORD014056,2026-08-06,CUST00517,PROD0054,B004,5,4527.28,0.1,4074.55,3810.16,264.39,Completed
ORD014058,2026-12-26,CUST00540,PROD0099,B004,2,698.54,0.0,698.54,1187.14,-488.6,Completed
ORD014059,2026-01-12,CUST01218,PROD0091,B001,4,543.59,0.1,489.23,1261.16,-771.93,Completed
ORD014063,2026-07-27,CUST00912,PROD0113,B005,4,3964.11,0.05,3765.8999999999996,3627.81,138.09,Completed
ORD014064,2026-07-02,CUST00925,PROD0001,B001,2,2767.68,0.1,2490.91,2126.36,364.55,Completed
ORD014065,2026-06-23,CUST00515,PROD0053,B004,2,1111.68,0.15,944.92,723.21,221.71,Completed
ORD014066,2026-05-27,CUST00986,PROD0036,B001,3,850.08,0.15,722.57,459.65,262.92,Completed
ORD014067,2026-01-24,CUST01278,PROD0048,B004,5,3330.72,0.1,2997.65,3077.47,-79.82,Completed
ORD014070,2026-12-30,CUST01202,PROD0068,B003,1,24.93,0.0,24.930000000000064,823.36,-798.43,Completed
ORD014073,2026-01-07,CUST01024,PROD0108,B002,3,1618.53,0.1,1456.6799999999998,1570.27,-113.59,Completed
ORD014076,2026-02-26,CUST01017,PROD0113,B004,5,5094.45,0.15,4330.28,4534.77,-204.49,Completed
ORD014078,2026-01-27,CUST01563,PROD0054,B003,4,3334.24,0.15,2834.1,3048.13,-214.03,Completed
ORD014081,2026-12-12,CUST00094,PROD0104,B002,4,5298.7,0.1,4768.83,4238.27,530.56,Completed
ORD014082,2026-08-26,CUST01213,PROD0028,B003,4,1809.66,0.1,1628.69,1834.06,-205.37,Completed
ORD014087,2026-06-21,CUST01446,PROD0091,B005,4,478.22,0.15,406.49,1261.16,-854.67,Completed
ORD014089,2026-12-09,CUST01072,PROD0084,B003,4,1020.44,0.05,969.4200000000001,1530.5,-561.08,Completed
ORD014095,2026-10-12,CUST01944,PROD0098,B001,2,998.78,0.0,998.78,1117.66,-118.88,Completed
ORD014099,2026-03-03,CUST02208,PROD0083,B004,2,2308.37,0.0,2308.37,2242.95,65.42,Completed
ORD014101,2026-09-04,CUST02468,PROD0019,B005,5,3443.47,0.0,3443.4700000000003,2770.95,672.52,Completed
ORD014104,2026-06-29,CUST02125,PROD0090,B002,5,349.39,0.2,279.51,1000.91,-721.4,Completed
ORD014107,2026-10-24,CUST02090,PROD0009,B004,2,638.57,0.1,574.71,391.05,183.66,Completed
ORD014123,2026-01-29,CUST01429,PROD0118,B005,4,48.42,0.1,43.57999999999993,776.67,-733.09,Completed
ORD014125,2026-09-09,CUST02027,PROD0100,B005,2,445.51,0.15,378.68000000000006,1266.56,-887.88,Completed
ORD014129,2026-08-05,CUST00216,PROD0031,B002,5,2085.17,0.2,1668.1399999999999,2737.47,-1069.33,Completed
ORD014132,2026-12-17,CUST02285,PROD0119,B004,1,598.58,0.05,568.66,434.31,134.35,Completed
ORD014133,2026-01-29,CUST01857,PROD0094,B005,4,781.12,0.1,703.01,468.07,234.94,Completed
ORD014134,2026-05-12,CUST00003,PROD0040,B002,3,1972.02,0.0,1972.02,1621.06,350.96,Completed
ORD014136,2026-07-26,CUST01527,PROD0103,B001,5,3113.29,0.2,2490.63,2582.17,-91.54,Completed
ORD014143,2026-02-02,CUST01092,PROD0055,B004,3,341.59,0.05,324.51,790.62,-466.11,Completed
ORD014145,2026-09-17,CUST00017,PROD0087,B001,5,4728.86,0.15,4019.5299999999997,4123.48,-103.95,Completed
ORD014147,2026-05-27,CUST02103,PROD0067,B002,5,3481.41,0.05,3307.34,2486.63,820.71,Completed
ORD014149,2026-03-24,CUST01032,PROD0062,B001,1,729.53,0.0,729.53,578.72,150.81,Completed
ORD014155,2026-08-25,CUST02118,PROD0076,B001,5,499.88,0.0,499.8800000000001,1200.24,-700.36,Completed
ORD014158,2026-11-14,CUST01689,PROD0078,B004,5,3483.31,0.15,2960.81,2869.89,90.92,Completed
ORD014161,2026-05-04,CUST01069,PROD0085,B003,5,215.26,0.05,204.49,170.57,33.92,Completed
ORD014162,2026-08-18,CUST01321,PROD0060,B001,3,268.58,0.05,255.14,176.33,78.81,Completed
ORD014165,2026-06-14,CUST00863,PROD0014,B002,1,204.41,0.15,173.75,790.6,-616.85,Completed
ORD014170,2026-01-29,CUST02467,PROD0033,B004,2,148.05,0.05,140.6500000000001,766.49,-625.84,Completed
ORD014175,2026-06-29,CUST00968,PROD0013,B004,3,1029.66,0.0,1029.66,1373.17,-343.51,Completed
ORD014181,2026-03-30,CUST00377,PROD0075,B003,2,1775.17,0.05,1686.4099999999999,2184.91,-498.5,Completed
ORD014184,2026-03-24,CUST01524,PROD0083,B002,5,7218.31,0.05,6857.39,5607.38,1250.01,Completed
ORD014200,2026-08-29,CUST01462,PROD0035,B002,5,1902.06,0.0,1902.06,2178.08,-276.02,Completed
ORD014201,2026-10-01,CUST01365,PROD0115,B001,4,1933.55,0.05,1836.87,1842.61,-5.74,Completed
ORD014202,2026-06-09,CUST01126,PROD0050,B003,2,1198.28,0.0,1198.2800000000002,1268.54,-70.26,Completed
ORD014206,2026-10-27,CUST01869,PROD0100,B003,3,1432.96,0.0,1432.96,1899.84,-466.88,Completed
ORD014215,2026-04-30,CUST01094,PROD0052,B002,1,660.68,0.1,594.61,453.35,141.26,Completed
ORD014226,2026-08-09,CUST02327,PROD0055,B001,4,747.86,0.1,673.0699999999999,1054.16,-381.09,Completed
ORD014227,2026-11-21,CUST01920,PROD0065,B001,4,4352.71,0.05,4135.07,4044.87,90.2,Completed
ORD014230,2026-08-09,CUST02277,PROD0082,B003,4,7128.11,0.2,5702.49,4534.66,1167.83,Completed
ORD014233,2026-08-26,CUST01555,PROD0012,B005,3,388.85,0.05,369.41,262.72,106.69,Completed
ORD014235,2026-10-06,CUST00912,PROD0028,B002,4,1670.76,0.2,1336.6100000000001,1834.06,-497.45,Completed
ORD014236,2026-08-28,CUST00029,PROD0040,B001,4,2786.22,0.15,2368.29,2161.41,206.88,Completed
ORD014238,2026-04-25,CUST00284,PROD0105,B003,2,843.47,0.1,759.12,621.59,137.53,Completed
ORD014239,2026-06-17,CUST02491,PROD0071,B005,1,479.79,0.05,455.79,373.57,82.22,Completed
ORD014243,2026-07-23,CUST01489,PROD0104,B001,1,352.45,0.2,281.96000000000004,1059.57,-777.61,Completed
ORD014244,2026-08-23,CUST00977,PROD0118,B001,4,48.42,0.1,43.57999999999993,776.67,-733.09,Completed
ORD014245,2026-03-06,CUST02079,PROD0055,B002,2,929.48,0.15,790.06,527.08,262.98,Completed
ORD014246,2026-07-26,CUST00881,PROD0052,B004,2,210.26,0.1,189.23000000000002,906.7,-717.47,Completed
ORD014250,2026-10-14,CUST01431,PROD0010,B001,2,2574.0,0.1,2316.6,2143.99,172.61,Completed
ORD014256,2026-09-21,CUST01164,PROD0069,B001,5,4991.84,0.25,3743.88,3432.19,311.69,Completed
ORD014265,2026-01-22,CUST01877,PROD0069,B005,2,1530.07,0.0,1530.0700000000002,1372.88,157.19,Completed
ORD014266,2026-04-05,CUST02268,PROD0107,B002,3,4223.49,0.1,3801.1400000000003,3263.01,538.13,Completed
ORD014267,2026-03-21,CUST00439,PROD0048,B003,2,526.74,0.2,421.3900000000001,1230.99,-809.6,Completed
ORD014270,2026-03-18,CUST01716,PROD0023,B005,2,1369.65,0.15,1164.1999999999998,1573.84,-409.64,Completed
ORD014274,2026-02-20,CUST02191,PROD0020,B002,5,2692.08,0.1,2422.87,2738.67,-315.8,Completed
ORD014276,2026-04-08,CUST00200,PROD0102,B002,4,1974.5,0.1,1777.0500000000002,1779.46,-2.41,Completed
ORD014279,2026-01-07,CUST00079,PROD0057,B003,4,2909.29,0.1,2618.36,2595.81,22.55,Completed
ORD014280,2026-02-11,CUST02036,PROD0065,B003,2,1650.03,0.05,1567.5300000000002,2022.43,-454.9,Completed
ORD014283,2026-09-17,CUST01210,PROD0095,B004,4,367.92,0.05,349.52,1071.54,-722.02,Completed
ORD014285,2026-06-20,CUST02418,PROD0074,B001,3,782.06,0.15,664.75,1514.51,-849.76,Completed
ORD014290,2026-07-26,CUST00836,PROD0008,B004,4,1062.22,0.15,902.89,875.63,27.26,Completed
ORD014292,2026-11-30,CUST02039,PROD0049,B003,4,4278.26,0.05,4064.3500000000004,3084.32,980.03,Completed
ORD014296,2026-12-27,CUST00758,PROD0078,B005,2,811.27,0.05,770.71,1147.95,-377.24,Completed
ORD014300,2026-06-15,CUST02298,PROD0081,B004,3,399.32,0.25,299.49,297.32,2.17,Completed
ORD014302,2026-04-20,CUST02225,PROD0004,B003,3,897.52,0.2,718.02,573.31,144.71,Completed
ORD014303,2026-03-08,CUST01992,PROD0040,B001,1,990.67,0.2,792.54,540.35,252.19,Completed
ORD014307,2026-05-18,CUST01220,PROD0048,B004,3,1612.47,0.05,1531.85,1846.48,-314.63,Completed
ORD014320,2026-05-17,CUST00979,PROD0025,B001,4,2907.55,0.05,2762.17,2362.87,399.3,Completed
ORD014328,2026-09-07,CUST00224,PROD0007,B001,1,47.71,0.15,40.55,35.75,4.8,Completed
ORD014330,2026-04-08,CUST00841,PROD0111,B003,1,782.19,0.05,743.0799999999999,1107.06,-363.98,Completed
ORD014335,2026-11-21,CUST02096,PROD0003,B004,1,377.79,0.0,377.79,267.73,110.06,Completed
ORD014338,2026-06-27,CUST01701,PROD0106,B001,2,384.53,0.05,365.29999999999995,862.44,-497.14,Completed
ORD014345,2026-05-24,CUST01998,PROD0037,B005,5,1721.89,0.15,1463.6100000000001,2412.79,-949.18,Completed
ORD014349,2026-03-10,CUST00680,PROD0083,B001,4,5564.12,0.05,5285.91,4485.91,800.0,Completed
ORD014355,2026-08-20,CUST00136,PROD0034,B002,5,4210.76,0.15,3579.1499999999996,3582.94,-3.79,Completed
ORD014358,2026-06-15,CUST02056,PROD0018,B002,5,7553.91,0.05,7176.21,5359.54,1816.67,Completed
ORD014363,2026-08-30,CUST01670,PROD0101,B001,2,116.31,0.15,98.8599999999999,921.0,-822.14,Completed
ORD014364,2026-06-20,CUST00920,PROD0026,B003,3,1180.52,0.2,944.41,852.89,91.52,Completed
ORD014366,2026-03-04,CUST01411,PROD0066,B002,5,5991.07,0.0,5991.07,5022.45,968.62,Completed
ORD014383,2026-04-28,CUST01690,PROD0029,B003,3,321.38,0.05,305.30999999999995,797.55,-492.24,Completed
ORD014386,2026-11-15,CUST00434,PROD0001,B004,5,8520.49,0.15,7242.42,5315.89,1926.53,Completed
ORD014394,2026-08-06,CUST00224,PROD0118,B002,4,106.91,0.05,101.55999999999995,776.67,-675.11,Completed
ORD014396,2026-05-01,CUST01612,PROD0040,B004,4,2910.06,0.05,2764.56,2161.41,603.15,Completed
ORD014397,2026-05-14,CUST01977,PROD0011,B001,3,1432.73,0.1,1289.46,1972.87,-683.41,Completed
ORD014398,2026-09-25,CUST01909,PROD0056,B002,3,3058.69,0.15,2599.89,3172.93,-573.04,Completed
ORD014401,2026-06-03,CUST01185,PROD0069,B002,1,265.03,0.0,265.03,686.44,-421.41,Completed
ORD014408,2026-09-12,CUST00388,PROD0050,B001,1,1099.14,0.15,934.27,634.27,300.0,Completed
ORD014412,2026-12-10,CUST00456,PROD0020,B001,3,1031.91,0.2,825.53,1643.2,-817.67,Completed
ORD014418,2026-09-12,CUST00267,PROD0067,B004,4,2574.6,0.05,2445.87,1989.31,456.56,Completed
ORD014422,2026-10-05,CUST01371,PROD0063,B003,3,398.04,0.15,338.33,301.4,36.93,Completed
ORD014423,2026-09-17,CUST00296,PROD0043,B004,1,291.4,0.15,247.69,178.65,69.04,Completed
ORD014425,2026-03-05,CUST02203,PROD0009,B001,1,319.28,0.15,271.39,195.53,75.86,Completed
ORD014426,2026-03-12,CUST01702,PROD0036,B002,5,305.69,0.1,275.1199999999999,766.09,-490.97,Completed
ORD014430,2026-07-15,CUST01446,PROD0039,B001,5,6360.82,0.05,6042.78,4131.23,1911.55,Completed
ORD014431,2026-06-30,CUST01758,PROD0075,B004,1,237.44,0.15,201.81999999999994,1092.46,-890.64,Completed
ORD014434,2026-07-22,CUST00406,PROD0089,B002,3,1030.0,0.05,978.5,676.76,301.74,Completed
ORD014436,2026-08-03,CUST00906,PROD0066,B004,1,148.21,0.2,118.56999999999994,1004.49,-885.92,Completed
ORD014445,2026-03-06,CUST01032,PROD0113,B002,5,5020.91,0.2,4016.7299999999996,4534.77,-518.04,Completed
ORD014452,2026-08-28,CUST01752,PROD0118,B002,5,449.42,0.0,449.4200000000001,970.84,-521.42,Completed
ORD014454,2026-12-17,CUST00315,PROD0037,B004,3,405.68,0.25,304.26,1447.68,-1143.42,Completed
ORD014455,2026-03-13,CUST00610,PROD0040,B001,3,1795.55,0.15,1526.2199999999998,1621.06,-94.84,Completed
ORD014457,2026-02-01,CUST01800,PROD0084,B001,1,518.27,0.0,518.27,382.62,135.65,Completed
ORD014486,2026-07-16,CUST01099,PROD0074,B003,2,253.05,0.05,240.4000000000001,1009.68,-769.28,Completed
ORD014494,2026-08-25,CUST01938,PROD0119,B004,3,462.41,0.25,346.80999999999995,1302.93,-956.12,Completed
ORD014497,2026-11-04,CUST02341,PROD0014,B003,4,4190.17,0.25,3142.63,3162.41,-19.78,Completed
ORD014502,2026-05-05,CUST01143,PROD0120,B002,4,1165.54,0.1,1048.9899999999998,1467.78,-418.79,Completed
ORD014508,2026-06-17,CUST02454,PROD0088,B005,2,897.74,0.15,763.08,579.21,183.87,Completed
ORD014509,2026-06-05,CUST01004,PROD0044,B002,5,4417.11,0.05,4196.25,3037.05,1159.2,Completed
ORD014520,2026-10-29,CUST02409,PROD0031,B003,4,1615.51,0.05,1534.73,2189.98,-655.25,Completed
ORD014522,2026-10-31,CUST02454,PROD0069,B002,3,2618.64,0.15,2225.84,2059.31,166.53,Completed
ORD014531,2026-01-18,CUST02343,PROD0076,B005,4,23.42,0.15,19.909999999999968,960.2,-940.29,Completed
ORD014536,2026-06-03,CUST02295,PROD0007,B004,2,95.41,0.1,85.87,71.51,14.36,Completed
ORD014537,2026-01-05,CUST01391,PROD0005,B003,1,169.77,0.05,161.27999999999997,753.73,-592.45,Completed
ORD014540,2026-08-01,CUST02196,PROD0079,B001,4,693.21,0.2,554.57,466.28,88.29,Completed
ORD014551,2026-10-14,CUST01410,PROD0067,B001,4,2450.76,0.15,2083.15,1989.31,93.84,Completed
ORD014555,2026-07-11,CUST00114,PROD0082,B001,1,1041.89,0.05,989.8,1133.66,-143.86,Completed
ORD014557,2026-01-18,CUST00280,PROD0052,B002,2,321.37,0.0,321.3699999999999,906.7,-585.33,Completed
ORD014564,2026-02-01,CUST01077,PROD0103,B003,1,872.66,0.1,785.39,516.43,268.96,Completed
ORD014566,2026-02-13,CUST01788,PROD0104,B001,2,2028.44,0.15,1724.17,2119.14,-394.97,Completed
ORD014570,2026-08-13,CUST00126,PROD0049,B005,2,1488.98,0.15,1265.63,1542.16,-276.53,Completed
ORD014571,2026-05-17,CUST02326,PROD0114,B003,1,374.54,0.0,374.53999999999996,1043.17,-668.63,Completed
ORD014578,2026-07-03,CUST01704,PROD0073,B005,4,731.21,0.1,658.09,479.89,178.2,Completed
ORD014580,2026-05-15,CUST00293,PROD0016,B004,5,444.32,0.05,422.11,266.08,156.03,Completed
ORD014581,2026-02-18,CUST00429,PROD0049,B001,4,4278.26,0.05,4064.3500000000004,3084.32,980.03,Completed
ORD014583,2026-05-08,CUST01763,PROD0006,B001,4,1625.22,0.05,1543.96,1943.61,-399.65,Completed
ORD014587,2026-07-07,CUST00553,PROD0119,B004,2,197.16,0.0,197.16000000000008,868.62,-671.46,Completed
ORD014593,2026-09-16,CUST01488,PROD0097,B003,5,7753.22,0.05,7365.5599999999995,5423.08,1942.48,Completed
ORD014595,2026-02-20,CUST01592,PROD0120,B004,5,1845.83,0.0,1845.83,1834.73,11.1,Completed
ORD014605,2026-12-07,CUST02329,PROD0022,B001,1,153.22,0.1,137.9000000000001,913.58,-775.68,Completed
ORD014606,2026-07-09,CUST02131,PROD0112,B002,4,2412.82,0.05,2292.18,2713.31,-421.13,Completed
ORD014612,2026-08-16,CUST02097,PROD0081,B002,4,532.43,0.1,479.19,396.43,82.76,Completed
ORD014614,2026-04-04,CUST02171,PROD0103,B001,2,692.68,0.05,658.05,1032.87,-374.82,Completed
ORD014616,2026-05-25,CUST00796,PROD0054,B004,2,1255.35,0.0,1255.35,1524.07,-268.72,Completed
ORD014622,2026-12-06,CUST00279,PROD0039,B005,2,1965.38,0.0,1965.38,1652.49,312.89,Completed
ORD014624,2026-05-13,CUST00900,PROD0108,B003,5,3496.78,0.05,3321.9399999999996,2617.12,704.82,Completed
ORD014625,2026-03-09,CUST00228,PROD0092,B004,1,104.44,0.1,94.0,66.64,27.36,Completed
ORD014633,2026-10-07,CUST00786,PROD0093,B001,3,1422.59,0.15,1209.1999999999998,1907.02,-697.82,Completed
ORD014639,2026-07-30,CUST01735,PROD0058,B003,2,625.51,0.1,562.96,349.16,213.8,Completed
ORD014640,2026-12-24,CUST02019,PROD0085,B002,1,43.05,0.1,38.74,34.11,4.63,Completed
ORD014643,2026-01-21,CUST02345,PROD0119,B005,4,1341.69,0.05,1274.6100000000001,1737.24,-462.63,Completed
ORD014647,2026-12-11,CUST00732,PROD0076,B001,4,23.42,0.15,19.909999999999968,960.2,-940.29,Completed
ORD014651,2026-05-04,CUST01114,PROD0105,B004,5,932.21,0.15,792.3800000000001,1553.98,-761.6,Completed
ORD014660,2026-10-17,CUST00570,PROD0093,B001,3,1422.59,0.15,1209.1999999999998,1907.02,-697.82,Completed
ORD014661,2026-12-30,CUST01309,PROD0007,B005,3,143.12,0.0,143.12,107.26,35.86,Completed
ORD014662,2026-10-25,CUST01591,PROD0061,B003,3,233.49,0.1,210.1400000000001,945.07,-734.93,Completed
ORD014663,2026-06-15,CUST01700,PROD0103,B002,1,872.66,0.1,785.39,516.43,268.96,Completed
ORD014667,2026-09-11,CUST01249,PROD0010,B001,1,592.55,0.2,474.03999999999996,1072.0,-597.96,Completed
ORD014672,2026-12-10,CUST00622,PROD0054,B003,1,16.57,0.1,14.909999999999968,762.03,-747.12,Completed
ORD014675,2026-09-12,CUST00190,PROD0047,B005,5,498.36,0.05,473.44000000000005,898.25,-424.81,Completed
ORD014676,2026-10-24,CUST00495,PROD0046,B003,1,223.34,0.15,189.83,168.55,21.28,Completed
ORD014681,2026-12-13,CUST01970,PROD0043,B004,3,874.19,0.2,699.35,535.94,163.41,Completed
ORD014682,2026-08-27,CUST01099,PROD0108,B002,4,2528.42,0.1,2275.58,2093.7,181.88,Completed
ORD014683,2026-09-28,CUST01301,PROD0007,B001,5,238.54,0.0,238.54,178.76,59.78,Completed
ORD014690,2026-11-23,CUST00847,PROD0060,B005,5,447.63,0.1,402.86,293.88,108.98,Completed
ORD014692,2026-06-15,CUST00773,PROD0112,B003,5,3081.81,0.2,2465.45,3391.64,-926.19,Completed
ORD014694,2026-03-03,CUST01568,PROD0014,B003,3,2892.64,0.2,2314.11,2371.81,-57.7,Completed
ORD014696,2026-01-25,CUST00999,PROD0120,B005,5,1793.2,0.05,1703.54,1834.73,-131.19,Completed
ORD014698,2026-06-24,CUST01462,PROD0111,B004,2,2419.64,0.2,1935.71,2214.12,-278.41,Completed
ORD014699,2026-09-16,CUST01167,PROD0015,B004,3,3210.57,0.05,3050.04,2651.18,398.86,Completed
ORD014700,2026-01-04,CUST00759,PROD0088,B004,5,1191.73,0.05,1132.1399999999999,1448.01,-315.87,Completed
ORD014702,2026-06-28,CUST02228,PROD0074,B002,2,253.05,0.05,240.4000000000001,1009.68,-769.28,Completed
ORD014708,2026-09-07,CUST02171,PROD0113,B003,2,1397.26,0.1,1257.5300000000002,1813.91,-556.38,Completed
ORD014711,2026-04-17,CUST00092,PROD0044,B004,5,4469.74,0.0,4469.74,3037.05,1432.69,Completed
ORD014715,2026-06-16,CUST00467,PROD0075,B002,4,4405.59,0.2,3524.4700000000003,4369.82,-845.35,Completed
ORD014728,2026-02-01,CUST00076,PROD0030,B004,4,2966.42,0.1,2669.78,3254.38,-584.6,Completed
ORD014734,2026-04-16,CUST02415,PROD0014,B004,3,3142.63,0.0,3142.63,2371.81,770.82,Completed
ORD014745,2026-08-03,CUST00443,PROD0024,B002,5,5299.07,0.1,4769.16,3515.47,1253.69,Completed
ORD014755,2026-07-22,CUST00028,PROD0024,B001,4,4128.14,0.0,4128.14,2812.38,1315.76,Completed
ORD014756,2026-10-08,CUST01731,PROD0120,B004,4,1224.03,0.05,1162.83,1467.78,-304.95,Completed
ORD014765,2026-05-17,CUST00851,PROD0041,B004,3,345.23,0.2,276.19,187.47,88.72,Completed
ORD014772,2026-04-19,CUST01623,PROD0033,B004,4,1068.03,0.25,801.02,1532.97,-731.95,Completed
ORD014780,2026-10-19,CUST02198,PROD0007,B004,5,238.54,0.15,202.76,178.76,24.0,Completed
ORD014781,2026-03-24,CUST00176,PROD0107,B002,4,6060.17,0.05,5757.16,4350.68,1406.48,Completed
ORD014782,2026-05-02,CUST00752,PROD0023,B003,5,5188.81,0.15,4410.49,3934.59,475.9,Completed
ORD014788,2026-05-23,CUST02358,PROD0054,B002,3,2383.03,0.0,2383.03,2286.1,96.93,Completed
ORD014790,2026-11-30,CUST01282,PROD0047,B002,2,620.39,0.0,620.39,359.3,261.09,Completed
ORD014795,2026-06-17,CUST01388,PROD0098,B001,2,887.68,0.1,798.9100000000001,1117.66,-318.75,Completed
ORD014797,2026-07-10,CUST02278,PROD0109,B005,1,303.23,0.05,288.06999999999994,975.11,-687.04,Completed
ORD014799,2026-11-04,CUST00769,PROD0093,B003,2,680.07,0.05,646.0699999999999,1271.34,-625.27,Completed
ORD014803,2026-03-10,CUST02464,PROD0089,B005,2,686.67,0.05,652.33,451.18,201.15,Completed
ORD014811,2026-04-10,CUST01485,PROD0036,B002,4,133.44,0.0,133.44000000000005,612.87,-479.43,Completed
ORD014819,2026-03-31,CUST02247,PROD0088,B002,4,742.85,0.05,705.71,1158.41,-452.7,Completed
ORD014830,2026-04-30,CUST02178,PROD0081,B003,2,266.21,0.2,212.97,198.21,14.76,Completed
ORD014831,2026-07-30,CUST00815,PROD0103,B003,2,634.2,0.1,570.78,1032.87,-462.09,Completed
ORD014835,2026-07-14,CUST01661,PROD0036,B002,4,80.81,0.05,76.76999999999998,612.87,-536.1,Completed
ORD014840,2026-10-22,CUST00663,PROD0102,B001,3,1203.1,0.1,1082.79,1334.6,-251.81,Completed
ORD014845,2026-03-16,CUST00814,PROD0055,B001,5,1271.07,0.05,1207.52,1317.7,-110.18,Completed
ORD014846,2026-02-24,CUST02016,PROD0086,B004,3,407.13,0.15,346.05999999999995,1202.23,-856.17,Completed
ORD014847,2026-06-25,CUST02251,PROD0009,B005,5,543.79,0.05,516.5999999999999,977.63,-461.03,Completed
ORD014850,2026-03-27,CUST01437,PROD0097,B004,2,2345.87,0.15,1993.9899999999998,2169.23,-175.24,Completed
ORD014851,2026-03-22,CUST01364,PROD0099,B002,1,849.27,0.15,721.88,593.57,128.31,Completed
ORD014853,2026-03-01,CUST01096,PROD0117,B004,4,1977.94,0.1,1780.15,1904.49,-124.34,Completed
ORD014854,2026-06-26,CUST00046,PROD0095,B005,2,710.27,0.1,639.25,535.77,103.48,Completed
ORD014858,2026-08-06,CUST01042,PROD0089,B001,1,343.33,0.05,326.17,225.59,100.58,Completed
ORD014862,2026-07-17,CUST01157,PROD0052,B002,3,982.05,0.0,982.05,1360.05,-378.0,Completed
ORD014865,2026-01-01,CUST00214,PROD0060,B002,5,447.63,0.25,335.72,293.88,41.84,Completed
ORD014866,2026-03-10,CUST01645,PROD0116,B005,3,786.52,0.05,747.19,645.27,101.92,Completed
ORD014872,2026-06-11,CUST00164,PROD0006,B001,2,286.29,0.05,271.98,971.81,-699.83,Completed
ORD014874,2026-09-28,CUST00072,PROD0073,B001,3,548.4,0.0,548.4,359.92,188.48,Completed
ORD014877,2026-06-13,CUST01151,PROD0095,B002,5,723.05,0.05,686.9000000000001,1339.42,-652.52,Completed
ORD014879,2026-02-20,CUST00447,PROD0085,B004,3,129.15,0.25,96.87,102.34,-5.47,Completed
ORD014883,2026-08-23,CUST00753,PROD0113,B005,3,2709.92,0.05,2574.42,2720.86,-146.44,Completed
ORD014895,2026-09-14,CUST01368,PROD0116,B004,2,524.35,0.2,419.47,430.18,-10.71,Completed
ORD014906,2026-04-28,CUST00037,PROD0087,B003,4,3724.26,0.0,3724.26,3298.78,425.48,Completed
ORD014911,2026-08-18,CUST01397,PROD0059,B002,2,700.0,0.2,560.0,1233.42,-673.42,Completed
ORD014926,2026-11-20,CUST01565,PROD0001,B001,1,886.76,0.05,842.4200000000001,1063.18,-220.76,Completed
ORD014931,2026-07-26,CUST02283,PROD0034,B001,2,1043.78,0.1,939.4000000000001,1433.18,-493.78,Completed
ORD014932,2026-02-19,CUST00754,PROD0083,B005,3,3851.46,0.1,3466.3100000000004,3364.43,101.88,Completed
ORD014933,2026-03-10,CUST02430,PROD0061,B004,2,896.4,0.0,896.4,630.05,266.35,Completed
ORD014936,2026-01-07,CUST00454,PROD0084,B003,2,1036.54,0.15,881.06,765.25,115.81,Completed
ORD014937,2026-01-11,CUST01294,PROD0105,B002,1,421.74,0.0,421.74,310.8,110.94,Completed
ORD014942,2026-11-26,CUST00588,PROD0017,B001,5,3295.34,0.05,3130.5699999999997,3159.89,-29.32,Completed
ORD014944,2026-06-14,CUST01095,PROD0090,B004,1,319.88,0.15,271.9,200.18,71.72,Completed
ORD014947,2026-11-03,CUST02214,PROD0022,B004,1,264.34,0.0,264.3399999999999,913.58,-649.24,Completed
ORD014953,2026-04-06,CUST02237,PROD0004,B002,1,299.17,0.0,299.17,191.1,108.07,Completed
ORD014955,2026-03-05,CUST02092,PROD0016,B002,3,266.59,0.0,266.59,159.65,106.94,Completed
ORD014959,2026-11-16,CUST02431,PROD0104,B005,5,6835.8,0.15,5810.43,5297.84,512.59,Completed
ORD014967,2026-04-17,CUST00402,PROD0064,B001,3,1775.68,0.0,1775.6799999999998,2109.86,-334.18,Completed
ORD014969,2026-04-16,CUST00360,PROD0035,B003,3,630.12,0.1,567.1099999999999,1306.85,-739.74,Completed
ORD014973,2026-12-02,CUST01483,PROD0117,B005,4,1839.06,0.2,1471.25,1904.49,-433.24,Completed
ORD014977,2026-02-06,CUST01253,PROD0054,B001,3,2330.4,0.05,2213.88,2286.1,-72.22,Completed
ORD014979,2026-07-03,CUST00250,PROD0050,B005,5,4162.37,0.25,3121.7799999999997,3171.34,-49.56,Completed
ORD014982,2026-08-15,CUST02096,PROD0008,B004,1,265.55,0.2,212.44,218.91,-6.47,Completed
ORD014985,2026-09-16,CUST01889,PROD0113,B002,3,2709.92,0.05,2574.42,2720.86,-146.44,Completed
ORD014991,2026-08-07,CUST01417,PROD0079,B002,4,693.21,0.0,693.21,466.28,226.93,Completed
ORD014992,2026-12-12,CUST00739,PROD0069,B003,1,15.04,0.2,12.029999999999973,686.44,-674.41,Completed
ORD014995,2026-03-04,CUST00274,PROD0073,B003,2,365.6,0.2,292.48,239.94,52.54,Completed
ORD014997,2026-01-06,CUST00358,PROD0015,B001,1,421.07,0.0,421.06999999999994,883.73,-462.66,Completed
ORD015002,2026-04-06,CUST00028,PROD0092,B004,4,417.78,0.25,313.33,266.55,46.78,Completed
ORD015005,2026-03-31,CUST01774,PROD0015,B002,1,309.96,0.1,278.96000000000004,883.73,-604.77,Completed
ORD015009,2026-05-06,CUST00747,PROD0079,B003,2,346.61,0.1,311.94,233.14,78.8,Completed
ORD015010,2026-11-25,CUST00862,PROD0051,B004,2,458.85,0.25,344.1400000000001,1188.1,-843.96,Completed
ORD015014,2026-08-11,CUST01798,PROD0120,B002,1,569.17,0.0,569.17,366.95,202.22,Completed
ORD015015,2026-03-11,CUST00260,PROD0019,B002,4,2443.67,0.1,2199.3,2216.76,-17.46,Completed
ORD015016,2026-12-25,CUST01629,PROD0065,B001,3,2804.0,0.2,2243.2,3033.65,-790.45,Completed
ORD015018,2026-05-27,CUST01547,PROD0029,B001,3,40.68,0.25,30.50999999999999,797.55,-767.04,Completed
ORD015019,2026-06-28,CUST00648,PROD0045,B004,5,3847.28,0.15,3270.1899999999996,3582.79,-312.6,Completed
ORD015020,2026-08-16,CUST01941,PROD0004,B004,2,598.35,0.05,568.43,382.21,186.22,Completed
ORD015027,2026-01-06,CUST01455,PROD0070,B002,5,1002.62,0.1,902.36,687.96,214.4,Completed
ORD015029,2026-12-07,CUST01738,PROD0120,B002,5,1793.2,0.05,1703.54,1834.73,-131.19,Completed
ORD015030,2026-06-10,CUST02085,PROD0090,B001,1,319.88,0.25,239.91,200.18,39.73,Completed
ORD015031,2026-05-06,CUST00508,PROD0072,B001,3,284.37,0.1,255.93000000000006,979.86,-723.93,Completed
ORD015032,2026-04-18,CUST00612,PROD0071,B003,5,1065.6,0.25,799.2,1867.86,-1068.66,Completed
ORD015033,2026-12-08,CUST00769,PROD0091,B003,2,827.35,0.05,785.98,630.58,155.4,Completed
ORD015036,2026-01-09,CUST01109,PROD0111,B001,2,2669.64,0.0,2669.64,2214.12,455.52,Completed
ORD015049,2026-01-24,CUST00756,PROD0048,B001,2,724.11,0.05,687.9000000000001,1230.99,-543.09,Completed
ORD015051,2026-02-23,CUST00554,PROD0095,B002,1,355.14,0.15,301.87,267.88,33.99,Completed
ORD015054,2026-03-13,CUST00131,PROD0071,B002,3,262.89,0.15,223.46000000000004,1120.72,-897.26,Completed
ORD015055,2026-02-17,CUST00965,PROD0081,B001,3,399.32,0.0,399.32,297.32,102.0,Completed
ORD015058,2026-07-26,CUST02478,PROD0094,B004,4,781.12,0.1,703.01,468.07,234.94,Completed
ORD015073,2026-02-17,CUST01924,PROD0103,B002,2,568.85,0.15,483.52,1032.87,-549.35,Completed
ORD015078,2026-07-21,CUST00545,PROD0051,B003,4,2473.26,0.1,2225.93,2376.21,-150.28,Completed
ORD015080,2026-12-19,CUST00446,PROD0023,B005,1,161.94,0.1,145.75,786.92,-641.17,Completed
ORD015085,2026-04-04,CUST01464,PROD0033,B002,4,1224.89,0.15,1041.16,1532.97,-491.81,Completed
ORD015087,2026-03-06,CUST02110,PROD0011,B004,3,1367.38,0.15,1162.27,1972.87,-810.6,Completed
ORD015091,2026-09-02,CUST02080,PROD0096,B001,2,2501.21,0.05,2376.15,2068.95,307.2,Completed
ORD015097,2026-04-27,CUST02112,PROD0018,B003,1,544.84,0.15,463.1099999999999,1071.91,-608.8,Completed
ORD015099,2026-01-07,CUST00718,PROD0107,B003,4,5862.81,0.2,4690.25,4350.68,339.57,Completed
ORD015100,2026-05-15,CUST00009,PROD0069,B001,2,1530.07,0.0,1530.0700000000002,1372.88,157.19,Completed
ORD015102,2026-08-30,CUST00187,PROD0068,B002,2,1049.87,0.0,1049.87,1646.73,-596.86,Completed
ORD015104,2026-08-05,CUST01841,PROD0027,B002,5,2245.41,0.15,1908.6,2478.73,-570.13,Completed
ORD015105,2026-01-26,CUST00489,PROD0030,B001,4,2966.42,0.1,2669.78,3254.38,-584.6,Completed
ORD015112,2026-08-05,CUST01726,PROD0115,B002,1,457.29,0.25,342.97,460.65,-117.68,Completed
ORD015113,2026-01-09,CUST02287,PROD0076,B005,1,299.98,0.05,284.98,240.05,44.93,Completed
ORD015116,2026-03-10,CUST00501,PROD0079,B005,5,866.51,0.25,649.88,582.85,67.03,Completed
ORD015117,2026-12-28,CUST02309,PROD0001,B001,1,886.76,0.05,842.4200000000001,1063.18,-220.76,Completed
ORD015118,2026-02-27,CUST00644,PROD0097,B002,3,4172.4,0.1,3755.16,3253.85,501.31,Completed
ORD015119,2026-03-19,CUST00564,PROD0070,B005,4,802.1,0.15,681.78,550.37,131.41,Completed
ORD015128,2026-07-28,CUST01297,PROD0118,B005,1,289.88,0.05,275.39,194.17,81.22,Completed
ORD015130,2026-04-04,CUST00308,PROD0010,B002,1,592.55,0.2,474.03999999999996,1072.0,-597.96,Completed
ORD015141,2026-12-20,CUST00682,PROD0103,B001,3,1506.86,0.1,1356.17,1549.3,-193.13,Completed
ORD015143,2026-12-04,CUST02483,PROD0026,B002,3,127.88,0.05,121.49000000000001,852.89,-731.4,Completed
ORD015147,2026-08-22,CUST02463,PROD0050,B001,5,4443.07,0.05,4220.92,3171.34,1049.58,Completed
ORD015154,2026-12-29,CUST00783,PROD0053,B003,1,555.84,0.25,416.88,361.6,55.28,Completed
ORD015158,2026-06-26,CUST00784,PROD0090,B005,3,959.63,0.1,863.67,600.54,263.13,Completed
ORD015164,2026-07-25,CUST02105,PROD0036,B003,5,416.8,0.0,416.79999999999995,766.09,-349.29,Completed
ORD015166,2026-10-29,CUST00924,PROD0044,B005,4,3199.32,0.15,2719.42,2429.64,289.78,Completed
ORD015174,2026-10-27,CUST02053,PROD0012,B005,1,129.62,0.0,129.62,87.57,42.05,Completed
ORD015178,2026-09-19,CUST02313,PROD0029,B005,1,458.01,0.0,458.01,265.85,192.16,Completed
ORD015183,2026-08-05,CUST02191,PROD0023,B004,4,3981.11,0.1,3583.0,3147.68,435.32,Completed
ORD015185,2026-12-11,CUST02403,PROD0038,B001,5,299.66,0.05,284.68,203.55,81.13,Completed
ORD015188,2026-04-04,CUST01049,PROD0084,B005,4,961.97,0.1,865.77,1530.5,-664.73,Completed
ORD015191,2026-07-16,CUST02444,PROD0012,B005,4,518.47,0.25,388.85,350.3,38.55,Completed
ORD015201,2026-03-16,CUST02315,PROD0026,B004,5,856.42,0.1,770.78,1421.48,-650.7,Completed
ORD015213,2026-06-07,CUST01176,PROD0006,B005,3,675.07,0.25,506.29999999999995,1457.71,-951.41,Completed
ORD015216,2026-04-06,CUST00250,PROD0083,B002,1,601.56,0.05,571.48,1121.48,-550.0,Completed
ORD015219,2026-07-31,CUST01491,PROD0111,B004,4,6162.8,0.15,5238.38,4428.25,810.13,Completed
ORD015220,2026-03-30,CUST00106,PROD0020,B001,1,760.64,0.25,570.48,547.73,22.75,Completed
ORD015222,2026-04-02,CUST00379,PROD0058,B001,1,312.76,0.1,281.48,174.58,106.9,Completed
ORD015227,2026-06-28,CUST01174,PROD0053,B003,4,1112.24,0.1,1001.02,1446.41,-445.39,Completed
ORD015233,2026-01-02,CUST01183,PROD0051,B005,1,896.09,0.1,806.48,594.05,212.43,Completed
ORD015238,2026-01-09,CUST00561,PROD0037,B001,4,1142.22,0.15,970.8900000000001,1930.23,-959.34,Completed
ORD015239,2026-09-12,CUST00906,PROD0065,B003,5,5756.67,0.0,5756.67,5056.08,700.59,Completed
ORD015240,2026-04-16,CUST00004,PROD0119,B003,5,1659.59,0.25,1244.69,2171.55,-926.86,Completed
ORD015245,2026-07-12,CUST01412,PROD0116,B002,2,524.35,0.2,419.47,430.18,-10.71,Completed
ORD015246,2026-03-12,CUST00786,PROD0089,B005,3,1030.0,0.05,978.5,676.76,301.74,Completed
ORD015249,2026-12-26,CUST01097,PROD0108,B004,4,2639.53,0.0,2639.53,2093.7,545.83,Completed
ORD015254,2026-06-29,CUST01323,PROD0073,B005,2,365.6,0.15,310.76,239.94,70.82,Completed
ORD015261,2026-04-08,CUST01581,PROD0067,B004,4,2377.22,0.2,1901.7800000000002,1989.31,-87.53,Completed
ORD015262,2026-05-03,CUST01329,PROD0116,B002,4,1048.69,0.2,838.95,860.36,-21.41,Completed
ORD015265,2026-03-10,CUST00910,PROD0077,B002,1,304.02,0.2,243.22,246.05,-2.83,Completed
ORD015269,2026-11-08,CUST01439,PROD0114,B001,3,3070.98,0.05,2917.43,3129.5,-212.07,Completed
ORD015271,2026-09-19,CUST00875,PROD0031,B003,1,667.03,0.1,600.33,547.49,52.84,Completed
ORD015274,2026-08-05,CUST01578,PROD0114,B001,2,1749.07,0.0,1749.0700000000002,2086.33,-337.26,Completed
ORD015276,2026-05-29,CUST01422,PROD0079,B005,4,693.21,0.0,693.21,466.28,226.93,Completed
ORD015283,2026-02-25,CUST01449,PROD0034,B005,5,4387.24,0.0,4387.24,3582.94,804.3,Completed
ORD015288,2026-09-27,CUST01946,PROD0088,B002,3,235.5,0.1,211.95000000000005,868.81,-656.86,Completed
ORD015289,2026-11-20,CUST00547,PROD0103,B004,4,2490.63,0.0,2490.63,2065.73,424.9,Completed
ORD015291,2026-06-04,CUST00841,PROD0115,B004,3,989.64,0.2,791.71,1381.96,-590.25,Completed
ORD015292,2026-01-17,CUST01370,PROD0031,B002,5,2282.55,0.05,2168.42,2737.47,-569.05,Completed
ORD015296,2026-10-12,CUST01234,PROD0112,B002,4,2354.34,0.1,2118.91,2713.31,-594.4,Completed
ORD015298,2026-05-19,CUST02350,PROD0011,B002,2,584.79,0.1,526.31,1315.25,-788.94,Completed
ORD015301,2026-07-20,CUST00947,PROD0069,B003,4,3949.03,0.1,3554.13,2745.75,808.38,Completed
ORD015308,2026-06-26,CUST01957,PROD0039,B002,3,3336.96,0.1,3003.26,2478.74,524.52,Completed
ORD015311,2026-06-23,CUST00320,PROD0100,B003,3,1380.34,0.05,1311.3200000000002,1899.84,-588.52,Completed
ORD015312,2026-12-06,CUST00091,PROD0024,B003,2,1387.6,0.15,1179.46,1406.19,-226.73,Completed
ORD015314,2026-03-12,CUST01678,PROD0057,B001,1,1005.1,0.15,854.34,648.95,205.39,Completed
ORD015320,2026-07-11,CUST00828,PROD0037,B001,1,579.67,0.15,492.72,482.56,10.16,Completed
ORD015321,2026-02-25,CUST00682,PROD0103,B003,4,2438.0,0.05,2316.1,2065.73,250.37,Completed
ORD015323,2026-01-31,CUST01669,PROD0101,B001,5,2055.47,0.15,1747.15,2302.51,-555.36,Completed
ORD015331,2026-06-12,CUST00552,PROD0120,B002,3,596.39,0.1,536.75,1100.84,-564.09,Completed
ORD015339,2026-10-28,CUST01203,PROD0085,B001,4,172.21,0.05,163.6,136.46,27.14,Completed
ORD015342,2026-11-17,CUST01850,PROD0019,B005,4,2443.67,0.1,2199.3,2216.76,-17.46,Completed
ORD015349,2026-12-11,CUST00917,PROD0088,B003,5,1244.35,0.0,1244.35,1448.01,-203.66,Completed
ORD015350,2026-03-08,CUST01586,PROD0053,B001,3,667.51,0.0,667.51,1084.81,-417.3,Completed
ORD015353,2026-04-17,CUST01454,PROD0106,B003,1,718.58,0.1,646.72,431.22,215.5,Completed
ORD015355,2026-05-13,CUST01018,PROD0018,B005,3,4052.81,0.1,3647.5299999999997,3215.72,431.81,Completed
ORD015356,2026-07-20,CUST01854,PROD0046,B005,1,223.34,0.2,178.67,168.55,10.12,Completed
ORD015362,2026-10-12,CUST02196,PROD0057,B004,3,1681.96,0.25,1261.4699999999998,1946.86,-685.39,Completed
ORD015370,2026-08-15,CUST00973,PROD0102,B001,3,1203.1,0.1,1082.79,1334.6,-251.81,Completed
ORD015375,2026-04-16,CUST00745,PROD0034,B001,4,3198.68,0.1,2878.81,2866.35,12.46,Completed
ORD015377,2026-06-13,CUST02237,PROD0096,B002,5,7884.61,0.0,7884.610000000001,5172.37,2712.24,Completed
ORD015390,2026-12-22,CUST00524,PROD0117,B003,2,433.42,0.1,390.0799999999999,952.25,-562.17,Completed
ORD015401,2026-05-08,CUST00274,PROD0003,B004,3,1133.37,0.15,963.37,803.19,160.18,Completed
ORD015409,2026-01-13,CUST01671,PROD0094,B002,2,390.56,0.1,351.51,234.04,117.47,Completed
ORD015413,2026-06-26,CUST00351,PROD0055,B002,2,929.48,0.0,929.48,527.08,402.4,Completed
ORD015421,2026-03-17,CUST00505,PROD0052,B002,4,1531.62,0.1,1378.46,1813.4,-434.94,Completed
ORD015424,2026-10-25,CUST00533,PROD0021,B002,2,356.99,0.25,267.74,1027.16,-759.42,Completed
ORD015431,2026-03-29,CUST00575,PROD0042,B002,1,453.53,0.0,453.53,1064.39,-610.86,Completed
ORD015433,2026-01-14,CUST01058,PROD0087,B001,2,1309.49,0.05,1244.02,1649.39,-405.37,Completed
ORD015441,2026-04-23,CUST01884,PROD0059,B003,1,975.0,0.2,780.0,616.71,163.29,Completed
ORD015446,2026-10-04,CUST01731,PROD0099,B002,4,2344.44,0.05,2227.22,2374.27,-147.05,Completed
ORD015459,2026-08-11,CUST00152,PROD0049,B001,4,4278.26,0.05,4064.3500000000004,3084.32,980.03,Completed
ORD015461,2026-08-22,CUST00452,PROD0035,B003,4,1269.02,0.05,1205.5700000000002,1742.46,-536.89,Completed
ORD015462,2026-07-14,CUST02498,PROD0022,B004,5,5269.05,0.05,5005.6,4567.91,437.69,Completed
ORD015463,2026-09-26,CUST00507,PROD0082,B005,2,2939.05,0.2,2351.24,2267.33,83.91,Completed
ORD015467,2026-06-16,CUST00147,PROD0106,B003,1,718.58,0.15,610.79,431.22,179.57,Completed
ORD015476,2026-03-25,CUST00642,PROD0038,B001,5,299.66,0.05,284.68,203.55,81.13,Completed
ORD015477,2026-03-02,CUST01228,PROD0042,B001,5,6267.64,0.0,6267.64,5321.93,945.71,Completed
ORD015484,2026-06-10,CUST02218,PROD0062,B005,4,1807.01,0.1,1626.31,2314.89,-688.58,Completed
ORD015485,2026-11-25,CUST01646,PROD0036,B001,2,566.72,0.0,566.72,306.44,260.28,Completed
ORD015486,2026-06-19,CUST01705,PROD0084,B002,4,896.61,0.15,762.1199999999999,1530.5,-768.38,Completed
ORD015491,2026-12-16,CUST02482,PROD0088,B003,5,1244.35,0.0,1244.35,1448.01,-203.66,Completed
ORD015492,2026-05-23,CUST01729,PROD0041,B001,5,575.39,0.0,575.39,312.45,262.94,Completed
ORD015507,2026-02-09,CUST02458,PROD0001,B001,4,6646.47,0.1,5981.82,4252.71,1729.11,Completed
ORD015515,2026-09-17,CUST01187,PROD0060,B001,3,268.58,0.1,241.72,176.33,65.39,Completed
ORD015518,2026-12-02,CUST00352,PROD0106,B005,3,822.41,0.25,616.81,1293.66,-676.85,Completed
ORD015519,2026-12-10,CUST00764,PROD0019,B002,4,2304.78,0.2,1843.8200000000002,2216.76,-372.94,Completed
ORD015528,2026-06-12,CUST01660,PROD0106,B005,3,905.75,0.2,724.5999999999999,1293.66,-569.06,Completed
ORD015529,2026-07-23,CUST01584,PROD0044,B001,1,1093.95,0.1,984.55,607.41,377.14,Completed
ORD015533,2026-05-10,CUST01556,PROD0092,B005,2,208.89,0.15,177.56,133.27,44.29,Completed
ORD015541,2026-01-21,CUST02117,PROD0104,B005,2,2152.27,0.05,2044.6599999999999,2119.14,-74.48,Completed
ORD015549,2026-09-17,CUST00709,PROD0041,B001,3,345.23,0.25,258.93,187.47,71.46,Completed
ORD015550,2026-12-18,CUST01673,PROD0036,B001,1,283.36,0.1,255.03,153.22,101.81,Completed
ORD015553,2026-11-30,CUST02032,PROD0119,B001,3,795.75,0.0,795.75,1302.93,-507.18,Completed
ORD015563,2026-01-18,CUST01739,PROD0113,B002,4,3964.11,0.05,3765.8999999999996,3627.81,138.09,Completed
ORD015566,2026-05-30,CUST02256,PROD0045,B001,3,1764.25,0.2,1411.4,2149.67,-738.27,Completed
ORD015568,2026-01-03,CUST00103,PROD0023,B003,4,3981.11,0.1,3583.0,3147.68,435.32,Completed
ORD015570,2026-03-25,CUST01604,PROD0045,B004,5,3773.75,0.2,3019.0,3582.79,-563.79,Completed
ORD015575,2026-12-21,CUST01300,PROD0003,B003,3,133.37,0.0,133.3699999999999,803.19,-669.82,Completed
ORD015578,2026-02-01,CUST00865,PROD0059,B005,3,1872.37,0.05,1778.75,1850.13,-71.38,Completed
ORD015587,2026-01-21,CUST02275,PROD0088,B002,2,897.74,0.0,897.74,579.21,318.53,Completed
ORD015592,2026-02-09,CUST01901,PROD0016,B002,1,88.86,0.25,66.65,53.22,13.43,Completed
ORD015596,2026-04-18,CUST01707,PROD0036,B003,5,416.8,0.0,416.79999999999995,766.09,-349.29,Completed
ORD015598,2026-05-31,CUST00822,PROD0094,B003,3,585.84,0.15,497.97,351.05,146.92,Completed
ORD015600,2026-06-02,CUST02050,PROD0119,B001,5,1940.28,0.05,1843.27,2171.55,-328.28,Completed
ORD015601,2026-05-05,CUST01737,PROD0081,B004,2,266.21,0.05,252.9,198.21,54.69,Completed
ORD015611,2026-05-27,CUST01069,PROD0035,B002,2,1160.82,0.2,928.66,871.23,57.43,Completed
ORD015612,2026-02-02,CUST00510,PROD0008,B001,1,265.55,0.05,252.28,218.91,33.37,Completed
ORD015616,2026-08-10,CUST02428,PROD0010,B002,4,6120.21,0.2,4896.17,4287.98,608.19,Completed
ORD015617,2026-04-04,CUST00325,PROD0017,B002,2,686.56,0.05,652.23,1263.96,-611.73,Completed
ORD015619,2026-05-09,CUST02458,PROD0120,B004,5,1845.83,0.0,1845.83,1834.73,11.1,Completed
ORD015621,2026-05-03,CUST01446,PROD0048,B003,1,888.37,0.1,799.53,615.49,184.04,Completed
ORD015622,2026-10-09,CUST01877,PROD0046,B001,2,446.67,0.0,446.67,337.11,109.56,Completed
ORD015624,2026-08-24,CUST00419,PROD0059,B001,3,1591.67,0.25,1193.75,1850.13,-656.38,Completed
ORD015630,2026-01-23,CUST01063,PROD0033,B002,5,1668.37,0.25,1251.2800000000002,1916.21,-664.93,Completed
ORD015636,2026-09-28,CUST01366,PROD0063,B003,5,663.4,0.15,563.89,502.33,61.56,Completed
ORD015637,2026-12-02,CUST02125,PROD0075,B001,1,237.44,0.15,201.81999999999994,1092.46,-890.64,Completed
ORD015639,2026-10-12,CUST00348,PROD0090,B002,2,639.76,0.0,639.76,400.36,239.4,Completed
ORD015641,2026-12-15,CUST00385,PROD0010,B002,3,4277.66,0.2,3422.13,3215.99,206.14,Completed
ORD015650,2026-12-26,CUST02127,PROD0001,B002,5,8644.34,0.05,8212.12,5315.89,2896.23,Completed
ORD015652,2026-10-07,CUST01808,PROD0043,B001,3,874.19,0.0,874.19,535.94,338.25,Completed
ORD015670,2026-06-14,CUST01952,PROD0030,B005,3,1947.03,0.1,1752.33,2440.78,-688.45,Completed
ORD015671,2026-07-03,CUST02105,PROD0103,B004,5,3252.18,0.1,2926.96,2582.17,344.79,Completed
ORD015674,2026-09-27,CUST02440,PROD0053,B003,2,111.68,0.0,111.68000000000006,723.21,-611.53,Completed
ORD015675,2026-03-26,CUST01323,PROD0095,B002,2,710.27,0.15,603.73,535.77,67.96,Completed
ORD015677,2026-12-20,CUST00332,PROD0058,B004,2,625.51,0.15,531.69,349.16,182.53,Completed
ORD015678,2026-03-15,CUST01765,PROD0026,B004,2,447.05,0.0,447.05,568.59,-121.54,Completed
ORD015679,2026-06-14,CUST02479,PROD0087,B004,2,1251.01,0.1,1125.9099999999999,1649.39,-523.48,Completed
ORD015681,2026-01-27,CUST01398,PROD0030,B002,2,1038.77,0.0,1038.77,1627.19,-588.42,Completed
ORD015685,2026-10-29,CUST02094,PROD0119,B004,3,795.75,0.0,795.75,1302.93,-507.18,Completed
ORD015688,2026-08-27,CUST00316,PROD0084,B003,4,896.61,0.15,762.1199999999999,1530.5,-768.38,Completed
ORD015689,2026-08-22,CUST01309,PROD0101,B005,2,116.31,0.15,98.8599999999999,921.0,-822.14,Completed
ORD015690,2026-01-31,CUST01081,PROD0094,B004,3,585.84,0.0,585.84,351.05,234.79,Completed
ORD015691,2026-06-26,CUST01743,PROD0021,B003,2,440.32,0.2,352.26,1027.16,-674.9,Completed
ORD015696,2026-12-24,CUST00235,PROD0034,B001,2,978.42,0.15,831.6600000000001,1433.18,-601.52,Completed
ORD015701,2026-04-16,CUST00059,PROD0086,B002,5,1528.23,0.1,1375.4099999999999,2003.71,-628.3,Completed
ORD015702,2026-12-13,CUST02438,PROD0090,B004,1,319.88,0.05,303.88,200.18,103.7,Completed
ORD015705,2026-10-28,CUST00605,PROD0015,B002,2,1731.02,0.1,1557.92,1767.45,-209.53,Completed
ORD015713,2026-11-06,CUST00673,PROD0012,B002,1,129.62,0.05,123.14,87.57,35.57,Completed
ORD015714,2026-08-01,CUST00206,PROD0038,B001,1,59.93,0.05,56.94,40.71,16.23,Completed
ORD015715,2026-06-19,CUST00528,PROD0031,B001,5,2224.07,0.1,2001.6599999999999,2737.47,-735.81,Completed
ORD015722,2026-05-18,CUST00008,PROD0022,B005,5,5321.69,0.0,5321.69,4567.91,753.78,Completed
ORD015724,2026-09-22,CUST00853,PROD0076,B004,4,147.27,0.05,139.91000000000008,960.2,-820.29,Completed
ORD015725,2026-02-03,CUST00436,PROD0060,B001,1,89.53,0.0,89.53,58.78,30.75,Completed
ORD015727,2026-01-26,CUST01628,PROD0050,B003,4,3285.44,0.1,2956.9,2537.07,419.83,Completed
ORD015728,2026-03-08,CUST01000,PROD0081,B001,4,532.43,0.0,532.43,396.43,136.0,Completed
ORD015730,2026-03-01,CUST02055,PROD0112,B002,4,2354.34,0.1,2118.91,2713.31,-594.4,Completed
ORD015732,2026-11-14,CUST01015,PROD0064,B002,1,925.23,0.0,925.23,703.29,221.94,Completed
ORD015737,2026-10-18,CUST02429,PROD0085,B002,2,86.1,0.2,68.88,68.23,0.65,Completed
ORD015744,2026-04-23,CUST02369,PROD0111,B001,2,2558.52,0.1,2302.67,2214.12,88.55,Completed
ORD015747,2026-07-04,CUST01053,PROD0105,B003,1,421.74,0.1,379.57,310.8,68.77,Completed
ORD015755,2026-02-08,CUST01271,PROD0039,B003,1,482.69,0.0,482.69000000000005,826.25,-343.56,Completed
ORD015762,2026-04-02,CUST00959,PROD0033,B003,5,1751.7,0.2,1401.3600000000001,1916.21,-514.85,Completed
ORD015764,2026-04-22,CUST01810,PROD0107,B003,1,601.73,0.15,511.47,1087.67,-576.2,Completed
ORD015769,2026-03-03,CUST01935,PROD0049,B003,2,1554.33,0.1,1398.9,1542.16,-143.26,Completed
ORD015771,2026-08-06,CUST00818,PROD0116,B002,3,786.52,0.1,707.86,645.27,62.59,Completed
ORD015775,2026-03-31,CUST01316,PROD0066,B001,2,1796.43,0.0,1796.4299999999998,2008.98,-212.55,Completed
ORD015777,2026-03-01,CUST00606,PROD0110,B002,1,796.71,0.1,717.04,463.19,253.85,Completed
ORD015779,2026-08-31,CUST02189,PROD0078,B003,1,931.95,0.1,838.76,573.98,264.78,Completed
ORD015785,2026-10-27,CUST01570,PROD0107,B004,5,7641.01,0.2,6112.81,5438.35,674.46,Completed
ORD015791,2026-02-15,CUST01275,PROD0057,B001,5,3849.02,0.15,3271.67,3244.76,26.91,Completed
ORD015792,2026-02-16,CUST01071,PROD0103,B003,1,872.66,0.1,785.39,516.43,268.96,Completed
ORD015793,2026-10-27,CUST01068,PROD0085,B002,2,86.1,0.2,68.88,68.23,0.65,Completed
ORD015795,2026-09-29,CUST00366,PROD0038,B003,2,119.86,0.2,95.89,81.42,14.47,Completed
ORD015796,2026-11-13,CUST00952,PROD0032,B004,5,2571.07,0.1,2313.96,2026.5,287.46,Completed
ORD015799,2026-04-23,CUST00457,PROD0033,B005,5,2001.7,0.0,2001.6999999999998,1916.21,85.49,Completed
ORD015802,2026-04-17,CUST01291,PROD0036,B002,5,305.69,0.1,275.1199999999999,766.09,-490.97,Completed
ORD015805,2026-10-03,CUST00172,PROD0018,B004,3,3987.45,0.15,3389.33,3215.72,173.61,Completed
ORD015807,2026-02-04,CUST01503,PROD0065,B001,5,5756.67,0.0,5756.67,5056.08,700.59,Completed
ORD015810,2026-01-01,CUST00500,PROD0043,B004,4,112.96,0.05,107.30999999999995,714.58,-607.27,Completed
ORD015813,2026-12-08,CUST00795,PROD0004,B005,1,299.17,0.05,284.21,191.1,93.11,Completed
ORD015814,2026-12-28,CUST00544,PROD0063,B001,1,132.68,0.05,126.05,100.47,25.58,Completed
ORD015817,2026-12-18,CUST01888,PROD0033,B003,4,1290.26,0.1,1161.23,1532.97,-371.74,Completed
ORD015818,2026-01-08,CUST00271,PROD0055,B001,4,682.49,0.15,580.1199999999999,1054.16,-474.04,Completed
ORD015824,2026-05-18,CUST00892,PROD0011,B001,4,2339.16,0.05,2222.2,2630.5,-408.3,Completed
ORD015834,2026-08-21,CUST01557,PROD0088,B003,2,897.74,0.2,718.19,579.21,138.98,Completed
ORD015837,2026-09-01,CUST01303,PROD0027,B005,3,1053.13,0.0,1053.13,1487.24,-434.11,Completed
ORD015841,2026-01-17,CUST01521,PROD0039,B002,5,6080.12,0.25,4560.09,4131.23,428.86,Completed
ORD015843,2026-06-21,CUST01598,PROD0026,B004,5,634.2,0.25,475.6500000000001,1421.48,-945.83,Completed
ORD015848,2026-09-30,CUST01413,PROD0108,B002,1,909.88,0.05,864.39,523.42,340.97,Completed
ORD015851,2026-06-29,CUST00663,PROD0009,B003,1,319.28,0.0,319.28,195.53,123.75,Completed
ORD015853,2026-11-02,CUST02455,PROD0117,B001,4,1977.94,0.1,1780.15,1904.49,-124.34,Completed
ORD015863,2026-06-28,CUST02067,PROD0037,B001,4,1142.22,0.15,970.8900000000001,1930.23,-959.34,Completed
ORD015865,2026-03-09,CUST00384,PROD0015,B001,5,6052.71,0.05,5750.07,4418.64,1331.43,Completed
ORD015868,2026-06-22,CUST00662,PROD0089,B001,1,230.71,0.15,196.1,225.59,-29.49,Completed
ORD015870,2026-02-11,CUST00662,PROD0036,B004,5,416.8,0.0,416.79999999999995,766.09,-349.29,Completed
ORD015879,2026-01-25,CUST01178,PROD0025,B001,4,2907.55,0.05,2762.17,2362.87,399.3,Completed
ORD015881,2026-03-16,CUST00291,PROD0107,B001,4,6112.81,0.0,6112.81,4350.68,1762.13,Completed
ORD015882,2026-10-22,CUST01634,PROD0010,B001,4,6317.59,0.05,6001.71,4287.98,1713.73,Completed
ORD015883,2026-03-05,CUST00824,PROD0119,B001,1,598.58,0.1,538.72,434.31,104.41,Completed
ORD015884,2026-11-10,CUST00374,PROD0081,B001,4,532.43,0.05,505.81,396.43,109.38,Completed
ORD015887,2026-09-08,CUST02209,PROD0025,B001,1,990.04,0.15,841.54,590.72,250.82,Completed
ORD015888,2026-07-06,CUST00315,PROD0003,B002,5,638.95,0.2,511.1600000000001,1338.64,-827.48,Completed
ORD015890,2026-08-28,CUST00171,PROD0078,B002,1,931.95,0.15,792.16,573.98,218.18,Completed
ORD015891,2026-10-04,CUST00092,PROD0091,B005,3,129.91,0.1,116.92000000000007,945.87,-828.95,Completed
ORD015893,2026-09-06,CUST01655,PROD0074,B001,3,343.79,0.2,275.03,1514.51,-1239.48,Completed
ORD015899,2026-03-27,CUST01111,PROD0031,B001,4,1615.51,0.05,1534.73,2189.98,-655.25,Completed
ORD015909,2026-02-16,CUST00118,PROD0085,B003,1,43.05,0.0,43.05,34.11,8.94,Completed
ORD015912,2026-01-14,CUST02242,PROD0007,B003,3,143.12,0.25,107.34,107.26,0.08,Completed
ORD015916,2026-10-03,CUST00039,PROD0072,B003,5,1325.79,0.0,1325.79,1633.1,-307.31,Completed
ORD015919,2026-08-25,CUST02347,PROD0082,B004,4,7267.0,0.1,6540.3,4534.66,2005.64,Completed
ORD015923,2026-12-22,CUST01970,PROD0095,B003,5,723.05,0.05,686.9000000000001,1339.42,-652.52,Completed
ORD015926,2026-03-17,CUST01785,PROD0067,B002,3,1470.43,0.2,1176.3400000000001,1491.98,-315.64,Completed
ORD015927,2026-02-05,CUST01171,PROD0046,B002,3,670.01,0.25,502.5,505.66,-3.16,Completed
ORD015935,2026-06-10,CUST01915,PROD0064,B003,3,1775.68,0.0,1775.6799999999998,2109.86,-334.18,Completed
ORD015936,2026-11-22,CUST00376,PROD0095,B001,5,723.05,0.05,686.9000000000001,1339.42,-652.52,Completed
ORD015941,2026-09-19,CUST01309,PROD0095,B003,2,710.27,0.0,710.27,535.77,174.5,Completed
ORD015943,2026-10-05,CUST00360,PROD0042,B002,5,6215.0,0.05,5904.25,5321.93,582.32,Completed
ORD015946,2026-05-14,CUST02061,PROD0063,B001,1,132.68,0.25,99.51,100.47,-0.96,Completed
ORD015952,2026-10-03,CUST02366,PROD0029,B004,3,262.91,0.1,236.6199999999999,797.55,-560.93,Completed
ORD015953,2026-03-20,CUST00911,PROD0059,B004,1,975.0,0.0,975.0,616.71,358.29,Completed
ORD015954,2026-12-01,CUST01493,PROD0108,B001,5,3438.3,0.1,3094.47,2617.12,477.35,Completed
ORD015960,2026-03-25,CUST00676,PROD0037,B003,3,627.91,0.1,565.1199999999999,1447.68,-882.56,Completed
ORD015962,2026-11-24,CUST02191,PROD0008,B001,3,796.66,0.1,716.99,656.72,60.27,Completed
ORD015964,2026-02-09,CUST01558,PROD0110,B005,3,1390.14,0.0,1390.1399999999999,1389.57,0.57,Completed
ORD015975,2026-08-22,CUST02400,PROD0085,B003,3,129.15,0.0,129.15,102.34,26.81,Completed
ORD015978,2026-09-12,CUST01180,PROD0055,B002,4,858.97,0.0,858.97,1054.16,-195.19,Completed
ORD015980,2026-08-07,CUST00090,PROD0050,B004,5,4443.07,0.05,4220.92,3171.34,1049.58,Completed
ORD015984,2026-06-27,CUST01502,PROD0005,B003,4,3889.58,0.0,3889.58,3014.92,874.66,Completed
ORD015986,2026-06-17,CUST00208,PROD0060,B004,2,179.05,0.05,170.1,117.55,52.55,Completed
ORD015990,2026-10-16,CUST01671,PROD0104,B002,5,6901.16,0.1,6211.04,5297.84,913.2,Completed
ORD016000,2026-02-15,CUST01115,PROD0098,B001,2,908.0,0.1,817.2,1117.66,-300.46,Completed
ORD016002,2026-03-02,CUST01591,PROD0101,B005,4,1335.55,0.2,1068.44,1842.01,-773.57,Completed
ORD016007,2026-11-08,CUST02046,PROD0015,B001,1,309.96,0.1,278.96000000000004,883.73,-604.77,Completed
ORD016017,2026-05-20,CUST01167,PROD0112,B002,4,2412.82,0.05,2292.18,2713.31,-421.13,Completed
ORD016020,2026-07-18,CUST02339,PROD0027,B003,4,1626.4,0.1,1463.7600000000002,1982.98,-519.22,Completed
ORD016025,2026-08-21,CUST01037,PROD0117,B004,3,1205.69,0.1,1085.12,1428.37,-343.25,Completed
ORD016029,2026-06-16,CUST00627,PROD0083,B003,3,3786.09,0.15,3218.1800000000003,3364.43,-146.25,Completed
ORD016030,2026-08-19,CUST00459,PROD0050,B002,1,46.51,0.05,44.180000000000064,634.27,-590.09,Completed
ORD016041,2026-04-02,CUST00349,PROD0035,B001,3,688.61,0.05,654.1800000000001,1306.85,-652.67,Completed
ORD016047,2026-04-13,CUST00504,PROD0107,B001,5,7557.68,0.25,5668.26,5438.35,229.91,Completed
ORD016048,2026-09-25,CUST01791,PROD0064,B001,2,673.99,0.15,572.8900000000001,1406.57,-833.68,Completed
ORD016057,2026-01-21,CUST00362,PROD0024,B002,3,2669.64,0.15,2269.19,2109.28,159.91,Completed
ORD016064,2026-09-09,CUST01397,PROD0036,B003,1,283.36,0.0,283.36,153.22,130.14,Completed
ORD016067,2026-08-20,CUST01852,PROD0024,B003,2,1387.6,0.15,1179.46,1406.19,-226.73,Completed
ORD016068,2026-10-02,CUST00280,PROD0112,B004,3,1422.61,0.15,1209.2199999999998,2034.98,-825.76,Completed
ORD016081,2026-06-30,CUST01692,PROD0063,B002,2,265.36,0.15,225.56,200.93,24.63,Completed
ORD016090,2026-09-14,CUST01148,PROD0075,B002,5,6069.49,0.0,6069.49,5462.28,607.21,Completed
ORD016091,2026-06-22,CUST01157,PROD0009,B003,2,638.57,0.15,542.79,391.05,151.74,Completed
ORD016092,2026-03-30,CUST00051,PROD0056,B003,3,3235.16,0.0,3235.16,3172.93,62.23,Completed
ORD016104,2026-05-02,CUST01792,PROD0101,B003,1,646.39,0.0,646.39,460.5,185.89,Completed
ORD016112,2026-05-07,CUST00872,PROD0021,B001,4,2380.64,0.0,2380.64,2054.31,326.33,Completed
ORD016113,2026-11-22,CUST01309,PROD0113,B004,4,3964.11,0.05,3765.8999999999996,3627.81,138.09,Completed
ORD016115,2026-10-12,CUST00082,PROD0061,B002,2,896.4,0.1,806.76,630.05,176.71,Completed
ORD016118,2026-07-02,CUST01835,PROD0049,B001,1,280.09,0.05,266.0899999999999,771.08,-504.99,Completed
ORD016119,2026-06-28,CUST01735,PROD0073,B002,2,365.6,0.05,347.32,239.94,107.38,Completed
ORD016124,2026-12-20,CUST01815,PROD0055,B001,5,1323.71,0.0,1323.71,1317.7,6.01,Completed
ORD016130,2026-05-13,CUST02112,PROD0023,B001,4,4039.6,0.05,3837.62,3147.68,689.94,Completed
ORD016138,2026-07-22,CUST02403,PROD0112,B003,2,732.73,0.0,732.73,1356.66,-623.93,Completed
ORD016145,2026-10-24,CUST00468,PROD0082,B001,5,9361.52,0.1,8425.37,5668.32,2757.05,Completed
ORD016147,2026-12-15,CUST00057,PROD0053,B003,1,555.84,0.05,528.04,361.6,166.44,Completed
ORD016149,2026-06-28,CUST00923,PROD0066,B005,5,5879.96,0.1,5291.96,5022.45,269.51,Completed
ORD016158,2026-02-09,CUST00047,PROD0033,B002,4,1224.89,0.15,1041.16,1532.97,-491.81,Completed
ORD016164,2026-09-04,CUST00271,PROD0003,B001,5,555.63,0.25,416.72,1338.64,-921.92,Completed
ORD016168,2026-12-01,CUST01271,PROD0020,B005,1,760.64,0.15,646.54,547.73,98.81,Completed
ORD016176,2026-04-01,CUST00260,PROD0050,B005,1,1099.14,0.15,934.27,634.27,300.0,Completed
ORD016185,2026-01-07,CUST00059,PROD0082,B001,2,3012.58,0.15,2560.69,2267.33,293.36,Completed
ORD016192,2026-02-01,CUST01862,PROD0038,B003,4,239.73,0.05,227.74,162.84,64.9,Completed
ORD016202,2026-07-04,CUST01219,PROD0063,B001,1,132.68,0.1,119.41,100.47,18.94,Completed
ORD016207,2026-01-13,CUST00564,PROD0081,B003,4,400.34,0.05,380.32,396.43,-16.11,Completed
ORD016212,2026-10-25,CUST00079,PROD0102,B003,3,1314.2,0.0,1314.1999999999998,1334.6,-20.4,Completed
ORD016218,2026-12-17,CUST01556,PROD0044,B002,5,4417.11,0.05,4196.25,3037.05,1159.2,Completed
ORD016219,2026-09-23,CUST00491,PROD0036,B003,1,283.36,0.2,226.69,153.22,73.47,Completed
ORD016222,2026-08-12,CUST00747,PROD0027,B003,3,876.66,0.15,745.1600000000001,1487.24,-742.08,Completed
ORD016225,2026-06-12,CUST02293,PROD0119,B005,5,1742.91,0.2,1394.33,2171.55,-777.22,Completed
ORD016234,2026-06-04,CUST01090,PROD0046,B004,3,670.01,0.1,603.0,505.66,97.34,Completed
ORD016236,2026-02-23,CUST02021,PROD0105,B005,2,843.47,0.2,674.78,621.59,53.19,Completed
ORD016237,2026-11-18,CUST01886,PROD0084,B005,5,1591.35,0.0,1591.35,1913.12,-321.77,Completed
ORD016241,2026-01-24,CUST01753,PROD0082,B003,3,4950.25,0.25,3712.6899999999996,3400.99,311.7,Completed
ORD016245,2026-08-24,CUST02345,PROD0018,B003,3,4111.28,0.05,3905.7200000000003,3215.72,690.0,Completed
ORD016252,2026-02-17,CUST01474,PROD0029,B005,1,458.01,0.15,389.3,265.85,123.45,Completed
ORD016281,2026-02-11,CUST00691,PROD0022,B002,4,3946.24,0.1,3551.62,3654.32,-102.7,Completed
ORD016282,2026-07-04,CUST00733,PROD0051,B005,3,300.12,0.0,300.1199999999999,1782.15,-1482.03,Completed
ORD016291,2026-04-01,CUST01036,PROD0084,B001,2,1036.54,0.1,932.89,765.25,167.64,Completed
ORD016295,2026-05-30,CUST01872,PROD0057,B002,1,1005.1,0.1,904.59,648.95,255.64,Completed
ORD016297,2026-11-26,CUST00402,PROD0045,B002,3,1961.62,0.05,1863.54,2149.67,-286.13,Completed
ORD016298,2026-08-15,CUST00764,PROD0105,B001,2,843.47,0.1,759.12,621.59,137.53,Completed
ORD016307,2026-09-25,CUST00318,PROD0006,B004,5,2236.21,0.1,2012.5900000000001,2429.52,-416.93,Completed
ORD016318,2026-02-19,CUST02057,PROD0120,B005,3,596.39,0.1,536.75,1100.84,-564.09,Completed
ORD016320,2026-07-14,CUST00718,PROD0016,B003,5,444.32,0.1,399.89,266.08,133.81,Completed
ORD016326,2026-03-25,CUST02138,PROD0041,B002,2,230.15,0.25,172.62,124.98,47.64,Completed
ORD016327,2026-09-08,CUST01381,PROD0024,B001,5,5160.18,0.2,4128.14,3515.47,612.67,Completed
ORD016331,2026-04-25,CUST01513,PROD0054,B002,3,2206.56,0.15,1875.58,2286.1,-410.52,Completed
ORD016332,2026-04-10,CUST00491,PROD0020,B002,5,2469.87,0.25,1852.4,2738.67,-886.27,Completed
ORD016337,2026-01-13,CUST00383,PROD0070,B004,3,601.57,0.1,541.42,412.77,128.65,Completed
ORD016340,2026-02-03,CUST02220,PROD0083,B002,3,3962.56,0.0,3962.5600000000004,3364.43,598.13,Completed
ORD016342,2026-08-23,CUST00336,PROD0110,B003,5,2983.57,0.0,2983.57,2315.96,667.61,Completed
ORD016343,2026-10-19,CUST00821,PROD0085,B003,5,215.26,0.05,204.49,170.57,33.92,Completed
ORD016350,2026-02-03,CUST00340,PROD0052,B005,4,1466.26,0.15,1246.3200000000002,1813.4,-567.08,Completed
ORD016352,2026-08-10,CUST00143,PROD0024,B003,2,1452.96,0.1,1307.6599999999999,1406.19,-98.53,Completed
ORD016358,2026-08-17,CUST01467,PROD0105,B005,2,843.47,0.05,801.3,621.59,179.71,Completed
ORD016365,2026-01-16,CUST01504,PROD0050,B002,5,4443.07,0.05,4220.92,3171.34,1049.58,Completed
ORD016366,2026-07-11,CUST01257,PROD0048,B003,3,1553.99,0.1,1398.5900000000001,1846.48,-447.89,Completed
ORD016378,2026-12-06,CUST02034,PROD0115,B002,2,381.98,0.1,343.78,921.31,-577.53,Completed
ORD016386,2026-06-22,CUST02459,PROD0057,B005,3,1962.66,0.05,1864.5300000000002,1946.86,-82.33,Completed
ORD016388,2026-09-17,CUST00775,PROD0070,B005,2,401.05,0.1,360.94,275.18,85.76,Completed
ORD016393,2026-04-12,CUST01573,PROD0068,B004,5,3874.68,0.2,3099.74,4116.82,-1017.08,Completed
ORD016401,2026-11-03,CUST02141,PROD0018,B004,3,4111.28,0.05,3905.7200000000003,3215.72,690.0,Completed
ORD016402,2026-01-28,CUST02348,PROD0051,B001,4,2584.37,0.0,2584.37,2376.21,208.16,Completed
ORD016404,2026-03-31,CUST02317,PROD0056,B003,1,300.61,0.1,270.54999999999995,1057.64,-787.09,Completed
ORD016407,2026-10-05,CUST01688,PROD0055,B002,1,464.74,0.05,441.5,263.54,177.96,Completed
ORD016432,2026-02-08,CUST01957,PROD0079,B003,5,866.51,0.1,779.86,582.85,197.01,Completed
ORD016435,2026-07-02,CUST00908,PROD0066,B002,4,4481.74,0.1,4033.5699999999997,4017.96,15.61,Completed
ORD016443,2026-11-15,CUST00789,PROD0103,B005,3,1367.98,0.2,1094.38,1549.3,-454.92,Completed
ORD016449,2026-05-15,CUST01799,PROD0073,B004,2,365.6,0.15,310.76,239.94,70.82,Completed
ORD016450,2026-08-06,CUST00722,PROD0037,B004,3,562.55,0.15,478.1700000000001,1447.68,-969.51,Completed
ORD016454,2026-11-24,CUST02466,PROD0035,B001,5,1790.94,0.1,1611.85,2178.08,-566.23,Completed
ORD016458,2026-01-09,CUST00328,PROD0089,B001,4,123.34,0.2,98.67000000000007,902.35,-803.68,Completed
ORD016460,2026-03-17,CUST01287,PROD0026,B004,5,856.42,0.1,770.78,1421.48,-650.7,Completed
ORD016461,2026-01-27,CUST01843,PROD0058,B001,5,511.15,0.05,485.5899999999999,872.91,-387.32,Completed
ORD016464,2026-05-08,CUST00186,PROD0078,B002,1,931.95,0.0,931.95,573.98,357.97,Completed
ORD016468,2026-05-31,CUST02342,PROD0093,B002,2,482.7,0.2,386.1600000000001,1271.34,-885.18,Completed
ORD016472,2026-01-05,CUST01228,PROD0075,B004,2,1827.8,0.0,1827.8000000000002,2184.91,-357.11,Completed
ORD016473,2026-08-29,CUST02077,PROD0077,B001,4,104.98,0.1,94.48000000000002,984.21,-889.73,Completed
ORD016478,2026-05-09,CUST01388,PROD0022,B003,1,264.34,0.0,264.3399999999999,913.58,-649.24,Completed
ORD016483,2026-12-04,CUST00980,PROD0043,B001,5,280.52,0.15,238.44000000000005,893.23,-654.79,Completed
ORD016488,2026-05-20,CUST02156,PROD0068,B001,5,3874.68,0.2,3099.74,4116.82,-1017.08,Completed
ORD016490,2026-02-04,CUST00512,PROD0082,B002,3,5283.58,0.0,5283.58,3400.99,1882.59,Completed
ORD016491,2026-03-28,CUST01265,PROD0002,B001,4,1609.44,0.1,1448.5,1645.04,-196.54,Completed
ORD016495,2026-06-30,CUST00803,PROD0028,B001,5,2539.86,0.1,2285.87,2292.57,-6.7,Completed
ORD016496,2026-05-16,CUST01121,PROD0112,B002,2,556.26,0.15,472.81999999999994,1356.66,-883.84,Completed
ORD016499,2026-04-04,CUST01538,PROD0103,B001,5,3186.81,0.15,2708.79,2582.17,126.62,Completed
ORD016501,2026-02-09,CUST01530,PROD0106,B003,4,1697.86,0.15,1443.1799999999998,1724.88,-281.7,Completed
ORD016503,2026-10-27,CUST00042,PROD0080,B005,3,43.33,0.15,36.82999999999993,845.99,-809.16,Completed
ORD016519,2026-04-15,CUST02129,PROD0070,B001,2,401.05,0.0,401.05,275.18,125.87,Completed
ORD016522,2026-10-16,CUST00675,PROD0103,B003,3,1441.51,0.15,1225.2800000000002,1549.3,-324.02,Completed
ORD016532,2026-06-25,CUST00827,PROD0006,B003,4,1566.74,0.1,1410.0700000000002,1943.61,-533.54,Completed
ORD016539,2026-02-12,CUST02032,PROD0115,B001,3,989.64,0.2,791.71,1381.96,-590.25,Completed
ORD016542,2026-09-30,CUST01398,PROD0014,B002,3,2892.64,0.2,2314.11,2371.81,-57.7,Completed
ORD016543,2026-05-29,CUST00744,PROD0087,B004,1,69.96,0.1,62.960000000000036,824.7,-761.74,Completed
ORD016544,2026-10-21,CUST00204,PROD0120,B004,1,569.17,0.15,483.79,366.95,116.84,Completed
ORD016546,2026-11-10,CUST01314,PROD0069,B003,5,5214.07,0.1,4692.66,3432.19,1260.47,Completed
ORD016547,2026-01-20,CUST00184,PROD0003,B001,2,755.58,0.0,755.58,535.46,220.12,Completed
ORD016549,2026-01-10,CUST00725,PROD0111,B004,3,4393.34,0.1,3954.01,3321.19,632.82,Completed
ORD016564,2026-08-14,CUST02142,PROD0032,B001,1,736.43,0.1,662.79,405.3,257.49,Completed
ORD016567,2026-05-23,CUST00958,PROD0024,B004,1,105.56,0.15,89.73000000000002,703.09,-613.36,Completed
ORD016570,2026-01-02,CUST01113,PROD0053,B001,1,555.84,0.0,555.84,361.6,194.24,Completed
ORD016573,2026-12-31,CUST02348,PROD0040,B001,4,2786.22,0.15,2368.29,2161.41,206.88,Completed
ORD016575,2026-05-13,CUST02292,PROD0088,B003,1,448.87,0.05,426.43,289.6,136.83,Completed
ORD016578,2026-12-18,CUST01089,PROD0018,B004,2,2192.61,0.2,1754.0900000000001,2143.81,-389.72,Completed
ORD016590,2026-08-13,CUST00278,PROD0055,B005,2,929.48,0.0,929.48,527.08,402.4,Completed
ORD016593,2026-10-22,CUST01385,PROD0070,B003,2,401.05,0.05,381.0,275.18,105.82,Completed
ORD016594,2026-09-04,CUST02023,PROD0037,B002,1,579.67,0.0,579.67,482.56,97.11,Completed
ORD016595,2026-06-27,CUST01795,PROD0032,B004,3,1156.67,0.05,1098.8400000000001,1215.9,-117.06,Completed
ORD016604,2026-06-24,CUST01327,PROD0010,B003,3,4416.56,0.1,3974.8999999999996,3215.99,758.91,Completed
ORD016614,2026-02-10,CUST00296,PROD0074,B003,4,1500.27,0.1,1350.2399999999998,2019.35,-669.11,Completed
ORD016617,2026-02-13,CUST00712,PROD0049,B002,3,2748.16,0.2,2198.53,2313.24,-114.71,Completed
ORD016619,2026-03-23,CUST01928,PROD0045,B002,2,956.87,0.05,909.03,1433.11,-524.08,Completed
ORD016620,2026-12-15,CUST00805,PROD0100,B005,5,2878.47,0.15,2446.7,3166.4,-719.7,Completed
ORD016622,2026-12-06,CUST01867,PROD0087,B005,4,3547.79,0.15,3015.62,3298.78,-283.16,Completed
ORD016624,2026-02-16,CUST01085,PROD0063,B004,3,398.04,0.0,398.04,301.4,96.64,Completed
ORD016630,2026-12-28,CUST01233,PROD0045,B002,3,1903.13,0.1,1712.8200000000002,2149.67,-436.85,Completed
ORD016631,2026-02-11,CUST00075,PROD0084,B001,5,1414.87,0.15,1202.6399999999999,1913.12,-710.48,Completed
ORD016633,2026-05-05,CUST00797,PROD0054,B004,5,4305.05,0.25,3228.79,3810.16,-581.37,Completed
ORD016635,2026-08-18,CUST00108,PROD0030,B002,4,2966.42,0.1,2669.78,3254.38,-584.6,Completed
ORD016640,2026-12-30,CUST02402,PROD0072,B002,3,219.0,0.15,186.1500000000001,979.86,-793.71,Completed
ORD016642,2026-09-30,CUST00548,PROD0067,B001,5,3481.41,0.05,3307.34,2486.63,820.71,Completed
ORD016644,2026-11-18,CUST01832,PROD0052,B003,2,144.89,0.15,123.16000000000008,906.7,-783.54,Completed
ORD016646,2026-04-30,CUST01507,PROD0100,B001,5,2943.83,0.1,2649.45,3166.4,-516.95,Completed
ORD016649,2026-01-28,CUST00484,PROD0106,B002,1,718.58,0.1,646.72,431.22,215.5,Completed
ORD016652,2026-12-14,CUST00668,PROD0069,B001,2,1530.07,0.0,1530.0700000000002,1372.88,157.19,Completed
ORD016656,2026-08-01,CUST01599,PROD0097,B002,3,3950.17,0.25,2962.63,3253.85,-291.22,Completed
ORD016659,2026-07-24,CUST02284,PROD0001,B004,2,2702.32,0.15,2296.97,2126.36,170.61,Completed
ORD016660,2026-01-05,CUST02405,PROD0085,B004,4,172.21,0.05,163.6,136.46,27.14,Completed
ORD016663,2026-01-14,CUST01605,PROD0064,B005,5,3573.51,0.05,3394.83,3516.44,-121.61,Completed
ORD016666,2026-12-12,CUST00410,PROD0043,B004,2,582.79,0.0,582.79,357.29,225.5,Completed
ORD016667,2026-06-08,CUST00584,PROD0097,B002,2,2272.34,0.2,1817.87,2169.23,-351.36,Completed
ORD016668,2026-09-06,CUST01635,PROD0105,B004,4,575.83,0.1,518.25,1243.18,-724.93,Completed
ORD016675,2026-01-13,CUST02301,PROD0050,B003,4,3396.56,0.0,3396.5600000000004,2537.07,859.49,Completed
ORD016677,2026-08-28,CUST01303,PROD0025,B001,5,3839.11,0.1,3455.2,2953.59,501.61,Completed
ORD016679,2026-12-04,CUST02414,PROD0103,B005,4,2379.52,0.1,2141.57,2065.73,75.84,Completed
ORD016680,2026-06-04,CUST00979,PROD0068,B002,4,3047.11,0.05,2894.75,3293.45,-398.7,Completed
ORD016687,2026-04-04,CUST02296,PROD0115,B002,5,2621.62,0.1,2359.46,2303.26,56.2,Completed
ORD016697,2026-06-17,CUST01116,PROD0076,B004,5,447.24,0.05,424.8800000000001,1200.24,-775.36,Completed
ORD016701,2026-03-15,CUST01524,PROD0040,B003,2,981.35,0.0,981.3499999999999,1080.7,-99.35,Completed
ORD016712,2026-10-19,CUST01921,PROD0114,B002,1,321.91,0.05,305.80999999999995,1043.17,-737.36,Completed
ORD016713,2026-02-10,CUST02462,PROD0009,B002,1,319.28,0.15,271.39,195.53,75.86,Completed
ORD016717,2026-12-04,CUST01484,PROD0078,B003,4,2616.71,0.1,2355.04,2295.91,59.13,Completed
ORD016723,2026-08-24,CUST01388,PROD0101,B001,2,116.31,0.15,98.8599999999999,921.0,-822.14,Completed
ORD016726,2026-07-21,CUST00864,PROD0029,B001,3,374.02,0.0,374.02,797.55,-423.53,Completed
ORD016737,2026-06-06,CUST01200,PROD0004,B004,1,299.17,0.05,284.21,191.1,93.11,Completed
ORD016740,2026-01-18,CUST00199,PROD0061,B003,3,94.6,0.2,75.68000000000006,945.07,-869.39,Completed
ORD016762,2026-05-28,CUST00513,PROD0056,B001,1,300.61,0.1,270.54999999999995,1057.64,-787.09,Completed
ORD016766,2026-09-08,CUST02247,PROD0102,B002,5,2607.01,0.2,2085.61,2224.33,-138.72,Completed
ORD016769,2026-09-04,CUST02409,PROD0075,B001,3,3065.22,0.15,2605.44,3277.37,-671.93,Completed
ORD016770,2026-09-24,CUST02029,PROD0033,B005,3,624.55,0.15,530.8699999999999,1149.73,-618.86,Completed
ORD016775,2026-08-13,CUST01657,PROD0118,B001,3,869.65,0.05,826.17,582.5,243.67,Completed
ORD016779,2026-03-26,CUST01561,PROD0099,B004,5,3246.35,0.0,3246.3500000000004,2967.84,278.51,Completed
ORD016780,2026-11-21,CUST01554,PROD0072,B002,1,465.16,0.1,418.64,326.62,92.02,Completed
ORD016787,2026-02-24,CUST01779,PROD0071,B002,3,386.73,0.05,367.3900000000001,1120.72,-753.33,Completed
ORD016790,2026-12-01,CUST02148,PROD0052,B002,5,2250.78,0.05,2138.24,2266.75,-128.51,Completed
ORD016791,2026-03-18,CUST01386,PROD0098,B002,4,2886.46,0.1,2597.81,2235.32,362.49,Completed
ORD016793,2026-07-29,CUST00171,PROD0105,B002,4,510.48,0.15,433.9100000000001,1243.18,-809.27,Completed
ORD016795,2026-08-20,CUST01661,PROD0099,B002,2,587.42,0.1,528.6800000000001,1187.14,-658.46,Completed
ORD016801,2026-01-21,CUST02327,PROD0055,B001,4,682.49,0.15,580.1199999999999,1054.16,-474.04,Completed
ORD016804,2026-10-01,CUST02194,PROD0096,B003,4,5996.58,0.1,5396.92,4137.9,1259.02,Completed
ORD016805,2026-10-02,CUST00814,PROD0046,B001,4,893.34,0.2,714.67,674.21,40.46,Completed
ORD016808,2026-12-04,CUST01483,PROD0055,B004,3,217.75,0.15,185.08999999999992,790.62,-605.53,Completed
ORD016810,2026-11-09,CUST01836,PROD0017,B005,2,628.08,0.1,565.27,1263.96,-698.69,Completed
ORD016811,2026-05-17,CUST00367,PROD0009,B002,3,957.85,0.0,957.85,586.58,371.27,Completed
ORD016812,2026-07-04,CUST02218,PROD0051,B003,3,1577.17,0.1,1419.4499999999998,1782.15,-362.7,Completed
ORD016813,2026-03-28,CUST00767,PROD0019,B005,3,1489.61,0.15,1266.17,1662.57,-396.4,Completed
ORD016819,2026-04-16,CUST00446,PROD0082,B004,1,1094.53,0.0,1094.5300000000002,1133.66,-39.13,Completed
ORD016820,2026-01-06,CUST01853,PROD0013,B004,5,2132.77,0.2,1706.2199999999998,2288.62,-582.4,Completed
ORD016825,2026-11-14,CUST02482,PROD0037,B004,5,1845.74,0.05,1753.4499999999998,2412.79,-659.34,Completed
ORD016829,2026-06-06,CUST01533,PROD0113,B003,5,5159.8,0.1,4643.82,4534.77,109.05,Completed
ORD016843,2026-06-22,CUST02079,PROD0028,B005,5,2400.96,0.2,1920.77,2292.57,-371.8,Completed
ORD016848,2026-01-08,CUST00308,PROD0112,B001,4,2412.82,0.05,2292.18,2713.31,-421.13,Completed
ORD016854,2026-10-24,CUST00054,PROD0045,B002,1,1004.75,0.15,854.04,716.56,137.48,Completed
ORD016857,2026-01-21,CUST00679,PROD0036,B001,2,566.72,0.05,538.39,306.44,231.95,Completed
ORD016861,2026-08-12,CUST00096,PROD0073,B002,1,182.8,0.1,164.52,119.97,44.55,Completed
ORD016862,2026-11-14,CUST01924,PROD0060,B002,5,447.63,0.1,402.86,293.88,108.98,Completed
ORD016869,2026-09-18,CUST01547,PROD0109,B002,4,4312.36,0.1,3881.12,3900.44,-19.32,Completed
ORD016875,2026-04-16,CUST01130,PROD0114,B005,4,4321.67,0.15,3673.42,4172.67,-499.25,Completed
ORD016877,2026-09-11,CUST00321,PROD0001,B005,3,4765.55,0.05,4527.27,3189.54,1337.73,Completed
ORD016880,2026-04-21,CUST01447,PROD0010,B002,2,2351.77,0.25,1763.83,2143.99,-380.16,Completed
ORD016883,2026-11-04,CUST00823,PROD0016,B002,5,444.32,0.0,444.32,266.08,178.24,Completed
ORD016886,2026-08-31,CUST01233,PROD0025,B003,4,1412.21,0.1,1270.9899999999998,2362.87,-1091.88,Completed
ORD016889,2026-08-01,CUST00362,PROD0042,B001,3,3110.59,0.2,2488.47,3193.16,-704.69,Completed
ORD016892,2026-05-23,CUST02006,PROD0033,B003,5,1949.07,0.05,1851.62,1916.21,-64.59,Completed
ORD016895,2026-06-09,CUST00407,PROD0084,B001,1,518.27,0.15,440.53,382.62,57.91,Completed
ORD016896,2026-08-12,CUST01777,PROD0108,B001,3,1729.65,0.0,1729.65,1570.27,159.38,Completed
ORD016898,2026-12-03,CUST00357,PROD0072,B001,1,465.16,0.05,441.9,326.62,115.28,Completed
ORD016911,2026-11-19,CUST00465,PROD0086,B001,5,1639.34,0.0,1639.3400000000001,2003.71,-364.37,Completed
ORD016917,2026-11-23,CUST01630,PROD0111,B003,5,7840.76,0.25,5880.57,5535.31,345.26,Completed
ORD016921,2026-01-31,CUST00108,PROD0003,B002,5,888.96,0.0,888.96,1338.64,-449.68,Completed
ORD016922,2026-02-18,CUST00654,PROD0097,B004,2,2411.23,0.1,2170.11,2169.23,0.88,Completed
ORD016924,2026-06-17,CUST01317,PROD0070,B003,1,200.52,0.15,170.45,137.59,32.86,Completed
ORD016929,2026-12-15,CUST00153,PROD0102,B004,3,1137.73,0.15,967.0699999999999,1334.6,-367.53,Completed
ORD016934,2026-08-01,CUST00489,PROD0032,B001,3,1209.3,0.0,1209.3000000000002,1215.9,-6.6,Completed
ORD016935,2026-08-06,CUST01772,PROD0022,B001,1,14.34,0.2,11.470000000000027,913.58,-902.11,Completed
ORD016936,2026-07-07,CUST00669,PROD0072,B001,1,465.16,0.25,348.87,326.62,22.25,Completed
ORD016940,2026-11-26,CUST00219,PROD0066,B005,3,3142.01,0.05,2984.91,3013.47,-28.56,Completed
ORD016941,2026-05-19,CUST02231,PROD0089,B001,2,686.67,0.15,583.67,451.18,132.49,Completed
ORD016949,2026-10-20,CUST02298,PROD0027,B004,3,803.14,0.2,642.51,1487.24,-844.73,Completed
ORD016951,2026-02-10,CUST02305,PROD0009,B002,5,419.95,0.15,356.96000000000004,977.63,-620.67,Completed
ORD016957,2026-12-27,CUST00983,PROD0056,B004,2,1770.81,0.05,1682.27,2115.29,-433.02,Completed
ORD016960,2026-06-11,CUST02314,PROD0057,B002,1,1005.1,0.2,804.08,648.95,155.13,Completed
ORD016963,2026-03-06,CUST01953,PROD0096,B004,3,4330.76,0.0,4330.76,3103.42,1227.34,Completed
ORD016964,2026-06-03,CUST00517,PROD0055,B005,5,1147.24,0.15,975.1500000000001,1317.7,-342.55,Completed
ORD016968,2026-08-21,CUST01761,PROD0053,B002,5,1779.19,0.0,1779.19,1808.01,-28.82,Completed
ORD016972,2026-05-14,CUST01915,PROD0078,B002,5,3548.67,0.1,3193.8,2869.89,323.91,Completed
ORD016979,2026-03-08,CUST01848,PROD0057,B002,4,2909.29,0.1,2618.36,2595.81,22.55,Completed
ORD016983,2026-08-02,CUST00542,PROD0021,B004,1,845.16,0.1,760.64,513.58,247.06,Completed
ORD016989,2026-02-10,CUST00886,PROD0095,B003,1,355.14,0.1,319.62,267.88,51.74,Completed
ORD016997,2026-01-15,CUST01576,PROD0072,B003,5,1273.16,0.05,1209.5,1633.1,-423.6,Completed
ORD017012,2026-12-29,CUST01699,PROD0028,B001,5,2598.33,0.05,2468.41,2292.57,175.84,Completed
ORD017016,2026-11-13,CUST01785,PROD0011,B003,1,847.95,0.15,720.76,657.62,63.14,Completed
ORD017018,2026-05-02,CUST02396,PROD0120,B005,1,569.17,0.2,455.33,366.95,88.38,Completed
ORD017022,2026-10-15,CUST01626,PROD0117,B002,1,772.26,0.2,617.81,476.12,141.69,Completed
ORD017024,2026-10-14,CUST02371,PROD0039,B004,5,6080.12,0.25,4560.09,4131.23,428.86,Completed
ORD017025,2026-12-12,CUST01569,PROD0030,B003,5,3920.45,0.15,3332.38,4067.97,-735.59,Completed
ORD017026,2026-08-03,CUST01495,PROD0115,B004,5,2399.4,0.25,1799.5500000000002,2303.26,-503.71,Completed
ORD017031,2026-11-27,CUST01270,PROD0061,B002,1,448.2,0.2,358.56,315.02,43.54,Completed
ORD017032,2026-03-15,CUST01068,PROD0085,B005,4,172.21,0.15,146.37,136.46,9.91,Completed
ORD017038,2026-12-04,CUST02377,PROD0002,B002,2,249.17,0.1,224.25,822.52,-598.27,Completed
ORD017039,2026-08-22,CUST01426,PROD0083,B005,3,3909.93,0.05,3714.4300000000003,3364.43,350.0,Completed
ORD017040,2026-10-26,CUST00325,PROD0056,B004,2,1823.44,0.0,1823.44,2115.29,-291.85,Completed
ORD017042,2026-02-03,CUST01267,PROD0118,B001,2,579.77,0.25,434.83,388.34,46.49,Completed
ORD017044,2026-07-16,CUST00521,PROD0059,B002,2,838.89,0.1,755.0,1233.42,-478.42,Completed
ORD017045,2026-08-30,CUST01246,PROD0017,B001,1,869.59,0.2,695.68,631.98,63.7,Completed
ORD017048,2026-07-31,CUST01377,PROD0057,B003,3,1838.82,0.15,1563.0,1946.86,-383.86,Completed
ORD017049,2026-05-08,CUST02348,PROD0071,B004,2,959.57,0.15,815.63,747.14,68.49,Completed
ORD017052,2026-12-14,CUST01306,PROD0057,B003,2,1010.2,0.0,1010.2,1297.91,-287.71,Completed
ORD017058,2026-10-20,CUST00735,PROD0009,B002,1,319.28,0.05,303.32,195.53,107.79,Completed
ORD017060,2026-08-30,CUST01402,PROD0107,B002,1,778.2,0.0,778.2,1087.67,-309.47,Completed
ORD017063,2026-04-30,CUST02176,PROD0059,B005,5,3698.53,0.15,3143.75,3083.56,60.19,Completed
ORD017070,2026-12-12,CUST01073,PROD0079,B004,2,346.61,0.1,311.94,233.14,78.8,Completed
ORD017077,2026-10-14,CUST01996,PROD0103,B005,5,3252.18,0.1,2926.96,2582.17,344.79,Completed
ORD017078,2026-04-06,CUST01200,PROD0049,B003,2,1665.44,0.0,1665.44,1542.16,123.28,Completed
ORD017079,2026-07-01,CUST00968,PROD0103,B002,2,634.2,0.1,570.78,1032.87,-462.09,Completed
ORD017084,2026-07-10,CUST01955,PROD0010,B001,5,7879.44,0.25,5909.58,5359.98,549.6,Completed
ORD017088,2026-04-09,CUST00113,PROD0032,B005,1,736.43,0.1,662.79,405.3,257.49,Completed
ORD017090,2026-01-17,CUST01121,PROD0114,B003,4,4248.14,0.2,3398.51,4172.67,-774.16,Completed
ORD017092,2026-05-29,CUST00480,PROD0056,B003,3,3182.53,0.05,3023.4,3172.93,-149.53,Completed
ORD017095,2026-10-20,CUST01345,PROD0047,B004,4,188.16,0.05,178.75,718.6,-539.85,Completed
ORD017096,2026-08-20,CUST00932,PROD0062,B001,5,2471.18,0.15,2100.5,2893.61,-793.11,Completed
ORD017097,2026-11-14,CUST00192,PROD0093,B005,1,866.35,0.2,693.08,635.67,57.41,Completed
ORD017101,2026-04-04,CUST01915,PROD0074,B001,5,2153.11,0.1,1937.8000000000002,2524.19,-586.39,Completed
ORD017104,2026-12-04,CUST01586,PROD0040,B001,1,990.67,0.1,891.61,540.35,351.26,Completed
ORD017110,2026-05-17,CUST01187,PROD0119,B001,5,1881.8,0.1,1693.62,2171.55,-477.93,Completed
ORD017113,2026-10-30,CUST02437,PROD0070,B002,2,401.05,0.15,340.89,275.18,65.71,Completed
ORD017115,2026-01-24,CUST00814,PROD0055,B004,5,1212.6,0.1,1091.3400000000001,1317.7,-226.36,Completed
ORD017116,2026-07-26,CUST02048,PROD0012,B003,5,648.08,0.1,583.27,437.87,145.4,Completed
ORD017117,2026-02-26,CUST01733,PROD0115,B001,4,1875.08,0.1,1687.5700000000002,1842.61,-155.04,Completed
ORD017127,2026-06-19,CUST02050,PROD0067,B002,4,2516.12,0.1,2264.51,1989.31,275.2,Completed
ORD017131,2026-08-29,CUST00463,PROD0067,B001,3,1720.42,0.0,1720.42,1491.98,228.44,Completed
ORD017139,2026-05-23,CUST00168,PROD0017,B002,1,869.59,0.0,869.59,631.98,237.61,Completed
ORD017144,2026-11-09,CUST00508,PROD0022,B003,5,5269.05,0.05,5005.6,4567.91,437.69,Completed
ORD017146,2026-03-08,CUST01724,PROD0111,B004,3,4393.34,0.1,3954.01,3321.19,632.82,Completed
ORD017148,2026-03-14,CUST00456,PROD0018,B005,4,5774.12,0.1,5196.71,4287.63,909.08,Completed
ORD017152,2026-06-11,CUST01300,PROD0079,B004,1,173.3,0.25,129.98,116.57,13.41,Completed
ORD017153,2026-03-16,CUST02041,PROD0107,B001,2,2445.29,0.1,2200.76,2175.34,25.42,Completed
ORD017159,2026-10-25,CUST01062,PROD0096,B004,2,2553.84,0.0,2553.84,2068.95,484.89,Completed
ORD017162,2026-03-02,CUST01764,PROD0028,B003,1,730.19,0.15,620.66,458.51,162.15,Completed
ORD017164,2026-10-07,CUST02194,PROD0028,B003,3,1190.58,0.0,1190.58,1375.54,-184.96,Completed
ORD017165,2026-08-19,CUST02019,PROD0115,B003,5,2621.62,0.1,2359.46,2303.26,56.2,Completed
ORD017174,2026-09-28,CUST02051,PROD0005,B004,5,5059.34,0.05,4806.37,3768.65,1037.72,Completed
ORD017183,2026-11-03,CUST00875,PROD0047,B005,1,310.2,0.15,263.67,179.65,84.02,Completed
ORD017185,2026-04-29,CUST02154,PROD0113,B001,1,143.07,0.1,128.76,906.95,-778.19,Completed
ORD017186,2026-08-01,CUST01072,PROD0012,B001,2,259.23,0.05,246.27,175.15,71.12,Completed
ORD017191,2026-08-03,CUST02213,PROD0110,B001,3,1390.14,0.0,1390.1399999999999,1389.57,0.57,Completed
ORD017194,2026-07-18,CUST02292,PROD0074,B003,4,1558.75,0.05,1480.81,2019.35,-538.54,Completed
ORD017198,2026-12-31,CUST01705,PROD0011,B002,5,3239.74,0.0,3239.74,3288.12,-48.38,Completed
ORD017211,2026-01-14,CUST00348,PROD0100,B001,2,510.87,0.1,459.78,1266.56,-806.78,Completed
ORD017216,2026-12-03,CUST00202,PROD0017,B004,4,2367.27,0.1,2130.54,2527.92,-397.38,Completed
ORD017220,2026-01-05,CUST00914,PROD0059,B002,3,1675.0,0.2,1340.0,1850.13,-510.13,Completed
ORD017221,2026-05-05,CUST00550,PROD0029,B002,5,956.69,0.25,717.52,1329.25,-611.73,Completed
ORD017226,2026-07-29,CUST02431,PROD0033,B002,1,600.34,0.15,510.29,383.24,127.05,Completed
ORD017229,2026-01-03,CUST02354,PROD0048,B001,4,2442.36,0.1,2198.12,2461.98,-263.86,Completed
ORD017231,2026-08-14,CUST01366,PROD0060,B005,3,268.58,0.0,268.58,176.33,92.25,Completed
ORD017232,2026-10-03,CUST01590,PROD0077,B005,1,304.02,0.2,243.22,246.05,-2.83,Completed
ORD017233,2026-05-19,CUST01542,PROD0048,B001,1,888.37,0.05,843.95,615.49,228.46,Completed
ORD017246,2026-03-20,CUST00189,PROD0049,B001,2,1554.33,0.1,1398.9,1542.16,-143.26,Completed
ORD017251,2026-06-05,CUST00673,PROD0107,B003,1,725.57,0.05,689.29,1087.67,-398.38,Completed
ORD017262,2026-11-24,CUST01268,PROD0111,B001,2,2336.31,0.25,1752.23,2214.12,-461.89,Completed
ORD017264,2026-07-10,CUST01532,PROD0114,B002,1,198.07,0.15,168.3599999999999,1043.17,-874.81,Completed
ORD017267,2026-11-25,CUST01834,PROD0120,B001,1,569.17,0.1,512.25,366.95,145.3,Completed
ORD017272,2026-01-19,CUST02408,PROD0002,B003,3,1040.42,0.0,1040.42,1233.78,-193.36,Completed
ORD017273,2026-05-27,CUST01364,PROD0120,B005,4,1100.19,0.15,935.1600000000001,1467.78,-532.62,Completed
ORD017275,2026-04-27,CUST00962,PROD0101,B003,1,646.39,0.2,517.11,460.5,56.61,Completed
ORD017278,2026-05-30,CUST01423,PROD0049,B001,5,5552.5,0.1,4997.25,3855.39,1141.86,Completed
ORD017285,2026-12-21,CUST02269,PROD0006,B004,4,1427.86,0.2,1142.29,1943.61,-801.32,Completed
ORD017288,2026-03-29,CUST02039,PROD0043,B003,2,582.79,0.15,495.38,357.29,138.09,Completed
ORD017292,2026-08-20,CUST01931,PROD0112,B002,1,866.36,0.1,779.72,678.33,101.39,Completed
ORD017293,2026-01-21,CUST01124,PROD0060,B003,5,447.63,0.0,447.63,293.88,153.75,Completed
ORD017294,2026-01-10,CUST01211,PROD0019,B001,5,3332.37,0.1,2999.13,2770.95,228.18,Completed
ORD017299,2026-07-14,CUST02287,PROD0098,B005,3,1887.07,0.1,1698.3600000000001,1676.49,21.87,Completed
ORD017301,2026-03-06,CUST01144,PROD0034,B004,5,4276.12,0.1,3848.51,3582.94,265.57,Completed
ORD017305,2026-02-16,CUST00857,PROD0109,B001,1,244.76,0.1,220.27999999999997,975.11,-754.83,Completed
ORD017306,2026-10-27,CUST00073,PROD0087,B003,4,3547.79,0.15,3015.62,3298.78,-283.16,Completed
ORD017307,2026-07-13,CUST01310,PROD0021,B002,4,2380.64,0.0,2380.64,2054.31,326.33,Completed
ORD017311,2026-06-26,CUST01931,PROD0010,B003,1,789.93,0.05,750.4300000000001,1072.0,-321.57,Completed
ORD017321,2026-11-13,CUST01533,PROD0059,B002,5,3763.89,0.1,3387.5,3083.56,303.94,Completed
ORD017322,2026-09-08,CUST00676,PROD0090,B002,1,319.88,0.0,319.88,200.18,119.7,Completed
ORD017325,2026-09-17,CUST00877,PROD0051,B004,3,1511.81,0.15,1285.04,1782.15,-497.11,Completed
ORD017326,2026-07-08,CUST00601,PROD0109,B003,4,4246.99,0.15,3609.9399999999996,3900.44,-290.5,Completed
ORD017329,2026-07-12,CUST00086,PROD0104,B003,5,7012.27,0.0,7012.27,5297.84,1714.43,Completed
ORD017330,2026-04-29,CUST01863,PROD0024,B004,5,5299.07,0.1,4769.16,3515.47,1253.69,Completed
ORD017339,2026-01-12,CUST00041,PROD0005,B002,5,4861.97,0.2,3889.58,3768.65,120.93,Completed
ORD017350,2026-03-14,CUST02372,PROD0073,B002,3,548.4,0.1,493.57,359.92,133.65,Completed
ORD017352,2026-12-08,CUST01299,PROD0040,B001,1,990.67,0.2,792.54,540.35,252.19,Completed
ORD017353,2026-05-05,CUST01408,PROD0031,B002,4,1615.51,0.05,1534.73,2189.98,-655.25,Completed
ORD017359,2026-10-10,CUST01207,PROD0102,B005,4,2085.61,0.0,2085.61,1779.46,306.15,Completed
ORD017365,2026-06-26,CUST00446,PROD0098,B002,1,999.39,0.0,999.39,558.83,440.56,Completed
ORD017367,2026-05-08,CUST02456,PROD0036,B004,3,850.08,0.1,765.07,459.65,305.42,Completed
ORD017377,2026-04-06,CUST01128,PROD0038,B002,3,179.79,0.15,152.83,122.13,30.7,Completed
ORD017382,2026-12-01,CUST02200,PROD0090,B002,5,349.39,0.2,279.51,1000.91,-721.4,Completed
ORD017383,2026-04-27,CUST00469,PROD0086,B002,4,1058.84,0.05,1005.9000000000001,1602.97,-597.07,Completed
ORD017384,2026-07-31,CUST01741,PROD0086,B001,2,1055.73,0.15,897.38,801.48,95.9,Completed
ORD017388,2026-05-03,CUST00727,PROD0079,B001,4,693.21,0.15,589.23,466.28,122.95,Completed
ORD017390,2026-07-29,CUST02414,PROD0024,B001,1,32.04,0.2,25.63000000000011,703.09,-677.46,Completed
ORD017396,2026-09-17,CUST01088,PROD0051,B005,3,1577.17,0.1,1419.4499999999998,1782.15,-362.7,Completed
ORD017401,2026-07-20,CUST01904,PROD0041,B002,4,460.31,0.1,414.28,249.96,164.32,Completed
ORD017408,2026-07-25,CUST02387,PROD0014,B003,5,5654.39,0.2,4523.51,3953.01,570.5,Completed
ORD017411,2026-09-29,CUST00387,PROD0031,B002,3,890.0,0.1,801.0,1642.48,-841.48,Completed
ORD017414,2026-07-08,CUST00252,PROD0062,B002,2,209.06,0.2,167.25,1157.44,-990.19,Completed
ORD017415,2026-06-26,CUST02289,PROD0038,B001,5,299.66,0.0,299.66,203.55,96.11,Completed
ORD017417,2026-12-11,CUST01344,PROD0045,B004,4,3019.0,0.0,3019.0,2866.23,152.77,Completed
ORD017420,2026-05-23,CUST01202,PROD0066,B005,5,5814.6,0.15,4942.41,5022.45,-80.04,Completed
ORD017429,2026-08-27,CUST00397,PROD0047,B003,1,310.2,0.1,279.18,179.65,99.53,Completed
ORD017431,2026-10-06,CUST01548,PROD0033,B002,3,624.55,0.15,530.8699999999999,1149.73,-618.86,Completed
ORD017433,2026-01-05,CUST01389,PROD0061,B005,5,991.0,0.2,792.8,1575.12,-782.32,Completed
ORD017438,2026-04-16,CUST01102,PROD0113,B002,4,3683.4,0.25,2762.55,3627.81,-865.26,Completed
ORD017443,2026-11-10,CUST00954,PROD0072,B005,5,1214.68,0.1,1093.21,1633.1,-539.89,Completed
ORD017451,2026-04-21,CUST00721,PROD0107,B004,2,2445.29,0.1,2200.76,2175.34,25.42,Completed
ORD017454,2026-09-28,CUST00837,PROD0031,B003,1,667.03,0.1,600.33,547.49,52.84,Completed
ORD017457,2026-03-27,CUST01631,PROD0120,B002,4,1026.66,0.2,821.3299999999999,1467.78,-646.45,Completed
ORD017458,2026-09-23,CUST02002,PROD0053,B002,3,667.51,0.0,667.51,1084.81,-417.3,Completed
ORD017464,2026-06-27,CUST00043,PROD0054,B004,1,1127.68,0.2,902.14,762.03,140.11,Completed
ORD017472,2026-08-30,CUST01217,PROD0102,B004,5,2745.9,0.1,2471.31,2224.33,246.98,Completed
ORD017476,2026-10-18,CUST02372,PROD0081,B004,1,133.11,0.1,119.8,99.11,20.69,Completed
ORD017478,2026-04-07,CUST02229,PROD0096,B003,2,2442.73,0.1,2198.46,2068.95,129.51,Completed
ORD017485,2026-08-28,CUST02341,PROD0007,B004,4,190.83,0.1,171.75,143.01,28.74,Completed
ORD017497,2026-08-20,CUST01344,PROD0003,B002,3,80.74,0.05,76.70000000000005,803.19,-726.49,Completed
ORD017504,2026-03-08,CUST00997,PROD0033,B002,2,148.05,0.05,140.6500000000001,766.49,-625.84,Completed
ORD017510,2026-09-04,CUST02054,PROD0035,B003,5,1568.73,0.25,1176.5500000000002,2178.08,-1001.53,Completed
ORD017512,2026-12-15,CUST00798,PROD0044,B002,5,4469.74,0.0,4469.74,3037.05,1432.69,Completed
ORD017514,2026-07-26,CUST01793,PROD0113,B005,1,4.19,0.2,3.3500000000000227,906.95,-903.6,Completed
ORD017516,2026-02-02,CUST01653,PROD0113,B002,5,5159.8,0.1,4643.82,4534.77,109.05,Completed
ORD017524,2026-12-01,CUST01612,PROD0096,B004,1,665.81,0.1,599.23,1034.47,-435.24,Completed
ORD017528,2026-03-23,CUST01128,PROD0042,B003,1,277.06,0.15,235.5,1064.39,-828.89,Completed
ORD017529,2026-01-28,CUST00696,PROD0100,B002,4,2243.95,0.0,2243.95,2533.12,-289.17,Completed
ORD017531,2026-09-19,CUST02292,PROD0024,B004,4,4128.14,0.0,4128.14,2812.38,1315.76,Completed
ORD017538,2026-10-20,CUST00126,PROD0035,B001,1,580.41,0.05,551.39,435.62,115.77,Completed
ORD017540,2026-02-06,CUST01469,PROD0023,B003,3,2708.06,0.1,2437.25,2360.76,76.49,Completed
ORD017541,2026-03-19,CUST01288,PROD0119,B005,1,598.58,0.2,478.86,434.31,44.55,Completed
ORD017542,2026-07-11,CUST00593,PROD0011,B004,4,2141.79,0.2,1713.4299999999998,2630.5,-917.07,Completed
ORD017545,2026-06-13,CUST01873,PROD0112,B002,1,866.36,0.2,693.09,678.33,14.76,Completed
ORD017546,2026-01-18,CUST01515,PROD0069,B003,5,5272.55,0.05,5008.92,3432.19,1576.73,Completed
ORD017559,2026-01-24,CUST01980,PROD0056,B001,4,4646.88,0.0,4646.88,4230.57,416.31,Completed
ORD017562,2026-06-13,CUST01346,PROD0085,B001,3,129.15,0.05,122.7,102.34,20.36,Completed
ORD017563,2026-05-28,CUST01218,PROD0064,B004,4,2648.28,0.05,2515.87,2813.15,-297.28,Completed
ORD017564,2026-08-13,CUST00213,PROD0076,B003,3,899.93,0.1,809.93,720.15,89.78,Completed
ORD017569,2026-08-05,CUST01574,PROD0076,B001,2,599.95,0.0,599.95,480.1,119.85,Completed
ORD017574,2026-05-21,CUST01869,PROD0032,B002,4,1769.27,0.15,1503.88,1621.2,-117.32,Completed
ORD017575,2026-07-31,CUST00106,PROD0109,B001,3,2956.49,0.1,2660.84,2925.33,-264.49,Completed
ORD017576,2026-08-13,CUST01943,PROD0112,B004,5,3331.81,0.0,3331.8100000000004,3391.64,-59.83,Completed
ORD017580,2026-01-07,CUST01304,PROD0001,B001,4,6757.58,0.0,6757.58,4252.71,2504.87,Completed
ORD017583,2026-10-10,CUST00498,PROD0052,B003,1,660.68,0.15,561.58,453.35,108.23,Completed
ORD017588,2026-03-22,CUST00666,PROD0052,B001,4,1590.11,0.05,1510.6,1813.4,-302.8,Completed
ORD017590,2026-12-02,CUST02347,PROD0064,B004,2,850.46,0.0,850.46,1406.57,-556.11,Completed
ORD017592,2026-02-28,CUST02409,PROD0019,B001,4,2378.31,0.15,2021.56,2216.76,-195.2,Completed
ORD017597,2026-12-10,CUST00737,PROD0120,B002,5,1669.36,0.15,1418.96,1834.73,-415.77,Completed
ORD017600,2026-04-08,CUST01773,PROD0017,B005,2,489.19,0.2,391.3499999999999,1263.96,-872.61,Completed
ORD017601,2026-10-12,CUST01876,PROD0018,B003,2,2389.98,0.05,2270.48,2143.81,126.67,Completed
ORD017604,2026-06-09,CUST01690,PROD0109,B003,4,4370.83,0.05,4152.29,3900.44,251.85,Completed
ORD017605,2026-10-25,CUST01511,PROD0064,B004,2,600.45,0.2,480.3599999999999,1406.57,-926.21,Completed
ORD017610,2026-10-12,CUST01861,PROD0018,B003,1,471.31,0.2,377.04999999999995,1071.91,-694.86,Completed
ORD017613,2026-10-25,CUST00635,PROD0070,B004,5,1002.62,0.15,852.23,687.96,164.27,Completed
ORD017617,2026-02-14,CUST00992,PROD0106,B003,1,718.58,0.05,682.65,431.22,251.43,Completed
ORD017618,2026-02-01,CUST01765,PROD0083,B001,3,3851.46,0.1,3466.3100000000004,3364.43,101.88,Completed
ORD017629,2026-05-14,CUST02407,PROD0060,B005,2,179.05,0.2,143.24,117.55,25.69,Completed
ORD017631,2026-07-23,CUST00790,PROD0002,B002,5,1062.04,0.15,902.73,2056.3,-1153.57,Completed
ORD017632,2026-09-03,CUST01621,PROD0100,B004,3,1380.34,0.05,1311.3200000000002,1899.84,-588.52,Completed
ORD017634,2026-11-24,CUST00486,PROD0037,B001,5,1787.26,0.1,1608.5300000000002,2412.79,-804.26,Completed
ORD017639,2026-03-03,CUST02305,PROD0053,B003,5,1445.85,0.25,1084.3899999999999,1808.01,-723.62,Completed
ORD017648,2026-12-07,CUST02413,PROD0046,B001,4,893.34,0.0,893.34,674.21,219.13,Completed
ORD017654,2026-11-29,CUST02043,PROD0059,B003,5,3763.89,0.1,3387.5,3083.56,303.94,Completed
ORD017656,2026-10-28,CUST01436,PROD0071,B002,4,585.81,0.25,439.3599999999999,1494.29,-1054.93,Completed
ORD017662,2026-05-03,CUST01649,PROD0104,B002,1,425.99,0.15,362.0899999999999,1059.57,-697.48,Completed
ORD017663,2026-12-05,CUST01404,PROD0057,B002,5,3692.16,0.25,2769.12,3244.76,-475.64,Completed
ORD017664,2026-04-05,CUST00686,PROD0075,B001,5,5893.02,0.15,5009.07,5462.28,-453.21,Completed
ORD017665,2026-11-20,CUST00147,PROD0108,B001,5,3299.41,0.2,2639.53,2617.12,22.41,Completed
ORD017666,2026-01-13,CUST00162,PROD0017,B001,1,869.59,0.2,695.68,631.98,63.7,Completed
ORD017670,2026-01-05,CUST00456,PROD0065,B002,2,1452.67,0.2,1162.1399999999999,2022.43,-860.29,Completed
ORD017684,2026-03-12,CUST02008,PROD0076,B003,1,299.98,0.15,254.98,240.05,14.93,Completed
ORD017685,2026-06-15,CUST01706,PROD0072,B004,1,465.16,0.0,465.16,326.62,138.54,Completed
ORD017693,2026-11-05,CUST02437,PROD0055,B002,2,929.48,0.15,790.06,527.08,262.98,Completed
ORD017694,2026-09-16,CUST01031,PROD0058,B005,2,625.51,0.15,531.69,349.16,182.53,Completed
ORD017700,2026-07-19,CUST00434,PROD0032,B001,1,736.43,0.15,625.97,405.3,220.67,Completed
ORD017704,2026-06-08,CUST01892,PROD0069,B002,3,2461.77,0.25,1846.33,2059.31,-212.98,Completed
ORD017707,2026-01-21,CUST00605,PROD0015,B002,2,1665.66,0.15,1415.81,1767.45,-351.64,Completed
ORD017719,2026-11-12,CUST00182,PROD0013,B002,2,353.11,0.0,353.1099999999999,915.45,-562.34,Completed
ORD017721,2026-11-02,CUST00198,PROD0075,B001,2,1651.33,0.15,1403.63,2184.91,-781.28,Completed
ORD017722,2026-10-19,CUST00099,PROD0071,B004,3,262.89,0.15,223.46000000000004,1120.72,-897.26,Completed
ORD017731,2026-08-06,CUST00397,PROD0039,B003,1,371.58,0.1,334.4200000000001,826.25,-491.83,Completed
ORD017734,2026-03-10,CUST01419,PROD0068,B002,2,938.76,0.1,844.8800000000001,1646.73,-801.85,Completed
ORD017736,2026-05-10,CUST00957,PROD0094,B005,5,976.4,0.1,878.76,585.09,293.67,Completed
ORD017737,2026-10-28,CUST02428,PROD0048,B005,4,2377.0,0.15,2020.4499999999998,2461.98,-441.53,Completed
ORD017741,2026-05-20,CUST01481,PROD0082,B003,2,3136.42,0.05,2979.6,2267.33,712.27,Completed
ORD017746,2026-01-04,CUST01934,PROD0098,B002,2,946.15,0.05,898.8399999999999,1117.66,-218.82,Completed
ORD017758,2026-04-21,CUST00291,PROD0070,B005,1,200.52,0.05,190.5,137.59,52.91,Completed
ORD017762,2026-06-28,CUST01296,PROD0006,B005,3,1008.39,0.0,1008.3900000000001,1457.71,-449.32,Completed
ORD017763,2026-10-29,CUST01692,PROD0010,B002,4,6370.22,0.0,6370.22,4287.98,2082.24,Completed
ORD017765,2026-10-02,CUST01100,PROD0006,B004,3,955.76,0.05,907.97,1457.71,-549.74,Completed
ORD017768,2026-08-26,CUST00679,PROD0092,B005,4,292.65,0.2,234.12,266.55,-32.43,Completed
ORD017775,2026-11-11,CUST00075,PROD0024,B002,5,5299.07,0.1,4769.16,3515.47,1253.69,Completed
ORD017776,2026-01-17,CUST02089,PROD0048,B001,4,2500.84,0.05,2375.8,2461.98,-86.18,Completed
ORD017783,2026-06-09,CUST02403,PROD0002,B002,4,1720.55,0.0,1720.5500000000002,1645.04,75.51,Completed
ORD017786,2026-11-11,CUST02047,PROD0043,B002,5,280.52,0.15,238.44000000000005,893.23,-654.79,Completed
ORD017788,2026-07-02,CUST01057,PROD0080,B005,4,626.4,0.0,626.4000000000001,1127.99,-501.59,Completed
ORD017790,2026-06-04,CUST01359,PROD0081,B001,5,665.54,0.1,598.98,495.54,103.44,Completed
ORD017792,2026-12-25,CUST02337,PROD0065,B001,4,4228.87,0.15,3594.54,4044.87,-450.33,Completed
ORD017799,2026-12-24,CUST01591,PROD0046,B004,2,446.67,0.05,424.34,337.11,87.23,Completed
ORD017802,2026-09-09,CUST01282,PROD0042,B002,3,3249.47,0.1,2924.52,3193.16,-268.64,Completed
ORD017807,2026-08-13,CUST00765,PROD0078,B001,4,2477.81,0.2,1982.25,2295.91,-313.66,Completed
ORD017817,2026-12-28,CUST01206,PROD0040,B005,3,1860.91,0.1,1674.8200000000002,1621.06,53.76,Completed
ORD017827,2026-12-26,CUST00992,PROD0029,B001,2,916.01,0.0,916.01,531.7,384.31,Completed
ORD017830,2026-09-02,CUST00310,PROD0049,B003,3,2945.54,0.05,2798.26,2313.24,485.02,Completed
ORD017831,2026-10-29,CUST00182,PROD0094,B002,2,243.96,0.15,207.37,234.04,-26.67,Completed
ORD017833,2026-12-28,CUST02295,PROD0097,B002,4,5794.67,0.2,4635.74,4338.46,297.28,Completed
ORD017834,2026-08-10,CUST00873,PROD0023,B001,5,5254.18,0.1,4728.76,3934.59,794.17,Completed
ORD017839,2026-03-02,CUST00125,PROD0116,B005,1,262.17,0.1,235.95,215.09,20.86,Completed
ORD017844,2026-06-07,CUST00147,PROD0033,B001,1,600.34,0.0,600.34,383.24,217.1,Completed
ORD017847,2026-05-29,CUST02147,PROD0046,B005,2,446.67,0.2,357.34,337.11,20.23,Completed
ORD017849,2026-05-03,CUST01508,PROD0087,B002,2,1251.01,0.1,1125.9099999999999,1649.39,-523.48,Completed
ORD017850,2026-12-30,CUST00594,PROD0038,B003,4,239.73,0.2,191.78,162.84,28.94,Completed
ORD017851,2026-01-12,CUST00032,PROD0074,B004,5,2087.75,0.15,1774.5900000000001,2524.19,-749.6,Completed
ORD017854,2026-09-08,CUST00158,PROD0046,B005,3,670.01,0.0,670.01,505.66,164.35,Completed
ORD017858,2026-06-27,CUST00962,PROD0030,B002,4,2966.42,0.1,2669.78,3254.38,-584.6,Completed
ORD017859,2026-01-27,CUST01653,PROD0016,B001,3,266.59,0.25,199.95,159.65,40.3,Completed
ORD017868,2026-05-20,CUST00926,PROD0096,B003,5,7884.61,0.0,7884.610000000001,5172.37,2712.24,Completed
ORD017869,2026-06-24,CUST01265,PROD0061,B002,2,896.4,0.05,851.58,630.05,221.53,Completed
ORD017873,2026-03-07,CUST01125,PROD0062,B001,1,729.53,0.05,693.05,578.72,114.33,Completed
ORD017874,2026-02-03,CUST01942,PROD0085,B003,2,86.1,0.0,86.1,68.23,17.87,Completed
ORD017875,2026-09-20,CUST01609,PROD0102,B004,4,1909.13,0.15,1622.7600000000002,1779.46,-156.7,Completed
ORD017879,2026-04-06,CUST01773,PROD0119,B001,5,1816.44,0.15,1543.9699999999998,2171.55,-627.58,Completed
ORD017891,2026-10-13,CUST01804,PROD0107,B001,4,6001.69,0.1,5401.52,4350.68,1050.84,Completed
ORD017894,2026-09-18,CUST02409,PROD0034,B002,3,2055.87,0.15,1747.4899999999998,2149.77,-402.28,Completed
ORD017902,2026-05-27,CUST02039,PROD0100,B005,2,569.35,0.05,540.8800000000001,1266.56,-725.68,Completed
ORD017906,2026-05-05,CUST01033,PROD0010,B005,4,6317.59,0.05,6001.71,4287.98,1713.73,Completed
ORD017908,2026-11-11,CUST02288,PROD0018,B001,1,610.2,0.1,549.1800000000001,1071.91,-522.73,Completed
ORD017912,2026-07-27,CUST01023,PROD0032,B001,3,1098.19,0.1,988.3699999999999,1215.9,-227.53,Completed
ORD017913,2026-02-28,CUST00164,PROD0087,B004,3,2490.57,0.05,2366.04,2474.09,-108.05,Completed
ORD017917,2026-11-28,CUST02194,PROD0061,B002,4,616.33,0.15,523.8800000000001,1260.1,-736.22,Completed
ORD017919,2026-11-02,CUST02090,PROD0047,B001,4,240.79,0.0,240.78999999999996,718.6,-477.81,Completed
ORD017921,2026-03-01,CUST00258,PROD0043,B002,5,280.52,0.15,238.44000000000005,893.23,-654.79,Completed
ORD017926,2026-03-17,CUST00636,PROD0022,B001,2,1278.68,0.2,1022.94,1827.16,-804.22,Completed
ORD017932,2026-04-07,CUST02127,PROD0032,B004,2,222.86,0.2,178.28999999999996,810.6,-632.31,Completed
ORD017933,2026-11-02,CUST02335,PROD0075,B002,1,80.56,0.25,60.42000000000007,1092.46,-1032.04,Completed
ORD017939,2026-01-06,CUST00797,PROD0039,B002,5,6413.45,0.0,6413.45,4131.23,2282.22,Completed
ORD017944,2026-05-02,CUST00927,PROD0040,B003,5,3953.37,0.0,3953.37,2701.76,1251.61,Completed
ORD017945,2026-12-27,CUST01582,PROD0098,B002,4,2944.94,0.05,2797.69,2235.32,562.37,Completed
ORD017947,2026-01-05,CUST01367,PROD0060,B002,5,447.63,0.1,402.86,293.88,108.98,Completed
ORD017954,2026-03-18,CUST00187,PROD0106,B003,4,1624.32,0.2,1299.46,1724.88,-425.42,Completed
ORD017955,2026-10-22,CUST02017,PROD0058,B003,2,625.51,0.1,562.96,349.16,213.8,Completed
ORD017959,2026-01-25,CUST01414,PROD0021,B001,3,1359.01,0.15,1155.1599999999999,1540.73,-385.57,Completed
ORD017961,2026-04-30,CUST00220,PROD0096,B003,1,526.92,0.2,421.53999999999996,1034.47,-612.93,Completed
ORD017962,2026-12-21,CUST02191,PROD0106,B003,3,1044.63,0.1,940.1700000000001,1293.66,-353.49,Completed
ORD017963,2026-10-25,CUST01090,PROD0029,B003,1,458.01,0.15,389.3,265.85,123.45,Completed
ORD017965,2026-10-08,CUST00087,PROD0091,B001,1,413.67,0.15,351.63,315.29,36.34,Completed
ORD017966,2026-09-28,CUST00633,PROD0077,B003,4,1216.09,0.2,972.87,984.21,-11.34,Completed
ORD017971,2026-04-01,CUST00031,PROD0113,B004,2,1508.37,0.0,1508.37,1813.91,-305.54,Completed
ORD017972,2026-10-18,CUST01624,PROD0042,B004,5,6091.16,0.15,5177.49,5321.93,-144.44,Completed
ORD017973,2026-06-19,CUST02055,PROD0023,B004,3,2819.17,0.0,2819.17,2360.76,458.41,Completed
ORD017979,2026-06-06,CUST01128,PROD0029,B004,2,916.01,0.0,916.01,531.7,384.31,Completed
ORD017981,2026-08-08,CUST00136,PROD0071,B005,3,386.73,0.05,367.3900000000001,1120.72,-753.33,Completed
ORD017982,2026-04-23,CUST01185,PROD0103,B002,2,634.2,0.1,570.78,1032.87,-462.09,Completed
ORD017988,2026-06-22,CUST00637,PROD0022,B001,4,3880.88,0.15,3298.75,3654.32,-355.57,Completed
ORD017994,2026-10-19,CUST02122,PROD0038,B002,5,299.66,0.0,299.66,203.55,96.11,Completed
ORD017998,2026-07-25,CUST01658,PROD0051,B005,3,1635.64,0.05,1553.8600000000001,1782.15,-228.29,Completed
ORD018010,2026-01-22,CUST00913,PROD0038,B005,2,112.1,0.05,106.49,76.15,30.34,Cancelled
ORD018011,2026-12-28,CUST02095,PROD0035,B005,5,2714.08,0.15,2306.97,2036.99,269.98,Cancelled
ORD018015,2026-10-09,CUST01907,PROD0014,B003,3,3874.29,0.05,3680.58,2218.17,1462.41,Cancelled
ORD018017,2026-04-13,CUST02029,PROD0082,B005,2,3917.71,0.05,3721.82,2120.46,1601.36,Cancelled
ORD018026,2026-06-01,CUST00290,PROD0034,B004,2,2015.31,0.1,1813.78,1340.34,473.44,Cancelled
ORD018032,2026-08-26,CUST01923,PROD0078,B001,2,1743.17,0.1,1568.86,1073.6,495.26,Cancelled
ORD018035,2026-05-01,CUST02136,PROD0073,B005,5,854.8,0.0,854.8,561.01,293.79,Cancelled
ORD018039,2026-11-20,CUST00462,PROD0058,B004,5,1462.49,0.1,1316.24,816.37,499.87,Cancelled
ORD018041,2026-06-18,CUST00890,PROD0055,B001,2,869.28,0.1,782.35,492.94,289.41,Cancelled
ORD018045,2026-10-22,CUST01949,PROD0051,B004,4,3352.19,0.2,2681.75,2222.29,459.46,Cancelled
ORD018047,2026-03-25,CUST01878,PROD0074,B004,2,1221.11,0.05,1160.06,944.27,215.79,Cancelled
ORD018048,2026-10-09,CUST00606,PROD0014,B001,3,3874.29,0.15,3293.15,2218.17,1074.98,Cancelled
ORD018049,2026-10-15,CUST00204,PROD0072,B002,3,1305.08,0.05,1239.83,916.39,323.44,Cancelled
ORD018051,2026-12-20,CUST02037,PROD0067,B001,1,848.07,0.15,720.86,465.11,255.75,Cancelled
ORD018052,2026-03-04,CUST02065,PROD0007,B002,1,44.62,0.0,44.62,33.44,11.18,Cancelled
ORD018056,2026-09-27,CUST00279,PROD0028,B001,2,1365.79,0.0,1365.79,857.63,508.16,Cancelled
ORD018062,2026-08-09,CUST01978,PROD0003,B002,4,1413.28,0.2,1130.62,1001.54,129.08,Cancelled
ORD018068,2026-09-20,CUST02304,PROD0082,B004,3,5876.56,0.0,5876.56,3180.69,2695.87,Cancelled
ORD018089,2026-01-07,CUST01249,PROD0079,B002,5,810.39,0.2,648.31,545.1,103.21,Cancelled
ORD018091,2026-04-08,CUST02324,PROD0063,B005,1,124.09,0.05,117.88,93.96,23.92,Cancelled
ORD018095,2026-07-12,CUST01178,PROD0101,B004,1,604.52,0.0,604.52,430.67,173.85,Cancelled
ORD018097,2026-01-09,CUST00747,PROD0042,B002,5,6796.87,0.15,5777.34,4977.2,800.14,Cancelled
ORD018098,2026-04-23,CUST02279,PROD0018,B002,4,6439.24,0.05,6117.28,4009.9,2107.38,Cancelled
ORD018103,2026-02-21,CUST01587,PROD0041,B003,3,322.87,0.0,322.87,175.33,147.54,Cancelled
ORD018105,2026-10-07,CUST01033,PROD0062,B005,5,3411.38,0.0,3411.38,2706.17,705.21,Cancelled
ORD018131,2026-04-16,CUST00307,PROD0096,B005,2,3323.64,0.1,2991.28,1934.93,1056.35,Cancelled
ORD018133,2026-11-09,CUST01430,PROD0007,B001,4,178.47,0.1,160.62,133.75,26.87,Cancelled
ORD018134,2026-11-07,CUST01318,PROD0008,B003,1,248.35,0.1,223.52,204.73,18.79,Cancelled
ORD018140,2026-05-28,CUST01918,PROD0028,B002,4,2731.57,0.05,2594.99,1715.26,879.73,Cancelled
ORD018146,2026-06-28,CUST02032,PROD0034,B001,2,2015.31,0.1,1813.78,1340.34,473.44,Cancelled
ORD018149,2026-07-30,CUST02385,PROD0106,B004,2,1344.07,0.0,1344.07,806.58,537.49,Cancelled
ORD018156,2026-02-15,CUST01235,PROD0054,B002,2,2109.26,0.1,1898.34,1425.34,473.0,Cancelled
ORD018162,2026-04-17,CUST02172,PROD0044,B003,1,1023.09,0.05,971.93,568.06,403.87,Cancelled
ORD018171,2026-03-14,CUST02360,PROD0118,B005,1,271.11,0.0,271.11,181.59,89.52,Cancelled
ORD018178,2026-05-26,CUST00089,PROD0093,B001,5,4051.17,0.0,4051.17,2972.48,1078.69,Cancelled
ORD018184,2026-12-01,CUST01202,PROD0013,B005,4,2530.92,0.0,2530.92,1712.3,818.62,Cancelled
ORD018188,2026-12-04,CUST01110,PROD0028,B001,3,2048.68,0.15,1741.38,1286.44,454.94,Cancelled
ORD018190,2026-08-07,CUST02095,PROD0035,B004,4,2171.26,0.0,2171.26,1629.6,541.66,Cancelled
ORD018191,2026-02-03,CUST01530,PROD0093,B004,4,3240.94,0.0,3240.94,2377.99,862.95,Cancelled
ORD018205,2026-04-20,CUST01513,PROD0014,B005,5,6457.15,0.2,5165.72,3696.95,1468.77,Cancelled
ORD018208,2026-08-26,CUST01644,PROD0099,B001,5,3971.29,0.2,3177.03,2775.6,401.43,Cancelled
ORD018210,2026-01-23,CUST02352,PROD0048,B003,4,3323.29,0.05,3157.13,2302.5,854.63,Cancelled
ORD018211,2026-05-31,CUST01094,PROD0043,B003,4,1090.09,0.05,1035.59,668.29,367.3,Cancelled
ORD018215,2026-01-20,CUST01217,PROD0036,B002,1,265.01,0.1,238.51,143.29,95.22,Cancelled
ORD018222,2026-08-28,CUST01406,PROD0029,B001,1,428.34,0.2,342.67,248.63,94.04,Cancelled
ORD018223,2026-07-05,CUST01638,PROD0028,B001,4,2731.57,0.1,2458.41,1715.26,743.15,Cancelled
ORD018225,2026-07-18,CUST01994,PROD0012,B002,1,121.22,0.0,121.22,81.9,39.32,Cancelled
ORD018226,2026-10-12,CUST01553,PROD0036,B003,3,795.02,0.15,675.77,429.88,245.89,Cancelled
ORD018234,2026-11-23,CUST01502,PROD0107,B001,4,6652.07,0.05,6319.47,4068.86,2250.61,Cancelled
ORD018236,2026-09-01,CUST00459,PROD0084,B001,3,1454.1,0.0,1454.1,1073.52,380.58,Cancelled
ORD018238,2026-11-20,CUST02210,PROD0002,B002,4,2544.33,0.05,2417.11,1538.48,878.63,Cancelled
ORD018252,2026-08-13,CUST02421,PROD0078,B004,2,1743.17,0.0,1743.17,1073.6,669.57,Cancelled
ORD018261,2026-09-30,CUST02217,PROD0074,B003,4,2442.22,0.2,1953.78,1888.55,65.23,Cancelled
ORD018265,2026-10-13,CUST01617,PROD0059,B005,5,4559.22,0.15,3875.34,2883.82,991.52,Cancelled
ORD018277,2026-09-02,CUST00240,PROD0078,B004,3,2614.76,0.15,2222.54,1610.39,612.15,Cancelled
ORD018279,2026-01-31,CUST01553,PROD0022,B005,4,4729.76,0.05,4493.27,3417.61,1075.66,Cancelled
ORD018281,2026-11-21,CUST00090,PROD0101,B004,1,604.52,0.05,574.29,430.67,143.62,Cancelled
ORD018282,2026-11-05,CUST00140,PROD0090,B003,1,299.16,0.1,269.24,187.21,82.03,Cancelled
ORD018284,2026-03-01,CUST02207,PROD0045,B005,1,939.67,0.0,939.67,670.14,269.53,Cancelled
ORD018285,2026-02-25,CUST00155,PROD0016,B002,4,332.43,0.1,299.19,199.08,100.11,Cancelled
ORD018287,2026-06-23,CUST00905,PROD0055,B005,4,1738.55,0.15,1477.77,985.88,491.89,Cancelled
ORD018290,2026-09-18,CUST01001,PROD0105,B002,4,1577.68,0.1,1419.91,1162.65,257.26,Cancelled
ORD018292,2026-07-09,CUST00207,PROD0052,B001,4,2471.55,0.0,2471.55,1695.93,775.62,Cancelled
ORD018297,2026-03-15,CUST01024,PROD0040,B005,1,926.5,0.15,787.53,505.35,282.18,Cancelled
ORD018299,2026-10-25,CUST02260,PROD0070,B001,1,187.54,0.05,178.16,128.68,49.48,Cancelled
ORD018301,2026-11-22,CUST01458,PROD0020,B002,3,2134.1,0.15,1813.99,1536.76,277.23,Cancelled
ORD018308,2026-01-01,CUST00429,PROD0089,B001,5,1605.47,0.1,1444.93,1054.87,390.06,Cancelled
ORD018315,2026-04-13,CUST01755,PROD0113,B002,4,4691.77,0.05,4457.18,3392.82,1064.36,Cancelled
ORD018317,2026-03-08,CUST00519,PROD0080,B004,3,1140.79,0.15,969.67,791.19,178.48,Cancelled
ORD018319,2026-04-13,CUST01483,PROD0119,B003,1,559.81,0.1,503.83,406.18,97.65,Cancelled
ORD018321,2026-07-29,CUST01775,PROD0074,B004,2,1221.11,0.05,1160.06,944.27,215.79,Cancelled
ORD018340,2026-06-24,CUST02286,PROD0083,B003,1,1547.04,0.1,1392.33,1048.83,343.5,Cancelled
ORD018344,2026-02-06,CUST01503,PROD0020,B005,3,2134.1,0.15,1813.99,1536.76,277.23,Cancelled
ORD018351,2026-03-19,CUST02157,PROD0004,B001,2,559.59,0.0,559.59,357.45,202.14,Cancelled
ORD018352,2026-07-04,CUST01465,PROD0097,B002,5,8235.45,0.1,7411.9,5071.8,2340.1,Cancelled
ORD018355,2026-11-10,CUST01029,PROD0108,B003,1,850.94,0.2,680.76,489.52,191.24,Cancelled
ORD018359,2026-02-26,CUST02111,PROD0097,B004,5,8235.45,0.15,7000.13,5071.8,1928.33,Cancelled
ORD018365,2026-03-14,CUST01572,PROD0053,B004,3,1559.5,0.0,1559.5,1014.54,544.96,Cancelled
ORD018370,2026-07-27,CUST02036,PROD0080,B001,2,760.52,0.15,646.44,527.46,118.98,Cancelled
ORD018373,2026-12-08,CUST02134,PROD0079,B002,2,324.15,0.0,324.15,218.04,106.11,Cancelled
ORD018376,2026-07-12,CUST00873,PROD0014,B002,2,2582.86,0.1,2324.57,1478.78,845.79,Cancelled
ORD018382,2026-03-24,CUST01279,PROD0066,B001,4,5230.58,0.0,5230.58,3757.7,1472.88,Cancelled
ORD018385,2026-08-01,CUST01023,PROD0112,B004,5,4051.22,0.2,3240.98,3171.95,69.03,Cancelled
ORD018389,2026-10-06,CUST01052,PROD0050,B002,5,5139.71,0.0,5139.71,2965.91,2173.8,Cancelled
ORD018391,2026-08-29,CUST00258,PROD0114,B003,4,5142.0,0.2,4113.6,3902.38,211.22,Cancelled
ORD018392,2026-04-05,CUST01204,PROD0101,B002,4,2418.07,0.05,2297.17,1722.69,574.48,Cancelled
ORD018393,2026-12-28,CUST00576,PROD0114,B001,2,2571.0,0.0,2571.0,1951.19,619.81,Cancelled
ORD018396,2026-03-10,CUST00018,PROD0058,B005,3,877.49,0.0,877.49,489.82,387.67,Cancelled
ORD018409,2026-09-28,CUST00363,PROD0035,B005,3,1628.45,0.0,1628.45,1222.2,406.25,Cancelled
ORD018410,2026-07-20,CUST00250,PROD0059,B004,3,2735.53,0.2,2188.43,1730.29,458.14,Cancelled
ORD018411,2026-11-25,CUST01445,PROD0107,B004,2,3326.04,0.05,3159.74,2034.43,1125.31,Cancelled
ORD018412,2026-07-10,CUST02426,PROD0066,B001,2,2615.29,0.0,2615.29,1878.85,736.44,Cancelled
ORD018418,2026-04-19,CUST02197,PROD0062,B004,1,682.28,0.0,682.28,541.23,141.05,Cancelled
ORD018425,2026-10-26,CUST01786,PROD0107,B001,1,1663.02,0.0,1663.02,1017.22,645.8,Cancelled
ORD018427,2026-03-14,CUST00382,PROD0050,B002,4,4111.77,0.1,3700.59,2372.73,1327.86,Cancelled
ORD018431,2026-07-22,CUST00360,PROD0038,B005,4,224.2,0.05,212.99,152.29,60.7,Cancelled
ORD018432,2026-07-14,CUST01355,PROD0116,B001,5,1225.95,0.2,980.76,1005.79,-25.03,Cancelled
ORD018435,2026-06-09,CUST02020,PROD0051,B004,4,3352.19,0.15,2849.36,2222.29,627.07,Cancelled
ORD018436,2026-02-04,CUST01944,PROD0042,B005,4,5437.5,0.0,5437.5,3981.76,1455.74,Cancelled
ORD018441,2026-11-07,CUST01059,PROD0016,B004,3,249.33,0.1,224.39,149.31,75.08,Cancelled
ORD018443,2026-06-18,CUST00278,PROD0078,B003,3,2614.76,0.0,2614.76,1610.39,1004.37,Cancelled
ORD018444,2026-05-27,CUST01941,PROD0082,B004,5,9794.26,0.05,9304.55,5301.16,4003.39,Cancelled
ORD018446,2026-12-26,CUST01780,PROD0084,B002,2,969.4,0.05,920.93,715.68,205.25,Cancelled
ORD018447,2026-07-20,CUST02151,PROD0049,B001,5,6231.97,0.05,5920.38,3605.66,2314.72,Cancelled
ORD018449,2026-01-30,CUST02189,PROD0053,B002,3,1559.5,0.15,1325.58,1014.54,311.04,Cancelled
ORD018459,2026-09-04,CUST01556,PROD0079,B005,5,810.39,0.05,769.86,545.1,224.76,Cancelled
ORD018461,2026-12-03,CUST01706,PROD0055,B004,4,1738.55,0.05,1651.62,985.88,665.74,Cancelled
ORD018466,2026-07-15,CUST01706,PROD0008,B003,2,496.71,0.05,471.87,409.46,62.41,Cancelled
ORD018470,2026-02-19,CUST00046,PROD0023,B004,5,5952.97,0.15,5060.02,3679.73,1380.29,Cancelled
ORD018481,2026-05-21,CUST01784,PROD0055,B005,1,434.64,0.05,412.91,246.47,166.44,Cancelled
ORD018483,2026-10-05,CUST02332,PROD0066,B002,4,5230.58,0.1,4707.52,3757.7,949.82,Cancelled
ORD018489,2026-09-12,CUST00102,PROD0007,B002,4,178.47,0.05,169.54,133.75,35.79,Cancelled
ORD018490,2026-05-31,CUST00979,PROD0016,B005,5,415.54,0.15,353.21,248.84,104.37,Cancelled
ORD018492,2026-04-13,CUST01987,PROD0042,B001,5,6796.87,0.1,6117.18,4977.2,1139.98,Cancelled
ORD018495,2026-03-14,CUST00481,PROD0076,B002,1,280.54,0.1,252.49,224.5,27.99,Cancelled
ORD018501,2026-11-10,CUST01847,PROD0026,B001,5,1840.08,0.15,1564.07,1329.41,234.66,Cancelled
ORD018515,2026-04-05,CUST01190,PROD0060,B003,3,251.18,0.0,251.18,164.91,86.27,Cancelled
ORD018518,2026-02-09,CUST00578,PROD0070,B002,2,375.07,0.05,356.32,257.36,98.96,Cancelled
ORD018523,2026-06-28,CUST00704,PROD0049,B002,5,6231.97,0.0,6231.97,3605.66,2626.31,Cancelled
ORD018524,2026-12-28,CUST00342,PROD0092,B003,4,390.72,0.1,351.65,249.28,102.37,Cancelled
ORD018533,2026-06-08,CUST00257,PROD0089,B004,1,321.09,0.2,256.88,210.97,45.91,Cancelled
ORD018534,2026-08-08,CUST01776,PROD0075,B002,4,5289.25,0.1,4760.33,4086.76,673.57,Cancelled
ORD018537,2026-03-15,CUST00652,PROD0012,B004,2,242.44,0.1,218.2,163.8,54.4,Cancelled
ORD018539,2026-03-11,CUST00067,PROD0048,B003,5,4154.11,0.0,4154.11,2878.13,1275.98,Cancelled
ORD018548,2026-07-30,CUST01887,PROD0047,B002,5,1450.52,0.15,1232.94,840.06,392.88,Cancelled
ORD018560,2026-08-07,CUST00900,PROD0040,B004,4,3706.01,0.1,3335.41,2021.4,1314.01,Cancelled
ORD018562,2026-01-29,CUST02242,PROD0100,B003,3,2275.37,0.1,2047.83,1776.78,271.05,Cancelled
ORD018567,2026-03-26,CUST01162,PROD0115,B003,1,698.19,0.15,593.46,430.81,162.65,Cancelled
ORD018577,2026-04-20,CUST00951,PROD0090,B003,3,897.47,0.0,897.47,561.64,335.83,Cancelled
ORD018578,2026-12-31,CUST01549,PROD0110,B005,4,2980.43,0.05,2831.41,1732.75,1098.66,Cancelled
ORD018579,2026-09-18,CUST00830,PROD0118,B005,1,271.11,0.1,243.99,181.59,62.4,Cancelled
ORD018580,2026-09-01,CUST02071,PROD0029,B002,5,2141.69,0.2,1713.35,1243.15,470.2,Cancelled
ORD018586,2026-04-23,CUST02171,PROD0019,B004,1,831.13,0.05,789.57,518.29,271.28,Cancelled
ORD018589,2026-01-26,CUST00728,PROD0056,B005,1,1320.27,0.05,1254.26,989.13,265.13,Cancelled
ORD018592,2026-06-09,CUST02083,PROD0074,B004,1,610.56,0.0,610.56,472.14,138.42,Cancelled
ORD018598,2026-04-01,CUST00838,PROD0033,B003,2,1122.91,0.15,954.47,716.84,237.63,Cancelled
ORD018601,2026-09-16,CUST01220,PROD0031,B002,3,1871.48,0.0,1871.48,1536.09,335.39,Cancelled
ORD018605,2026-10-23,CUST00486,PROD0061,B003,1,419.17,0.0,419.17,294.62,124.55,Cancelled
ORD018614,2026-07-13,CUST00729,PROD0043,B004,3,817.57,0.0,817.57,501.22,316.35,Cancelled
ORD018619,2026-03-17,CUST01732,PROD0012,B001,3,363.66,0.1,327.3,245.71,81.59,Cancelled
ORD018623,2026-04-18,CUST01250,PROD0118,B003,3,813.32,0.1,731.99,544.77,187.22,Cancelled
ORD018624,2026-09-14,CUST00997,PROD0057,B001,4,3759.97,0.0,3759.97,2427.67,1332.3,Cancelled
ORD018626,2026-04-05,CUST00335,PROD0045,B003,4,3758.67,0.15,3194.87,2680.57,514.3,Cancelled
ORD018631,2026-02-22,CUST01575,PROD0094,B001,5,913.16,0.2,730.53,547.19,183.34,Cancelled
ORD018633,2026-03-30,CUST00071,PROD0033,B003,2,1122.91,0.15,954.47,716.84,237.63,Cancelled
ORD018634,2026-05-20,CUST00848,PROD0050,B002,4,4111.77,0.1,3700.59,2372.73,1327.86,Cancelled
ORD018641,2026-03-20,CUST02324,PROD0116,B001,1,245.19,0.1,220.67,201.16,19.51,Cancelled
ORD018643,2026-04-04,CUST00340,PROD0112,B005,1,810.24,0.0,810.24,634.39,175.85,Cancelled
ORD018648,2026-07-31,CUST00955,PROD0058,B003,2,585.0,0.05,555.75,326.55,229.2,Cancelled
ORD018649,2026-05-09,CUST01968,PROD0025,B004,5,4629.57,0.0,4629.57,2762.27,1867.3,Cancelled
ORD018653,2026-10-04,CUST00853,PROD0003,B001,4,1413.28,0.15,1201.29,1001.54,199.75,Cancelled
ORD018654,2026-04-23,CUST01922,PROD0064,B003,4,3461.18,0.05,3288.13,2630.93,657.2,Cancelled
ORD018655,2026-11-13,CUST02247,PROD0064,B001,5,4326.48,0.0,4326.48,3288.66,1037.82,Cancelled
ORD018658,2026-11-24,CUST00093,PROD0053,B003,1,519.83,0.05,493.84,338.18,155.66,Cancelled
ORD018661,2026-05-11,CUST01349,PROD0095,B004,3,996.4,0.0,996.4,751.6,244.8,Cancelled
ORD018666,2026-10-19,CUST00186,PROD0117,B001,1,722.24,0.0,722.24,445.28,276.96,Cancelled
ORD018667,2026-09-30,CUST00089,PROD0063,B004,3,372.26,0.15,316.42,281.87,34.55,Cancelled
ORD018675,2026-07-31,CUST00889,PROD0091,B004,3,1160.63,0.15,986.54,884.6,101.94,Cancelled
ORD018679,2026-07-11,CUST02256,PROD0011,B003,1,793.02,0.0,793.02,615.03,177.99,Cancelled
ORD018683,2026-01-16,CUST01453,PROD0084,B001,3,1454.1,0.0,1454.1,1073.52,380.58,Cancelled
ORD018690,2026-07-10,CUST01991,PROD0035,B005,5,2714.08,0.0,2714.08,2036.99,677.09,Cancelled
ORD018691,2026-12-19,CUST01612,PROD0101,B003,5,3022.59,0.05,2871.46,2153.36,718.1,Cancelled
ORD018694,2026-09-03,CUST00022,PROD0056,B003,2,2640.55,0.0,2640.55,1978.27,662.28,Cancelled
ORD018697,2026-08-17,CUST01768,PROD0053,B003,3,1559.5,0.1,1403.55,1014.54,389.01,Cancelled
ORD018698,2026-02-22,CUST02119,PROD0024,B002,1,1198.99,0.0,1198.99,657.55,541.44,Cancelled
ORD018699,2026-09-01,CUST02314,PROD0078,B002,4,3486.35,0.05,3312.03,2147.19,1164.84,Cancelled
ORD018700,2026-09-10,CUST01911,PROD0084,B005,1,484.7,0.1,436.23,357.84,78.39,Cancelled
ORD018706,2026-01-24,CUST01445,PROD0091,B004,4,1547.51,0.0,1547.51,1179.47,368.04,Cancelled
ORD018708,2026-05-28,CUST00181,PROD0026,B005,4,1472.07,0.1,1324.86,1063.52,261.34,Cancelled
ORD018709,2026-03-01,CUST01441,PROD0035,B004,3,1628.45,0.15,1384.18,1222.2,161.98,Cancelled
ORD018717,2026-06-06,CUST00640,PROD0040,B003,4,3706.01,0.05,3520.71,2021.4,1499.31,Cancelled
ORD018721,2026-12-01,CUST01480,PROD0011,B002,4,3172.09,0.1,2854.88,2460.11,394.77,Cancelled
ORD018724,2026-05-03,CUST00152,PROD0102,B001,4,2885.73,0.1,2597.16,1664.19,932.97,Cancelled
ORD018728,2026-11-13,CUST00516,PROD0114,B001,1,1285.5,0.1,1156.95,975.6,181.35,Cancelled
ORD018738,2026-01-15,CUST02071,PROD0058,B002,5,1462.49,0.05,1389.36,816.37,572.99,Cancelled
ORD018739,2026-10-05,CUST01737,PROD0092,B004,2,195.36,0.05,185.59,124.64,60.95,Cancelled
ORD018740,2026-08-12,CUST01612,PROD0085,B004,3,120.79,0.1,108.71,95.71,13.0,Cancelled
ORD018742,2026-12-16,CUST02188,PROD0076,B004,5,1402.72,0.05,1332.58,1122.5,210.08,Cancelled
ORD018747,2026-07-03,CUST00826,PROD0032,B001,5,3443.66,0.05,3271.47,1895.23,1376.24,Cancelled
ORD018748,2026-02-09,CUST01435,PROD0102,B003,4,2885.73,0.2,2308.59,1664.19,644.4,Cancelled
ORD018752,2026-02-14,CUST02210,PROD0079,B004,2,324.15,0.05,307.94,218.04,89.9,Cancelled
ORD018754,2026-11-18,CUST01899,PROD0072,B003,4,1740.11,0.1,1566.1,1221.85,344.25,Cancelled
ORD018755,2026-05-23,CUST02451,PROD0040,B003,3,2779.51,0.1,2501.56,1516.05,985.51,Cancelled
ORD018759,2026-03-28,CUST00951,PROD0017,B001,4,3253.06,0.05,3090.41,2364.17,726.24,Cancelled
ORD018760,2026-03-24,CUST00220,PROD0005,B003,2,2286.43,0.05,2172.1,1409.81,762.29,Cancelled
ORD018771,2026-12-05,CUST01426,PROD0059,B002,4,3647.38,0.1,3282.64,2307.05,975.59,Cancelled
ORD018784,2026-10-24,CUST01548,PROD0055,B005,5,2173.19,0.05,2064.53,1232.35,832.18,Cancelled
ORD018787,2026-06-27,CUST00764,PROD0108,B004,4,3403.78,0.1,3063.4,1958.08,1105.32,Cancelled
ORD018789,2026-07-30,CUST01952,PROD0021,B002,3,2371.24,0.0,2371.24,1440.93,930.31,Cancelled
ORD018800,2026-06-05,CUST01473,PROD0004,B003,5,1398.98,0.2,1119.18,893.62,225.56,Cancelled
ORD018801,2026-10-18,CUST00812,PROD0038,B003,4,224.2,0.15,190.57,152.29,38.28,Cancelled
ORD018802,2026-07-30,CUST02422,PROD0028,B003,4,2731.57,0.15,2321.84,1715.26,606.58,Cancelled
ORD018803,2026-11-17,CUST02214,PROD0012,B005,4,484.88,0.1,436.39,327.61,108.78,Cancelled
ORD018804,2026-02-04,CUST01111,PROD0028,B005,4,2731.57,0.05,2594.99,1715.26,879.73,Cancelled
ORD018805,2026-01-29,CUST02143,PROD0072,B004,2,870.05,0.15,739.55,610.93,128.62,Cancelled
ORD018811,2026-10-07,CUST02202,PROD0111,B002,5,8579.84,0.1,7721.86,5176.76,2545.1,Cancelled
ORD018813,2026-12-19,CUST01345,PROD0025,B001,1,925.91,0.2,740.73,552.45,188.28,Cancelled
ORD018819,2026-06-13,CUST02166,PROD0115,B002,1,698.19,0.2,558.55,430.81,127.74,Cancelled
ORD018820,2026-10-08,CUST02094,PROD0063,B002,1,124.09,0.2,99.27,93.96,5.31,Cancelled
ORD018822,2026-04-26,CUST00052,PROD0026,B001,3,1104.05,0.15,938.44,797.64,140.8,Cancelled
ORD018825,2026-07-07,CUST01509,PROD0085,B004,5,201.31,0.0,201.31,159.52,41.79,Cancelled
ORD018826,2026-08-14,CUST01726,PROD0001,B002,3,5441.31,0.0,5441.31,2982.93,2458.38,Cancelled
ORD018830,2026-02-26,CUST02141,PROD0047,B005,3,870.31,0.05,826.79,504.04,322.75,Cancelled
ORD018833,2026-05-14,CUST01336,PROD0067,B005,4,3392.28,0.0,3392.28,1860.45,1531.83,Cancelled
ORD018835,2026-04-04,CUST01417,PROD0089,B003,2,642.19,0.1,577.97,421.95,156.02,Cancelled
ORD018836,2026-11-04,CUST02152,PROD0092,B003,3,293.04,0.1,263.74,186.96,76.78,Cancelled
ORD018842,2026-07-12,CUST01858,PROD0032,B003,2,1377.46,0.0,1377.46,758.09,619.37,Cancelled
ORD018844,2026-03-10,CUST01912,PROD0010,B001,4,6892.81,0.0,6892.81,4010.23,2882.58,Cancelled
ORD018847,2026-08-15,CUST02168,PROD0014,B003,3,3874.29,0.1,3486.86,2218.17,1268.69,Cancelled
ORD018848,2026-09-06,CUST00635,PROD0095,B003,5,1660.66,0.15,1411.56,1252.66,158.9,Cancelled
ORD018851,2026-01-22,CUST00456,PROD0030,B001,3,2860.06,0.05,2717.06,2282.68,434.38,Cancelled
ORD018854,2026-03-14,CUST00789,PROD0043,B002,5,1362.61,0.0,1362.61,835.37,527.24,Cancelled
ORD018861,2026-09-24,CUST00629,PROD0108,B003,4,3403.78,0.1,3063.4,1958.08,1105.32,Cancelled
ORD018862,2026-09-02,CUST02155,PROD0060,B003,1,83.73,0.05,79.54,54.97,24.57,Cancelled
ORD018863,2026-05-16,CUST01142,PROD0030,B003,4,3813.41,0.2,3050.73,3043.57,7.16,Cancelled
ORD018869,2026-04-08,CUST01622,PROD0090,B001,1,299.16,0.15,254.28,187.21,67.07,Cancelled
ORD018870,2026-03-26,CUST00852,PROD0052,B004,1,617.89,0.15,525.2,423.98,101.22,Cancelled
ORD018878,2026-06-20,CUST01650,PROD0080,B005,1,380.26,0.05,361.25,263.73,97.52,Cancelled
ORD018880,2026-08-05,CUST02441,PROD0071,B002,5,2243.54,0.15,1907.01,1746.87,160.14,Cancelled
ORD018885,2026-08-18,CUST01212,PROD0079,B001,1,162.08,0.2,129.66,109.02,20.64,Cancelled
ORD018893,2026-06-24,CUST02028,PROD0086,B005,4,1974.7,0.15,1678.49,1499.14,179.35,Cancelled
ORD018895,2026-02-06,CUST01621,PROD0086,B002,3,1481.02,0.05,1406.97,1124.35,282.62,Cancelled
ORD018900,2026-09-18,CUST01125,PROD0051,B005,5,4190.24,0.0,4190.24,2777.86,1412.38,Cancelled
ORD018902,2026-10-31,CUST00992,PROD0035,B005,2,1085.63,0.2,868.51,814.8,53.71,Cancelled
ORD018903,2026-12-19,CUST01706,PROD0097,B004,4,6588.36,0.0,6588.36,4057.44,2530.92,Cancelled
ORD018905,2026-08-28,CUST01280,PROD0092,B005,3,293.04,0.0,293.04,186.96,106.08,Cancelled
ORD018909,2026-10-31,CUST00510,PROD0007,B001,4,178.47,0.1,160.62,133.75,26.87,Cancelled
ORD018910,2026-10-13,CUST02472,PROD0075,B003,2,2644.63,0.05,2512.4,2043.38,469.02,Cancelled
ORD018911,2026-06-23,CUST00152,PROD0053,B002,4,2079.33,0.1,1871.4,1352.72,518.68,Cancelled
ORD018912,2026-03-30,CUST00818,PROD0074,B002,3,1831.67,0.0,1831.67,1416.41,415.26,Cancelled
ORD018913,2026-02-27,CUST00494,PROD0037,B004,1,542.12,0.1,487.91,451.3,36.61,Cancelled
ORD018917,2026-03-19,CUST00049,PROD0028,B003,5,3414.47,0.1,3073.02,2144.07,928.95,Cancelled
ORD018921,2026-11-13,CUST01186,PROD0090,B002,4,1196.63,0.0,1196.63,748.86,447.77,Cancelled
ORD018924,2026-10-29,CUST01088,PROD0027,B002,3,1920.14,0.05,1824.14,1390.9,433.24,Cancelled
ORD018931,2026-06-09,CUST01622,PROD0052,B004,3,1853.66,0.1,1668.3,1271.95,396.35,Cancelled
ORD018936,2026-01-03,CUST02371,PROD0028,B003,3,2048.68,0.15,1741.38,1286.44,454.94,Cancelled
ORD018950,2026-04-24,CUST00348,PROD0082,B001,1,1958.85,0.1,1762.97,1060.23,702.74,Cancelled
ORD018963,2026-05-04,CUST01666,PROD0032,B001,1,688.73,0.1,619.86,379.05,240.81,Cancelled
ORD018966,2026-02-03,CUST00948,PROD0084,B005,1,484.7,0.2,387.76,357.84,29.92,Cancelled
ORD018970,2026-09-20,CUST00742,PROD0010,B002,2,3446.4,0.15,2929.45,2005.11,924.34,Cancelled
ORD018971,2026-04-10,CUST00175,PROD0024,B005,2,2397.98,0.0,2397.98,1315.1,1082.88,Cancelled
ORD018973,2026-02-11,CUST01244,PROD0034,B003,3,3022.97,0.1,2720.67,2010.51,710.16,Cancelled
ORD018976,2026-02-15,CUST01444,PROD0020,B001,5,3556.84,0.0,3556.84,2561.27,995.57,Cancelled
ORD018982,2026-08-01,CUST00322,PROD0067,B003,4,3392.28,0.05,3222.66,1860.45,1362.21,Cancelled
ORD018992,2026-06-05,CUST01726,PROD0055,B001,3,1303.91,0.0,1303.91,739.41,564.5,Cancelled
DUP011771,2026-02-07,CUST02229,PROD0103,B002,5,3110.75,0.0,3110.75,2432.72,678.03,Completed
DUP000857,2026-05-24,CUST01460,PROD0004,B003,4,127.44,0.0,127.44000000000005,720.17,-592.73,Completed
DUP011606,2026-08-27,CUST00240,PROD0042,B004,1,258.29,0.1,232.46000000000004,1002.78,-770.32,Completed
DUP010417,2026-03-23,CUST00007,PROD0052,B002,4,1489.78,0.0,1489.7800000000002,1708.44,-218.66,Completed
DUP013552,2026-04-07,CUST00318,PROD0023,B005,1,1199.38,0.2,959.5,741.37,218.13,Completed
DUP000451,2026-11-03,CUST00106,PROD0046,B001,3,631.23,0.2,504.98,476.39,28.59,Completed
DUP008488,2026-02-06,CUST01124,PROD0101,B004,1,608.98,0.1,548.08,433.85,114.23,Completed
DUP010338,2026-12-23,CUST01803,PROD0054,B002,3,2010.76,0.15,1709.15,2153.79,-444.64,Completed
DUP006779,2026-02-20,CUST01110,PROD0094,B002,4,408.67,0.15,347.37,440.98,-93.61,Completed
DUP008337,2026-09-16,CUST01099,PROD0049,B005,3,2714.14,0.05,2578.43,2179.35,399.08,Completed
DUP002022,2026-12-23,CUST01532,PROD0040,B003,4,2680.72,0.05,2546.68,2036.31,510.37,Completed
DUP014854,2026-06-26,CUST00046,PROD0095,B005,2,669.17,0.1,602.25,504.76,97.49,Completed
DUP007435,2026-02-21,CUST02244,PROD0094,B005,3,324.67,0.1,292.2,330.74,-38.54,Completed
DUP003609,2026-01-15,CUST02417,PROD0004,B003,4,16.32,0.1,14.690000000000055,720.17,-705.48,Completed
DUP004190,2026-10-26,CUST00223,PROD0085,B001,1,40.56,0.1,36.5,32.14,4.36,Completed
DUP004411,2026-11-06,CUST00028,PROD0023,B004,2,1222.28,0.15,1038.94,1482.75,-443.81,Completed
DUP000314,2026-02-07,CUST01665,PROD0087,B004,2,1172.79,0.05,1114.15,1553.93,-439.78,Completed
DUP013906,2026-07-13,CUST02113,PROD0110,B001,2,815.59,0.0,815.59,872.77,-57.18,Completed
DUP015611,2026-05-27,CUST01069,PROD0035,B002,2,1093.64,0.2,874.91,820.81,54.1,Completed
DUP007697,2026-04-27,CUST00505,PROD0019,B005,4,2237.92,0.1,2014.13,2088.46,-74.33,Completed
DUP014708,2026-09-07,CUST02171,PROD0113,B003,2,1252.08,0.1,1126.87,1708.92,-582.05,Completed
DUP003533,2026-01-24,CUST00578,PROD0073,B005,1,172.22,0.15,146.39,113.03,33.36,Completed
DUP016149,2026-06-28,CUST00923,PROD0066,B005,5,5475.34,0.1,4927.81,4731.77,196.04,Completed
DUP014788,2026-05-23,CUST02358,PROD0054,B002,3,2187.23,0.0,2187.23,2153.79,33.44,Completed
DUP001035,2026-04-01,CUST01960,PROD0114,B002,1,242.35,0.05,230.23000000000002,982.79,-752.56,Completed
DUP000734,2026-11-14,CUST00069,PROD0064,B001,1,871.68,0.25,653.76,662.58,-8.82,Completed
DUP003979,2026-04-01,CUST02118,PROD0100,B003,1,764.05,0.15,649.44,596.63,52.81,Completed
DUP017684,2026-03-12,CUST02008,PROD0076,B003,1,282.61,0.15,240.22,226.16,14.06,Completed
DUP002808,2026-06-19,CUST01842,PROD0049,B002,4,3845.88,0.15,3269.0,2905.81,363.19,Completed
DUP013652,2026-06-17,CUST00333,PROD0108,B002,5,3233.47,0.05,3071.8,2465.65,606.15,Completed
DUP015269,2026-11-08,CUST01439,PROD0114,B001,3,2832.32,0.05,2690.7,2948.37,-257.67,Completed
DUP011908,2026-12-24,CUST00634,PROD0061,B002,4,689.04,0.0,689.04,1187.17,-498.13,Completed
DUP003685,2026-03-14,CUST01582,PROD0041,B004,1,108.42,0.05,103.0,58.87,44.13,Completed
DUP013401,2026-02-15,CUST02196,PROD0008,B001,5,198.29,0.05,188.3800000000001,1031.19,-842.81,Completed
DUP017540,2026-02-06,CUST01469,PROD0023,B003,3,2487.02,0.1,2238.32,2224.12,14.2,Completed
DUP002519,2026-02-14,CUST02130,PROD0082,B004,5,8755.4,0.1,7879.860000000001,5340.26,2539.6,Completed
DUP003548,2026-12-18,CUST00958,PROD0049,B001,3,2714.14,0.05,2578.43,2179.35,399.08,Completed
DUP004813,2026-09-02,CUST01321,PROD0074,B001,2,1230.12,0.2,984.1,951.24,32.86,Completed
DUP015612,2026-02-02,CUST00510,PROD0008,B001,1,250.18,0.05,237.68,206.24,31.44,Completed
DUP008283,2026-09-30,CUST00802,PROD0031,B001,3,635.29,0.2,508.23,1547.42,-1039.19,Completed
DUP014276,2026-04-08,CUST00200,PROD0102,B002,4,1795.91,0.1,1616.3200000000002,1676.47,-60.15,Completed
DUP003126,2026-03-29,CUST00076,PROD0095,B004,1,334.58,0.15,284.4,252.38,32.02,Completed
DUP014265,2026-01-22,CUST01877,PROD0069,B005,2,1383.64,0.0,1383.6399999999999,1293.42,90.22,Completed
DUP005793,2026-04-03,CUST02486,PROD0068,B001,3,1785.73,0.1,1607.1599999999999,2327.13,-719.97,Completed
DUP002821,2026-07-15,CUST02244,PROD0030,B004,4,2788.91,0.05,2649.46,3066.03,-416.57,Completed
DUP002677,2026-07-22,CUST01395,PROD0051,B004,1,844.23,0.2,675.38,559.67,115.71,Completed
DUP010353,2026-03-22,CUST02367,PROD0105,B004,1,397.33,0.15,337.73,292.81,44.92,Completed
DUP009846,2026-02-27,CUST00942,PROD0005,B003,4,3495.48,0.1,3145.9300000000003,2840.43,305.5,Completed
DUP013099,2026-05-05,CUST00962,PROD0072,B001,3,262.07,0.05,248.97000000000003,923.15,-674.18,Completed
DUP012665,2026-04-29,CUST01129,PROD0058,B002,3,883.97,0.0,883.97,493.43,390.54,Completed
DUP008704,2026-08-15,CUST02361,PROD0103,B001,1,822.15,0.15,698.83,486.54,212.29,Completed
DUP006892,2026-04-07,CUST01887,PROD0043,B001,1,274.53,0.1,247.08,168.31,78.77,Completed
DUP015841,2026-01-17,CUST01521,PROD0039,B002,5,5651.05,0.25,4238.29,3892.13,346.16,Completed
DUP016935,2026-08-06,CUST01772,PROD0022,B001,1,1191.16,0.2,952.93,860.71,92.22,Completed
DUP017765,2026-10-02,CUST01100,PROD0006,B004,3,839.53,0.05,797.55,1373.34,-575.79,Completed
DUP002798,2026-01-02,CUST01697,PROD0022,B003,5,4903.18,0.05,4658.02,4303.53,354.49,Completed
DUP007345,2026-09-14,CUST00530,PROD0087,B001,2,1225.42,0.0,1225.42,1553.93,-328.51,Completed
DUP007045,2026-07-18,CUST02000,PROD0085,B004,4,162.24,0.05,154.13,128.56,25.57,Completed
DUP000323,2026-12-27,CUST01494,PROD0072,B003,3,262.07,0.05,248.97000000000003,923.15,-674.18,Completed
DUP008941,2026-09-03,CUST00240,PROD0056,B005,2,1660.03,0.0,1660.0300000000002,1992.86,-332.83,Completed
DUP013725,2026-08-23,CUST02017,PROD0063,B004,5,625.01,0.05,593.76,473.25,120.51,Completed
DUP002863,2026-10-11,CUST02366,PROD0109,B004,3,2721.07,0.1,2448.96,2756.02,-307.06,Completed
DUP016810,2026-11-09,CUST01836,PROD0017,B005,2,527.42,0.1,474.68000000000006,1190.8,-716.12,Completed
DUP013536,2026-03-04,CUST00359,PROD0116,B001,2,494.0,0.05,469.3,405.28,64.02,Completed
DUP012966,2026-05-22,CUST00415,PROD0080,B005,5,804.22,0.1,723.8,1328.38,-604.58,Completed
DUP006492,2026-11-14,CUST02156,PROD0076,B003,5,236.6,0.15,201.1099999999999,1130.78,-929.67,Completed
DUP000709,2026-07-18,CUST01634,PROD0006,B002,4,1346.4,0.15,1144.44,1831.12,-686.68,Completed
DUP005497,2026-03-31,CUST02054,PROD0037,B005,4,1184.5,0.0,1184.5,1818.52,-634.02,Completed
DUP015805,2026-10-03,CUST00172,PROD0018,B004,3,3688.58,0.15,3135.29,3029.61,105.68,Completed
DUP005658,2026-03-21,CUST01969,PROD0015,B003,2,1501.16,0.15,1275.9899999999998,1665.16,-389.17,Completed
DUP007287,2026-06-10,CUST00144,PROD0035,B001,1,546.82,0.25,410.11,410.4,-0.29,Completed
DUP016805,2026-10-02,CUST00814,PROD0046,B001,4,841.64,0.2,673.31,635.19,38.12,Completed
DUP007517,2026-07-22,CUST01803,PROD0069,B002,5,4625.76,0.25,3469.3199999999997,3233.55,235.77,Completed
DUP011800,2026-03-06,CUST01319,PROD0090,B004,1,301.36,0.15,256.16,188.6,67.56,Completed
DUP012524,2026-05-25,CUST00993,PROD0071,B002,1,452.02,0.0,452.02,351.95,100.07,Completed
DUP005447,2026-07-22,CUST01487,PROD0069,B005,2,1331.0,0.05,1264.4499999999998,1293.42,-28.97,Completed
DUP009354,2026-01-29,CUST00617,PROD0115,B003,1,357.1,0.1,321.39,433.99,-112.6,Completed
DUP005764,2026-11-24,CUST00373,PROD0019,B001,1,837.26,0.15,711.67,522.11,189.56,Completed
DUP002175,2026-01-25,CUST01839,PROD0047,B003,3,876.73,0.1,789.06,507.75,281.31,Completed
DUP016496,2026-05-16,CUST01121,PROD0112,B002,2,455.96,0.15,387.56999999999994,1278.14,-890.57,Completed
DUP002994,2026-11-04,CUST01850,PROD0055,B004,5,1078.11,0.1,970.3,1241.44,-271.14,Completed
DUP013996,2026-05-07,CUST01188,PROD0106,B004,5,2332.33,0.05,2215.71,2031.31,184.4,Completed
DUP001600,2026-08-02,CUST00130,PROD0032,B004,5,2416.43,0.05,2295.61,1909.21,386.4,Completed
DUP010969,2026-08-19,CUST00897,PROD0003,B003,2,711.85,0.05,676.26,504.47,171.79,Completed
DUP003070,2026-09-10,CUST00783,PROD0113,B005,2,1310.56,0.05,1245.0300000000002,1708.92,-463.89,Completed
DUP003074,2026-04-08,CUST00753,PROD0052,B001,1,622.45,0.25,466.83,427.11,39.72,Completed
DUP006196,2026-09-07,CUST01544,PROD0112,B005,3,1448.66,0.0,1448.6599999999999,1917.21,-468.55,Completed
DUP003998,2026-12-21,CUST00812,PROD0057,B001,5,3682.0,0.05,3497.8999999999996,3056.97,440.93,Completed
DUP014143,2026-02-02,CUST01092,PROD0055,B004,3,260.91,0.05,247.8599999999999,744.86,-497.0,Completed
DUP017597,2026-12-10,CUST00737,PROD0120,B002,5,1504.65,0.15,1278.9499999999998,1728.54,-449.59,Completed
DUP013812,2026-02-06,CUST00454,PROD0021,B001,1,796.24,0.1,716.62,483.85,232.77,Completed
DUP017038,2026-12-04,CUST02377,PROD0002,B002,2,170.44,0.1,153.4000000000001,774.92,-621.52,Completed
DUP012800,2026-07-07,CUST00740,PROD0090,B003,3,904.09,0.25,678.07,565.79,112.28,Completed
DUP012822,2026-04-21,CUST01579,PROD0006,B001,4,1411.76,0.1,1270.58,1831.12,-560.54,Completed
DUP009424,2026-02-09,CUST01655,PROD0005,B002,2,1303.29,0.0,1303.29,1420.21,-116.92,Completed
DUP004956,2026-07-22,CUST00577,PROD0087,B004,2,1172.79,0.05,1114.15,1553.93,-439.78,Completed
DUP014236,2026-08-28,CUST00029,PROD0040,B001,4,2556.87,0.15,2173.34,2036.31,137.03,Completed
DUP001555,2026-12-13,CUST01433,PROD0025,B003,5,3413.72,0.2,2730.98,2782.64,-51.66,Completed
DUP001120,2026-07-01,CUST00610,PROD0053,B005,1,523.67,0.1,471.3,340.67,130.63,Completed
DUP005419,2026-05-11,CUST02347,PROD0076,B001,5,236.6,0.15,201.1099999999999,1130.78,-929.67,Completed
DUP002517,2026-08-28,CUST02008,PROD0008,B001,3,750.55,0.2,600.45,618.72,-18.27,Completed
DUP007200,2026-07-09,CUST00797,PROD0036,B003,3,800.88,0.1,720.79,433.05,287.74,Completed
DUP003036,2026-04-18,CUST01091,PROD0106,B005,2,301.35,0.05,286.28,812.53,-526.25,Completed
DUP017042,2026-02-03,CUST01267,PROD0118,B001,2,546.21,0.25,409.66,365.86,43.8,Completed
DUP006376,2026-07-04,CUST00915,PROD0104,B002,5,6437.43,0.1,5793.69,4991.22,802.47,Completed
DUP003523,2026-01-02,CUST02286,PROD0095,B002,3,3.75,0.0,3.75,757.14,-753.39,Completed
DUP017458,2026-09-23,CUST02002,PROD0053,B002,3,571.0,0.0,571.0,1022.02,-451.02,Completed
DUP013301,2026-05-31,CUST00957,PROD0085,B001,2,81.12,0.05,77.06,64.28,12.78,Completed
DUP013124,2026-01-20,CUST01996,PROD0049,B005,1,144.48,0.1,130.02999999999997,726.45,-596.42,Completed
DUP005904,2026-08-30,CUST00973,PROD0087,B005,5,4313.55,0.2,3450.84,3884.82,-433.98,Completed
DUP008444,2026-09-04,CUST00182,PROD0064,B005,5,3181.92,0.15,2704.63,3312.92,-608.29,Completed
DUP007653,2026-06-29,CUST00177,PROD0076,B002,4,1130.45,0.15,960.88,904.62,56.26,Completed
DUP005528,2026-07-30,CUST00448,PROD0037,B004,4,851.16,0.25,638.3699999999999,1818.52,-1180.15,Completed
DUP015014,2026-08-11,CUST01798,PROD0120,B002,1,536.22,0.0,536.22,345.71,190.51,Completed
DUP016340,2026-02-03,CUST02220,PROD0083,B002,3,3675.34,0.0,3675.34,3169.71,505.63,Completed
DUP008095,2026-08-08,CUST00611,PROD0047,B001,1,292.24,0.0,292.24,169.25,122.99,Completed
DUP000170,2026-09-23,CUST01260,PROD0104,B005,5,6437.43,0.1,5793.69,4991.22,802.47,Completed
DUP004290,2026-11-10,CUST01465,PROD0033,B001,3,585.68,0.1,527.1099999999999,1083.19,-556.08,Completed
DUP006374,2026-12-15,CUST02406,PROD0013,B001,5,2134.36,0.05,2027.6399999999999,2156.16,-128.52,Completed
DUP015091,2026-09-02,CUST02080,PROD0096,B001,2,2295.53,0.05,2180.75,1949.2,231.55,Completed
DUP002586,2026-10-08,CUST01106,PROD0097,B001,3,3866.61,0.1,3479.95,3065.53,414.42,Completed
DUP003412,2026-11-06,CUST01146,PROD0001,B002,2,2477.82,0.15,2106.15,2003.29,102.86,Completed
DUP002969,2026-07-21,CUST01628,PROD0019,B002,3,1335.31,0.15,1135.0100000000002,1566.34,-431.33,Completed
DUP013568,2026-03-25,CUST00032,PROD0037,B003,5,1730.62,0.0,1730.62,2273.15,-542.53,Completed
DUP012442,2026-08-12,CUST01277,PROD0101,B005,4,1102.57,0.25,826.9300000000001,1735.4,-908.47,Completed
DUP015810,2026-01-01,CUST00500,PROD0043,B004,4,45.49,0.05,43.22000000000003,673.22,-630.0,Completed
DUP008371,2026-10-05,CUST01729,PROD0004,B004,4,127.44,0.0,127.44000000000005,720.17,-592.73,Completed
DUP013042,2026-06-29,CUST02424,PROD0098,B002,4,2713.57,0.05,2577.89,2105.94,471.95,Completed
DUP002445,2026-06-13,CUST02079,PROD0023,B002,5,4996.88,0.0,4996.88,3706.87,1290.01,Completed
DUP014605,2026-12-07,CUST02329,PROD0022,B001,1,80.06,0.1,72.04999999999995,860.71,-788.66,Completed
DUP004451,2026-04-22,CUST00520,PROD0111,B005,5,7532.02,0.1,6778.82,5214.94,1563.88,Completed
DUP002203,2026-04-23,CUST00298,PROD0003,B003,5,727.0,0.05,690.6500000000001,1261.17,-570.52,Completed
DUP015128,2026-07-28,CUST01297,PROD0118,B005,1,273.11,0.05,259.45,182.93,76.52,Completed
DUP007294,2026-10-01,CUST00148,PROD0011,B002,5,2744.36,0.2,2195.49,3097.82,-902.33,Completed
DUP007946,2026-08-25,CUST00922,PROD0104,B002,1,398.6,0.1,358.74,998.24,-639.5,Completed
DUP008130,2026-10-26,CUST01173,PROD0035,B003,1,546.82,0.15,464.8,410.4,54.4,Completed
DUP014614,2026-04-04,CUST02171,PROD0103,B001,2,591.66,0.05,562.0799999999999,973.09,-411.01,Completed
DUP005143,2026-03-05,CUST01173,PROD0058,B004,2,589.31,0.2,471.45,328.96,142.49,Completed
DUP011043,2026-01-25,CUST00733,PROD0112,B002,2,382.45,0.2,305.96000000000004,1278.14,-972.18,Completed
DUP002482,2026-12-01,CUST01585,PROD0048,B005,2,497.44,0.15,422.81999999999994,1159.74,-736.92,Completed
DUP000652,2026-07-18,CUST01189,PROD0055,B002,4,501.37,0.2,401.0999999999999,993.15,-592.05,Completed
DUP007071,2026-09-28,CUST00434,PROD0004,B004,1,281.86,0.15,239.58,180.04,59.54,Completed
DUP017117,2026-02-26,CUST01733,PROD0115,B001,4,1702.24,0.1,1532.02,1735.97,-203.95,Completed
DUP015238,2026-01-09,CUST00561,PROD0037,B001,4,1008.02,0.15,856.8199999999999,1818.52,-961.7,Completed
DUP013009,2026-09-23,CUST00909,PROD0063,B002,3,375.0,0.25,281.25,283.95,-2.7,Completed
DUP002615,2026-02-11,CUST02444,PROD0031,B003,4,1513.72,0.0,1513.7199999999998,2063.23,-549.51,Completed
DUP007975,2026-02-13,CUST01011,PROD0048,B005,3,1260.85,0.2,1008.6800000000001,1739.61,-730.93,Completed
DUP000829,2026-08-05,CUST00799,PROD0078,B005,1,508.47,0.1,457.62,540.76,-83.14,Completed
DUP008909,2026-10-20,CUST01346,PROD0029,B001,1,431.5,0.1,388.35,250.46,137.89,Completed
DUP017040,2026-10-26,CUST00325,PROD0056,B004,2,1660.03,0.0,1660.0300000000002,1992.86,-332.83,Completed
DUP004448,2026-09-27,CUST01975,PROD0009,B001,3,902.42,0.15,767.06,552.63,214.43,Completed
DUP003849,2026-06-10,CUST01253,PROD0032,B001,5,2292.59,0.15,1948.6999999999998,1909.21,39.49,Completed
DUP017704,2026-06-08,CUST01892,PROD0069,B002,3,2242.12,0.25,1681.5900000000001,1940.13,-258.54,Completed
DUP000658,2026-06-05,CUST01576,PROD0010,B003,2,979.67,0.15,832.72,2019.9,-1187.18,Completed
DUP012788,2026-02-28,CUST00804,PROD0011,B002,2,264.41,0.25,198.30999999999995,1239.13,-1040.82,Completed
DUP000972,2026-05-24,CUST00108,PROD0048,B003,2,562.79,0.1,506.51,1159.74,-653.23,Completed
DUP009164,2026-05-14,CUST02151,PROD0051,B003,1,844.23,0.0,844.23,559.67,284.56,Completed
DUP002642,2026-05-07,CUST01629,PROD0119,B003,4,1144.64,0.1,1030.18,1636.7,-606.52,Completed
DUP003001,2026-06-12,CUST01339,PROD0113,B002,4,3549.92,0.15,3017.43,3417.85,-400.42,Completed
DUP003563,2026-02-15,CUST02438,PROD0031,B001,4,1461.08,0.05,1388.0300000000002,2063.23,-675.2,Completed
DUP015566,2026-05-30,CUST02256,PROD0045,B001,3,1589.8,0.2,1271.8400000000001,2025.26,-753.42,Completed
DUP015865,2026-03-09,CUST00384,PROD0015,B001,5,5641.47,0.05,5359.4,4162.9,1196.5,Completed
DUP003015,2026-10-10,CUST00915,PROD0044,B001,4,2946.06,0.15,2504.15,2289.02,215.13,Completed
DUP002702,2026-04-13,CUST01144,PROD0068,B005,3,1896.84,0.0,1896.8400000000001,2327.13,-430.29,Completed
DUP016454,2026-11-24,CUST02466,PROD0035,B001,5,1622.99,0.1,1460.69,2052.02,-591.33,Completed
DUP004763,2026-01-03,CUST01717,PROD0049,B003,2,1334.71,0.15,1134.5,1452.9,-318.4,Completed
DUP013516,2026-01-19,CUST01872,PROD0117,B002,1,727.57,0.0,727.57,448.57,279.0,Completed
DUP003430,2026-01-17,CUST02069,PROD0070,B002,3,566.76,0.0,566.76,388.88,177.88,Completed
DUP001028,2026-05-26,CUST02312,PROD0076,B005,1,282.61,0.15,240.22,226.16,14.06,Completed
DUP008658,2026-12-04,CUST02339,PROD0097,B005,2,2318.48,0.0,2318.48,2043.68,274.8,Completed
DUP017233,2026-05-19,CUST01542,PROD0048,B001,1,836.95,0.05,795.1,579.87,215.23,Completed
DUP011530,2026-01-27,CUST02022,PROD0062,B002,3,950.81,0.1,855.73,1635.68,-779.95,Completed
DUP010221,2026-10-21,CUST02500,PROD0024,B001,3,2570.87,0.05,2442.33,1987.21,455.12,Completed
DUP012676,2026-01-29,CUST02286,PROD0097,B002,2,2142.01,0.15,1820.71,2043.68,-222.97,Completed
DUP005461,2026-10-21,CUST00111,PROD0006,B003,5,2153.59,0.0,2153.59,2288.9,-135.31,Completed
DUP013470,2026-05-06,CUST02302,PROD0094,B002,4,735.92,0.15,625.53,440.98,184.55,Completed
DUP013336,2026-01-31,CUST01975,PROD0020,B005,4,1616.46,0.2,1293.17,2064.13,-770.96,Completed
DUP008627,2026-06-01,CUST01969,PROD0019,B005,5,3133.66,0.05,2976.98,2610.57,366.41,Completed
DUP005816,2026-08-10,CUST02033,PROD0012,B005,3,366.35,0.2,293.08,247.52,45.56,Completed
DUP003078,2026-08-15,CUST02455,PROD0109,B001,2,1443.68,0.1,1299.31,1837.35,-538.04,Completed
DUP002052,2026-01-31,CUST00849,PROD0082,B003,1,920.67,0.05,874.6400000000001,1068.05,-193.41,Completed
DUP012572,2026-07-15,CUST01966,PROD0036,B002,1,266.96,0.05,253.61,144.35,109.26,Completed
DUP004741,2026-04-30,CUST02267,PROD0021,B001,3,1212.27,0.15,1030.43,1451.56,-421.13,Completed
ORD012383,2026-07-18,CUST01042,PROD0085,B004,1,34.72,0.15,29.52,34.11,-4.59,Completed
ORD012383,2026-07-18,CUST01042,PROD0085,B004,1,34.72,0.15,29.52,34.11,-4.59,Completed
ORD012383,2026-07-18,CUST01042,PROD0085,B004,1,34.72,0.15,29.52,34.11,-4.59,Completed
ORD012383,2026-07-18,CUST01042,PROD0085,B004,1,34.72,0.15,29.52,34.11,-4.59,Completed
ORD012383,2026-07-18,CUST01042,PROD0085,B004,1,34.72,0.15,29.52,34.11,-4.59,Completed
ORD012383,2026-07-18,CUST01042,PROD0085,B004,1,34.72,0.15,29.52,34.11,-4.59,Completed
ORD012383,2026-07-18,CUST01042,PROD0085,B004,1,34.72,0.15,29.52,34.11,-4.59,Completed
ORD012383,2026-07-18,CUST01042,PROD0085,B004,1,34.72,0.15,29.52,34.11,-4.59,Completed
ORD012383,2026-07-18,CUST01042,PROD0085,B004,1,34.72,0.15,29.52,34.11,-4.59,Completed
ORD012383,2026-07-18,CUST01042,PROD0085,B004,1,34.72,0.15,29.52,34.11,-4.59,Completed
ORD012383,2026-07-18,CUST01042,PROD0085,B004,1,34.72,0.15,29.52,34.11,-4.59,Completed
ORD012383,2026-07-18,CUST01042,PROD0085,B004,1,34.72,0.15,29.52,34.11,-4.59,Completed
ORD012383,2026-07-18,CUST01042,PROD0085,B004,1,34.72,0.15,29.52,34.11,-4.59,Completed
ORD012383,2026-07-18,CUST01042,PROD0085,B004,1,34.72,0.15,29.52,34.11,-4.59,Completed
ORD012383,2026-07-18,CUST01042,PROD0085,B004,1,34.72,0.15,29.52,34.11,-4.59,Completed
ORD012383,2026-07-18,CUST01042,PROD0085,B004,1,34.72,0.15,29.52,34.11,-4.59,Completed
ORD012383,2026-07-18,CUST01042,PROD0085,B004,1,34.72,0.15,29.52,34.11,-4.59,Completed
