OrderID,OrderDate,CustomerID,ProductID,BranchID,Quantity,GrossSales,DiscountPct,Amount,Cost,Profit,OrderStatus
ORD000001,2025-12-01,CUST02309,PROD0106,B003,1,718.58,0.0,718.58,431.22,287.36,Completed
ORD000002,2025-06-20,CUST00446,PROD0081,B001,4,532.43,0.2,425.95,396.43,29.52,Completed
ORD000007,2025-11-29,CUST01297,PROD0059,B002,4,3900.0,0.15,3315.0,2466.85,848.15,Completed
ORD000013,2025-07-04,CUST01276,PROD0017,B002,2,1739.19,0.1,1565.27,1263.96,301.31,Completed
ORD000017,2025-10-05,CUST01040,PROD0010,B001,3,5527.66,0.1,4974.9,3215.99,1758.91,Completed
ORD000018,2025-02-24,CUST01185,PROD0057,B003,1,1005.1,0.2,804.08,648.95,155.13,Completed
ORD000023,2025-10-29,CUST00738,PROD0031,B004,1,667.03,0.1,600.33,547.49,52.84,Completed
ORD000024,2025-03-22,CUST02465,PROD0067,B003,4,3627.23,0.15,3083.15,1989.31,1093.84,Completed
ORD000028,2025-11-23,CUST02090,PROD0073,B001,5,914.01,0.0,914.01,599.86,314.15,Completed
ORD000029,2025-01-28,CUST02212,PROD0012,B001,5,648.08,0.05,615.68,437.87,177.81,Completed
ORD000031,2025-06-16,CUST01878,PROD0110,B001,4,3186.86,0.1,2868.17,1852.77,1015.4,Completed
ORD000035,2025-09-27,CUST00036,PROD0037,B002,3,1739.02,0.05,1652.07,1447.68,204.39,Completed
ORD000040,2025-08-15,CUST02071,PROD0118,B002,3,869.65,0.15,739.2,582.5,156.7,Completed
ORD000041,2025-01-13,CUST00659,PROD0051,B004,2,1792.18,0.05,1702.58,1188.1,514.48,Completed
ORD000050,2025-10-19,CUST00889,PROD0118,B003,4,1159.53,0.2,927.63,776.67,150.96,Completed
ORD000055,2025-10-02,CUST01785,PROD0031,B005,2,1334.07,0.0,1334.07,1094.99,239.08,Completed
ORD000059,2025-06-24,CUST01970,PROD0098,B004,4,3997.57,0.2,3198.06,2235.32,962.74,Completed
ORD000062,2025-12-19,CUST02301,PROD0028,B001,4,2920.77,0.0,2920.77,1834.06,1086.71,Completed
ORD000069,2025-10-07,CUST00785,PROD0062,B002,4,2918.12,0.05,2772.22,2314.89,457.33,Completed
ORD000070,2025-12-19,CUST01355,PROD0091,B003,5,2068.37,0.15,1758.12,1576.45,181.67,Completed
ORD000072,2025-05-10,CUST01080,PROD0086,B002,5,2639.34,0.1,2375.41,2003.71,371.7,Completed
ORD000085,2025-01-16,CUST00451,PROD0078,B003,2,1057.88,0.1,952.1,1147.95,-195.85,Completed
ORD000089,2025-04-08,CUST00591,PROD0047,B002,2,620.39,0.0,620.39,359.3,261.09,Completed
ORD000097,2025-08-20,CUST00589,PROD0108,B005,5,4549.41,0.15,3867.0,2617.12,1249.88,Completed
ORD000099,2025-08-14,CUST00595,PROD0108,B004,3,2729.65,0.1,2456.68,1570.27,886.41,Completed
ORD000108,2025-01-23,CUST00306,PROD0117,B001,2,1544.53,0.1,1390.08,952.25,437.83,Completed
ORD000112,2025-09-22,CUST01377,PROD0120,B004,4,2276.66,0.15,1935.16,1467.78,467.38,Completed
ORD000118,2025-09-25,CUST01690,PROD0057,B001,1,1005.1,0.15,854.34,648.95,205.39,Completed
ORD000119,2025-12-26,CUST01811,PROD0063,B001,2,265.36,0.25,199.02,200.93,-1.91,Completed
ORD000120,2025-10-25,CUST00607,PROD0120,B001,5,2845.83,0.0,2845.83,1834.73,1011.1,Completed
ORD000131,2025-08-10,CUST00805,PROD0090,B004,5,1599.39,0.0,1599.39,1000.91,598.48,Completed
ORD000135,2025-01-18,CUST02347,PROD0078,B003,5,4659.77,0.0,4659.77,2869.89,1789.88,Completed
ORD000151,2025-12-12,CUST00870,PROD0040,B002,2,1981.35,0.2,1585.08,1080.7,504.38,Completed
ORD000154,2025-09-03,CUST01197,PROD0021,B003,5,4225.8,0.25,3169.35,2567.89,601.46,Completed
ORD000161,2025-06-13,CUST00842,PROD0093,B004,2,1732.71,0.1,1559.43,1271.34,288.09,Completed
ORD000164,2025-12-25,CUST00124,PROD0023,B001,2,2546.11,0.05,2418.81,1573.84,844.97,Completed
ORD000165,2025-07-21,CUST00565,PROD0003,B004,2,755.58,0.0,755.58,535.46,220.12,Completed
ORD000167,2025-06-20,CUST00278,PROD0111,B001,2,3669.64,0.05,3486.16,2214.12,1272.04,Completed
ORD000168,2025-02-13,CUST01207,PROD0024,B005,2,2564.07,0.1,2307.66,1406.19,901.47,Completed
ORD000169,2025-03-07,CUST02474,PROD0076,B001,5,1499.88,0.1,1349.89,1200.24,149.65,Completed
ORD000171,2025-01-11,CUST00682,PROD0082,B003,1,2094.53,0.05,1989.8,1133.66,856.14,Completed
ORD000172,2025-04-12,CUST01774,PROD0066,B003,2,2796.43,0.0,2796.43,2008.98,787.45,Completed
ORD000175,2025-08-15,CUST02495,PROD0079,B005,2,346.61,0.25,259.95,233.14,26.81,Completed
ORD000176,2025-05-05,CUST02171,PROD0115,B002,4,2986.19,0.0,2986.19,1842.61,1143.58,Completed
ORD000177,2025-12-31,CUST01712,PROD0017,B002,5,4347.97,0.05,4130.57,3159.89,970.68,Completed
ORD000182,2025-05-18,CUST01448,PROD0049,B003,2,2665.44,0.1,2398.9,1542.16,856.74,Completed
ORD000183,2025-09-21,CUST02352,PROD0047,B002,1,310.2,0.05,294.68,179.65,115.03,Completed
ORD000185,2025-03-18,CUST00687,PROD0054,B003,2,2255.35,0.1,2029.82,1524.07,505.75,Completed
ORD000186,2025-10-25,CUST01006,PROD0036,B001,5,1416.8,0.15,1204.28,766.09,438.19,Completed
ORD000192,2025-08-16,CUST01939,PROD0090,B001,2,639.76,0.15,543.79,400.36,143.43,Completed
ORD000193,2025-12-04,CUST00314,PROD0039,B001,1,1482.69,0.1,1334.42,826.25,508.17,Completed
ORD000199,2025-03-21,CUST01702,PROD0069,B002,5,6325.17,0.0,6325.17,3432.19,2892.98,Completed
ORD000202,2025-10-12,CUST02500,PROD0077,B001,5,1520.11,0.1,1368.1,1230.26,137.84,Completed
ORD000213,2025-07-09,CUST00628,PROD0033,B003,4,2401.36,0.05,2281.3,1532.97,748.33,Completed
ORD000218,2025-12-19,CUST02452,PROD0106,B001,5,3592.9,0.2,2874.32,2156.1,718.22,Completed
ORD000220,2025-11-10,CUST00398,PROD0085,B002,3,129.15,0.05,122.7,102.34,20.36,Completed
ORD000230,2025-06-17,CUST01658,PROD0063,B004,4,349.07,0.0,349.07,401.86,-52.79,Completed
ORD000232,2025-08-08,CUST01008,PROD0098,B001,4,3997.57,0.05,3797.69,2235.32,1562.37,Completed
ORD000233,2025-02-15,CUST01816,PROD0117,B001,1,772.26,0.1,695.04,476.12,218.92,Completed
ORD000236,2025-07-08,CUST01523,PROD0040,B002,3,2972.02,0.1,2674.82,1621.06,1053.76,Completed
ORD000250,2025-11-13,CUST01454,PROD0050,B002,2,2198.28,0.2,1758.62,1268.54,490.08,Completed
ORD000254,2025-03-22,CUST01609,PROD0109,B004,5,6779.33,0.1,6101.4,4875.55,1225.85,Completed
ORD000256,2025-06-16,CUST01127,PROD0027,B001,5,3421.89,0.1,3079.7,2478.73,600.97,Completed
ORD000258,2025-06-13,CUST02341,PROD0041,B001,1,115.08,0.1,103.57,62.49,41.08,Completed
ORD000260,2025-01-09,CUST00768,PROD0068,B002,2,2049.87,0.1,1844.88,1646.73,198.15,Completed
ORD000261,2025-03-20,CUST00105,PROD0070,B002,1,200.52,0.2,160.42,137.59,22.83,Completed
ORD000272,2025-12-26,CUST00830,PROD0106,B004,5,3592.9,0.2,2874.32,2156.1,718.22,Completed
ORD000273,2025-07-03,CUST00118,PROD0114,B001,5,6872.68,0.05,6529.04,5215.83,1313.21,Completed
ORD000275,2025-02-10,CUST00963,PROD0067,B001,2,1813.62,0.0,1813.62,994.65,818.97,Completed
ORD000276,2025-09-11,CUST02166,PROD0015,B001,4,5684.27,0.2,4547.41,3534.91,1012.5,Completed
ORD000277,2025-02-14,CUST01432,PROD0038,B003,2,119.86,0.0,119.86,81.42,38.44,Completed
ORD000278,2025-09-22,CUST01688,PROD0020,B005,1,760.64,0.1,684.58,547.73,136.85,Completed
ORD000280,2025-03-04,CUST00431,PROD0084,B001,2,1036.54,0.0,1036.54,765.25,271.29,Completed
ORD000289,2025-07-04,CUST00270,PROD0048,B002,4,3553.47,0.0,3553.47,2461.98,1091.49,Completed
ORD000290,2025-04-05,CUST00734,PROD0117,B002,5,3861.32,0.1,3475.19,2380.62,1094.57,Completed
ORD000300,2025-12-04,CUST00757,PROD0040,B005,1,990.67,0.05,941.14,540.35,400.79,Completed
ORD000302,2025-03-21,CUST01522,PROD0061,B002,4,1792.8,0.2,1434.24,1260.1,174.14,Completed
ORD000304,2025-05-02,CUST00604,PROD0078,B001,5,4659.77,0.1,4193.8,2869.89,1323.91,Completed
ORD000313,2025-12-20,CUST00403,PROD0054,B002,2,2255.35,0.15,1917.05,1524.07,392.98,Completed
ORD000316,2025-04-30,CUST00174,PROD0046,B004,4,893.34,0.15,759.34,674.21,85.13,Completed
ORD000317,2025-12-29,CUST00510,PROD0092,B005,3,313.33,0.15,266.33,199.91,66.42,Completed
ORD000324,2025-09-23,CUST01804,PROD0089,B001,3,1030.0,0.05,978.5,676.76,301.74,Completed
ORD000341,2025-12-15,CUST00677,PROD0058,B004,3,938.27,0.1,844.44,523.75,320.69,Completed
ORD000343,2025-04-19,CUST00437,PROD0108,B005,4,3639.53,0.0,3639.53,2093.7,1545.83,Completed
ORD000344,2025-02-13,CUST01615,PROD0003,B001,1,377.79,0.15,321.12,267.73,53.39,Completed
ORD000346,2025-12-17,CUST02025,PROD0039,B004,3,4448.07,0.1,4003.26,2478.74,1524.52,Completed
ORD000353,2025-08-26,CUST00809,PROD0101,B005,2,1292.78,0.25,969.58,921.0,48.58,Completed
ORD000356,2025-07-03,CUST00907,PROD0064,B001,3,2775.68,0.15,2359.33,2109.86,249.47,Completed
ORD000358,2025-02-23,CUST00818,PROD0088,B001,2,897.74,0.0,897.74,579.21,318.53,Completed
ORD000360,2025-04-13,CUST00624,PROD0035,B002,3,1741.24,0.05,1654.18,1306.85,347.33,Completed
ORD000361,2025-09-11,CUST02289,PROD0103,B002,1,872.66,0.25,654.49,516.43,138.06,Completed
ORD000366,2025-05-26,CUST00726,PROD0070,B005,4,802.1,0.15,681.78,550.37,131.41,Completed
ORD000367,2025-06-27,CUST01137,PROD0017,B002,5,4347.97,0.05,4130.57,3159.89,970.68,Completed
ORD000376,2025-11-13,CUST02377,PROD0054,B003,1,1127.68,0.1,1014.91,762.03,252.88,Completed
ORD000379,2025-07-14,CUST01035,PROD0005,B003,3,3667.18,0.1,3300.47,2261.19,1039.28,Completed
ORD000382,2025-05-23,CUST01773,PROD0036,B001,3,850.08,0.05,807.58,459.65,347.93,Completed
ORD000383,2025-11-04,CUST01630,PROD0111,B003,5,9174.1,0.1,8256.69,5535.31,2721.38,Completed
ORD000386,2025-06-16,CUST01520,PROD0106,B004,4,2874.32,0.0,2874.32,1724.88,1149.44,Completed
ORD000389,2025-09-03,CUST01779,PROD0013,B001,1,676.55,0.1,608.9,457.72,151.18,Completed
ORD000390,2025-04-02,CUST01993,PROD0015,B004,1,1421.07,0.15,1207.91,883.73,324.18,Completed
ORD000395,2025-12-26,CUST00039,PROD0063,B003,1,132.68,0.05,126.05,100.47,25.58,Completed
ORD000401,2025-05-03,CUST00038,PROD0100,B001,4,2377.82,0.15,2021.15,2533.12,-511.97,Completed
ORD000408,2025-03-15,CUST01716,PROD0116,B001,3,786.52,0.2,629.22,645.27,-16.05,Completed
ORD000419,2025-06-09,CUST01234,PROD0090,B001,1,319.88,0.0,319.88,200.18,119.7,Completed
ORD000422,2025-06-19,CUST01866,PROD0100,B004,1,810.99,0.05,770.44,633.28,137.16,Completed
ORD000428,2025-10-06,CUST00286,PROD0021,B004,1,845.16,0.1,760.64,513.58,247.06,Completed
ORD000429,2025-07-02,CUST02269,PROD0073,B003,3,548.4,0.1,493.57,359.92,133.65,Completed
ORD000431,2025-04-04,CUST01818,PROD0041,B004,4,460.31,0.0,460.31,249.96,210.35,Completed
ORD000441,2025-04-08,CUST02223,PROD0013,B005,5,3382.77,0.0,3382.77,2288.62,1094.15,Completed
ORD000446,2025-12-09,CUST00831,PROD0070,B004,3,601.57,0.0,601.57,412.77,188.8,Completed
ORD000447,2025-11-11,CUST00488,PROD0026,B003,3,1180.52,0.0,1180.52,852.89,327.63,Completed
ORD000453,2025-05-09,CUST02119,PROD0065,B001,4,5405.34,0.0,5405.34,4044.87,1360.47,Completed
ORD000457,2025-06-29,CUST00335,PROD0093,B005,3,2599.06,0.1,2339.15,1907.02,432.13,Completed
ORD000459,2025-05-18,CUST01943,PROD0106,B005,2,1437.16,0.1,1293.45,862.44,431.01,Completed
ORD000464,2025-03-18,CUST00985,PROD0069,B003,5,6325.17,0.15,5376.4,3432.19,1944.21,Completed
ORD000467,2025-09-02,CUST01631,PROD0093,B002,2,1732.71,0.1,1559.43,1271.34,288.09,Completed
ORD000469,2025-07-25,CUST00189,PROD0011,B003,2,1695.9,0.0,1695.9,1315.25,380.65,Completed
ORD000475,2025-08-30,CUST01349,PROD0017,B004,4,3478.37,0.15,2956.62,2527.92,428.7,Completed
ORD000478,2025-10-01,CUST02270,PROD0056,B003,1,1411.72,0.1,1270.55,1057.64,212.91,Completed
ORD000483,2025-10-24,CUST01566,PROD0021,B001,4,3380.64,0.0,3380.64,2054.31,1326.33,Completed
ORD000493,2025-03-07,CUST00564,PROD0093,B001,2,1732.71,0.0,1732.71,1271.34,461.37,Completed
ORD000499,2025-02-03,CUST00895,PROD0079,B001,1,173.3,0.05,164.64,116.57,48.07,Completed
ORD000513,2025-07-25,CUST00659,PROD0036,B002,5,1416.8,0.25,1062.6,766.09,296.51,Completed
ORD000516,2025-07-24,CUST01626,PROD0083,B004,4,6616.75,0.2,5293.4,4485.91,807.49,Completed
ORD000518,2025-11-19,CUST00708,PROD0113,B002,2,2508.37,0.1,2257.53,1813.91,443.62,Completed
ORD000521,2025-04-13,CUST01631,PROD0102,B003,4,3085.61,0.05,2931.33,1779.46,1151.87,Completed
ORD000526,2025-08-23,CUST01821,PROD0011,B004,1,847.95,0.15,720.76,657.62,63.14,Completed
ORD000533,2025-12-31,CUST01497,PROD0076,B001,2,599.95,0.1,539.96,480.1,59.86,Completed
ORD000540,2025-04-06,CUST00444,PROD0003,B001,1,377.79,0.0,377.79,267.73,110.06,Completed
ORD000546,2025-10-26,CUST02096,PROD0045,B001,1,1004.75,0.0,1004.75,716.56,288.19,Completed
ORD000549,2025-11-28,CUST01642,PROD0079,B004,3,519.91,0.15,441.92,349.71,92.21,Completed
ORD000559,2025-01-09,CUST01767,PROD0043,B002,4,1165.59,0.05,1107.31,714.58,392.73,Completed
ORD000560,2025-05-27,CUST00947,PROD0029,B005,2,916.01,0.1,824.41,531.7,292.71,Completed
ORD000562,2025-04-25,CUST00625,PROD0009,B002,1,319.28,0.1,287.36,195.53,91.83,Completed
ORD000565,2025-11-08,CUST02264,PROD0120,B005,2,1138.33,0.05,1081.42,733.89,347.53,Completed
ORD000567,2025-11-28,CUST01723,PROD0089,B004,4,1373.33,0.15,1167.33,902.35,264.98,Completed
ORD000578,2025-07-03,CUST00334,PROD0024,B003,1,1282.03,0.15,1089.73,703.09,386.64,Completed
ORD000581,2025-02-05,CUST01811,PROD0015,B005,1,1421.07,0.15,1207.91,883.73,324.18,Completed
ORD000585,2025-10-06,CUST01320,PROD0075,B003,3,4241.7,0.0,4241.7,3277.37,964.33,Completed
ORD000590,2025-04-20,CUST02278,PROD0084,B004,5,2591.35,0.05,2461.78,1913.12,548.66,Completed
ORD000594,2025-12-26,CUST01810,PROD0012,B003,1,129.62,0.05,123.14,87.57,35.57,Completed
ORD000595,2025-11-07,CUST01848,PROD0020,B004,4,3042.55,0.1,2738.3,2190.93,547.37,Completed
ORD000597,2025-12-11,CUST02166,PROD0094,B002,1,195.28,0.25,146.46,117.02,29.44,Completed
ORD000598,2025-06-06,CUST01422,PROD0082,B001,1,2094.53,0.15,1780.35,1133.66,646.69,Completed
ORD000601,2025-12-09,CUST02222,PROD0089,B001,1,343.33,0.0,343.33,225.59,117.74,Completed
ORD000602,2025-08-20,CUST02478,PROD0033,B001,4,2401.36,0.2,1921.09,1532.97,388.12,Completed
ORD000603,2025-08-29,CUST00402,PROD0070,B004,1,200.52,0.1,180.47,137.59,42.88,Completed
ORD000605,2025-05-06,CUST00818,PROD0009,B003,3,957.85,0.15,814.18,586.58,227.6,Completed
ORD000615,2025-12-21,CUST00617,PROD0023,B005,4,5092.22,0.05,4837.62,3147.68,1689.94,Completed
ORD000616,2025-01-26,CUST02115,PROD0009,B001,1,319.28,0.15,271.39,195.53,75.86,Completed
ORD000617,2025-03-28,CUST00700,PROD0114,B005,2,2749.07,0.2,2199.26,2086.33,112.93,Completed
ORD000622,2025-01-03,CUST02246,PROD0091,B003,1,413.67,0.15,351.63,315.29,36.34,Completed
ORD000623,2025-02-16,CUST01516,PROD0033,B002,2,1200.68,0.1,1080.62,766.49,314.13,Completed
ORD000624,2025-07-01,CUST01895,PROD0113,B005,1,1254.18,0.2,1003.35,906.95,96.4,Completed
ORD000628,2025-10-09,CUST02009,PROD0037,B005,4,2318.69,0.05,2202.76,1930.23,272.53,Completed
ORD000637,2025-05-01,CUST01750,PROD0046,B003,4,893.34,0.2,714.67,674.21,40.46,Completed
ORD000655,2025-03-24,CUST01558,PROD0036,B005,1,283.36,0.1,255.03,153.22,101.81,Completed
ORD000657,2025-02-15,CUST00394,PROD0052,B001,4,2642.73,0.05,2510.6,1813.4,697.2,Completed
ORD000663,2025-03-03,CUST01991,PROD0026,B001,4,1574.03,0.0,1574.03,1137.19,436.84,Completed
ORD000667,2025-02-07,CUST01730,PROD0014,B001,3,4142.63,0.15,3521.24,2371.81,1149.43,Completed
ORD000671,2025-09-17,CUST01608,PROD0097,B004,2,3522.34,0.15,2993.99,2169.23,824.76,Completed
ORD000673,2025-05-01,CUST02443,PROD0110,B003,3,2390.14,0.1,2151.13,1389.57,761.56,Completed
ORD000675,2025-11-22,CUST00961,PROD0009,B003,2,638.57,0.15,542.79,391.05,151.74,Completed
ORD000677,2025-11-16,CUST02116,PROD0029,B002,4,1832.02,0.15,1557.22,1063.4,493.82,Completed
ORD000679,2025-03-22,CUST00476,PROD0118,B003,5,1449.42,0.1,1304.48,970.84,333.64,Completed
ORD000688,2025-06-22,CUST02435,PROD0096,B002,5,8884.61,0.0,8884.61,5172.37,3712.24,Completed
ORD000698,2025-04-08,CUST00876,PROD0015,B001,3,4263.2,0.0,4263.2,2651.18,1612.02,Completed
ORD000708,2025-05-30,CUST01850,PROD0051,B004,5,4480.46,0.05,4256.44,2970.26,1286.18,Completed
ORD000710,2025-05-18,CUST01978,PROD0020,B002,3,2281.92,0.05,2167.82,1643.2,524.62,Completed
ORD000711,2025-01-13,CUST00423,PROD0027,B001,3,2053.13,0.05,1950.48,1487.24,463.24,Completed
ORD000713,2025-11-22,CUST01743,PROD0033,B003,1,600.34,0.2,480.27,383.24,97.03,Completed
ORD000714,2025-10-29,CUST01409,PROD0106,B001,5,3592.9,0.15,3053.97,2156.1,897.87,Completed
ORD000716,2025-05-21,CUST01935,PROD0093,B004,5,4331.76,0.15,3682.0,3178.36,503.64,Completed
ORD000717,2025-11-09,CUST02226,PROD0101,B003,4,2585.55,0.0,2585.55,1842.01,743.54,Completed
ORD000725,2025-10-27,CUST02414,PROD0006,B001,2,1338.93,0.05,1271.98,971.81,300.17,Completed
ORD000730,2025-12-20,CUST02254,PROD0011,B003,1,847.95,0.2,678.36,657.62,20.74,Completed
ORD000731,2025-02-11,CUST01137,PROD0090,B004,1,319.88,0.0,319.88,200.18,119.7,Completed
ORD000735,2025-03-19,CUST02450,PROD0061,B002,5,2241.0,0.0,2241.0,1575.12,665.88,Completed
ORD000739,2025-07-03,CUST01847,PROD0097,B005,2,3522.34,0.15,2993.99,2169.23,824.76,Completed
ORD000753,2025-04-18,CUST01923,PROD0060,B003,1,89.53,0.1,80.57,58.78,21.79,Completed
ORD000757,2025-04-10,CUST00369,PROD0053,B005,3,1667.51,0.15,1417.39,1084.81,332.58,Completed
ORD000758,2025-05-03,CUST01329,PROD0008,B004,3,796.66,0.1,716.99,656.72,60.27,Completed
ORD000760,2025-08-10,CUST00017,PROD0078,B005,3,2795.86,0.05,2656.07,1721.93,934.14,Completed
ORD000763,2025-08-30,CUST01056,PROD0119,B002,3,1795.75,0.0,1795.75,1302.93,492.82,Completed
ORD000764,2025-09-15,CUST00582,PROD0059,B004,5,4875.0,0.1,4387.5,3083.56,1303.94,Completed
ORD000768,2025-12-09,CUST01447,PROD0101,B004,1,646.39,0.2,517.11,460.5,56.61,Completed
ORD000769,2025-12-23,CUST02387,PROD0104,B001,1,1132.13,0.1,1018.92,1059.57,-40.65,Completed
ORD000773,2025-03-07,CUST01624,PROD0023,B002,1,1273.06,0.0,1273.06,786.92,486.14,Completed
ORD000780,2025-10-08,CUST00860,PROD0042,B001,3,4360.58,0.1,3924.52,3193.16,731.36,Completed
ORD000793,2025-01-20,CUST01528,PROD0043,B003,4,1165.59,0.1,1049.03,714.58,334.45,Completed
ORD000797,2025-07-07,CUST00895,PROD0082,B005,3,6283.58,0.0,6283.58,3400.99,2882.59,Completed
ORD000800,2025-12-16,CUST00215,PROD0007,B001,4,190.83,0.2,152.66,143.01,9.65,Completed
ORD000805,2025-07-28,CUST01650,PROD0091,B005,5,2068.37,0.1,1861.54,1576.45,285.09,Completed
ORD000820,2025-08-16,CUST01926,PROD0087,B005,2,2362.13,0.05,2244.02,1649.39,594.63,Completed
ORD000831,2025-01-22,CUST00035,PROD0098,B005,4,3997.57,0.1,3597.81,2235.32,1362.49,Completed
ORD000832,2025-04-20,CUST00529,PROD0063,B004,2,265.36,0.0,265.36,200.93,64.43,Completed
ORD000833,2025-12-13,CUST01488,PROD0020,B003,2,1521.28,0.05,1445.21,1095.47,349.74,Completed
ORD000838,2025-08-04,CUST00336,PROD0077,B001,3,912.07,0.0,912.07,738.16,173.91,Completed
ORD000844,2025-02-25,CUST02018,PROD0075,B001,2,2827.8,0.1,2545.02,2184.91,360.11,Completed
ORD000845,2025-08-12,CUST01432,PROD0021,B001,3,2535.48,0.25,1901.61,1540.73,360.88,Completed
ORD000849,2025-01-31,CUST00687,PROD0053,B002,2,1111.68,0.1,1000.51,723.21,277.3,Completed
ORD000854,2025-12-22,CUST01256,PROD0087,B003,3,3543.19,0.1,3188.87,2474.09,714.78,Completed
ORD000858,2025-03-07,CUST01746,PROD0081,B004,4,532.43,0.2,425.95,396.43,29.52,Completed
ORD000859,2025-01-18,CUST01682,PROD0057,B002,4,4020.4,0.0,4020.4,2595.81,1424.59,Completed
ORD000868,2025-09-07,CUST00553,PROD0076,B003,5,1499.88,0.05,1424.88,1200.24,224.64,Completed
ORD000872,2025-07-15,CUST02442,PROD0049,B003,1,1332.72,0.0,1332.72,771.08,561.64,Completed
ORD000880,2025-05-26,CUST02462,PROD0013,B003,3,2029.66,0.2,1623.73,1373.17,250.56,Completed
ORD000881,2025-04-18,CUST02465,PROD0002,B004,1,680.14,0.05,646.13,411.26,234.87,Completed
ORD000883,2025-12-20,CUST01039,PROD0046,B002,5,1116.68,0.05,1060.84,842.77,218.07,Completed
ORD000888,2025-10-22,CUST01443,PROD0076,B001,4,1199.9,0.1,1079.91,960.2,119.71,Completed
ORD000891,2025-10-26,CUST00635,PROD0011,B001,2,1695.9,0.05,1611.1,1315.25,295.85,Completed
ORD000895,2025-03-16,CUST02479,PROD0021,B003,4,3380.64,0.0,3380.64,2054.31,1326.33,Completed
ORD000899,2025-02-11,CUST02410,PROD0068,B005,3,3074.8,0.25,2306.1,2470.09,-163.99,Completed
ORD000902,2025-09-10,CUST00922,PROD0049,B001,1,1332.72,0.1,1199.45,771.08,428.37,Completed
ORD000904,2025-05-03,CUST02076,PROD0081,B001,2,266.21,0.0,266.21,198.21,68.0,Completed
ORD000905,2025-04-23,CUST01321,PROD0006,B003,5,3347.32,0.1,3012.59,2429.52,583.07,Completed
ORD000906,2025-07-27,CUST01274,PROD0093,B001,4,3465.41,0.05,3292.14,2542.69,749.45,Completed
ORD000917,2025-07-30,CUST02030,PROD0069,B004,4,5060.14,0.2,4048.11,2745.75,1302.36,Completed
ORD000920,2025-04-06,CUST02356,PROD0089,B001,4,934.87,0.15,794.64,902.35,-107.71,Completed
ORD000925,2025-10-29,CUST00737,PROD0025,B002,5,4950.22,0.05,4702.71,2953.59,1749.12,Completed
ORD000928,2025-01-01,CUST01032,PROD0097,B003,1,1761.17,0.05,1673.11,1084.62,588.49,Completed
ORD000929,2025-12-10,CUST02190,PROD0107,B002,1,1778.2,0.05,1689.29,1087.67,601.62,Completed
ORD000933,2025-05-10,CUST00627,PROD0073,B003,3,548.4,0.1,493.57,359.92,133.65,Completed
ORD000938,2025-09-29,CUST01733,PROD0050,B003,3,3297.42,0.05,3132.55,1902.8,1229.75,Completed
ORD000941,2025-05-26,CUST00692,PROD0001,B002,5,9696.97,0.05,9212.12,5315.89,3896.23,Completed
ORD000945,2025-12-18,CUST00098,PROD0105,B001,5,2108.69,0.15,1792.38,1553.98,238.4,Completed
ORD000951,2025-11-01,CUST00900,PROD0079,B002,2,346.61,0.15,294.61,233.14,61.47,Completed
ORD000954,2025-08-16,CUST00186,PROD0022,B005,5,6321.69,0.05,6005.6,4567.91,1437.69,Completed
ORD000956,2025-08-26,CUST00469,PROD0043,B003,5,1456.99,0.1,1311.29,893.23,418.06,Completed
ORD000961,2025-04-21,CUST00485,PROD0010,B001,4,7370.22,0.0,7370.22,4287.98,3082.24,Completed
ORD000963,2025-03-25,CUST00427,PROD0096,B003,1,1776.92,0.05,1688.08,1034.47,653.61,Completed
ORD000965,2025-06-28,CUST00907,PROD0088,B003,2,897.74,0.1,807.97,579.21,228.76,Completed
ORD000966,2025-01-20,CUST00628,PROD0017,B005,1,869.59,0.05,826.12,631.98,194.14,Completed
ORD000968,2025-06-15,CUST00147,PROD0005,B004,5,6111.97,0.05,5806.37,3768.65,2037.72,Completed
ORD000969,2025-09-17,CUST00641,PROD0052,B001,2,1321.37,0.0,1321.37,906.7,414.67,Completed
ORD000971,2025-11-03,CUST02036,PROD0018,B003,3,5163.92,0.0,5163.92,3215.72,1948.2,Completed
ORD000983,2025-11-17,CUST00904,PROD0013,B001,3,2029.66,0.15,1725.21,1373.17,352.04,Completed
ORD000985,2025-07-02,CUST00660,PROD0070,B005,1,200.52,0.05,190.5,137.59,52.91,Completed
ORD000987,2025-12-01,CUST01480,PROD0104,B003,4,6409.81,0.1,5768.83,4238.27,1530.56,Completed
ORD000994,2025-05-10,CUST00762,PROD0048,B004,3,2665.1,0.15,2265.34,1846.48,418.86,Completed
ORD000998,2025-02-18,CUST01123,PROD0045,B005,1,1004.75,0.0,1004.75,716.56,288.19,Completed
ORD001001,2025-04-23,CUST02047,PROD0065,B005,2,2702.67,0.1,2432.4,2022.43,409.97,Completed
ORD001006,2025-11-26,CUST00066,PROD0060,B001,5,447.63,0.1,402.86,293.88,108.98,Completed
ORD001010,2025-11-25,CUST01447,PROD0114,B004,5,6872.68,0.25,5154.51,5215.83,-61.32,Completed
ORD001012,2025-10-17,CUST01101,PROD0117,B003,5,3861.32,0.15,3282.12,2380.62,901.5,Completed
ORD001018,2025-01-30,CUST02215,PROD0063,B003,2,265.36,0.2,212.29,200.93,11.36,Completed
ORD001023,2025-10-05,CUST01350,PROD0023,B001,5,6365.28,0.15,5410.49,3934.59,1475.9,Completed
ORD001029,2025-01-28,CUST00533,PROD0094,B002,5,976.4,0.0,976.4,585.09,391.31,Completed
ORD001031,2025-05-16,CUST00927,PROD0120,B002,4,2276.66,0.15,1935.16,1467.78,467.38,Completed
ORD001045,2025-04-08,CUST00209,PROD0006,B004,3,2008.39,0.15,1707.13,1457.71,249.42,Completed
ORD001051,2025-01-06,CUST00420,PROD0077,B002,2,608.04,0.05,577.64,492.1,85.54,Completed
ORD001057,2025-09-01,CUST02426,PROD0013,B005,2,1353.11,0.0,1353.11,915.45,437.66,Completed
ORD001059,2025-03-10,CUST02176,PROD0012,B002,4,518.47,0.0,518.47,350.3,168.17,Completed
ORD001062,2025-04-09,CUST01190,PROD0093,B001,1,866.35,0.0,866.35,635.67,230.68,Completed
ORD001063,2025-07-23,CUST01462,PROD0085,B001,2,86.1,0.2,68.88,68.23,0.65,Completed
ORD001064,2025-09-27,CUST00274,PROD0045,B002,3,3014.25,0.0,3014.25,2149.67,864.58,Completed
ORD001065,2025-12-07,CUST01417,PROD0026,B003,5,1967.53,0.2,1574.03,1421.48,152.55,Completed
ORD001073,2025-03-12,CUST01014,PROD0107,B003,3,5334.6,0.15,4534.41,3263.01,1271.4,Completed
ORD001074,2025-04-22,CUST02092,PROD0024,B002,2,2564.07,0.1,2307.66,1406.19,901.47,Completed
ORD001077,2025-05-01,CUST01415,PROD0071,B003,1,479.79,0.1,431.81,373.57,58.24,Completed
ORD001079,2025-02-28,CUST01892,PROD0087,B005,5,5905.32,0.1,5314.79,4123.48,1191.31,Completed
ORD001082,2025-11-07,CUST01703,PROD0083,B003,1,1654.19,0.15,1406.06,1121.48,284.58,Completed
ORD001092,2025-09-20,CUST01981,PROD0040,B005,3,2972.02,0.0,2972.02,1621.06,1350.96,Completed
ORD001095,2025-03-16,CUST01639,PROD0058,B003,2,625.51,0.15,531.69,349.16,182.53,Completed
ORD001097,2025-01-05,CUST00903,PROD0091,B002,2,827.35,0.1,744.61,630.58,114.03,Completed
ORD001101,2025-03-15,CUST02096,PROD0084,B005,4,2073.08,0.15,1762.12,1530.5,231.62,Completed
ORD001104,2025-02-08,CUST02286,PROD0018,B003,2,3442.62,0.0,3442.62,2143.81,1298.81,Completed
ORD001106,2025-05-24,CUST00699,PROD0041,B003,4,460.31,0.25,345.23,249.96,95.27,Completed
ORD001108,2025-02-11,CUST02401,PROD0036,B002,1,283.36,0.2,226.69,153.22,73.47,Completed
ORD001109,2025-04-01,CUST00408,PROD0028,B003,1,730.19,0.1,657.17,458.51,198.66,Completed
ORD001112,2025-10-12,CUST00662,PROD0088,B003,3,1346.61,0.05,1279.28,868.81,410.47,Completed
ORD001117,2025-03-16,CUST01655,PROD0089,B003,2,686.67,0.15,583.67,451.18,132.49,Completed
ORD001118,2025-08-07,CUST01776,PROD0069,B004,5,6325.17,0.15,5376.4,3432.19,1944.21,Completed
ORD001124,2025-02-05,CUST00651,PROD0077,B003,1,304.02,0.1,273.62,246.05,27.57,Completed
ORD001132,2025-12-24,CUST00406,PROD0105,B001,1,421.74,0.15,358.48,310.8,47.68,Completed
ORD001133,2025-12-01,CUST00175,PROD0104,B001,5,4616.95,0.1,4155.26,5297.84,-1142.58,Completed
ORD001134,2025-07-15,CUST01715,PROD0047,B001,5,1550.99,0.2,1240.79,898.25,342.54,Completed
ORD001135,2025-11-27,CUST01503,PROD0022,B001,4,5057.35,0.05,4804.48,3654.32,1150.16,Completed
ORD001136,2025-09-19,CUST00124,PROD0099,B002,4,3397.08,0.1,3057.37,2374.27,683.1,Completed
ORD001138,2025-01-25,CUST01593,PROD0111,B001,1,1834.82,0.05,1743.08,1107.06,636.02,Completed
ORD001147,2025-10-03,CUST02224,PROD0030,B001,1,1019.38,0.25,764.53,813.59,-49.06,Completed
ORD001149,2025-12-01,CUST01681,PROD0028,B004,4,1743.88,0.0,1743.88,1834.06,-90.18,Completed
ORD001150,2025-10-10,CUST01521,PROD0046,B004,2,267.13,0.05,253.77,337.11,-83.34,Completed
ORD001163,2025-02-14,CUST01202,PROD0090,B004,1,319.88,0.1,287.89,200.18,87.71,Completed
ORD001165,2025-07-23,CUST01651,PROD0088,B001,4,1795.48,0.1,1615.93,1158.41,457.52,Completed
ORD001166,2025-11-24,CUST01004,PROD0088,B003,4,1795.48,0.15,1526.16,1158.41,367.75,Completed
ORD001171,2025-08-30,CUST01054,PROD0090,B004,5,1599.39,0.1,1439.45,1000.91,438.54,Completed
ORD001177,2025-08-21,CUST02048,PROD0104,B005,2,3204.91,0.05,3044.66,2119.14,925.52,Completed
ORD001179,2025-05-15,CUST01501,PROD0071,B001,2,959.57,0.0,959.57,747.14,212.43,Completed
ORD001186,2025-12-13,CUST02190,PROD0071,B004,3,1439.36,0.0,1439.36,1120.72,318.64,Completed
ORD001188,2025-03-22,CUST01421,PROD0069,B002,2,2530.07,0.15,2150.56,1372.88,777.68,Completed
ORD001190,2025-10-11,CUST00344,PROD0048,B001,5,4441.84,0.15,3775.56,3077.47,698.09,Completed
ORD001191,2025-05-25,CUST01493,PROD0003,B004,2,755.58,0.15,642.24,535.46,106.78,Completed
ORD001192,2025-05-14,CUST02442,PROD0022,B002,1,1264.34,0.0,1264.34,913.58,350.76,Completed
ORD001196,2025-05-20,CUST01183,PROD0061,B001,5,2241.0,0.1,2016.9,1575.12,441.78,Completed
ORD001202,2025-05-24,CUST00091,PROD0064,B004,1,925.23,0.15,786.45,703.29,83.16,Completed
ORD001203,2025-10-29,CUST00612,PROD0027,B002,3,2053.13,0.05,1950.48,1487.24,463.24,Completed
ORD001208,2025-01-01,CUST01015,PROD0090,B002,5,1599.39,0.1,1439.45,1000.91,438.54,Completed
ORD001210,2025-12-27,CUST01869,PROD0080,B001,1,406.6,0.1,365.94,282.0,83.94,Completed
ORD001217,2025-11-22,CUST00395,PROD0053,B002,1,555.84,0.05,528.04,361.6,166.44,Completed
ORD001218,2025-01-02,CUST02425,PROD0022,B002,4,5057.35,0.15,4298.75,3654.32,644.43,Completed
ORD001220,2025-06-22,CUST00939,PROD0118,B004,3,869.65,0.05,826.17,582.5,243.67,Completed
ORD001221,2025-03-25,CUST00419,PROD0019,B002,3,2666.08,0.2,2132.87,1662.57,470.3,Completed
ORD001225,2025-07-02,CUST01424,PROD0103,B003,5,4363.29,0.1,3926.96,2582.17,1344.79,Completed
ORD001230,2025-07-27,CUST00616,PROD0018,B002,3,5163.92,0.0,5163.92,3215.72,1948.2,Completed
ORD001232,2025-03-11,CUST00081,PROD0079,B002,5,866.51,0.2,693.21,582.85,110.36,Completed
ORD001233,2025-09-26,CUST00749,PROD0008,B005,1,265.55,0.15,225.72,218.91,6.81,Completed
ORD001241,2025-06-06,CUST00164,PROD0001,B001,1,1939.39,0.25,1454.55,1063.18,391.37,Completed
ORD001243,2025-04-29,CUST01967,PROD0062,B004,2,1108.19,0.15,941.96,1157.44,-215.48,Completed
ORD001247,2025-05-21,CUST00868,PROD0017,B001,1,869.59,0.15,739.15,631.98,107.17,Completed
ORD001253,2025-03-02,CUST00557,PROD0115,B001,5,3732.73,0.1,3359.46,2303.26,1056.2,Completed
ORD001254,2025-05-26,CUST00969,PROD0015,B003,2,2842.13,0.05,2700.03,1767.45,932.58,Completed
ORD001256,2025-11-13,CUST01823,PROD0113,B001,3,3762.55,0.15,3198.17,2720.86,477.31,Completed
ORD001262,2025-06-10,CUST01624,PROD0026,B001,1,393.51,0.1,354.15,284.3,69.85,Completed
ORD001263,2025-12-08,CUST01469,PROD0015,B001,3,4263.2,0.1,3836.88,2651.18,1185.7,Completed
ORD001264,2025-10-13,CUST01564,PROD0098,B002,5,4996.96,0.1,4497.27,2794.15,1703.12,Completed
ORD001266,2025-09-14,CUST01796,PROD0119,B001,2,1197.16,0.05,1137.31,868.62,268.69,Completed
ORD001271,2025-04-24,CUST00994,PROD0026,B003,3,1180.52,0.0,1180.52,852.89,327.63,Completed
ORD001273,2025-09-16,CUST00401,PROD0032,B005,5,3682.17,0.1,3313.96,2026.5,1287.46,Completed
ORD001277,2025-06-07,CUST01648,PROD0058,B002,1,312.76,0.1,281.48,174.58,106.9,Completed
ORD001284,2025-12-22,CUST02483,PROD0116,B004,4,1048.69,0.25,786.52,860.36,-73.84,Completed
ORD001286,2025-10-01,CUST02065,PROD0118,B005,1,289.88,0.15,246.4,194.17,52.23,Completed
ORD001302,2025-03-29,CUST00199,PROD0022,B002,1,1264.34,0.15,1074.69,913.58,161.11,Completed
ORD001306,2025-04-12,CUST01164,PROD0094,B004,3,585.84,0.05,556.55,351.05,205.5,Completed
ORD001308,2025-03-29,CUST01429,PROD0110,B001,2,1593.43,0.2,1274.74,926.38,348.36,Completed
ORD001311,2025-09-17,CUST01326,PROD0090,B003,5,1599.39,0.0,1599.39,1000.91,598.48,Completed
ORD001318,2025-01-10,CUST01818,PROD0082,B003,1,2094.53,0.25,1570.89,1133.66,437.23,Completed
ORD001321,2025-01-19,CUST00657,PROD0005,B004,3,3667.18,0.15,3117.1,2261.19,855.91,Completed
ORD001329,2025-09-05,CUST02159,PROD0105,B004,5,2108.69,0.15,1792.38,1553.98,238.4,Completed
ORD001330,2025-09-02,CUST01656,PROD0077,B003,4,1216.09,0.15,1033.68,984.21,49.47,Completed
ORD001334,2025-03-30,CUST01843,PROD0054,B003,3,3383.03,0.0,3383.03,2286.1,1096.93,Completed
ORD001339,2025-03-22,CUST01886,PROD0065,B003,3,4054.0,0.1,3648.61,3033.65,614.96,Completed
ORD001342,2025-02-08,CUST00870,PROD0046,B005,2,446.67,0.15,379.67,337.11,42.56,Completed
ORD001347,2025-06-26,CUST00565,PROD0072,B003,5,2325.79,0.0,2325.79,1633.1,692.69,Completed
ORD001350,2025-11-16,CUST00895,PROD0066,B005,1,1398.21,0.15,1188.48,1004.49,183.99,Completed
ORD001351,2025-07-21,CUST00631,PROD0118,B003,1,289.88,0.25,217.41,194.17,23.24,Completed
ORD001352,2025-01-16,CUST02262,PROD0092,B002,3,313.33,0.2,250.67,199.91,50.76,Completed
ORD001361,2025-01-16,CUST01435,PROD0112,B002,1,866.36,0.15,736.41,678.33,58.08,Completed
ORD001363,2025-07-22,CUST01235,PROD0037,B005,5,2898.37,0.2,2318.69,2412.79,-94.1,Completed
ORD001366,2025-02-04,CUST00688,PROD0005,B003,5,6111.97,0.1,5500.77,3768.65,1732.12,Completed
ORD001367,2025-10-17,CUST00370,PROD0062,B005,2,1459.06,0.15,1240.2,1157.44,82.76,Completed
ORD001370,2025-09-12,CUST00351,PROD0026,B001,3,1180.52,0.15,1003.44,852.89,150.55,Completed
ORD001371,2025-07-02,CUST01392,PROD0120,B001,4,2276.66,0.0,2276.66,1467.78,808.88,Completed
ORD001373,2025-08-14,CUST01796,PROD0032,B001,1,736.43,0.0,736.43,405.3,331.13,Completed
ORD001374,2025-03-21,CUST01706,PROD0019,B001,4,3554.78,0.15,3021.56,2216.76,804.8,Completed
ORD001377,2025-02-10,CUST00343,PROD0120,B004,3,1707.5,0.2,1366.0,1100.84,265.16,Completed
ORD001380,2025-03-01,CUST00489,PROD0091,B003,5,2068.37,0.05,1964.95,1576.45,388.5,Completed
ORD001382,2025-02-10,CUST00917,PROD0025,B005,2,1980.09,0.15,1683.07,1181.43,501.64,Completed
ORD001383,2025-10-12,CUST00587,PROD0052,B001,1,660.68,0.0,660.68,453.35,207.33,Completed
ORD001385,2025-11-24,CUST01832,PROD0089,B005,5,1716.67,0.15,1459.17,1127.94,331.23,Completed
ORD001386,2025-12-21,CUST01752,PROD0018,B001,1,1721.31,0.25,1290.98,1071.91,219.07,Completed
ORD001392,2025-01-01,CUST01145,PROD0007,B004,5,238.54,0.0,238.54,178.76,59.78,Completed
ORD001414,2025-05-11,CUST00452,PROD0053,B003,2,1111.68,0.1,1000.51,723.21,277.3,Completed
ORD001415,2025-08-21,CUST00960,PROD0056,B003,5,7058.6,0.15,5999.81,5288.22,711.59,Completed
ORD001416,2025-07-28,CUST01982,PROD0005,B003,5,6111.97,0.2,4889.58,3768.65,1120.93,Completed
ORD001422,2025-08-10,CUST00213,PROD0049,B002,3,3998.17,0.15,3398.44,2313.24,1085.2,Completed
ORD001423,2025-12-23,CUST01362,PROD0044,B004,1,1093.95,0.0,1093.95,607.41,486.54,Completed
ORD001429,2025-06-07,CUST00717,PROD0020,B001,1,760.64,0.0,760.64,547.73,212.91,Completed
ORD001431,2025-12-04,CUST02172,PROD0024,B003,2,2564.07,0.1,2307.66,1406.19,901.47,Completed
ORD001441,2025-07-23,CUST01383,PROD0069,B004,3,3795.1,0.05,3605.35,2059.31,1546.04,Completed
ORD001443,2025-10-17,CUST00396,PROD0091,B001,3,1241.02,0.15,1054.87,945.87,109.0,Completed
ORD001453,2025-01-06,CUST02245,PROD0081,B003,5,665.54,0.15,565.71,495.54,70.17,Completed
ORD001456,2025-01-02,CUST01772,PROD0001,B003,5,9696.97,0.05,9212.12,5315.89,3896.23,Completed
ORD001458,2025-07-15,CUST00632,PROD0028,B002,3,2190.58,0.1,1971.52,1375.54,595.98,Completed
ORD001463,2025-09-21,CUST00513,PROD0009,B005,1,319.28,0.05,303.32,195.53,107.79,Completed
ORD001465,2025-10-28,CUST00574,PROD0097,B004,2,3522.34,0.05,3346.22,2169.23,1176.99,Completed
ORD001466,2025-04-17,CUST00089,PROD0024,B004,4,5128.14,0.15,4358.92,2812.38,1546.54,Completed
ORD001472,2025-06-25,CUST01333,PROD0024,B004,4,5128.14,0.25,3846.1,2812.38,1033.72,Completed
ORD001476,2025-05-24,CUST02398,PROD0091,B004,3,1241.02,0.05,1178.97,945.87,233.1,Completed
ORD001483,2025-01-13,CUST00405,PROD0012,B005,5,648.08,0.15,550.87,437.87,113.0,Completed
ORD001485,2025-11-25,CUST00712,PROD0113,B002,1,1254.18,0.05,1191.47,906.95,284.52,Completed
ORD001490,2025-02-22,CUST01249,PROD0025,B003,2,1980.09,0.05,1881.09,1181.43,699.66,Completed
ORD001491,2025-08-20,CUST01179,PROD0084,B003,2,1036.54,0.25,777.4,765.25,12.15,Completed
ORD001499,2025-12-25,CUST00438,PROD0068,B004,4,4099.74,0.1,3689.76,3293.45,396.31,Completed
ORD001500,2025-11-08,CUST00564,PROD0118,B001,1,289.88,0.15,246.4,194.17,52.23,Completed
ORD001504,2025-08-22,CUST02427,PROD0104,B001,2,3204.91,0.25,2403.68,2119.14,284.54,Completed
ORD001520,2025-12-23,CUST01402,PROD0001,B002,3,5818.18,0.0,5818.18,3189.54,2628.64,Completed
ORD001521,2025-02-26,CUST02384,PROD0095,B005,3,1065.41,0.2,852.33,803.65,48.68,Completed
ORD001524,2025-09-30,CUST01831,PROD0063,B001,3,398.04,0.2,318.43,301.4,17.03,Completed
ORD001525,2025-08-23,CUST01525,PROD0038,B001,2,119.86,0.0,119.86,81.42,38.44,Completed
ORD001534,2025-04-01,CUST00001,PROD0063,B001,1,132.68,0.15,112.78,100.47,12.31,Completed
ORD001535,2025-10-17,CUST01795,PROD0031,B003,5,3335.17,0.15,2834.9,2737.47,97.43,Completed
ORD001536,2025-10-30,CUST01811,PROD0054,B004,4,4510.71,0.0,4510.71,3048.13,1462.58,Completed
ORD001554,2025-08-30,CUST01061,PROD0104,B003,5,8012.27,0.05,7611.66,5297.84,2313.82,Completed
ORD001556,2025-03-13,CUST01513,PROD0053,B002,3,1667.51,0.15,1417.39,1084.81,332.58,Completed
ORD001561,2025-04-27,CUST00008,PROD0063,B001,2,265.36,0.05,252.09,200.93,51.16,Completed
ORD001565,2025-11-12,CUST02440,PROD0057,B001,5,5025.49,0.1,4522.94,3244.76,1278.18,Completed
ORD001567,2025-04-04,CUST02072,PROD0037,B001,2,1159.35,0.1,1043.41,965.12,78.29,Completed
ORD001569,2025-09-20,CUST01649,PROD0038,B003,5,299.66,0.2,239.73,203.55,36.18,Completed
ORD001570,2025-11-02,CUST01352,PROD0064,B001,4,3700.91,0.0,3700.91,2813.15,887.76,Completed
ORD001571,2025-09-19,CUST00548,PROD0092,B004,2,208.89,0.1,188.0,133.27,54.73,Completed
ORD001577,2025-05-28,CUST00484,PROD0113,B003,5,3842.6,0.1,3458.34,4534.77,-1076.43,Completed
ORD001581,2025-05-04,CUST00503,PROD0016,B004,3,266.59,0.15,226.61,159.65,66.96,Completed
ORD001582,2025-09-08,CUST00668,PROD0058,B002,4,550.08,0.0,550.08,698.33,-148.25,Completed
ORD001585,2025-11-25,CUST00470,PROD0080,B002,3,1219.8,0.1,1097.82,845.99,251.83,Completed
ORD001588,2025-07-04,CUST01236,PROD0023,B002,3,3819.17,0.05,3628.21,2360.76,1267.45,Completed
ORD001591,2025-06-23,CUST00090,PROD0084,B004,5,1687.08,0.0,1687.08,1913.12,-226.04,Completed
ORD001595,2025-07-03,CUST01655,PROD0085,B001,3,129.15,0.05,122.7,102.34,20.36,Completed
ORD001596,2025-10-27,CUST02156,PROD0061,B002,5,2241.0,0.1,2016.9,1575.12,441.78,Completed
ORD001598,2025-04-17,CUST02088,PROD0081,B002,5,665.54,0.1,598.98,495.54,103.44,Completed
ORD001601,2025-08-01,CUST01588,PROD0106,B001,2,1437.16,0.25,1077.87,862.44,215.43,Completed
ORD001606,2025-06-19,CUST01891,PROD0062,B003,5,3647.66,0.0,3647.66,2893.61,754.05,Completed
ORD001612,2025-08-11,CUST01274,PROD0084,B003,5,2591.35,0.05,2461.78,1913.12,548.66,Completed
ORD001623,2025-01-21,CUST01002,PROD0048,B004,3,2665.1,0.15,2265.34,1846.48,418.86,Completed
ORD001624,2025-09-16,CUST01053,PROD0048,B001,4,3553.47,0.15,3020.45,2461.98,558.47,Completed
ORD001636,2025-04-24,CUST01708,PROD0021,B001,4,3380.64,0.2,2704.51,2054.31,650.2,Completed
ORD001649,2025-04-19,CUST01876,PROD0001,B001,3,5818.18,0.1,5236.37,3189.54,2046.83,Completed
ORD001653,2025-01-15,CUST00562,PROD0085,B004,4,172.21,0.1,154.99,136.46,18.53,Completed
ORD001656,2025-09-05,CUST01404,PROD0002,B005,4,2720.55,0.15,2312.47,1645.04,667.43,Completed
ORD001657,2025-03-15,CUST01694,PROD0055,B004,5,2323.71,0.1,2091.34,1317.7,773.64,Completed
ORD001660,2025-04-03,CUST00699,PROD0051,B001,5,4480.46,0.25,3360.35,2970.26,390.09,Completed
ORD001662,2025-06-12,CUST02242,PROD0015,B003,3,4263.2,0.15,3623.72,2651.18,972.54,Completed
ORD001679,2025-03-27,CUST00767,PROD0024,B005,2,2564.07,0.0,2564.07,1406.19,1157.88,Completed
ORD001683,2025-05-05,CUST01757,PROD0005,B001,4,4889.58,0.15,4156.14,3014.92,1141.22,Completed
ORD001687,2025-02-08,CUST01084,PROD0112,B004,3,1810.67,0.05,1720.14,2034.98,-314.84,Completed
ORD001690,2025-11-24,CUST01589,PROD0051,B001,4,3584.37,0.05,3405.15,2376.21,1028.94,Completed
ORD001699,2025-04-02,CUST01241,PROD0093,B002,1,866.35,0.0,866.35,635.67,230.68,Completed
ORD001708,2025-05-20,CUST01631,PROD0115,B005,1,746.55,0.1,671.89,460.65,211.24,Completed
ORD001721,2025-10-03,CUST00331,PROD0084,B003,3,1554.81,0.1,1399.33,1147.87,251.46,Completed
ORD001725,2025-04-24,CUST00681,PROD0107,B001,4,7112.81,0.15,6045.89,4350.68,1695.21,Completed
ORD001728,2025-11-10,CUST00453,PROD0064,B004,1,925.23,0.05,878.97,703.29,175.68,Completed
ORD001732,2025-08-03,CUST02211,PROD0005,B003,3,3667.18,0.15,3117.1,2261.19,855.91,Completed
ORD001734,2025-04-14,CUST01009,PROD0117,B001,5,3861.32,0.1,3475.19,2380.62,1094.57,Completed
ORD001735,2025-09-29,CUST02337,PROD0050,B005,5,5495.7,0.05,5220.92,3171.34,2049.58,Completed
ORD001744,2025-12-15,CUST00641,PROD0010,B005,3,5527.66,0.1,4974.9,3215.99,1758.91,Completed
ORD001751,2025-11-01,CUST02497,PROD0106,B004,3,2155.74,0.2,1724.6,1293.66,430.94,Completed
ORD001752,2025-05-12,CUST01474,PROD0054,B003,5,5638.39,0.15,4792.63,3810.16,982.47,Completed
ORD001756,2025-06-14,CUST00432,PROD0026,B004,2,787.01,0.1,708.31,568.59,139.72,Completed
ORD001758,2025-01-29,CUST01063,PROD0091,B003,1,413.67,0.0,413.67,315.29,98.38,Completed
ORD001760,2025-09-04,CUST01376,PROD0011,B003,5,4239.74,0.25,3179.8,3288.12,-108.32,Completed
ORD001773,2025-11-01,CUST02392,PROD0108,B003,2,1819.76,0.1,1637.79,1046.85,590.94,Completed
ORD001774,2025-01-12,CUST01754,PROD0100,B005,5,4054.94,0.05,3852.2,3166.4,685.8,Completed
ORD001775,2025-05-26,CUST00044,PROD0101,B003,2,1292.78,0.0,1292.78,921.0,371.78,Completed
ORD001777,2025-01-02,CUST00885,PROD0069,B002,3,3795.1,0.15,3225.84,2059.31,1166.53,Completed
ORD001779,2025-06-11,CUST00437,PROD0031,B001,2,1334.07,0.15,1133.96,1094.99,38.97,Completed
ORD001782,2025-08-01,CUST00322,PROD0117,B003,5,3861.32,0.05,3668.26,2380.62,1287.64,Completed
ORD001787,2025-11-14,CUST01868,PROD0055,B001,2,929.48,0.0,929.48,527.08,402.4,Completed
ORD001789,2025-05-14,CUST01893,PROD0005,B004,4,3132.05,0.15,2662.24,3014.92,-352.68,Completed
ORD001791,2025-07-31,CUST01158,PROD0019,B001,5,4443.47,0.05,4221.3,2770.95,1450.35,Completed
ORD001797,2025-09-25,CUST00464,PROD0048,B002,4,3553.47,0.25,2665.1,2461.98,203.12,Completed
ORD001805,2025-07-27,CUST02469,PROD0054,B005,5,5638.39,0.15,4792.63,3810.16,982.47,Completed
ORD001808,2025-05-06,CUST00440,PROD0054,B001,5,5638.39,0.05,5356.47,3810.16,1546.31,Completed
ORD001826,2025-02-18,CUST00630,PROD0095,B001,4,1420.55,0.0,1420.55,1071.54,349.01,Completed
ORD001827,2025-10-28,CUST00731,PROD0055,B002,3,1394.23,0.15,1185.09,790.62,394.47,Completed
ORD001829,2025-09-20,CUST01791,PROD0034,B001,2,2154.89,0.15,1831.66,1433.18,398.48,Completed
ORD001834,2025-12-30,CUST01273,PROD0076,B004,2,599.95,0.15,509.96,480.1,29.86,Completed
ORD001839,2025-02-27,CUST00597,PROD0052,B004,5,3303.42,0.05,3138.24,2266.75,871.49,Completed
ORD001851,2025-10-18,CUST01299,PROD0093,B005,5,4331.76,0.05,4115.17,3178.36,936.81,Completed
ORD001856,2025-06-14,CUST00755,PROD0028,B002,3,2190.58,0.2,1752.46,1375.54,376.92,Completed
ORD001860,2025-04-12,CUST00138,PROD0078,B005,4,3727.82,0.2,2982.25,2295.91,686.34,Completed
ORD001862,2025-11-23,CUST01506,PROD0064,B003,4,3700.91,0.0,3700.91,2813.15,887.76,Completed
ORD001870,2025-05-16,CUST01360,PROD0100,B002,3,2432.96,0.0,2432.96,1899.84,533.12,Completed
ORD001872,2025-12-07,CUST01483,PROD0090,B004,1,319.88,0.05,303.88,200.18,103.7,Completed
ORD001875,2025-03-22,CUST01909,PROD0116,B002,5,1310.86,0.2,1048.69,1075.45,-26.76,Completed
ORD001883,2025-02-02,CUST01944,PROD0101,B004,3,1939.17,0.05,1842.21,1381.51,460.7,Completed
ORD001886,2025-09-11,CUST00754,PROD0024,B001,5,6410.17,0.05,6089.67,3515.47,2574.2,Completed
ORD001888,2025-01-20,CUST00354,PROD0093,B002,4,3465.41,0.15,2945.6,2542.69,402.91,Completed
ORD001889,2025-01-16,CUST01775,PROD0046,B005,2,446.67,0.15,379.67,337.11,42.56,Completed
ORD001891,2025-06-08,CUST00454,PROD0025,B003,2,1980.09,0.05,1881.09,1181.43,699.66,Completed
ORD001893,2025-02-09,CUST01408,PROD0026,B001,2,787.01,0.05,747.66,568.59,179.07,Completed
ORD001894,2025-05-25,CUST01638,PROD0061,B001,2,896.4,0.15,761.94,630.05,131.89,Completed
ORD001898,2025-07-21,CUST01942,PROD0050,B001,3,3297.42,0.05,3132.55,1902.8,1229.75,Completed
ORD001903,2025-12-26,CUST00658,PROD0073,B002,3,548.4,0.15,466.15,359.92,106.23,Completed
ORD001906,2025-01-05,CUST01067,PROD0088,B003,3,1346.61,0.1,1211.95,868.81,343.14,Completed
ORD001912,2025-10-08,CUST00453,PROD0015,B004,5,7105.34,0.25,5329.0,4418.64,910.36,Completed
ORD001915,2025-11-08,CUST01062,PROD0040,B005,3,2972.02,0.1,2674.82,1621.06,1053.76,Completed
ORD001919,2025-09-07,CUST00867,PROD0037,B002,2,1159.35,0.1,1043.41,965.12,78.29,Completed
ORD001920,2025-04-29,CUST01185,PROD0111,B001,5,9174.1,0.2,7339.28,5535.31,1803.97,Completed
ORD001923,2025-01-10,CUST01623,PROD0106,B001,3,941.53,0.0,941.53,1293.66,-352.13,Completed
ORD001926,2025-10-18,CUST00021,PROD0043,B003,4,1165.59,0.15,990.75,714.58,276.17,Completed
ORD001928,2025-07-02,CUST00440,PROD0102,B003,5,3857.01,0.1,3471.31,2224.33,1246.98,Completed
ORD001929,2025-12-12,CUST00851,PROD0014,B001,3,4142.63,0.15,3521.24,2371.81,1149.43,Completed
ORD001931,2025-12-17,CUST01684,PROD0039,B003,1,1482.69,0.05,1408.56,826.25,582.31,Completed
ORD001932,2025-01-27,CUST02108,PROD0095,B005,5,1775.68,0.2,1420.55,1339.42,81.13,Completed
ORD001934,2025-11-24,CUST00594,PROD0026,B001,5,1967.53,0.15,1672.4,1421.48,250.92,Completed
ORD001936,2025-08-14,CUST00715,PROD0086,B002,4,2111.47,0.05,2005.9,1602.97,402.93,Completed
ORD001941,2025-02-20,CUST01206,PROD0063,B004,2,265.36,0.0,265.36,200.93,64.43,Completed
ORD001942,2025-01-19,CUST00146,PROD0045,B001,2,2009.5,0.05,1909.03,1433.11,475.92,Completed
ORD001945,2025-02-16,CUST02489,PROD0118,B004,5,1449.42,0.05,1376.95,970.84,406.11,Completed
ORD001948,2025-06-08,CUST00009,PROD0049,B003,3,3998.17,0.15,3398.44,2313.24,1085.2,Completed
ORD001950,2025-06-25,CUST02078,PROD0098,B003,3,2998.18,0.05,2848.27,1676.49,1171.78,Completed
ORD001962,2025-12-28,CUST02084,PROD0010,B004,2,3685.11,0.0,3685.11,2143.99,1541.12,Completed
ORD001963,2025-05-20,CUST01589,PROD0057,B005,2,2010.2,0.2,1608.16,1297.91,310.25,Completed
ORD001964,2025-07-28,CUST02498,PROD0105,B002,4,1686.95,0.1,1518.25,1243.18,275.07,Completed
ORD001965,2025-11-22,CUST01138,PROD0078,B001,3,2795.86,0.05,2656.07,1721.93,934.14,Completed
ORD001969,2025-08-22,CUST00321,PROD0012,B004,3,388.85,0.1,349.97,262.72,87.25,Completed
ORD001980,2025-06-20,CUST00885,PROD0074,B001,2,1305.69,0.0,1305.69,1009.68,296.01,Completed
ORD001988,2025-07-02,CUST00384,PROD0017,B002,5,4347.97,0.1,3913.17,3159.89,753.28,Completed
ORD001990,2025-04-24,CUST02010,PROD0083,B005,2,3308.37,0.0,3308.37,2242.95,1065.42,Completed
ORD001994,2025-03-25,CUST02272,PROD0092,B002,3,313.33,0.0,313.33,199.91,113.42,Completed
ORD001995,2025-01-13,CUST01844,PROD0006,B004,2,1338.93,0.05,1271.98,971.81,300.17,Completed
ORD002001,2025-09-18,CUST01918,PROD0021,B003,4,3380.64,0.0,3380.64,2054.31,1326.33,Completed
ORD002005,2025-06-08,CUST01060,PROD0117,B002,3,2316.79,0.1,2085.12,1428.37,656.75,Completed
ORD002006,2025-05-27,CUST01614,PROD0118,B003,1,289.88,0.05,275.39,194.17,81.22,Completed
ORD002012,2025-08-27,CUST02179,PROD0077,B003,1,304.02,0.05,288.82,246.05,42.77,Completed
ORD002014,2025-01-29,CUST01877,PROD0051,B004,4,3584.37,0.1,3225.93,2376.21,849.72,Completed
ORD002021,2025-11-16,CUST00203,PROD0059,B002,5,4875.0,0.05,4631.25,3083.56,1547.69,Completed
ORD002026,2025-07-11,CUST00976,PROD0119,B001,3,1795.75,0.0,1795.75,1302.93,492.82,Completed
ORD002035,2025-10-06,CUST01290,PROD0041,B004,1,115.08,0.0,115.08,62.49,52.59,Completed
ORD002036,2025-11-21,CUST00557,PROD0061,B001,4,1792.8,0.2,1434.24,1260.1,174.14,Completed
ORD002037,2025-01-14,CUST01524,PROD0078,B002,4,3727.82,0.0,3727.82,2295.91,1431.91,Completed
ORD002042,2025-10-16,CUST01045,PROD0079,B001,5,866.51,0.15,736.54,582.85,153.69,Completed
ORD002050,2025-08-17,CUST02377,PROD0104,B005,3,4807.36,0.15,4086.26,3178.71,907.55,Completed
ORD002053,2025-11-12,CUST01573,PROD0108,B003,3,2729.65,0.25,2047.24,1570.27,476.97,Completed
ORD002063,2025-07-23,CUST00754,PROD0019,B001,2,1777.39,0.0,1777.39,1108.38,669.01,Completed
ORD002065,2025-06-25,CUST02365,PROD0104,B001,4,6409.81,0.15,5448.34,4238.27,1210.07,Completed
ORD002068,2025-01-05,CUST01549,PROD0094,B001,4,781.12,0.2,624.9,468.07,156.83,Completed
ORD002071,2025-06-27,CUST02243,PROD0028,B005,4,2920.77,0.1,2628.69,1834.06,794.63,Completed
ORD002077,2025-05-05,CUST01883,PROD0062,B002,2,1459.06,0.15,1240.2,1157.44,82.76,Completed
ORD002078,2025-01-27,CUST00137,PROD0023,B001,1,1273.06,0.05,1209.41,786.92,422.49,Completed
ORD002080,2025-05-14,CUST01980,PROD0007,B003,2,95.41,0.2,76.33,71.51,4.82,Completed
ORD002089,2025-01-06,CUST00046,PROD0096,B003,5,8884.61,0.2,7107.69,5172.37,1935.32,Completed
ORD002092,2025-06-03,CUST01124,PROD0106,B001,3,2155.74,0.15,1832.38,1293.66,538.72,Completed
ORD002099,2025-10-03,CUST01422,PROD0027,B005,2,1368.76,0.2,1095.0,991.49,103.51,Completed
ORD002107,2025-01-10,CUST01707,PROD0030,B001,5,5096.92,0.05,4842.07,4067.97,774.1,Completed
ORD002109,2025-12-28,CUST00819,PROD0019,B001,2,1777.39,0.1,1599.65,1108.38,491.27,Completed
ORD002113,2025-03-27,CUST01179,PROD0007,B002,3,143.12,0.05,135.96,107.26,28.7,Completed
ORD002115,2025-08-28,CUST01382,PROD0021,B001,3,2535.48,0.1,2281.93,1540.73,741.2,Completed
ORD002116,2025-03-08,CUST01895,PROD0050,B004,2,2198.28,0.0,2198.28,1268.54,929.74,Completed
ORD002129,2025-12-27,CUST01056,PROD0103,B003,5,4363.29,0.15,3708.79,2582.17,1126.62,Completed
ORD002136,2025-05-03,CUST01460,PROD0088,B003,4,1795.48,0.05,1705.71,1158.41,547.3,Completed
ORD002138,2025-11-30,CUST01099,PROD0103,B001,3,2617.97,0.0,2617.97,1549.3,1068.67,Completed
ORD002139,2025-08-31,CUST01968,PROD0085,B003,1,43.05,0.1,38.74,34.11,4.63,Completed
ORD002146,2025-10-22,CUST01112,PROD0086,B001,3,1583.6,0.1,1425.24,1202.23,223.01,Completed
ORD002147,2025-10-15,CUST02230,PROD0042,B001,3,4360.58,0.0,4360.58,3193.16,1167.42,Completed
ORD002150,2025-04-16,CUST00790,PROD0107,B001,5,8891.01,0.0,8891.01,5438.35,3452.66,Completed
ORD002153,2025-04-20,CUST00729,PROD0024,B003,1,1282.03,0.15,1089.73,703.09,386.64,Completed
ORD002155,2025-02-27,CUST01798,PROD0056,B003,3,4235.16,0.1,3811.64,3172.93,638.71,Completed
ORD002156,2025-09-05,CUST02072,PROD0026,B001,3,1180.52,0.05,1121.49,852.89,268.6,Completed
ORD002162,2025-08-27,CUST01623,PROD0112,B005,3,2599.09,0.05,2469.13,2034.98,434.15,Completed
ORD002165,2025-11-10,CUST00427,PROD0106,B001,4,2874.32,0.2,2299.46,1724.88,574.58,Completed
ORD002166,2025-04-28,CUST00198,PROD0098,B004,5,4996.96,0.1,4497.27,2794.15,1703.12,Completed
ORD002171,2025-11-17,CUST00321,PROD0068,B001,4,4099.74,0.1,3689.76,3293.45,396.31,Completed
ORD002176,2025-01-07,CUST00840,PROD0072,B004,5,2325.79,0.15,1976.92,1633.1,343.82,Completed
ORD002179,2025-07-11,CUST00123,PROD0001,B003,2,3878.79,0.2,3103.03,2126.36,976.67,Completed
ORD002180,2025-07-19,CUST01638,PROD0022,B001,4,5057.35,0.15,4298.75,3654.32,644.43,Completed
ORD002183,2025-08-26,CUST00664,PROD0105,B001,3,1265.21,0.25,948.91,932.39,16.52,Completed
ORD002185,2025-02-13,CUST00694,PROD0086,B001,4,2111.47,0.15,1794.75,1602.97,191.78,Completed
ORD002186,2025-07-27,CUST02097,PROD0120,B005,5,2845.83,0.15,2418.96,1834.73,584.23,Completed
ORD002188,2025-01-23,CUST00392,PROD0035,B001,4,2321.65,0.2,1857.32,1742.46,114.86,Completed
ORD002194,2025-07-10,CUST00194,PROD0028,B004,1,730.19,0.1,657.17,458.51,198.66,Completed
ORD002195,2025-04-09,CUST02200,PROD0108,B001,1,909.88,0.1,818.9,523.42,295.48,Completed
ORD002197,2025-09-22,CUST00430,PROD0059,B005,1,975.0,0.0,975.0,616.71,358.29,Completed
ORD002204,2025-05-12,CUST01462,PROD0013,B004,3,2029.66,0.05,1928.18,1373.17,555.01,Completed
ORD002207,2025-10-22,CUST00056,PROD0067,B002,2,1813.62,0.05,1722.94,994.65,728.29,Completed
ORD002210,2025-07-15,CUST02311,PROD0015,B001,1,1421.07,0.25,1065.8,883.73,182.07,Completed
ORD002213,2025-04-17,CUST01856,PROD0082,B005,1,2094.53,0.05,1989.8,1133.66,856.14,Completed
ORD002217,2025-01-23,CUST02109,PROD0053,B002,2,1111.68,0.05,1056.09,723.21,332.88,Completed
ORD002226,2025-06-07,CUST01732,PROD0040,B005,4,3962.7,0.15,3368.29,2161.41,1206.88,Completed
ORD002230,2025-03-06,CUST01761,PROD0004,B004,2,598.35,0.1,538.52,382.21,156.31,Completed
ORD002233,2025-06-03,CUST00652,PROD0040,B001,4,3962.7,0.15,3368.29,2161.41,1206.88,Completed
ORD002239,2025-10-14,CUST01554,PROD0101,B001,4,2585.55,0.25,1939.17,1842.01,97.16,Completed
ORD002241,2025-11-19,CUST01947,PROD0023,B003,1,1273.06,0.25,954.79,786.92,167.87,Completed
ORD002242,2025-06-11,CUST00183,PROD0042,B001,2,2907.05,0.0,2907.05,2128.77,778.28,Completed
ORD002245,2025-03-16,CUST02354,PROD0111,B003,3,5504.46,0.05,5229.23,3321.19,1908.04,Completed
ORD002251,2025-07-02,CUST01822,PROD0024,B002,1,1282.03,0.2,1025.63,703.09,322.54,Completed
ORD002253,2025-10-05,CUST01903,PROD0042,B002,3,4360.58,0.0,4360.58,3193.16,1167.42,Completed
ORD002254,2025-02-21,CUST00438,PROD0080,B004,2,813.2,0.0,813.2,563.99,249.21,Completed
ORD002256,2025-11-14,CUST01863,PROD0061,B004,3,1344.6,0.15,1142.91,945.07,197.84,Completed
ORD002260,2025-07-07,CUST01352,PROD0056,B002,5,7058.6,0.2,5646.88,5288.22,358.66,Completed
ORD002262,2025-07-21,CUST00311,PROD0092,B003,3,313.33,0.05,297.67,199.91,97.76,Completed
ORD002266,2025-12-31,CUST00066,PROD0080,B005,1,406.6,0.1,365.94,282.0,83.94,Completed
ORD002285,2025-01-25,CUST01670,PROD0106,B003,2,1437.16,0.1,1293.45,862.44,431.01,Completed
ORD002287,2025-03-11,CUST01837,PROD0012,B002,4,518.47,0.15,440.7,350.3,90.4,Completed
ORD002288,2025-03-16,CUST01633,PROD0055,B004,5,2323.71,0.0,2323.71,1317.7,1006.01,Completed
ORD002298,2025-06-28,CUST00554,PROD0082,B003,5,10472.63,0.1,9425.37,5668.32,3757.05,Completed
ORD002300,2025-04-04,CUST00010,PROD0003,B005,2,755.58,0.25,566.69,535.46,31.23,Completed
ORD002303,2025-02-04,CUST00486,PROD0033,B001,5,3001.7,0.1,2701.53,1916.21,785.32,Completed
ORD002305,2025-08-19,CUST02235,PROD0057,B005,1,1005.1,0.15,854.34,648.95,205.39,Completed
ORD002308,2025-09-22,CUST01946,PROD0072,B001,1,465.16,0.05,441.9,326.62,115.28,Completed
ORD002319,2025-03-23,CUST00212,PROD0034,B002,3,3232.34,0.0,3232.34,2149.77,1082.57,Completed
ORD002323,2025-01-17,CUST01694,PROD0092,B005,4,417.78,0.05,396.89,266.55,130.34,Completed
ORD002331,2025-09-15,CUST01222,PROD0006,B001,2,1338.93,0.0,1338.93,971.81,367.12,Completed
ORD002332,2025-06-05,CUST00495,PROD0047,B004,2,620.39,0.15,527.34,359.3,168.04,Completed
ORD002335,2025-02-23,CUST01976,PROD0096,B005,1,1776.92,0.1,1599.23,1034.47,564.76,Completed
ORD002336,2025-02-08,CUST00858,PROD0016,B005,1,88.86,0.0,88.86,53.22,35.64,Completed
ORD002343,2025-07-11,CUST01337,PROD0032,B001,5,3682.17,0.0,3682.17,2026.5,1655.67,Completed
ORD002344,2025-04-11,CUST01991,PROD0009,B003,1,319.28,0.0,319.28,195.53,123.75,Completed
ORD002347,2025-12-13,CUST00614,PROD0103,B003,5,4363.29,0.0,4363.29,2582.17,1781.12,Completed
ORD002348,2025-11-30,CUST00317,PROD0113,B002,2,2508.37,0.1,2257.53,1813.91,443.62,Completed
ORD002349,2025-05-16,CUST01618,PROD0042,B004,1,1453.53,0.05,1380.85,1064.39,316.46,Completed
ORD002355,2025-10-29,CUST00769,PROD0075,B003,5,7069.49,0.0,7069.49,5462.28,1607.21,Completed
ORD002360,2025-04-18,CUST02090,PROD0104,B003,3,4807.36,0.05,4566.99,3178.71,1388.28,Completed
ORD002370,2025-11-10,CUST00171,PROD0077,B004,3,912.07,0.15,775.26,738.16,37.1,Completed
ORD002376,2025-07-23,CUST02415,PROD0114,B002,2,2749.07,0.15,2336.71,2086.33,250.38,Completed
ORD002378,2025-08-18,CUST00313,PROD0108,B004,5,4549.41,0.05,4321.94,2617.12,1704.82,Completed
ORD002380,2025-06-27,CUST00133,PROD0023,B002,2,2546.11,0.05,2418.81,1573.84,844.97,Completed
ORD002385,2025-10-31,CUST01382,PROD0074,B004,2,1305.69,0.0,1305.69,1009.68,296.01,Completed
ORD002401,2025-11-21,CUST00422,PROD0117,B003,4,1908.22,0.1,1717.4,1904.49,-187.09,Completed
ORD002403,2025-10-02,CUST00548,PROD0067,B001,1,906.81,0.0,906.81,497.33,409.48,Completed
ORD002406,2025-01-31,CUST01933,PROD0003,B001,3,1133.37,0.25,850.03,803.19,46.84,Completed
ORD002408,2025-05-27,CUST00965,PROD0062,B003,2,1459.06,0.15,1240.2,1157.44,82.76,Completed
ORD002411,2025-12-28,CUST02481,PROD0026,B002,4,1574.03,0.0,1574.03,1137.19,436.84,Completed
ORD002412,2025-09-06,CUST02263,PROD0011,B003,2,1695.9,0.1,1526.31,1315.25,211.06,Completed
ORD002415,2025-07-15,CUST01496,PROD0077,B003,5,1520.11,0.1,1368.1,1230.26,137.84,Completed
ORD002416,2025-11-07,CUST02189,PROD0093,B004,4,3465.41,0.0,3465.41,2542.69,922.72,Completed
ORD002418,2025-02-03,CUST00233,PROD0095,B002,1,355.14,0.2,284.11,267.88,16.23,Completed
ORD002425,2025-05-18,CUST02465,PROD0031,B004,3,2001.1,0.2,1600.88,1642.48,-41.6,Completed
ORD002429,2025-07-18,CUST00980,PROD0093,B001,2,1732.71,0.05,1646.07,1271.34,374.73,Completed
ORD002430,2025-06-04,CUST01929,PROD0087,B001,1,1181.06,0.1,1062.96,824.7,238.26,Completed
ORD002431,2025-03-23,CUST00056,PROD0049,B001,3,3998.17,0.1,3598.35,2313.24,1285.11,Completed
ORD002433,2025-10-24,CUST01674,PROD0044,B003,4,4375.79,0.1,3938.21,2429.64,1508.57,Completed
ORD002437,2025-08-20,CUST00023,PROD0010,B001,5,9212.77,0.1,8291.5,5359.98,2931.52,Completed
ORD002440,2025-01-12,CUST01496,PROD0109,B004,1,1355.87,0.15,1152.49,975.11,177.38,Completed
ORD002441,2025-06-11,CUST00298,PROD0046,B004,5,1116.68,0.2,893.34,842.77,50.57,Completed
ORD002444,2025-04-12,CUST00792,PROD0116,B002,2,524.35,0.1,471.91,430.18,41.73,Completed
ORD002455,2025-03-27,CUST01725,PROD0009,B003,3,957.85,0.0,957.85,586.58,371.27,Completed
ORD002456,2025-01-13,CUST02342,PROD0012,B002,3,388.85,0.1,349.97,262.72,87.25,Completed
ORD002459,2025-07-06,CUST01407,PROD0036,B002,1,283.36,0.15,240.86,153.22,87.64,Completed
ORD002463,2025-03-19,CUST01194,PROD0107,B004,3,5334.6,0.2,4267.69,3263.01,1004.68,Completed
ORD002469,2025-07-08,CUST00974,PROD0028,B004,5,3650.96,0.2,2920.77,2292.57,628.2,Completed
ORD002472,2025-10-14,CUST02002,PROD0029,B004,1,458.01,0.0,458.01,265.85,192.16,Completed
ORD002476,2025-10-22,CUST00944,PROD0093,B001,1,866.35,0.2,693.08,635.67,57.41,Completed
ORD002487,2025-12-02,CUST01883,PROD0002,B002,2,1360.28,0.05,1292.26,822.52,469.74,Completed
ORD002488,2025-10-05,CUST01194,PROD0107,B003,4,7112.81,0.2,5690.25,4350.68,1339.57,Completed
ORD002489,2025-09-29,CUST00762,PROD0095,B004,2,710.27,0.1,639.25,535.77,103.48,Completed
ORD002498,2025-10-05,CUST01418,PROD0005,B002,1,1222.39,0.05,1161.28,753.73,407.55,Completed
ORD002500,2025-04-26,CUST00270,PROD0031,B002,4,2668.14,0.15,2267.92,2189.98,77.94,Completed
ORD002503,2025-04-18,CUST01639,PROD0120,B001,4,1423.09,0.15,1209.62,1467.78,-258.16,Completed
ORD002505,2025-02-11,CUST00605,PROD0058,B005,3,938.27,0.2,750.61,523.75,226.86,Completed
ORD002511,2025-03-09,CUST02351,PROD0060,B002,1,89.53,0.2,71.62,58.78,12.84,Completed
ORD002512,2025-05-04,CUST00726,PROD0049,B005,1,1332.72,0.2,1066.18,771.08,295.1,Completed
ORD002521,2025-10-22,CUST00918,PROD0078,B003,4,3727.82,0.1,3355.04,2295.91,1059.13,Completed
ORD002530,2025-05-23,CUST02290,PROD0076,B005,3,899.93,0.2,719.94,720.15,-0.21,Completed
ORD002531,2025-11-28,CUST00285,PROD0024,B004,1,1282.03,0.0,1282.03,703.09,578.94,Completed
ORD002533,2025-01-29,CUST00670,PROD0112,B002,2,1732.73,0.2,1386.18,1356.66,29.52,Completed
ORD002549,2025-11-13,CUST00436,PROD0073,B003,4,731.21,0.1,658.09,479.89,178.2,Completed
ORD002551,2025-10-16,CUST00392,PROD0117,B003,2,1544.53,0.05,1467.3,952.25,515.05,Completed
ORD002555,2025-03-30,CUST01643,PROD0091,B003,3,1241.02,0.2,992.82,945.87,46.95,Completed
ORD002560,2025-02-13,CUST01724,PROD0112,B005,2,1732.73,0.1,1559.45,1356.66,202.79,Completed
ORD002563,2025-06-22,CUST00086,PROD0078,B001,3,2795.86,0.1,2516.27,1721.93,794.34,Completed
ORD002571,2025-04-15,CUST01941,PROD0061,B005,1,448.2,0.2,358.56,315.02,43.54,Completed
ORD002580,2025-11-09,CUST00701,PROD0082,B005,2,4189.05,0.2,3351.24,2267.33,1083.91,Completed
ORD002581,2025-12-14,CUST02205,PROD0030,B002,5,5096.92,0.05,4842.07,4067.97,774.1,Completed
ORD002582,2025-07-12,CUST01743,PROD0029,B002,1,458.01,0.0,458.01,265.85,192.16,Completed
ORD002584,2025-05-25,CUST01853,PROD0032,B002,3,2209.3,0.2,1767.44,1215.9,551.54,Completed
ORD002588,2025-10-04,CUST02194,PROD0016,B001,5,444.32,0.0,444.32,266.08,178.24,Completed
ORD002590,2025-10-31,CUST01613,PROD0109,B001,5,6779.33,0.1,6101.4,4875.55,1225.85,Completed
ORD002592,2025-09-28,CUST01827,PROD0001,B004,1,1939.39,0.0,1939.39,1063.18,876.21,Completed
ORD002603,2025-10-27,CUST02231,PROD0029,B001,3,1374.02,0.25,1030.51,797.55,232.96,Completed
ORD002604,2025-07-26,CUST00610,PROD0023,B002,1,1273.06,0.0,1273.06,786.92,486.14,Completed
ORD002609,2025-06-06,CUST00107,PROD0046,B001,2,446.67,0.05,424.34,337.11,87.23,Completed
ORD002610,2025-06-23,CUST00754,PROD0036,B001,3,850.08,0.25,637.56,459.65,177.91,Completed
ORD002614,2025-06-15,CUST02462,PROD0072,B005,5,2325.79,0.15,1976.92,1633.1,343.82,Completed
ORD002619,2025-09-11,CUST02099,PROD0052,B001,4,2642.73,0.1,2378.46,1813.4,565.06,Completed
ORD002626,2025-08-17,CUST00768,PROD0056,B004,1,901.74,0.15,766.48,1057.64,-291.16,Completed
ORD002629,2025-08-14,CUST00693,PROD0106,B003,3,2155.74,0.15,1832.38,1293.66,538.72,Completed
ORD002630,2025-12-20,CUST02174,PROD0109,B003,1,1355.87,0.2,1084.69,975.11,109.58,Completed
ORD002632,2025-02-15,CUST02441,PROD0089,B001,2,686.67,0.05,652.33,451.18,201.15,Completed
ORD002636,2025-12-29,CUST00466,PROD0014,B004,5,6904.38,0.15,5868.73,3953.01,1915.72,Completed
ORD002637,2025-03-16,CUST01169,PROD0081,B001,5,665.54,0.2,532.43,495.54,36.89,Completed
ORD002639,2025-07-31,CUST01395,PROD0072,B002,3,1395.47,0.15,1186.15,979.86,206.29,Completed
ORD002641,2025-11-19,CUST02307,PROD0027,B002,2,1368.76,0.2,1095.0,991.49,103.51,Completed
ORD002646,2025-01-18,CUST01207,PROD0078,B001,5,4659.77,0.0,4659.77,2869.89,1789.88,Completed
ORD002650,2025-07-18,CUST01969,PROD0037,B005,3,1739.02,0.1,1565.12,1447.68,117.44,Completed
ORD002651,2025-11-18,CUST02302,PROD0046,B001,5,1116.68,0.15,949.17,842.77,106.4,Completed
ORD002652,2025-05-02,CUST02181,PROD0020,B005,3,2281.92,0.15,1939.63,1643.2,296.43,Completed
ORD002654,2025-10-20,CUST02083,PROD0080,B002,1,406.6,0.25,304.95,282.0,22.95,Completed
ORD002655,2025-03-05,CUST01642,PROD0014,B003,1,1380.88,0.05,1311.83,790.6,521.23,Completed
ORD002658,2025-05-29,CUST00463,PROD0085,B003,4,172.21,0.1,154.99,136.46,18.53,Completed
ORD002661,2025-06-13,CUST01855,PROD0090,B003,3,959.63,0.25,719.73,600.54,119.19,Completed
ORD002666,2025-03-06,CUST02046,PROD0100,B002,2,1621.98,0.25,1216.48,1266.56,-50.08,Completed
ORD002673,2025-11-01,CUST00749,PROD0001,B004,5,9696.97,0.15,8242.42,5315.89,2926.53,Completed
ORD002679,2025-08-07,CUST00295,PROD0056,B004,5,7058.6,0.0,7058.6,5288.22,1770.38,Completed
ORD002680,2025-05-29,CUST01693,PROD0006,B002,1,669.46,0.1,602.52,485.9,116.62,Completed
ORD002688,2025-04-05,CUST00582,PROD0012,B005,3,388.85,0.1,349.97,262.72,87.25,Completed
ORD002691,2025-06-18,CUST00420,PROD0011,B001,5,4239.74,0.05,4027.75,3288.12,739.63,Completed
ORD002693,2025-12-22,CUST00691,PROD0098,B004,4,3997.57,0.1,3597.81,2235.32,1362.49,Completed
ORD002694,2025-06-12,CUST00533,PROD0016,B001,4,355.46,0.05,337.68,212.86,124.82,Completed
ORD002699,2025-10-17,CUST01224,PROD0079,B001,4,693.21,0.0,693.21,466.28,226.93,Completed
ORD002705,2025-05-29,CUST01007,PROD0118,B001,5,1449.42,0.05,1376.95,970.84,406.11,Completed
ORD002718,2025-10-27,CUST00809,PROD0007,B004,1,47.71,0.0,47.71,35.75,11.96,Completed
ORD002723,2025-11-05,CUST02104,PROD0098,B001,3,2998.18,0.05,2848.27,1676.49,1171.78,Completed
ORD002724,2025-12-31,CUST01415,PROD0089,B005,3,1030.0,0.0,1030.0,676.76,353.24,Completed
ORD002725,2025-06-02,CUST01807,PROD0055,B005,4,1858.97,0.2,1487.17,1054.16,433.01,Completed
ORD002726,2025-07-26,CUST02064,PROD0087,B005,1,1181.06,0.1,1062.96,824.7,238.26,Completed
ORD002736,2025-09-05,CUST01769,PROD0052,B001,4,2642.73,0.15,2246.32,1813.4,432.92,Completed
ORD002741,2025-01-17,CUST02228,PROD0021,B001,4,3380.64,0.15,2873.54,2054.31,819.23,Completed
ORD002749,2025-07-02,CUST01789,PROD0082,B003,4,8378.11,0.05,7959.2,4534.66,3424.54,Completed
ORD002753,2025-07-20,CUST01989,PROD0080,B003,1,406.6,0.15,345.61,282.0,63.61,Completed
ORD002759,2025-02-13,CUST02310,PROD0087,B002,2,2362.13,0.05,2244.02,1649.39,594.63,Completed
ORD002764,2025-04-04,CUST00625,PROD0084,B004,2,1036.54,0.1,932.89,765.25,167.64,Completed
ORD002772,2025-08-08,CUST01670,PROD0040,B002,4,3962.7,0.1,3566.43,2161.41,1405.02,Completed
ORD002773,2025-09-07,CUST02116,PROD0059,B001,5,4875.0,0.05,4631.25,3083.56,1547.69,Completed
ORD002776,2025-05-27,CUST01160,PROD0068,B001,5,5124.67,0.05,4868.44,4116.82,751.62,Completed
ORD002780,2025-05-11,CUST00927,PROD0116,B003,4,1048.69,0.05,996.26,860.36,135.9,Completed
ORD002785,2025-01-01,CUST01618,PROD0058,B003,5,1563.78,0.1,1407.41,872.91,534.5,Completed
ORD002786,2025-01-02,CUST00788,PROD0040,B002,4,3962.7,0.0,3962.7,2161.41,1801.29,Completed
ORD002787,2025-12-24,CUST01929,PROD0044,B003,4,4375.79,0.05,4157.0,2429.64,1727.36,Completed
ORD002809,2025-03-04,CUST00152,PROD0035,B002,2,1160.82,0.15,986.7,871.23,115.47,Completed
ORD002813,2025-09-24,CUST01415,PROD0034,B001,5,5387.24,0.1,4848.51,3582.94,1265.57,Completed
ORD002815,2025-04-17,CUST02448,PROD0009,B003,4,1277.14,0.1,1149.43,782.1,367.33,Completed
ORD002818,2025-04-25,CUST01840,PROD0020,B001,4,3042.55,0.0,3042.55,2190.93,851.62,Completed
ORD002822,2025-04-08,CUST00746,PROD0064,B005,3,2775.68,0.25,2081.76,2109.86,-28.1,Completed
ORD002831,2025-09-30,CUST02237,PROD0092,B001,4,417.78,0.05,396.89,266.55,130.34,Completed
ORD002833,2025-11-14,CUST01871,PROD0044,B001,2,2187.9,0.1,1969.11,1214.82,754.29,Completed
ORD002837,2025-11-20,CUST01974,PROD0003,B004,5,1888.96,0.2,1511.16,1338.64,172.52,Completed
ORD002838,2025-08-27,CUST02009,PROD0087,B001,1,1181.06,0.05,1122.01,824.7,297.31,Completed
ORD002840,2025-06-18,CUST02354,PROD0117,B004,3,2316.79,0.2,1853.44,1428.37,425.07,Completed
ORD002843,2025-08-22,CUST00288,PROD0031,B001,4,2668.14,0.15,2267.92,2189.98,77.94,Completed
ORD002849,2025-02-16,CUST02002,PROD0113,B001,4,5016.73,0.0,5016.73,3627.81,1388.92,Completed
ORD002852,2025-06-07,CUST02241,PROD0029,B004,4,1832.02,0.2,1465.62,1063.4,402.22,Completed
ORD002854,2025-09-09,CUST00759,PROD0018,B002,4,6885.23,0.1,6196.71,4287.63,1909.08,Completed
ORD002857,2025-10-02,CUST00817,PROD0064,B001,4,3700.91,0.25,2775.68,2813.15,-37.47,Completed
ORD002858,2025-05-29,CUST00937,PROD0105,B001,3,1265.21,0.1,1138.69,932.39,206.3,Completed
ORD002866,2025-03-01,CUST00539,PROD0091,B003,5,2068.37,0.15,1758.12,1576.45,181.67,Completed
ORD002869,2025-04-20,CUST00622,PROD0031,B001,4,2668.14,0.0,2668.14,2189.98,478.16,Completed
ORD002872,2025-02-06,CUST00008,PROD0043,B001,5,1456.99,0.05,1384.14,893.23,490.91,Completed
ORD002880,2025-08-31,CUST00541,PROD0075,B003,5,7069.49,0.1,6362.54,5462.28,900.26,Completed
ORD002882,2025-01-30,CUST01411,PROD0032,B001,4,2945.74,0.1,2651.16,1621.2,1029.96,Completed
ORD002886,2025-12-18,CUST01373,PROD0077,B002,4,1216.09,0.15,1033.68,984.21,49.47,Completed
ORD002887,2025-07-01,CUST00813,PROD0060,B003,3,268.58,0.0,268.58,176.33,92.25,Completed
ORD002888,2025-02-05,CUST02205,PROD0052,B004,4,2642.73,0.15,2246.32,1813.4,432.92,Completed
ORD002894,2025-06-07,CUST01953,PROD0024,B003,3,3846.1,0.25,2884.58,2109.28,775.3,Completed
ORD002896,2025-07-26,CUST01999,PROD0050,B003,3,3297.42,0.05,3132.55,1902.8,1229.75,Completed
ORD002900,2025-12-06,CUST01024,PROD0009,B001,1,319.28,0.0,319.28,195.53,123.75,Completed
ORD002910,2025-09-09,CUST00045,PROD0053,B004,5,2779.19,0.25,2084.39,1808.01,276.38,Completed
ORD002912,2025-08-24,CUST02482,PROD0020,B002,2,1521.28,0.0,1521.28,1095.47,425.81,Completed
ORD002913,2025-02-26,CUST01735,PROD0063,B004,5,663.4,0.05,630.23,502.33,127.9,Completed
ORD002916,2025-06-09,CUST00450,PROD0078,B003,1,931.95,0.1,838.76,573.98,264.78,Completed
ORD002917,2025-10-11,CUST00889,PROD0043,B001,1,291.4,0.1,262.26,178.65,83.61,Completed
ORD002921,2025-01-16,CUST00726,PROD0117,B001,3,2316.79,0.1,2085.12,1428.37,656.75,Completed
ORD002929,2025-09-30,CUST01793,PROD0009,B001,2,638.57,0.15,542.79,391.05,151.74,Completed
ORD002933,2025-06-30,CUST02433,PROD0106,B001,3,2155.74,0.1,1940.17,1293.66,646.51,Completed
ORD002935,2025-11-29,CUST00798,PROD0063,B003,2,265.36,0.05,252.09,200.93,51.16,Completed
ORD002936,2025-06-05,CUST01539,PROD0056,B002,5,7058.6,0.15,5999.81,5288.22,711.59,Completed
ORD002939,2025-12-08,CUST02194,PROD0018,B005,1,1721.31,0.1,1549.18,1071.91,477.27,Completed
ORD002940,2025-10-12,CUST01506,PROD0093,B002,2,1732.71,0.2,1386.16,1271.34,114.82,Completed
ORD002949,2025-08-13,CUST02478,PROD0114,B003,5,6872.68,0.0,6872.68,5215.83,1656.85,Completed
ORD002953,2025-07-09,CUST01707,PROD0073,B004,1,182.8,0.0,182.8,119.97,62.83,Completed
ORD002958,2025-07-14,CUST01607,PROD0067,B005,2,1813.62,0.15,1541.58,994.65,546.93,Completed
ORD002961,2025-06-21,CUST02157,PROD0041,B004,5,575.39,0.1,517.85,312.45,205.4,Completed
ORD002962,2025-09-28,CUST00417,PROD0053,B003,3,1667.51,0.0,1667.51,1084.81,582.7,Completed
ORD002966,2025-10-21,CUST00523,PROD0030,B001,5,5096.92,0.05,4842.07,4067.97,774.1,Completed
ORD002973,2025-10-13,CUST01139,PROD0109,B003,1,1355.87,0.1,1220.28,975.11,245.17,Completed
ORD002974,2025-07-04,CUST02194,PROD0003,B001,4,1511.16,0.0,1511.16,1070.91,440.25,Completed
ORD002977,2025-04-25,CUST01151,PROD0099,B001,4,3397.08,0.0,3397.08,2374.27,1022.81,Completed
ORD002979,2025-04-24,CUST00854,PROD0113,B004,3,3762.55,0.15,3198.17,2720.86,477.31,Completed
ORD002986,2025-07-30,CUST02487,PROD0069,B004,2,2530.07,0.15,2150.56,1372.88,777.68,Completed
ORD003007,2025-10-14,CUST02254,PROD0089,B004,1,343.33,0.15,291.83,225.59,66.24,Completed
ORD003008,2025-02-14,CUST02316,PROD0049,B001,4,5330.89,0.05,5064.35,3084.32,1980.03,Completed
ORD003014,2025-11-04,CUST00539,PROD0087,B001,2,2362.13,0.1,2125.91,1649.39,476.52,Completed
ORD003024,2025-12-21,CUST01707,PROD0016,B002,1,88.86,0.2,71.09,53.22,17.87,Completed
ORD003029,2025-04-20,CUST00636,PROD0017,B001,3,2608.78,0.05,2478.34,1895.94,582.4,Completed
ORD003031,2025-11-30,CUST01331,PROD0036,B005,2,566.72,0.15,481.71,306.44,175.27,Completed
ORD003033,2025-01-04,CUST00004,PROD0056,B004,4,5646.88,0.15,4799.84,4230.57,569.27,Completed
ORD003034,2025-08-26,CUST01094,PROD0094,B003,3,585.84,0.05,556.55,351.05,205.5,Completed
ORD003035,2025-04-14,CUST01297,PROD0039,B003,1,1482.69,0.1,1334.42,826.25,508.17,Completed
ORD003043,2025-10-21,CUST00177,PROD0039,B001,3,4448.07,0.1,4003.26,2478.74,1524.52,Completed
ORD003052,2025-01-18,CUST01252,PROD0044,B002,4,4375.79,0.05,4157.0,2429.64,1727.36,Completed
ORD003061,2025-06-10,CUST01243,PROD0006,B003,3,2008.39,0.0,2008.39,1457.71,550.68,Completed
ORD003062,2025-07-17,CUST00239,PROD0013,B001,5,3382.77,0.2,2706.22,2288.62,417.6,Completed
ORD003063,2025-06-05,CUST01948,PROD0092,B004,5,522.22,0.0,522.22,333.18,189.04,Completed
ORD003072,2025-01-01,CUST00694,PROD0003,B002,2,755.58,0.2,604.47,535.46,69.01,Completed
ORD003073,2025-07-27,CUST01625,PROD0117,B003,1,772.26,0.0,772.26,476.12,296.14,Completed
ORD003080,2025-04-09,CUST00694,PROD0114,B004,1,1374.54,0.1,1237.08,1043.17,193.91,Completed
ORD003081,2025-03-26,CUST00749,PROD0006,B002,1,669.46,0.15,569.05,485.9,83.15,Completed
ORD003084,2025-08-14,CUST01702,PROD0039,B002,4,5930.76,0.25,4448.07,3304.98,1143.09,Completed
ORD003089,2025-11-01,CUST02298,PROD0043,B002,3,874.19,0.05,830.48,535.94,294.54,Completed
ORD003093,2025-11-30,CUST01191,PROD0114,B001,5,6872.68,0.15,5841.78,5215.83,625.95,Completed
ORD003094,2025-11-11,CUST02234,PROD0090,B005,4,1279.51,0.05,1215.54,800.72,414.82,Completed
ORD003106,2025-12-01,CUST01985,PROD0112,B002,5,3286.02,0.1,2957.41,3391.64,-434.23,Completed
ORD003109,2025-06-12,CUST01346,PROD0030,B002,1,1019.38,0.2,815.51,813.59,1.92,Completed
ORD003110,2025-08-27,CUST00406,PROD0056,B004,5,7058.6,0.1,6352.74,5288.22,1064.52,Completed
ORD003118,2025-06-28,CUST02424,PROD0058,B004,3,938.27,0.05,891.36,523.75,367.61,Completed
ORD003121,2025-01-13,CUST01697,PROD0068,B001,1,1024.93,0.2,819.95,823.36,-3.41,Completed
ORD003122,2025-01-21,CUST00136,PROD0069,B003,3,3795.1,0.15,3225.84,2059.31,1166.53,Completed
ORD003123,2025-11-19,CUST00376,PROD0059,B005,3,2925.0,0.0,2925.0,1850.13,1074.87,Completed
ORD003128,2025-10-31,CUST00561,PROD0105,B003,2,843.47,0.05,801.3,621.59,179.71,Completed
ORD003130,2025-10-27,CUST00595,PROD0090,B001,4,1279.51,0.15,1087.59,800.72,286.87,Completed
ORD003136,2025-08-27,CUST01747,PROD0070,B001,4,802.1,0.0,802.1,550.37,251.73,Completed
ORD003137,2025-03-02,CUST00058,PROD0040,B001,1,990.67,0.0,990.67,540.35,450.32,Completed
ORD003141,2025-09-05,CUST00893,PROD0046,B004,5,1116.68,0.2,893.34,842.77,50.57,Completed
ORD003146,2025-01-16,CUST00288,PROD0026,B004,3,1180.52,0.1,1062.47,852.89,209.58,Completed
ORD003147,2025-08-05,CUST01321,PROD0086,B005,1,527.87,0.0,527.87,400.74,127.13,Completed
ORD003151,2025-06-28,CUST01990,PROD0104,B005,1,1602.45,0.1,1442.21,1059.57,382.64,Completed
ORD003156,2025-08-14,CUST01066,PROD0108,B002,5,4549.41,0.15,3867.0,2617.12,1249.88,Completed
ORD003163,2025-02-15,CUST01239,PROD0013,B002,4,2706.22,0.15,2300.28,1830.9,469.38,Completed
ORD003166,2025-06-15,CUST01457,PROD0111,B001,2,3669.64,0.15,3119.19,2214.12,905.07,Completed
ORD003168,2025-01-23,CUST01689,PROD0093,B003,2,1732.71,0.05,1646.07,1271.34,374.73,Completed
ORD003172,2025-09-28,CUST00372,PROD0069,B005,3,3795.1,0.25,2846.33,2059.31,787.02,Completed
ORD003178,2025-03-27,CUST01476,PROD0091,B003,5,2068.37,0.1,1861.54,1576.45,285.09,Completed
ORD003179,2025-04-16,CUST01091,PROD0032,B002,1,736.43,0.1,662.79,405.3,257.49,Completed
ORD003181,2025-11-24,CUST02272,PROD0108,B003,3,2729.65,0.15,2320.2,1570.27,749.93,Completed
ORD003184,2025-08-07,CUST00401,PROD0059,B005,3,2925.0,0.05,2778.75,1850.13,928.62,Completed
ORD003185,2025-08-24,CUST02495,PROD0090,B003,2,639.76,0.0,639.76,400.36,239.4,Completed
ORD003188,2025-10-03,CUST02061,PROD0048,B005,3,2665.1,0.1,2398.59,1846.48,552.11,Completed
ORD003191,2025-08-17,CUST00411,PROD0035,B001,2,1160.82,0.0,1160.82,871.23,289.59,Completed
ORD003193,2025-03-02,CUST01563,PROD0007,B004,5,238.54,0.05,226.61,178.76,47.85,Completed
ORD003197,2025-04-17,CUST01610,PROD0074,B005,4,2611.38,0.1,2350.24,2019.35,330.89,Completed
ORD003198,2025-09-14,CUST02403,PROD0053,B003,3,1667.51,0.15,1417.39,1084.81,332.58,Completed
ORD003200,2025-06-18,CUST00096,PROD0108,B003,2,1819.76,0.1,1637.79,1046.85,590.94,Completed
ORD003211,2025-12-12,CUST02486,PROD0118,B005,4,1159.53,0.0,1159.53,776.67,382.86,Completed
ORD003214,2025-05-20,CUST01430,PROD0032,B004,4,2945.74,0.2,2356.59,1621.2,735.39,Completed
ORD003230,2025-04-06,CUST00315,PROD0011,B001,1,847.95,0.1,763.15,657.62,105.53,Completed
ORD003240,2025-12-09,CUST01989,PROD0120,B001,3,1707.5,0.15,1451.37,1100.84,350.53,Completed
ORD003246,2025-04-08,CUST00732,PROD0054,B002,2,2255.35,0.0,2255.35,1524.07,731.28,Completed
ORD003249,2025-03-11,CUST01977,PROD0114,B004,1,1374.54,0.15,1168.36,1043.17,125.19,Completed
ORD003254,2025-12-22,CUST01304,PROD0035,B005,3,1741.24,0.05,1654.18,1306.85,347.33,Completed
ORD003258,2025-12-06,CUST01964,PROD0064,B002,3,2775.68,0.1,2498.11,2109.86,388.25,Completed
ORD003262,2025-10-25,CUST00213,PROD0069,B005,2,2530.07,0.25,1897.55,1372.88,524.67,Completed
ORD003269,2025-01-13,CUST02295,PROD0001,B005,1,1939.39,0.15,1648.49,1063.18,585.31,Completed
ORD003270,2025-05-02,CUST01587,PROD0002,B002,1,680.14,0.15,578.12,411.26,166.86,Completed
ORD003273,2025-11-14,CUST00646,PROD0027,B002,4,2737.51,0.1,2463.76,1982.98,480.78,Completed
ORD003278,2025-01-21,CUST00761,PROD0106,B001,2,1437.16,0.1,1293.45,862.44,431.01,Completed
ORD003284,2025-01-07,CUST02057,PROD0006,B001,2,1338.93,0.15,1138.09,971.81,166.28,Completed
ORD003287,2025-03-08,CUST01986,PROD0045,B001,2,2009.5,0.2,1607.6,1433.11,174.49,Completed
ORD003291,2025-08-15,CUST00796,PROD0091,B001,1,413.67,0.05,392.99,315.29,77.7,Completed
ORD003295,2025-09-15,CUST00797,PROD0061,B001,1,448.2,0.15,380.97,315.02,65.95,Completed
ORD003296,2025-04-24,CUST01397,PROD0097,B001,2,3522.34,0.15,2993.99,2169.23,824.76,Completed
ORD003299,2025-06-26,CUST00930,PROD0058,B002,3,938.27,0.0,938.27,523.75,414.52,Completed
ORD003302,2025-09-17,CUST01323,PROD0016,B003,4,355.46,0.25,266.59,212.86,53.73,Completed
ORD003312,2025-01-10,CUST00318,PROD0033,B002,3,1801.02,0.05,1710.97,1149.73,561.24,Completed
ORD003316,2025-05-02,CUST00692,PROD0105,B003,3,1265.21,0.0,1265.21,932.39,332.82,Completed
ORD003318,2025-03-13,CUST00328,PROD0028,B003,4,2920.77,0.1,2628.69,1834.06,794.63,Completed
ORD003324,2025-12-02,CUST01985,PROD0013,B004,1,676.55,0.2,541.24,457.72,83.52,Completed
ORD003327,2025-09-29,CUST02441,PROD0090,B003,3,959.63,0.1,863.67,600.54,263.13,Completed
ORD003335,2025-03-05,CUST01590,PROD0030,B002,4,4077.53,0.2,3262.02,3254.38,7.64,Completed
ORD003341,2025-10-23,CUST01026,PROD0078,B002,2,1863.91,0.1,1677.52,1147.95,529.57,Completed
ORD003349,2025-08-15,CUST01548,PROD0005,B003,3,3667.18,0.1,3300.47,2261.19,1039.28,Completed
ORD003350,2025-06-05,CUST00178,PROD0120,B001,2,1138.33,0.2,910.66,733.89,176.77,Completed
ORD003351,2025-06-05,CUST00065,PROD0036,B003,2,566.72,0.1,510.05,306.44,203.61,Completed
ORD003353,2025-11-25,CUST00182,PROD0029,B002,3,1374.02,0.2,1099.21,797.55,301.66,Completed
ORD003356,2025-04-09,CUST01616,PROD0100,B003,1,810.99,0.15,689.34,633.28,56.06,Completed
ORD003370,2025-07-25,CUST02026,PROD0083,B005,3,4962.56,0.1,4466.31,3364.43,1101.88,Completed
ORD003371,2025-06-19,CUST00929,PROD0055,B001,1,464.74,0.0,464.74,263.54,201.2,Completed
ORD003374,2025-02-12,CUST00027,PROD0101,B003,2,1292.78,0.05,1228.14,921.0,307.14,Completed
ORD003383,2025-02-22,CUST01514,PROD0046,B002,2,446.67,0.2,357.34,337.11,20.23,Completed
ORD003384,2025-08-31,CUST00612,PROD0067,B005,1,906.81,0.0,906.81,497.33,409.48,Completed
ORD003386,2025-09-16,CUST01775,PROD0010,B002,5,9212.77,0.25,6909.58,5359.98,1549.6,Completed
ORD003389,2025-08-29,CUST00362,PROD0057,B005,1,1005.1,0.15,854.34,648.95,205.39,Completed
ORD003393,2025-11-19,CUST02119,PROD0034,B001,3,3232.34,0.1,2909.11,2149.77,759.34,Completed
ORD003394,2025-12-09,CUST00965,PROD0060,B001,2,179.05,0.05,170.1,117.55,52.55,Completed
ORD003396,2025-12-14,CUST00558,PROD0094,B002,5,976.4,0.1,878.76,585.09,293.67,Completed
ORD003400,2025-01-13,CUST01054,PROD0043,B002,1,291.4,0.1,262.26,178.65,83.61,Completed
ORD003409,2025-09-11,CUST01407,PROD0006,B001,5,3347.32,0.15,2845.22,2429.52,415.7,Completed
ORD003415,2025-03-01,CUST01809,PROD0011,B001,3,2543.84,0.1,2289.46,1972.87,316.59,Completed
ORD003417,2025-12-14,CUST01007,PROD0039,B002,5,7413.45,0.25,5560.09,4131.23,1428.86,Completed
ORD003422,2025-05-01,CUST01376,PROD0084,B005,4,2073.08,0.15,1762.12,1530.5,231.62,Completed
ORD003429,2025-01-18,CUST00916,PROD0032,B001,1,736.43,0.1,662.79,405.3,257.49,Completed
ORD003431,2025-12-14,CUST02499,PROD0059,B001,5,4875.0,0.05,4631.25,3083.56,1547.69,Completed
ORD003434,2025-04-26,CUST00591,PROD0031,B002,4,2668.14,0.15,2267.92,2189.98,77.94,Completed
ORD003440,2025-11-18,CUST01016,PROD0007,B004,3,143.12,0.15,121.65,107.26,14.39,Completed
ORD003441,2025-02-16,CUST00911,PROD0083,B005,3,4962.56,0.0,4962.56,3364.43,1598.13,Completed
ORD003443,2025-07-21,CUST00566,PROD0086,B004,1,527.87,0.15,448.69,400.74,47.95,Completed
ORD003445,2025-11-04,CUST02042,PROD0086,B001,1,527.87,0.2,422.29,400.74,21.55,Completed
ORD003446,2025-02-27,CUST01497,PROD0116,B002,1,262.17,0.15,222.85,215.09,7.76,Completed
ORD003452,2025-10-21,CUST00941,PROD0001,B001,3,5818.18,0.25,4363.64,3189.54,1174.1,Completed
ORD003457,2025-08-11,CUST02315,PROD0070,B004,1,200.52,0.05,190.5,137.59,52.91,Completed
ORD003458,2025-12-05,CUST02483,PROD0008,B002,1,265.55,0.1,239.0,218.91,20.09,Completed
ORD003467,2025-02-21,CUST02202,PROD0089,B005,4,1373.33,0.0,1373.33,902.35,470.98,Completed
ORD003470,2025-06-08,CUST02323,PROD0036,B002,3,850.08,0.1,765.07,459.65,305.42,Completed
ORD003472,2025-03-15,CUST00128,PROD0056,B004,1,1411.72,0.05,1341.13,1057.64,283.49,Completed
ORD003473,2025-06-27,CUST02194,PROD0055,B005,4,1858.97,0.1,1673.07,1054.16,618.91,Completed
ORD003484,2025-05-24,CUST00999,PROD0047,B003,5,1550.99,0.2,1240.79,898.25,342.54,Completed
ORD003485,2025-03-02,CUST02081,PROD0072,B001,5,2325.79,0.2,1860.63,1633.1,227.53,Completed
ORD003486,2025-09-16,CUST02326,PROD0002,B003,1,680.14,0.1,612.12,411.26,200.86,Completed
ORD003490,2025-02-28,CUST02318,PROD0086,B003,2,1055.73,0.2,844.59,801.48,43.11,Completed
ORD003492,2025-02-20,CUST01278,PROD0065,B005,5,6756.67,0.25,5067.5,5056.08,11.42,Completed
ORD003497,2025-01-22,CUST00658,PROD0056,B004,4,5646.88,0.05,5364.53,4230.57,1133.96,Completed
ORD003501,2025-09-30,CUST00404,PROD0094,B001,2,390.56,0.1,351.51,234.04,117.47,Completed
ORD003503,2025-07-09,CUST00995,PROD0109,B002,3,4067.6,0.05,3864.22,2925.33,938.89,Completed
ORD003510,2025-10-23,CUST00796,PROD0097,B002,1,1761.17,0.1,1585.05,1084.62,500.43,Completed
ORD003522,2025-11-12,CUST01984,PROD0002,B004,2,1360.28,0.2,1088.22,822.52,265.7,Completed
ORD003527,2025-03-22,CUST02077,PROD0028,B005,5,3650.96,0.05,3468.41,2292.57,1175.84,Completed
ORD003539,2025-10-10,CUST01604,PROD0078,B002,5,4659.77,0.1,4193.8,2869.89,1323.91,Completed
ORD003542,2025-03-28,CUST00718,PROD0009,B001,4,1277.14,0.1,1149.43,782.1,367.33,Completed
ORD003545,2025-12-14,CUST01903,PROD0078,B003,3,2795.86,0.1,2516.27,1721.93,794.34,Completed
ORD003556,2025-01-01,CUST01849,PROD0094,B003,2,390.56,0.1,351.51,234.04,117.47,Completed
ORD003559,2025-10-08,CUST02427,PROD0019,B002,5,4443.47,0.2,3554.78,2770.95,783.83,Completed
ORD003562,2025-03-23,CUST00832,PROD0009,B001,5,1596.42,0.05,1516.6,977.63,538.97,Completed
ORD003566,2025-05-25,CUST00674,PROD0082,B003,2,4189.05,0.0,4189.05,2267.33,1921.72,Completed
ORD003567,2025-12-10,CUST00810,PROD0020,B002,3,2281.92,0.1,2053.72,1643.2,410.52,Completed
ORD003571,2025-05-17,CUST00944,PROD0025,B005,2,1980.09,0.0,1980.09,1181.43,798.66,Completed
ORD003572,2025-02-01,CUST00870,PROD0048,B003,2,1776.73,0.25,1332.55,1230.99,101.56,Completed
ORD003574,2025-02-28,CUST01140,PROD0085,B005,3,129.15,0.0,129.15,102.34,26.81,Completed
ORD003576,2025-06-07,CUST00680,PROD0061,B005,2,896.4,0.15,761.94,630.05,131.89,Completed
ORD003583,2025-07-01,CUST00041,PROD0015,B001,1,1421.07,0.05,1350.01,883.73,466.28,Completed
ORD003588,2025-04-27,CUST01473,PROD0067,B004,5,4534.04,0.05,4307.34,2486.63,1820.71,Completed
ORD003589,2025-06-11,CUST02285,PROD0102,B001,4,3085.61,0.25,2314.2,1779.46,534.74,Completed
ORD003591,2025-04-01,CUST00152,PROD0003,B002,5,1888.96,0.1,1700.06,1338.64,361.42,Completed
ORD003595,2025-01-29,CUST00965,PROD0070,B002,1,200.52,0.15,170.45,137.59,32.86,Completed
ORD003601,2025-09-23,CUST00874,PROD0001,B005,4,7757.58,0.1,6981.82,4252.71,2729.11,Completed
ORD003604,2025-10-13,CUST01604,PROD0072,B005,2,930.32,0.05,883.8,653.24,230.56,Completed
ORD003605,2025-03-22,CUST01984,PROD0019,B004,1,888.69,0.15,755.39,554.19,201.2,Completed
ORD003608,2025-01-12,CUST00574,PROD0065,B002,5,6756.67,0.15,5743.18,5056.08,687.1,Completed
ORD003616,2025-02-28,CUST01604,PROD0002,B001,4,2720.55,0.05,2584.53,1645.04,939.49,Completed
ORD003623,2025-06-11,CUST01700,PROD0097,B003,4,7044.68,0.15,5987.98,4338.46,1649.52,Completed
ORD003624,2025-01-16,CUST00215,PROD0114,B005,3,4123.61,0.05,3917.43,3129.5,787.93,Completed
ORD003631,2025-08-29,CUST00119,PROD0061,B004,3,1344.6,0.25,1008.45,945.07,63.38,Completed
ORD003632,2025-11-11,CUST02346,PROD0077,B003,2,608.04,0.1,547.24,492.1,55.14,Completed
ORD003633,2025-09-29,CUST02222,PROD0086,B003,4,2111.47,0.0,2111.47,1602.97,508.5,Completed
ORD003636,2025-05-08,CUST00829,PROD0015,B002,5,7105.34,0.05,6750.07,4418.64,2331.43,Completed
ORD003638,2025-12-12,CUST00084,PROD0017,B005,4,3478.37,0.15,2956.62,2527.92,428.7,Completed
ORD003644,2025-06-09,CUST00172,PROD0028,B002,2,1460.38,0.1,1314.34,917.03,397.31,Completed
ORD003645,2025-02-05,CUST00248,PROD0086,B003,1,527.87,0.05,501.47,400.74,100.73,Completed
ORD003646,2025-08-30,CUST01252,PROD0002,B002,5,3400.69,0.1,3060.63,2056.3,1004.33,Completed
ORD003648,2025-08-29,CUST01605,PROD0101,B005,4,2585.55,0.15,2197.72,1842.01,355.71,Completed
ORD003650,2025-07-25,CUST01674,PROD0101,B001,1,646.39,0.2,517.11,460.5,56.61,Completed
ORD003651,2025-01-15,CUST00581,PROD0082,B001,1,2094.53,0.1,1885.08,1133.66,751.42,Completed
ORD003652,2025-11-17,CUST00119,PROD0017,B001,4,3478.37,0.15,2956.62,2527.92,428.7,Completed
ORD003669,2025-07-28,CUST00743,PROD0050,B001,2,2198.28,0.1,1978.45,1268.54,709.91,Completed
ORD003686,2025-02-04,CUST01375,PROD0083,B003,5,8270.93,0.15,7030.3,5607.38,1422.92,Completed
ORD003689,2025-11-24,CUST01294,PROD0001,B001,4,7757.58,0.15,6593.94,4252.71,2341.23,Completed
ORD003690,2025-02-11,CUST01048,PROD0110,B002,1,796.71,0.05,756.88,463.19,293.69,Completed
ORD003697,2025-09-25,CUST00284,PROD0058,B002,3,938.27,0.15,797.53,523.75,273.78,Completed
ORD003699,2025-03-05,CUST00177,PROD0027,B002,4,2737.51,0.05,2600.64,1982.98,617.66,Completed
ORD003701,2025-05-07,CUST01788,PROD0112,B003,4,3465.45,0.15,2945.63,2713.31,232.32,Completed
ORD003703,2025-06-10,CUST00287,PROD0043,B005,2,582.79,0.15,495.38,357.29,138.09,Completed
ORD003705,2025-05-03,CUST00630,PROD0090,B002,5,1599.39,0.1,1439.45,1000.91,438.54,Completed
ORD003712,2025-06-01,CUST00917,PROD0017,B005,1,869.59,0.1,782.63,631.98,150.65,Completed
ORD003713,2025-04-30,CUST01881,PROD0093,B004,2,1732.71,0.0,1732.71,1271.34,461.37,Completed
ORD003714,2025-09-23,CUST02167,PROD0044,B001,3,3281.84,0.1,2953.66,1822.23,1131.43,Completed
ORD003716,2025-04-17,CUST02072,PROD0111,B003,3,5504.46,0.1,4954.01,3321.19,1632.82,Completed
ORD003722,2025-03-10,CUST00419,PROD0020,B002,4,3042.55,0.0,3042.55,2190.93,851.62,Completed
ORD003725,2025-10-27,CUST01448,PROD0058,B001,1,312.76,0.15,265.85,174.58,91.27,Completed
ORD003728,2025-02-11,CUST02026,PROD0093,B002,4,3465.41,0.1,3118.87,2542.69,576.18,Completed
ORD003730,2025-06-21,CUST02457,PROD0073,B005,5,914.01,0.1,822.61,599.86,222.75,Completed
ORD003732,2025-05-06,CUST01702,PROD0094,B001,1,195.28,0.1,175.75,117.02,58.73,Completed
ORD003733,2025-09-07,CUST01602,PROD0053,B001,4,2223.35,0.1,2001.02,1446.41,554.61,Completed
ORD003736,2025-01-22,CUST01272,PROD0070,B001,5,1002.62,0.0,1002.62,687.96,314.66,Completed
ORD003739,2025-08-12,CUST00254,PROD0052,B003,2,1321.37,0.1,1189.23,906.7,282.53,Completed
ORD003744,2025-02-23,CUST00831,PROD0011,B002,5,4239.74,0.1,3815.77,3288.12,527.65,Completed
ORD003752,2025-03-06,CUST01098,PROD0104,B004,4,3137.56,0.0,3137.56,4238.27,-1100.71,Completed
ORD003753,2025-03-12,CUST01783,PROD0060,B001,1,89.53,0.1,80.57,58.78,21.79,Completed
ORD003756,2025-08-13,CUST00298,PROD0082,B003,5,10472.63,0.2,8378.11,5668.32,2709.79,Completed
ORD003757,2025-02-15,CUST00513,PROD0026,B001,1,393.51,0.15,334.48,284.3,50.18,Completed
ORD003765,2025-10-16,CUST02358,PROD0062,B001,1,729.53,0.15,620.1,578.72,41.38,Completed
ORD003773,2025-11-19,CUST00774,PROD0083,B005,2,3308.37,0.15,2812.12,2242.95,569.17,Completed
ORD003778,2025-02-08,CUST02087,PROD0014,B005,2,2761.75,0.0,2761.75,1581.2,1180.55,Completed
ORD003781,2025-07-08,CUST01968,PROD0018,B001,2,3442.62,0.05,3270.48,2143.81,1126.67,Completed
ORD003786,2025-05-30,CUST01450,PROD0058,B001,3,938.27,0.15,797.53,523.75,273.78,Completed
ORD003790,2025-06-29,CUST02101,PROD0077,B004,3,912.07,0.1,820.86,738.16,82.7,Completed
ORD003792,2025-02-13,CUST00273,PROD0002,B002,1,680.14,0.1,612.12,411.26,200.86,Completed
ORD003800,2025-04-26,CUST01149,PROD0044,B004,1,1093.95,0.05,1039.25,607.41,431.84,Completed
ORD003813,2025-07-30,CUST01021,PROD0040,B004,3,2972.02,0.15,2526.22,1621.06,905.16,Completed
ORD003815,2025-12-16,CUST01303,PROD0031,B002,3,2001.1,0.15,1700.94,1642.48,58.46,Completed
ORD003820,2025-04-25,CUST02407,PROD0088,B003,4,1795.48,0.0,1795.48,1158.41,637.07,Completed
ORD003826,2025-12-12,CUST02235,PROD0119,B003,4,2394.33,0.05,2274.61,1737.24,537.37,Completed
ORD003829,2025-10-24,CUST00223,PROD0003,B004,2,755.58,0.15,642.24,535.46,106.78,Completed
ORD003831,2025-02-26,CUST02124,PROD0030,B004,5,5096.92,0.15,4332.38,4067.97,264.41,Completed
ORD003834,2025-09-19,CUST00744,PROD0113,B002,2,2508.37,0.2,2006.69,1813.91,192.78,Completed
ORD003837,2025-07-14,CUST02439,PROD0083,B002,1,1654.19,0.1,1488.77,1121.48,367.29,Completed
ORD003841,2025-02-28,CUST01394,PROD0053,B001,1,555.84,0.25,416.88,361.6,55.28,Completed
ORD003852,2025-08-31,CUST02265,PROD0055,B002,2,929.48,0.05,883.01,527.08,355.93,Completed
ORD003857,2025-06-01,CUST01633,PROD0113,B002,5,6270.92,0.1,5643.82,4534.77,1109.05,Completed
ORD003862,2025-10-31,CUST01689,PROD0016,B001,2,177.73,0.1,159.95,106.43,53.52,Completed
ORD003865,2025-04-19,CUST01786,PROD0049,B004,3,3998.17,0.0,3998.17,2313.24,1684.93,Completed
ORD003866,2025-04-02,CUST02190,PROD0106,B003,3,2155.74,0.1,1940.17,1293.66,646.51,Completed
ORD003867,2025-01-22,CUST00208,PROD0016,B004,1,88.86,0.1,79.98,53.22,26.76,Completed
ORD003881,2025-03-31,CUST01418,PROD0085,B005,3,129.15,0.05,122.7,102.34,20.36,Completed
ORD003885,2025-11-03,CUST01789,PROD0080,B004,2,813.2,0.0,813.2,563.99,249.21,Completed
ORD003890,2025-10-05,CUST01117,PROD0052,B001,1,660.68,0.0,660.68,453.35,207.33,Completed
ORD003894,2025-09-13,CUST00382,PROD0079,B002,2,346.61,0.1,311.94,233.14,78.8,Completed
ORD003905,2025-07-01,CUST01722,PROD0096,B003,3,5330.76,0.1,4797.69,3103.42,1694.27,Completed
ORD003914,2025-05-19,CUST02387,PROD0095,B002,2,710.27,0.05,674.76,535.77,138.99,Completed
ORD003918,2025-12-15,CUST02257,PROD0021,B002,1,845.16,0.0,845.16,513.58,331.58,Completed
ORD003919,2025-07-27,CUST00635,PROD0032,B004,2,1472.87,0.15,1251.94,810.6,441.34,Completed
ORD003920,2025-03-15,CUST01409,PROD0092,B003,1,104.44,0.1,94.0,66.64,27.36,Completed
ORD003928,2025-08-16,CUST00196,PROD0120,B004,1,569.17,0.15,483.79,366.95,116.84,Completed
ORD003931,2025-09-24,CUST01759,PROD0109,B001,3,4067.6,0.0,4067.6,2925.33,1142.27,Completed
ORD003932,2025-09-16,CUST01199,PROD0005,B002,4,4889.58,0.15,4156.14,3014.92,1141.22,Completed
ORD003941,2025-02-12,CUST00891,PROD0092,B004,2,208.89,0.15,177.56,133.27,44.29,Completed
ORD003942,2025-07-16,CUST01796,PROD0069,B003,1,1265.03,0.1,1138.53,686.44,452.09,Completed
ORD003948,2025-04-29,CUST00601,PROD0047,B001,2,620.39,0.25,465.29,359.3,105.99,Completed
ORD003949,2025-12-07,CUST01593,PROD0036,B001,3,850.08,0.0,850.08,459.65,390.43,Completed
ORD003950,2025-07-28,CUST00759,PROD0090,B001,2,639.76,0.05,607.77,400.36,207.41,Completed
ORD003952,2025-08-04,CUST00358,PROD0021,B003,4,3380.64,0.2,2704.51,2054.31,650.2,Completed
ORD003961,2025-05-18,CUST01553,PROD0027,B003,3,2053.13,0.15,1745.16,1487.24,257.92,Completed
ORD003962,2025-03-25,CUST02421,PROD0115,B005,2,840.39,0.0,840.39,921.31,-80.92,Completed
ORD003963,2025-01-30,CUST00335,PROD0016,B004,5,444.32,0.1,399.89,266.08,133.81,Completed
ORD003968,2025-04-18,CUST02483,PROD0012,B004,1,129.62,0.0,129.62,87.57,42.05,Completed
ORD003976,2025-01-25,CUST01096,PROD0089,B004,4,1373.33,0.1,1236.0,902.35,333.65,Completed
ORD003977,2025-08-07,CUST01089,PROD0069,B003,3,3795.1,0.15,3225.84,2059.31,1166.53,Completed
ORD003982,2025-05-06,CUST00178,PROD0024,B002,3,3846.1,0.05,3653.8,2109.28,1544.52,Completed
ORD003985,2025-06-12,CUST02137,PROD0045,B001,2,2009.5,0.2,1607.6,1433.11,174.49,Completed
ORD003988,2025-01-05,CUST00674,PROD0051,B004,4,3584.37,0.1,3225.93,2376.21,849.72,Completed
ORD003993,2025-07-30,CUST00193,PROD0087,B004,2,2362.13,0.2,1889.7,1649.39,240.31,Completed
ORD003997,2025-09-16,CUST00107,PROD0043,B001,3,874.19,0.05,830.48,535.94,294.54,Completed
ORD004003,2025-12-28,CUST00041,PROD0002,B001,2,1360.28,0.2,1088.22,822.52,265.7,Completed
ORD004007,2025-10-01,CUST00027,PROD0107,B005,5,8891.01,0.05,8446.45,5438.35,3008.1,Completed
ORD004011,2025-09-27,CUST02370,PROD0105,B001,1,421.74,0.0,421.74,310.8,110.94,Completed
ORD004012,2025-04-08,CUST00252,PROD0067,B002,5,4534.04,0.2,3627.23,2486.63,1140.6,Completed
ORD004013,2025-09-24,CUST00642,PROD0022,B004,1,1264.34,0.0,1264.34,913.58,350.76,Completed
ORD004025,2025-12-23,CUST01875,PROD0096,B005,4,7107.69,0.0,7107.69,4137.9,2969.79,Completed
ORD004028,2025-09-26,CUST01458,PROD0002,B003,2,1360.28,0.1,1224.25,822.52,401.73,Completed
ORD004029,2025-10-28,CUST00172,PROD0007,B003,5,238.54,0.05,226.61,178.76,47.85,Completed
ORD004030,2025-11-22,CUST00352,PROD0021,B005,1,845.16,0.1,760.64,513.58,247.06,Completed
ORD004032,2025-04-11,CUST01598,PROD0076,B005,2,599.95,0.0,599.95,480.1,119.85,Completed
ORD004033,2025-10-05,CUST02293,PROD0083,B004,1,1654.19,0.25,1240.64,1121.48,119.16,Completed
ORD004039,2025-06-17,CUST02489,PROD0043,B005,1,291.4,0.15,247.69,178.65,69.04,Completed
ORD004040,2025-02-07,CUST00412,PROD0086,B001,5,2639.34,0.15,2243.44,2003.71,239.73,Completed
ORD004041,2025-07-10,CUST00133,PROD0087,B001,1,1181.06,0.0,1181.06,824.7,356.36,Completed
ORD004042,2025-02-23,CUST01061,PROD0074,B002,4,2611.38,0.05,2480.81,2019.35,461.46,Completed
ORD004048,2025-11-04,CUST00505,PROD0031,B004,1,667.03,0.05,633.69,547.49,86.2,Completed
ORD004053,2025-07-09,CUST00202,PROD0055,B001,1,464.74,0.05,441.5,263.54,177.96,Completed
ORD004062,2025-06-04,CUST02021,PROD0047,B001,3,930.59,0.1,837.53,538.95,298.58,Completed
ORD004064,2025-07-07,CUST00388,PROD0112,B003,4,3465.45,0.1,3118.91,2713.31,405.6,Completed
ORD004080,2025-02-23,CUST01516,PROD0024,B001,1,1282.03,0.05,1217.93,703.09,514.84,Completed
ORD004082,2025-10-31,CUST00981,PROD0036,B001,2,566.72,0.1,510.05,306.44,203.61,Completed
ORD004084,2025-10-17,CUST02267,PROD0008,B002,1,265.55,0.1,239.0,218.91,20.09,Completed
ORD004089,2025-01-07,CUST01906,PROD0012,B002,3,388.85,0.2,311.08,262.72,48.36,Completed
ORD004091,2025-03-09,CUST01031,PROD0059,B001,1,652.45,0.2,521.96,616.71,-94.75,Completed
ORD004094,2025-10-10,CUST01908,PROD0030,B004,3,3058.15,0.15,2599.43,2440.78,158.65,Completed
ORD004099,2025-12-23,CUST01636,PROD0003,B002,1,377.79,0.1,340.01,267.73,72.28,Completed
ORD004100,2025-09-14,CUST00813,PROD0084,B001,5,2591.35,0.15,2202.64,1913.12,289.52,Completed
ORD004103,2025-04-29,CUST02357,PROD0002,B001,1,680.14,0.2,544.11,411.26,132.85,Completed
ORD004110,2025-09-27,CUST00405,PROD0103,B002,5,4363.29,0.1,3926.96,2582.17,1344.79,Completed
ORD004118,2025-01-23,CUST01406,PROD0027,B001,3,2053.13,0.0,2053.13,1487.24,565.89,Completed
ORD004119,2025-07-21,CUST01853,PROD0081,B003,4,532.43,0.25,399.32,396.43,2.89,Completed
ORD004122,2025-04-28,CUST02352,PROD0039,B002,5,7413.45,0.1,6672.1,4131.23,2540.87,Completed
ORD004127,2025-05-15,CUST00083,PROD0085,B002,2,86.1,0.1,77.49,68.23,9.26,Completed
ORD004129,2025-04-21,CUST01208,PROD0071,B004,4,1919.14,0.15,1631.27,1494.29,136.98,Completed
ORD004130,2025-03-12,CUST02332,PROD0052,B001,5,3303.42,0.1,2973.07,2266.75,706.32,Completed
ORD004136,2025-09-25,CUST00067,PROD0071,B001,5,2398.93,0.15,2039.09,1867.86,171.23,Completed
ORD004138,2025-02-20,CUST02273,PROD0015,B002,4,5684.27,0.0,5684.27,3534.91,2149.36,Completed
ORD004139,2025-10-10,CUST00264,PROD0028,B001,5,3650.96,0.2,2920.77,2292.57,628.2,Completed
ORD004140,2025-02-12,CUST02499,PROD0021,B003,2,1690.32,0.15,1436.77,1027.16,409.61,Completed
ORD004141,2025-02-18,CUST00160,PROD0034,B004,3,3232.34,0.1,2909.11,2149.77,759.34,Completed
ORD004145,2025-09-16,CUST00814,PROD0078,B002,5,4659.77,0.2,3727.82,2869.89,857.93,Completed
ORD004149,2025-09-03,CUST01611,PROD0109,B003,5,6779.33,0.1,6101.4,4875.55,1225.85,Completed
ORD004154,2025-03-04,CUST01029,PROD0020,B005,4,3042.55,0.2,2434.04,2190.93,243.11,Completed
ORD004155,2025-09-07,CUST02431,PROD0105,B003,5,2108.69,0.15,1792.38,1553.98,238.4,Completed
ORD004156,2025-06-10,CUST02098,PROD0023,B003,5,6365.28,0.25,4773.96,3934.59,839.37,Completed
ORD004164,2025-08-16,CUST01107,PROD0062,B004,3,2188.59,0.1,1969.73,1736.16,233.57,Completed
ORD004178,2025-04-08,CUST01895,PROD0095,B001,3,1065.41,0.15,905.6,803.65,101.95,Completed
ORD004181,2025-12-28,CUST02472,PROD0085,B003,1,43.05,0.0,43.05,34.11,8.94,Completed
ORD004186,2025-05-28,CUST00688,PROD0102,B004,5,3857.01,0.05,3664.16,2224.33,1439.83,Completed
ORD004189,2025-11-15,CUST01374,PROD0014,B005,4,5523.51,0.1,4971.15,3162.41,1808.74,Completed
ORD004191,2025-08-18,CUST01713,PROD0040,B003,4,3962.7,0.0,3962.7,2161.41,1801.29,Completed
ORD004192,2025-06-03,CUST00715,PROD0119,B002,5,2992.91,0.15,2543.97,2171.55,372.42,Completed
ORD004194,2025-01-05,CUST00503,PROD0043,B001,4,1165.59,0.05,1107.31,714.58,392.73,Completed
ORD004204,2025-06-22,CUST01548,PROD0115,B003,3,2239.64,0.1,2015.68,1381.96,633.72,Completed
ORD004206,2025-12-25,CUST00137,PROD0049,B004,4,5330.89,0.05,5064.35,3084.32,1980.03,Completed
ORD004208,2025-11-19,CUST01982,PROD0110,B002,1,796.71,0.2,637.37,463.19,174.18,Completed
ORD004212,2025-03-21,CUST00297,PROD0079,B004,3,519.91,0.15,441.92,349.71,92.21,Completed
ORD004214,2025-08-11,CUST02443,PROD0113,B003,5,6270.92,0.15,5330.28,4534.77,795.51,Completed
ORD004226,2025-01-04,CUST01609,PROD0030,B004,5,5096.92,0.1,4587.23,4067.97,519.26,Completed
ORD004229,2025-08-27,CUST01953,PROD0054,B004,3,3383.03,0.05,3213.88,2286.1,927.78,Completed
ORD004236,2025-10-21,CUST01027,PROD0005,B004,3,3667.18,0.15,3117.1,2261.19,855.91,Completed
ORD004237,2025-03-21,CUST01860,PROD0084,B005,5,2591.35,0.0,2591.35,1913.12,678.23,Completed
ORD004242,2025-02-27,CUST00488,PROD0099,B003,4,3397.08,0.15,2887.52,2374.27,513.25,Completed
ORD004246,2025-04-12,CUST01814,PROD0112,B001,5,4331.81,0.05,4115.22,3391.64,723.58,Completed
ORD004250,2025-01-06,CUST01813,PROD0097,B002,2,3522.34,0.15,2993.99,2169.23,824.76,Completed
ORD004255,2025-08-15,CUST01043,PROD0120,B001,5,2845.83,0.15,2418.96,1834.73,584.23,Completed
ORD004258,2025-05-09,CUST01561,PROD0029,B003,1,458.01,0.1,412.21,265.85,146.36,Completed
ORD004262,2025-01-21,CUST00092,PROD0009,B004,2,638.57,0.05,606.64,391.05,215.59,Completed
ORD004264,2025-02-03,CUST02305,PROD0018,B001,3,5163.92,0.1,4647.53,3215.72,1431.81,Completed
ORD004278,2025-10-03,CUST01159,PROD0065,B001,5,6756.67,0.05,6418.84,5056.08,1362.76,Completed
ORD004280,2025-07-14,CUST00004,PROD0020,B004,5,3803.19,0.2,3042.55,2738.67,303.88,Completed
ORD004281,2025-03-03,CUST01344,PROD0071,B001,4,1919.14,0.15,1631.27,1494.29,136.98,Completed
ORD004282,2025-10-17,CUST00164,PROD0083,B003,2,3308.37,0.05,3142.96,2242.95,900.01,Completed
ORD004284,2025-12-05,CUST01982,PROD0049,B004,1,1332.72,0.0,1332.72,771.08,561.64,Completed
ORD004289,2025-01-30,CUST01246,PROD0018,B002,4,6885.23,0.0,6885.23,4287.63,2597.6,Completed
ORD004293,2025-01-11,CUST01010,PROD0020,B003,1,760.64,0.0,760.64,547.73,212.91,Completed
ORD004302,2025-03-04,CUST01359,PROD0049,B005,1,1332.72,0.0,1332.72,771.08,561.64,Completed
ORD004304,2025-09-17,CUST00607,PROD0106,B004,2,1437.16,0.0,1437.16,862.44,574.72,Completed
ORD004309,2025-11-19,CUST01226,PROD0106,B003,1,718.58,0.15,610.79,431.22,179.57,Completed
ORD004316,2025-03-01,CUST01233,PROD0083,B003,3,4962.56,0.1,4466.31,3364.43,1101.88,Completed
ORD004318,2025-05-11,CUST01552,PROD0010,B001,4,7370.22,0.2,5896.17,4287.98,1608.19,Completed
ORD004321,2025-07-22,CUST02148,PROD0043,B002,1,291.4,0.1,262.26,178.65,83.61,Completed
ORD004323,2025-03-10,CUST00446,PROD0068,B002,3,3074.8,0.25,2306.1,2470.09,-163.99,Completed
ORD004324,2025-07-26,CUST00387,PROD0006,B002,5,3347.32,0.15,2845.22,2429.52,415.7,Completed
ORD004327,2025-11-18,CUST00428,PROD0048,B002,4,3553.47,0.0,3553.47,2461.98,1091.49,Completed
ORD004331,2025-01-08,CUST00119,PROD0048,B003,4,3553.47,0.1,3198.12,2461.98,736.14,Completed
ORD004334,2025-04-29,CUST01969,PROD0053,B002,2,1111.68,0.25,833.76,723.21,110.55,Completed
ORD004342,2025-05-30,CUST01290,PROD0071,B001,2,959.57,0.1,863.62,747.14,116.48,Completed
ORD004348,2025-08-02,CUST00598,PROD0070,B003,2,401.05,0.15,340.89,275.18,65.71,Completed
ORD004352,2025-04-27,CUST02311,PROD0055,B001,5,2323.71,0.2,1858.97,1317.7,541.27,Completed
ORD004353,2025-04-05,CUST02283,PROD0064,B001,5,2931.38,0.1,2638.24,3516.44,-878.2,Completed
ORD004355,2025-02-02,CUST01028,PROD0068,B003,3,3074.8,0.05,2921.06,2470.09,450.97,Completed
ORD004357,2025-07-10,CUST02200,PROD0068,B005,1,1024.93,0.2,819.95,823.36,-3.41,Completed
ORD004358,2025-02-12,CUST00656,PROD0085,B003,3,129.15,0.15,109.78,102.34,7.44,Completed
ORD004359,2025-02-27,CUST01933,PROD0049,B002,1,1332.72,0.2,1066.18,771.08,295.1,Completed
ORD004367,2025-04-10,CUST01332,PROD0070,B001,5,704.99,0.25,528.75,687.96,-159.21,Completed
ORD004368,2025-10-22,CUST00327,PROD0037,B001,1,579.67,0.0,579.67,482.56,97.11,Completed
ORD004369,2025-07-07,CUST00316,PROD0013,B003,5,3382.77,0.05,3213.63,2288.62,925.01,Completed
ORD004370,2025-06-22,CUST02058,PROD0117,B001,4,3089.06,0.15,2625.7,1904.49,721.21,Completed
ORD004372,2025-09-29,CUST02186,PROD0030,B003,1,1019.38,0.15,866.48,813.59,52.89,Completed
ORD004390,2025-02-14,CUST00708,PROD0001,B003,5,9696.97,0.0,9696.97,5315.89,4381.08,Completed
ORD004396,2025-06-02,CUST00476,PROD0086,B003,3,1583.6,0.05,1504.42,1202.23,302.19,Completed
ORD004397,2025-11-19,CUST01211,PROD0046,B002,1,223.34,0.05,212.17,168.55,43.62,Completed
ORD004402,2025-12-05,CUST01176,PROD0059,B001,4,3900.0,0.15,3315.0,2466.85,848.15,Completed
ORD004404,2025-12-05,CUST00577,PROD0024,B003,5,6410.17,0.0,6410.17,3515.47,2894.7,Completed
ORD004406,2025-01-30,CUST00603,PROD0060,B003,4,358.1,0.0,358.1,235.11,122.99,Completed
ORD004410,2025-01-08,CUST01028,PROD0033,B002,4,2401.36,0.05,2281.3,1532.97,748.33,Completed
ORD004414,2025-06-20,CUST00272,PROD0075,B001,3,4241.7,0.1,3817.52,3277.37,540.15,Completed
ORD004441,2025-09-18,CUST01887,PROD0028,B001,4,2920.77,0.05,2774.73,1834.06,940.67,Completed
ORD004443,2025-11-21,CUST01066,PROD0069,B001,1,1265.03,0.2,1012.03,686.44,325.59,Completed
ORD004450,2025-11-23,CUST00863,PROD0117,B004,5,3861.32,0.05,3668.26,2380.62,1287.64,Completed
ORD004452,2025-06-25,CUST02200,PROD0105,B001,5,2108.69,0.1,1897.82,1553.98,343.84,Completed
ORD004458,2025-07-23,CUST02239,PROD0073,B001,4,731.21,0.1,658.09,479.89,178.2,Completed
ORD004463,2025-02-24,CUST00616,PROD0049,B001,1,1332.72,0.0,1332.72,771.08,561.64,Completed
ORD004465,2025-03-22,CUST01328,PROD0059,B002,4,3900.0,0.05,3705.0,2466.85,1238.15,Completed
ORD004466,2025-02-11,CUST02066,PROD0088,B005,3,1346.61,0.05,1279.28,868.81,410.47,Completed
ORD004467,2025-02-28,CUST01980,PROD0020,B001,5,3803.19,0.2,3042.55,2738.67,303.88,Completed
ORD004469,2025-03-09,CUST01493,PROD0064,B001,2,1850.46,0.05,1757.93,1406.57,351.36,Completed
ORD004470,2025-11-19,CUST02371,PROD0069,B001,3,3795.1,0.1,3415.59,2059.31,1356.28,Completed
ORD004474,2025-12-01,CUST00208,PROD0096,B001,2,3553.84,0.1,3198.46,2068.95,1129.51,Completed
ORD004484,2025-01-14,CUST00592,PROD0074,B004,3,1958.53,0.0,1958.53,1514.51,444.02,Completed
ORD004504,2025-04-22,CUST02438,PROD0055,B005,4,1858.97,0.2,1487.17,1054.16,433.01,Completed
ORD004506,2025-06-30,CUST02044,PROD0006,B003,2,1338.93,0.15,1138.09,971.81,166.28,Completed
ORD004508,2025-12-04,CUST00796,PROD0116,B003,2,524.35,0.1,471.91,430.18,41.73,Completed
ORD004510,2025-03-26,CUST02218,PROD0081,B005,3,300.86,0.1,270.77,297.32,-26.55,Completed
ORD004520,2025-09-13,CUST01464,PROD0040,B001,2,1981.35,0.05,1882.28,1080.7,801.58,Completed
ORD004521,2025-10-26,CUST00772,PROD0024,B003,1,1282.03,0.25,961.53,703.09,258.44,Completed
ORD004523,2025-06-13,CUST00070,PROD0058,B001,2,625.51,0.15,531.69,349.16,182.53,Completed
ORD004525,2025-05-05,CUST01418,PROD0020,B004,1,760.64,0.2,608.51,547.73,60.78,Completed
ORD004531,2025-02-02,CUST01990,PROD0014,B002,2,2761.75,0.0,2761.75,1581.2,1180.55,Completed
ORD004532,2025-10-13,CUST01945,PROD0007,B001,4,190.83,0.05,181.29,143.01,38.28,Completed
ORD004534,2025-08-27,CUST00966,PROD0021,B001,3,2535.48,0.05,2408.71,1540.73,867.98,Completed
ORD004537,2025-11-13,CUST02311,PROD0043,B004,2,582.79,0.2,466.23,357.29,108.94,Completed
ORD004551,2025-07-16,CUST01081,PROD0113,B004,4,5016.73,0.0,5016.73,3627.81,1388.92,Completed
ORD004553,2025-11-19,CUST00916,PROD0081,B002,1,133.11,0.2,106.48,99.11,7.37,Completed
ORD004560,2025-06-29,CUST00676,PROD0091,B004,5,2068.37,0.15,1758.12,1576.45,181.67,Completed
ORD004568,2025-03-13,CUST02215,PROD0081,B005,4,532.43,0.15,452.56,396.43,56.13,Completed
ORD004570,2025-06-15,CUST02197,PROD0004,B001,5,1495.87,0.15,1271.49,955.52,315.97,Completed
ORD004574,2025-07-22,CUST02112,PROD0010,B002,4,7370.22,0.1,6633.2,4287.98,2345.22,Completed
ORD004575,2025-06-17,CUST00641,PROD0043,B002,3,874.19,0.25,655.64,535.94,119.7,Completed
ORD004576,2025-11-18,CUST00106,PROD0029,B003,5,2290.03,0.0,2290.03,1329.25,960.78,Completed
ORD004577,2025-07-18,CUST02073,PROD0065,B001,4,5405.34,0.1,4864.81,4044.87,819.94,Completed
ORD004581,2025-07-15,CUST01896,PROD0021,B004,2,1690.32,0.05,1605.8,1027.16,578.64,Completed
ORD004582,2025-10-14,CUST01174,PROD0037,B002,1,579.67,0.15,492.72,482.56,10.16,Completed
ORD004584,2025-12-29,CUST00417,PROD0115,B001,1,746.55,0.1,671.89,460.65,211.24,Completed
ORD004586,2025-02-10,CUST02140,PROD0112,B004,5,4331.81,0.1,3898.63,3391.64,506.99,Completed
ORD004602,2025-05-13,CUST01922,PROD0038,B003,4,239.73,0.15,203.77,162.84,40.93,Completed
ORD004606,2025-12-06,CUST01890,PROD0069,B002,1,1265.03,0.15,1075.28,686.44,388.84,Completed
ORD004612,2025-05-03,CUST00509,PROD0075,B004,1,1413.9,0.15,1201.82,1092.46,109.36,Completed
ORD004618,2025-05-31,CUST01925,PROD0084,B001,5,2591.35,0.15,2202.64,1913.12,289.52,Completed
ORD004624,2025-06-26,CUST02052,PROD0056,B001,1,1411.72,0.0,1411.72,1057.64,354.08,Completed
ORD004627,2025-03-07,CUST01177,PROD0024,B001,1,1282.03,0.0,1282.03,703.09,578.94,Completed
ORD004630,2025-08-03,CUST01567,PROD0030,B002,2,2038.77,0.05,1936.83,1627.19,309.64,Completed
ORD004631,2025-07-05,CUST01404,PROD0115,B001,4,2986.19,0.1,2687.57,1842.61,844.96,Completed
ORD004634,2025-10-24,CUST01118,PROD0076,B001,1,299.98,0.1,269.98,240.05,29.93,Completed
ORD004635,2025-05-26,CUST00014,PROD0044,B001,4,4375.79,0.05,4157.0,2429.64,1727.36,Completed
ORD004650,2025-09-24,CUST01060,PROD0103,B002,3,1484.96,0.1,1336.47,1549.3,-212.83,Completed
ORD004653,2025-09-22,CUST00056,PROD0054,B004,3,3383.03,0.1,3044.73,2286.1,758.63,Completed
ORD004656,2025-07-12,CUST02304,PROD0007,B003,5,238.54,0.0,238.54,178.76,59.78,Completed
ORD004659,2025-04-19,CUST01159,PROD0017,B001,5,4347.97,0.1,3913.17,3159.89,753.28,Completed
ORD004664,2025-04-26,CUST00002,PROD0022,B001,3,3793.01,0.1,3413.71,2740.74,672.97,Completed
ORD004667,2025-04-07,CUST00528,PROD0110,B004,2,1593.43,0.05,1513.76,926.38,587.38,Completed
ORD004668,2025-09-21,CUST01116,PROD0108,B001,2,880.39,0.05,836.37,1046.85,-210.48,Completed
ORD004669,2025-04-02,CUST02189,PROD0086,B003,4,2111.47,0.15,1794.75,1602.97,191.78,Completed
ORD004675,2025-09-11,CUST00015,PROD0104,B005,3,4807.36,0.05,4566.99,3178.71,1388.28,Completed
ORD004683,2025-09-06,CUST01652,PROD0078,B005,1,931.95,0.05,885.36,573.98,311.38,Completed
ORD004684,2025-01-25,CUST01182,PROD0114,B004,1,1374.54,0.05,1305.81,1043.17,262.64,Completed
ORD004688,2025-12-09,CUST01250,PROD0106,B005,2,1437.16,0.2,1149.73,862.44,287.29,Completed
ORD004690,2025-02-14,CUST02199,PROD0082,B003,3,6283.58,0.15,5341.04,3400.99,1940.05,Completed
ORD004691,2025-09-30,CUST01698,PROD0090,B004,5,1599.39,0.2,1279.51,1000.91,278.6,Completed
ORD004692,2025-09-05,CUST01396,PROD0084,B002,4,1399.07,0.1,1259.17,1530.5,-271.33,Completed
ORD004697,2025-07-16,CUST01919,PROD0040,B005,5,4953.37,0.2,3962.7,2701.76,1260.94,Completed
ORD004698,2025-03-16,CUST02038,PROD0067,B002,2,1813.62,0.0,1813.62,994.65,818.97,Completed
ORD004711,2025-07-28,CUST00914,PROD0030,B001,3,3058.15,0.1,2752.33,2440.78,311.55,Completed
ORD004712,2025-11-04,CUST01338,PROD0101,B001,5,3231.94,0.15,2747.15,2302.51,444.64,Completed
ORD004716,2025-04-13,CUST01052,PROD0061,B002,2,896.4,0.1,806.76,630.05,176.71,Completed
ORD004717,2025-04-22,CUST02113,PROD0004,B004,1,299.17,0.2,239.34,191.1,48.24,Completed
ORD004719,2025-05-19,CUST00498,PROD0005,B002,2,2444.79,0.1,2200.31,1507.46,692.85,Completed
ORD004724,2025-07-10,CUST00986,PROD0105,B001,5,2108.69,0.2,1686.95,1553.98,132.97,Completed
ORD004726,2025-06-27,CUST02240,PROD0001,B001,1,1939.39,0.1,1745.46,1063.18,682.28,Completed
ORD004730,2025-11-24,CUST00086,PROD0066,B001,1,1398.21,0.0,1398.21,1004.49,393.72,Completed
ORD004736,2025-07-23,CUST00732,PROD0072,B001,5,2325.79,0.15,1976.92,1633.1,343.82,Completed
ORD004737,2025-12-25,CUST00703,PROD0043,B005,1,291.4,0.0,291.4,178.65,112.75,Completed
ORD004744,2025-05-06,CUST01126,PROD0038,B001,4,239.73,0.1,215.76,162.84,52.92,Completed
ORD004752,2025-11-22,CUST00586,PROD0016,B004,3,266.59,0.0,266.59,159.65,106.94,Completed
ORD004761,2025-11-27,CUST00603,PROD0066,B002,5,6991.07,0.05,6641.52,5022.45,1619.07,Completed
ORD004771,2025-07-15,CUST00682,PROD0085,B002,2,86.1,0.0,86.1,68.23,17.87,Completed
ORD004772,2025-09-29,CUST01868,PROD0091,B002,4,1654.7,0.15,1406.49,1261.16,145.33,Completed
ORD004773,2025-04-21,CUST01278,PROD0076,B003,1,299.98,0.0,299.98,240.05,59.93,Completed
ORD004781,2025-02-15,CUST01461,PROD0008,B002,1,265.55,0.25,199.17,218.91,-19.74,Completed
ORD004783,2025-06-12,CUST00759,PROD0003,B002,2,755.58,0.05,717.81,535.46,182.35,Completed
ORD004788,2025-10-07,CUST00974,PROD0037,B004,2,1159.35,0.2,927.48,965.12,-37.64,Completed
ORD004790,2025-07-20,CUST00975,PROD0106,B004,3,2155.74,0.05,2047.95,1293.66,754.29,Completed
ORD004791,2025-11-26,CUST02302,PROD0094,B004,1,195.28,0.05,185.52,117.02,68.5,Completed
ORD004794,2025-11-16,CUST02177,PROD0042,B005,4,5814.11,0.15,4941.99,4257.54,684.45,Completed
ORD004797,2025-02-27,CUST02377,PROD0065,B001,4,5405.34,0.15,4594.54,4044.87,549.67,Completed
ORD004803,2025-09-13,CUST00865,PROD0049,B001,2,2665.44,0.1,2398.9,1542.16,856.74,Completed
ORD004807,2025-04-30,CUST01263,PROD0022,B001,2,2528.68,0.05,2402.24,1827.16,575.08,Completed
ORD004808,2025-11-15,CUST01454,PROD0115,B004,3,2239.64,0.05,2127.66,1381.96,745.7,Completed
ORD004811,2025-05-04,CUST00977,PROD0091,B005,1,413.67,0.0,413.67,315.29,98.38,Completed
ORD004816,2025-11-22,CUST02231,PROD0082,B001,3,6283.58,0.0,6283.58,3400.99,2882.59,Completed
ORD004824,2025-02-25,CUST00865,PROD0087,B002,5,5905.32,0.15,5019.53,4123.48,896.05,Completed
ORD004825,2025-10-22,CUST02075,PROD0008,B002,4,1062.22,0.25,796.66,875.63,-78.97,Completed
ORD004829,2025-02-25,CUST01551,PROD0014,B002,4,5523.51,0.05,5247.33,3162.41,2084.92,Completed
ORD004833,2025-01-22,CUST00982,PROD0006,B004,1,669.46,0.0,669.46,485.9,183.56,Completed
ORD004835,2025-11-30,CUST00022,PROD0074,B003,4,2611.38,0.25,1958.53,2019.35,-60.82,Completed
ORD004836,2025-01-01,CUST00619,PROD0001,B001,2,3878.79,0.1,3490.91,2126.36,1364.55,Completed
ORD004840,2025-04-20,CUST00682,PROD0081,B005,1,133.11,0.0,133.11,99.11,34.0,Completed
ORD004846,2025-11-26,CUST02092,PROD0098,B002,2,1998.78,0.15,1698.97,1117.66,581.31,Completed
ORD004852,2025-12-04,CUST00281,PROD0015,B005,4,5684.27,0.0,5684.27,3534.91,2149.36,Completed
ORD004855,2025-09-28,CUST01399,PROD0063,B001,4,530.72,0.25,398.04,401.86,-3.82,Completed
ORD004858,2025-11-04,CUST00183,PROD0065,B001,4,5405.34,0.05,5135.07,4044.87,1090.2,Completed
ORD004860,2025-05-23,CUST01389,PROD0027,B001,2,1368.76,0.25,1026.57,991.49,35.08,Completed
ORD004861,2025-01-28,CUST01112,PROD0060,B005,2,179.05,0.15,152.19,117.55,34.64,Completed
ORD004865,2025-12-01,CUST00732,PROD0005,B004,2,2444.79,0.2,1955.83,1507.46,448.37,Completed
ORD004867,2025-09-21,CUST00835,PROD0113,B001,3,3762.55,0.0,3762.55,2720.86,1041.69,Completed
ORD004875,2025-01-03,CUST00632,PROD0076,B002,3,899.93,0.0,899.93,720.15,179.78,Completed
ORD004877,2025-05-22,CUST01007,PROD0011,B003,1,847.95,0.0,847.95,657.62,190.33,Completed
ORD004878,2025-08-17,CUST01338,PROD0111,B004,4,7339.28,0.1,6605.35,4428.25,2177.1,Completed
ORD004884,2025-12-17,CUST02195,PROD0090,B003,1,319.88,0.05,303.88,200.18,103.7,Completed
ORD004885,2025-12-18,CUST00394,PROD0010,B001,2,3685.11,0.1,3316.6,2143.99,1172.61,Completed
ORD004886,2025-01-17,CUST02220,PROD0055,B001,5,2323.71,0.05,2207.52,1317.7,889.82,Completed
ORD004888,2025-11-14,CUST00506,PROD0082,B001,5,10472.63,0.05,9949.0,5668.32,4280.68,Completed
ORD004893,2025-04-27,CUST01555,PROD0071,B003,2,959.57,0.15,815.63,747.14,68.49,Completed
ORD004895,2025-05-04,CUST01871,PROD0087,B003,4,4724.26,0.0,4724.26,3298.78,1425.48,Completed
ORD004897,2025-10-25,CUST00751,PROD0074,B001,4,2611.38,0.15,2219.67,2019.35,200.32,Completed
ORD004899,2025-09-10,CUST00404,PROD0085,B001,2,86.1,0.2,68.88,68.23,0.65,Completed
ORD004903,2025-12-08,CUST00347,PROD0102,B004,3,2314.2,0.1,2082.79,1334.6,748.19,Completed
ORD004904,2025-04-26,CUST01846,PROD0043,B003,3,523.09,0.05,496.93,535.94,-39.01,Completed
ORD004911,2025-01-31,CUST00504,PROD0047,B003,5,1550.99,0.05,1473.44,898.25,575.19,Completed
ORD004914,2025-10-08,CUST00754,PROD0012,B001,1,129.62,0.2,103.7,87.57,16.13,Completed
ORD004929,2025-08-08,CUST01400,PROD0049,B001,3,3998.17,0.15,3398.44,2313.24,1085.2,Completed
ORD004931,2025-01-25,CUST00837,PROD0046,B004,4,893.34,0.0,893.34,674.21,219.13,Completed
ORD004946,2025-07-03,CUST01784,PROD0083,B004,4,6616.75,0.05,6285.91,4485.91,1800.0,Completed
ORD004954,2025-01-14,CUST02251,PROD0037,B002,3,1739.02,0.0,1739.02,1447.68,291.34,Completed
ORD004963,2025-02-11,CUST01687,PROD0116,B002,1,262.17,0.15,222.85,215.09,7.76,Completed
ORD004967,2025-12-30,CUST01526,PROD0021,B001,2,1690.32,0.1,1521.29,1027.16,494.13,Completed
ORD004972,2025-04-07,CUST00591,PROD0051,B005,3,2688.28,0.1,2419.45,1782.15,637.3,Completed
ORD004978,2025-08-17,CUST01391,PROD0117,B005,2,1544.53,0.05,1467.3,952.25,515.05,Completed
ORD004987,2025-05-26,CUST01103,PROD0018,B002,3,5163.92,0.15,4389.33,3215.72,1173.61,Completed
ORD004999,2025-07-27,CUST00559,PROD0077,B002,5,1520.11,0.1,1368.1,1230.26,137.84,Completed
ORD005000,2025-01-30,CUST02253,PROD0105,B003,1,421.74,0.05,400.65,310.8,89.85,Completed
ORD005017,2025-03-09,CUST01658,PROD0027,B002,1,684.38,0.25,513.28,495.75,17.53,Completed
ORD005022,2025-11-21,CUST01327,PROD0110,B002,2,1593.43,0.1,1434.09,926.38,507.71,Completed
ORD005025,2025-08-09,CUST01443,PROD0098,B002,5,4996.96,0.0,4996.96,2794.15,2202.81,Completed
ORD005027,2025-08-07,CUST00333,PROD0115,B004,1,746.55,0.05,709.22,460.65,248.57,Completed
ORD005029,2025-09-06,CUST02178,PROD0036,B001,4,1133.44,0.2,906.75,612.87,293.88,Completed
ORD005035,2025-07-21,CUST01800,PROD0086,B004,5,2639.34,0.15,2243.44,2003.71,239.73,Completed
ORD005043,2025-12-10,CUST01105,PROD0017,B003,3,2608.78,0.05,2478.34,1895.94,582.4,Completed
ORD005044,2025-03-11,CUST02136,PROD0022,B001,5,6321.69,0.15,5373.44,4567.91,805.53,Completed
ORD005047,2025-05-13,CUST01389,PROD0048,B005,1,888.37,0.0,888.37,615.49,272.88,Completed
ORD005049,2025-11-07,CUST01722,PROD0053,B005,4,2223.35,0.05,2112.19,1446.41,665.78,Completed
ORD005052,2025-08-02,CUST00347,PROD0037,B003,3,1739.02,0.05,1652.07,1447.68,204.39,Completed
ORD005054,2025-03-21,CUST02048,PROD0058,B001,1,312.76,0.15,265.85,174.58,91.27,Completed
ORD005055,2025-12-22,CUST00200,PROD0017,B002,3,2608.78,0.0,2608.78,1895.94,712.84,Completed
ORD005065,2025-01-10,CUST00120,PROD0116,B005,1,262.17,0.0,262.17,215.09,47.08,Completed
ORD005072,2025-10-28,CUST01586,PROD0044,B001,2,2187.9,0.05,2078.5,1214.82,863.68,Completed
ORD005077,2025-08-21,CUST00290,PROD0041,B002,4,460.31,0.0,460.31,249.96,210.35,Completed
ORD005079,2025-02-18,CUST00020,PROD0078,B004,1,931.95,0.25,698.96,573.98,124.98,Completed
ORD005080,2025-11-23,CUST00053,PROD0097,B001,3,5283.51,0.05,5019.33,3253.85,1765.48,Completed
ORD005081,2025-11-06,CUST00160,PROD0025,B002,2,1980.09,0.2,1584.07,1181.43,402.64,Completed
ORD005084,2025-01-16,CUST00726,PROD0068,B003,4,4099.74,0.2,3279.79,3293.45,-13.66,Completed
ORD005086,2025-10-18,CUST01624,PROD0109,B001,3,4067.6,0.2,3254.08,2925.33,328.75,Completed
ORD005091,2025-02-18,CUST01218,PROD0099,B004,5,4246.35,0.15,3609.39,2967.84,641.55,Completed
ORD005095,2025-10-30,CUST00117,PROD0025,B002,5,4950.22,0.0,4950.22,2953.59,1996.63,Completed
ORD005099,2025-02-27,CUST01862,PROD0117,B004,3,2316.79,0.2,1853.44,1428.37,425.07,Completed
ORD005102,2025-03-30,CUST00210,PROD0067,B003,4,3627.23,0.1,3264.51,1989.31,1275.2,Completed
ORD005104,2025-12-25,CUST00485,PROD0060,B002,4,358.1,0.15,304.39,235.11,69.28,Completed
ORD005108,2025-10-23,CUST01903,PROD0023,B004,3,3819.17,0.25,2864.38,2360.76,503.62,Completed
ORD005112,2025-02-06,CUST02215,PROD0049,B003,1,1332.72,0.1,1199.45,771.08,428.37,Completed
ORD005115,2025-12-11,CUST01232,PROD0005,B002,3,3667.18,0.1,3300.47,2261.19,1039.28,Completed
ORD005122,2025-08-23,CUST01906,PROD0046,B003,1,223.34,0.25,167.5,168.55,-1.05,Completed
ORD005126,2025-11-23,CUST02490,PROD0046,B002,4,893.34,0.0,893.34,674.21,219.13,Completed
ORD005129,2025-09-09,CUST01826,PROD0061,B002,2,896.4,0.05,851.58,630.05,221.53,Completed
ORD005136,2025-06-07,CUST00323,PROD0017,B003,1,869.59,0.1,782.63,631.98,150.65,Completed
ORD005141,2025-07-27,CUST02379,PROD0094,B001,3,585.84,0.1,527.26,351.05,176.21,Completed
ORD005142,2025-11-23,CUST02447,PROD0016,B005,2,177.73,0.0,177.73,106.43,71.3,Completed
ORD005144,2025-07-21,CUST01999,PROD0055,B002,5,2323.71,0.05,2207.52,1317.7,889.82,Completed
ORD005151,2025-12-09,CUST01347,PROD0100,B004,3,2432.96,0.2,1946.37,1899.84,46.53,Completed
ORD005155,2025-11-25,CUST00853,PROD0049,B001,1,1332.72,0.2,1066.18,771.08,295.1,Completed
ORD005159,2025-05-14,CUST01183,PROD0055,B003,2,929.48,0.15,790.06,527.08,262.98,Completed
ORD005164,2025-03-01,CUST00022,PROD0081,B003,4,532.43,0.1,479.19,396.43,82.76,Completed
ORD005166,2025-03-05,CUST01925,PROD0009,B001,4,1277.14,0.1,1149.43,782.1,367.33,Completed
ORD005167,2025-05-16,CUST00100,PROD0119,B001,4,2394.33,0.15,2035.18,1737.24,297.94,Completed
ORD005170,2025-09-26,CUST02370,PROD0102,B001,3,2314.2,0.05,2198.49,1334.6,863.89,Completed
ORD005179,2025-07-04,CUST01521,PROD0040,B001,5,4953.37,0.05,4705.7,2701.76,2003.94,Completed
ORD005189,2025-09-03,CUST02082,PROD0043,B003,4,1165.59,0.1,1049.03,714.58,334.45,Completed
ORD005191,2025-04-15,CUST01166,PROD0037,B004,1,579.67,0.2,463.74,482.56,-18.82,Completed
ORD005196,2025-10-26,CUST01649,PROD0031,B002,1,667.03,0.05,633.69,547.49,86.2,Completed
ORD005198,2025-09-18,CUST01143,PROD0061,B005,4,1792.8,0.0,1792.8,1260.1,532.7,Completed
ORD005203,2025-12-19,CUST02230,PROD0010,B002,3,5527.66,0.0,5527.66,3215.99,2311.67,Completed
ORD005204,2025-06-27,CUST02338,PROD0118,B003,1,289.88,0.05,275.39,194.17,81.22,Completed
ORD005205,2025-12-29,CUST00205,PROD0037,B001,3,1739.02,0.0,1739.02,1447.68,291.34,Completed
ORD005207,2025-03-01,CUST00126,PROD0065,B003,2,2702.67,0.1,2432.4,2022.43,409.97,Completed
ORD005209,2025-04-03,CUST00224,PROD0095,B002,1,355.14,0.0,355.14,267.88,87.26,Completed
ORD005212,2025-04-17,CUST00273,PROD0026,B005,1,393.51,0.0,393.51,284.3,109.21,Completed
ORD005214,2025-03-12,CUST01951,PROD0092,B004,4,417.78,0.2,334.22,266.55,67.67,Completed
ORD005219,2025-06-01,CUST00881,PROD0035,B003,5,2902.06,0.05,2756.96,2178.08,578.88,Completed
ORD005221,2025-01-14,CUST01818,PROD0069,B001,2,2530.07,0.2,2024.06,1372.88,651.18,Completed
ORD005226,2025-01-15,CUST01267,PROD0003,B003,3,1133.37,0.0,1133.37,803.19,330.18,Completed
ORD005228,2025-12-05,CUST00045,PROD0106,B001,4,2874.32,0.1,2586.89,1724.88,862.01,Completed
ORD005230,2025-07-23,CUST02477,PROD0063,B004,2,265.36,0.1,238.83,200.93,37.9,Completed
ORD005234,2025-07-03,CUST00300,PROD0019,B001,1,888.69,0.2,710.95,554.19,156.76,Completed
ORD005239,2025-10-02,CUST02151,PROD0078,B001,5,4659.77,0.0,4659.77,2869.89,1789.88,Completed
ORD005249,2025-06-07,CUST00292,PROD0080,B005,3,1219.8,0.05,1158.81,845.99,312.82,Completed
ORD005250,2025-01-14,CUST00041,PROD0100,B003,2,1621.98,0.15,1378.68,1266.56,112.12,Completed
ORD005264,2025-02-03,CUST01873,PROD0072,B004,5,2325.79,0.1,2093.21,1633.1,460.11,Completed
ORD005266,2025-04-26,CUST01030,PROD0099,B001,3,2547.81,0.25,1910.86,1780.7,130.16,Completed
ORD005272,2025-06-18,CUST00662,PROD0066,B001,3,4194.64,0.1,3775.18,3013.47,761.71,Completed
ORD005274,2025-05-12,CUST00058,PROD0071,B002,2,959.57,0.1,863.62,747.14,116.48,Completed
ORD005277,2025-08-02,CUST00431,PROD0002,B001,3,2040.42,0.0,2040.42,1233.78,806.64,Completed
ORD005279,2025-02-28,CUST02017,PROD0081,B001,4,532.43,0.0,532.43,396.43,136.0,Completed
ORD005281,2025-07-01,CUST00359,PROD0082,B002,3,6283.58,0.2,5026.86,3400.99,1625.87,Completed
ORD005287,2025-10-16,CUST00068,PROD0080,B005,2,813.2,0.1,731.88,563.99,167.89,Completed
ORD005293,2025-09-12,CUST01097,PROD0078,B002,1,931.95,0.0,931.95,573.98,357.97,Completed
ORD005297,2025-10-31,CUST01540,PROD0071,B005,4,1919.14,0.15,1631.27,1494.29,136.98,Completed
ORD005299,2025-12-16,CUST02159,PROD0105,B005,2,843.47,0.1,759.12,621.59,137.53,Completed
ORD005300,2025-12-24,CUST02347,PROD0035,B001,3,1741.24,0.1,1567.11,1306.85,260.26,Completed
ORD005304,2025-01-24,CUST00125,PROD0021,B001,5,4225.8,0.15,3591.93,2567.89,1024.04,Completed
ORD005307,2025-10-23,CUST02409,PROD0022,B005,3,3793.01,0.05,3603.36,2740.74,862.62,Completed
ORD005308,2025-07-30,CUST00036,PROD0104,B003,5,8012.27,0.0,8012.27,5297.84,2714.43,Completed
ORD005312,2025-07-08,CUST01770,PROD0009,B005,3,957.85,0.25,718.39,586.58,131.81,Completed
ORD005313,2025-02-01,CUST01096,PROD0040,B004,4,3962.7,0.0,3962.7,2161.41,1801.29,Completed
ORD005328,2025-09-12,CUST01208,PROD0109,B002,1,1355.87,0.1,1220.28,975.11,245.17,Completed
ORD005329,2025-02-28,CUST01552,PROD0054,B002,1,1127.68,0.1,1014.91,762.03,252.88,Completed
ORD005330,2025-03-25,CUST02255,PROD0015,B002,2,2842.13,0.1,2557.92,1767.45,790.47,Completed
ORD005331,2025-12-03,CUST00964,PROD0042,B004,3,4360.58,0.15,3706.49,3193.16,513.33,Completed
ORD005334,2025-12-02,CUST01382,PROD0101,B002,1,646.39,0.05,614.07,460.5,153.57,Completed
ORD005335,2025-08-28,CUST01850,PROD0105,B002,3,1265.21,0.0,1265.21,932.39,332.82,Completed
ORD005340,2025-06-15,CUST00514,PROD0012,B003,2,259.23,0.1,233.31,175.15,58.16,Completed
ORD005344,2025-09-19,CUST00370,PROD0107,B003,1,1778.2,0.05,1689.29,1087.67,601.62,Completed
ORD005347,2025-09-06,CUST01979,PROD0010,B005,4,7370.22,0.0,7370.22,4287.98,3082.24,Completed
ORD005350,2025-02-01,CUST00116,PROD0033,B001,4,2401.36,0.0,2401.36,1532.97,868.39,Completed
ORD005353,2025-09-17,CUST00690,PROD0119,B001,5,2992.91,0.0,2992.91,2171.55,821.36,Completed
ORD005361,2025-03-23,CUST00203,PROD0069,B005,4,5060.14,0.05,4807.13,2745.75,2061.38,Completed
ORD005362,2025-04-22,CUST00519,PROD0093,B001,3,2599.06,0.0,2599.06,1907.02,692.04,Completed
ORD005369,2025-03-31,CUST01765,PROD0038,B001,4,239.73,0.05,227.74,162.84,64.9,Completed
ORD005378,2025-02-23,CUST01250,PROD0107,B001,5,8891.01,0.15,7557.35,5438.35,2119.0,Completed
ORD005390,2025-02-18,CUST01516,PROD0064,B001,1,925.23,0.1,832.71,703.29,129.42,Completed
ORD005391,2025-02-27,CUST01490,PROD0073,B003,5,914.01,0.1,822.61,599.86,222.75,Completed
ORD005397,2025-11-03,CUST01296,PROD0040,B001,1,990.67,0.0,990.67,540.35,450.32,Completed
ORD005405,2025-12-17,CUST00229,PROD0068,B004,2,2049.87,0.0,2049.87,1646.73,403.14,Completed
ORD005411,2025-07-31,CUST00188,PROD0018,B001,4,6885.23,0.15,5852.45,4287.63,1564.82,Completed
ORD005412,2025-02-01,CUST02123,PROD0018,B002,1,1721.31,0.05,1635.24,1071.91,563.33,Completed
ORD005424,2025-09-16,CUST00682,PROD0063,B005,5,663.4,0.15,563.89,502.33,61.56,Completed
ORD005432,2025-01-03,CUST01354,PROD0100,B001,3,2432.96,0.1,2189.67,1899.84,289.83,Completed
ORD005435,2025-03-29,CUST01040,PROD0039,B003,1,1482.69,0.05,1408.56,826.25,582.31,Completed
ORD005437,2025-11-26,CUST01726,PROD0043,B005,4,1165.59,0.05,1107.31,714.58,392.73,Completed
ORD005438,2025-10-31,CUST00639,PROD0053,B003,4,2223.35,0.1,2001.02,1446.41,554.61,Completed
ORD005439,2025-09-14,CUST01318,PROD0119,B002,1,598.58,0.15,508.8,434.31,74.49,Completed
ORD005445,2025-08-17,CUST01782,PROD0120,B003,1,569.17,0.05,540.71,366.95,173.76,Completed
ORD005452,2025-01-18,CUST02052,PROD0018,B005,1,1721.31,0.2,1377.05,1071.91,305.14,Completed
ORD005458,2025-02-12,CUST01625,PROD0119,B001,1,598.58,0.1,538.72,434.31,104.41,Completed
ORD005467,2025-04-16,CUST00604,PROD0009,B002,4,1277.14,0.15,1085.57,782.1,303.47,Completed
ORD005474,2025-04-13,CUST01263,PROD0105,B005,4,1686.95,0.15,1433.91,1243.18,190.73,Completed
ORD005476,2025-03-21,CUST02313,PROD0049,B002,4,5330.89,0.1,4797.8,3084.32,1713.48,Completed
ORD005478,2025-07-15,CUST02197,PROD0036,B003,1,283.36,0.15,240.86,153.22,87.64,Completed
ORD005484,2025-08-11,CUST00886,PROD0046,B002,3,670.01,0.15,569.5,505.66,63.84,Completed
ORD005498,2025-08-31,CUST01403,PROD0099,B004,2,1698.54,0.05,1613.61,1187.14,426.47,Completed
ORD005504,2025-05-26,CUST00693,PROD0047,B003,4,1240.79,0.0,1240.79,718.6,522.19,Completed
ORD005508,2025-09-09,CUST01888,PROD0020,B001,5,3803.19,0.15,3232.72,2738.67,494.05,Completed
ORD005519,2025-04-13,CUST02344,PROD0034,B001,5,5387.24,0.1,4848.51,3582.94,1265.57,Completed
ORD005522,2025-01-18,CUST01842,PROD0035,B002,4,2321.65,0.25,1741.24,1742.46,-1.22,Completed
ORD005523,2025-08-18,CUST01911,PROD0033,B004,1,600.34,0.2,480.27,383.24,97.03,Completed
ORD005525,2025-09-17,CUST00414,PROD0013,B003,5,3382.77,0.05,3213.63,2288.62,925.01,Completed
ORD005532,2025-08-16,CUST01948,PROD0084,B003,2,1036.54,0.15,881.06,765.25,115.81,Completed
ORD005540,2025-05-13,CUST02323,PROD0021,B003,2,1690.32,0.1,1521.29,1027.16,494.13,Completed
ORD005541,2025-09-24,CUST00758,PROD0033,B002,4,2401.36,0.05,2281.3,1532.97,748.33,Completed
ORD005542,2025-01-06,CUST00332,PROD0114,B002,4,5498.14,0.05,5223.24,4172.67,1050.57,Completed
ORD005545,2025-01-25,CUST01627,PROD0079,B002,3,519.91,0.05,493.91,349.71,144.2,Completed
ORD005547,2025-01-04,CUST00373,PROD0027,B003,4,2737.51,0.05,2600.64,1982.98,617.66,Completed
ORD005551,2025-10-25,CUST00368,PROD0055,B002,5,2323.71,0.2,1858.97,1317.7,541.27,Completed
ORD005554,2025-11-11,CUST01014,PROD0020,B001,2,1521.28,0.1,1369.15,1095.47,273.68,Completed
ORD005556,2025-06-02,CUST01400,PROD0066,B003,5,6991.07,0.1,6291.96,5022.45,1269.51,Completed
ORD005557,2025-11-23,CUST01763,PROD0014,B002,2,2761.75,0.05,2623.67,1581.2,1042.47,Completed
ORD005559,2025-12-17,CUST00581,PROD0036,B001,4,1133.44,0.25,850.08,612.87,237.21,Completed
ORD005565,2025-01-30,CUST02297,PROD0099,B002,5,4246.35,0.15,3609.39,2967.84,641.55,Completed
ORD005566,2025-07-26,CUST02219,PROD0056,B002,4,5646.88,0.05,5364.53,4230.57,1133.96,Completed
ORD005579,2025-03-22,CUST01910,PROD0039,B004,5,7413.45,0.15,6301.43,4131.23,2170.2,Completed
ORD005582,2025-04-27,CUST01721,PROD0031,B002,2,1334.07,0.2,1067.26,1094.99,-27.73,Completed
ORD005592,2025-09-24,CUST02156,PROD0082,B003,5,10472.63,0.05,9949.0,5668.32,4280.68,Completed
ORD005597,2025-01-04,CUST01667,PROD0119,B001,4,2394.33,0.05,2274.61,1737.24,537.37,Completed
ORD005599,2025-01-04,CUST01959,PROD0051,B004,5,4480.46,0.1,4032.41,2970.26,1062.15,Completed
ORD005602,2025-10-01,CUST00325,PROD0032,B001,3,2209.3,0.05,2098.84,1215.9,882.94,Completed
ORD005605,2025-04-08,CUST01410,PROD0046,B002,3,670.01,0.15,569.5,505.66,63.84,Completed
ORD005612,2025-10-17,CUST00743,PROD0042,B004,4,5814.11,0.05,5523.4,4257.54,1265.86,Completed
ORD005617,2025-11-06,CUST02054,PROD0004,B002,5,1074.92,0.25,806.19,955.52,-149.33,Completed
ORD005618,2025-07-07,CUST01116,PROD0071,B001,2,959.57,0.1,863.62,747.14,116.48,Completed
ORD005619,2025-03-14,CUST01957,PROD0103,B005,2,1745.31,0.25,1308.99,1032.87,276.12,Completed
ORD005620,2025-11-07,CUST00673,PROD0022,B001,4,5057.35,0.15,4298.75,3654.32,644.43,Completed
ORD005632,2025-09-28,CUST00797,PROD0062,B001,5,3647.66,0.0,3647.66,2893.61,754.05,Completed
ORD005635,2025-05-31,CUST02470,PROD0120,B005,3,1707.5,0.05,1622.12,1100.84,521.28,Completed
ORD005644,2025-02-14,CUST02455,PROD0010,B005,3,5527.66,0.1,4974.9,3215.99,1758.91,Completed
ORD005646,2025-08-12,CUST01088,PROD0095,B001,1,355.14,0.0,355.14,267.88,87.26,Completed
ORD005648,2025-02-15,CUST01647,PROD0108,B004,4,3639.53,0.0,3639.53,2093.7,1545.83,Completed
ORD005657,2025-02-17,CUST01866,PROD0072,B001,1,465.16,0.1,418.64,326.62,92.02,Completed
ORD005663,2025-10-20,CUST01810,PROD0080,B004,2,813.2,0.15,691.22,563.99,127.23,Completed
ORD005664,2025-11-06,CUST02044,PROD0090,B005,4,1279.51,0.1,1151.56,800.72,350.84,Completed
ORD005666,2025-03-07,CUST00480,PROD0022,B002,1,1264.34,0.0,1264.34,913.58,350.76,Completed
ORD005671,2025-06-15,CUST01701,PROD0065,B003,4,5405.34,0.05,5135.07,4044.87,1090.2,Completed
ORD005672,2025-05-10,CUST02251,PROD0080,B002,5,2033.0,0.05,1931.35,1409.99,521.36,Completed
ORD005676,2025-11-25,CUST01733,PROD0075,B001,2,2827.8,0.0,2827.8,2184.91,642.89,Completed
ORD005683,2025-03-27,CUST00057,PROD0006,B005,2,1338.93,0.1,1205.04,971.81,233.23,Completed
ORD005688,2025-09-05,CUST00071,PROD0103,B002,4,3490.63,0.05,3316.1,2065.73,1250.37,Completed
ORD005695,2025-11-01,CUST02145,PROD0107,B003,5,8891.01,0.1,8001.91,5438.35,2563.56,Completed
ORD005696,2025-03-28,CUST01724,PROD0026,B004,3,1180.52,0.1,1062.47,852.89,209.58,Completed
ORD005697,2025-05-25,CUST01689,PROD0028,B001,5,3650.96,0.1,3285.87,2292.57,993.3,Completed
ORD005698,2025-03-16,CUST01337,PROD0010,B003,1,1842.55,0.15,1566.17,1072.0,494.17,Completed
ORD005704,2025-07-06,CUST00036,PROD0047,B004,2,620.39,0.1,558.36,359.3,199.06,Completed
ORD005713,2025-11-26,CUST00292,PROD0016,B001,2,177.73,0.1,159.95,106.43,53.52,Completed
ORD005714,2025-10-04,CUST01699,PROD0011,B003,4,3391.79,0.0,3391.79,2630.5,761.29,Completed
ORD005715,2025-11-27,CUST00540,PROD0100,B001,1,810.99,0.15,689.34,633.28,56.06,Completed
ORD005717,2025-05-29,CUST01190,PROD0004,B005,5,1495.87,0.15,1271.49,955.52,315.97,Completed
ORD005719,2025-08-20,CUST01481,PROD0033,B005,1,600.34,0.1,540.31,383.24,157.07,Completed
ORD005721,2025-06-17,CUST00987,PROD0007,B002,2,95.41,0.0,95.41,71.51,23.9,Completed
ORD005724,2025-09-16,CUST01603,PROD0034,B002,3,3232.34,0.0,3232.34,2149.77,1082.57,Completed
ORD005725,2025-06-22,CUST00663,PROD0004,B001,5,1495.87,0.2,1196.7,955.52,241.18,Completed
ORD005735,2025-08-31,CUST02336,PROD0077,B005,2,608.04,0.2,486.43,492.1,-5.67,Completed
ORD005740,2025-07-07,CUST00783,PROD0075,B002,5,7069.49,0.15,6009.07,5462.28,546.79,Completed
ORD005742,2025-10-21,CUST00792,PROD0083,B003,3,4962.56,0.05,4714.43,3364.43,1350.0,Completed
ORD005745,2025-09-13,CUST01883,PROD0052,B002,2,1321.37,0.2,1057.09,906.7,150.39,Completed
ORD005753,2025-06-07,CUST00573,PROD0079,B002,1,173.3,0.1,155.97,116.57,39.4,Completed
ORD005760,2025-12-16,CUST01806,PROD0016,B004,3,266.59,0.05,253.27,159.65,93.62,Completed
ORD005765,2025-01-29,CUST00138,PROD0027,B004,5,3421.89,0.25,2566.42,2478.73,87.69,Completed
ORD005767,2025-03-24,CUST01580,PROD0115,B002,4,2986.19,0.1,2687.57,1842.61,844.96,Completed
ORD005771,2025-09-15,CUST00241,PROD0083,B002,2,3308.37,0.15,2812.12,2242.95,569.17,Completed
ORD005777,2025-04-03,CUST01145,PROD0097,B001,5,8805.85,0.15,7484.97,5423.08,2061.89,Completed
ORD005778,2025-11-14,CUST00479,PROD0031,B001,4,2668.14,0.1,2401.33,2189.98,211.35,Completed
ORD005785,2025-04-20,CUST01640,PROD0063,B003,2,265.36,0.05,252.09,200.93,51.16,Completed
ORD005786,2025-06-12,CUST00245,PROD0009,B001,4,1277.14,0.0,1277.14,782.1,495.04,Completed
ORD005789,2025-11-18,CUST00074,PROD0047,B003,3,930.59,0.1,837.53,538.95,298.58,Completed
ORD005794,2025-12-20,CUST00940,PROD0074,B004,5,3264.22,0.15,2774.59,2524.19,250.4,Completed
ORD005800,2025-07-26,CUST01743,PROD0119,B002,5,2992.91,0.05,2843.27,2171.55,671.72,Completed
ORD005802,2025-01-20,CUST00115,PROD0095,B002,5,1775.68,0.05,1686.9,1339.42,347.48,Completed
ORD005804,2025-05-04,CUST00192,PROD0106,B002,3,2155.74,0.1,1940.17,1293.66,646.51,Completed
ORD005812,2025-06-24,CUST01431,PROD0103,B002,3,2617.97,0.1,2356.17,1549.3,806.87,Completed
ORD005813,2025-04-29,CUST02362,PROD0035,B004,2,1160.82,0.1,1044.74,871.23,173.51,Completed
ORD005819,2025-01-02,CUST01925,PROD0111,B001,1,1834.82,0.15,1559.59,1107.06,452.53,Completed
ORD005825,2025-11-11,CUST02149,PROD0043,B003,3,874.19,0.2,699.35,535.94,163.41,Completed
ORD005831,2025-11-04,CUST01364,PROD0018,B002,3,5163.92,0.05,4905.72,3215.72,1690.0,Completed
ORD005838,2025-04-23,CUST02239,PROD0059,B002,1,975.0,0.05,926.25,616.71,309.54,Completed
ORD005839,2025-11-21,CUST01086,PROD0051,B003,5,4480.46,0.1,4032.41,2970.26,1062.15,Completed
ORD005843,2025-09-10,CUST00432,PROD0061,B004,3,1344.6,0.1,1210.14,945.07,265.07,Completed
ORD005845,2025-02-08,CUST00270,PROD0071,B001,2,959.57,0.25,719.68,747.14,-27.46,Completed
ORD005846,2025-11-27,CUST01270,PROD0011,B001,3,2543.84,0.1,2289.46,1972.87,316.59,Completed
ORD005849,2025-12-08,CUST01107,PROD0033,B001,5,3001.7,0.2,2401.36,1916.21,485.15,Completed
ORD005852,2025-06-21,CUST02323,PROD0052,B004,3,1982.05,0.1,1783.85,1360.05,423.8,Completed
ORD005858,2025-08-21,CUST01544,PROD0007,B002,1,47.71,0.1,42.94,35.75,7.19,Completed
ORD005866,2025-06-09,CUST02494,PROD0003,B002,4,1511.16,0.1,1360.05,1070.91,289.14,Completed
ORD005871,2025-03-30,CUST01581,PROD0084,B003,3,1554.81,0.05,1477.07,1147.87,329.2,Completed
ORD005875,2025-11-30,CUST01546,PROD0073,B002,1,182.8,0.25,137.1,119.97,17.13,Completed
ORD005878,2025-08-08,CUST02475,PROD0013,B005,2,1353.11,0.1,1217.8,915.45,302.35,Completed
ORD005892,2025-01-27,CUST01394,PROD0081,B002,4,532.43,0.15,452.56,396.43,56.13,Completed
ORD005895,2025-08-30,CUST00794,PROD0103,B005,4,3490.63,0.05,3316.1,2065.73,1250.37,Completed
ORD005907,2025-01-27,CUST02019,PROD0022,B005,5,6321.69,0.2,5057.35,4567.91,489.44,Completed
ORD005909,2025-10-27,CUST01850,PROD0094,B001,5,976.4,0.15,829.94,585.09,244.85,Completed
ORD005910,2025-06-02,CUST01546,PROD0013,B001,2,1353.11,0.15,1150.14,915.45,234.69,Completed
ORD005915,2025-12-27,CUST01242,PROD0078,B001,2,1863.91,0.2,1491.13,1147.95,343.18,Completed
ORD005922,2025-05-05,CUST00506,PROD0061,B003,1,448.2,0.05,425.79,315.02,110.77,Completed
ORD005926,2025-08-05,CUST01874,PROD0005,B003,4,4889.58,0.1,4400.62,3014.92,1385.7,Completed
ORD005930,2025-10-14,CUST01566,PROD0096,B002,4,7107.69,0.1,6396.92,4137.9,2259.02,Completed
ORD005938,2025-06-02,CUST01786,PROD0005,B002,3,3667.18,0.25,2750.39,2261.19,489.2,Completed
ORD005942,2025-12-11,CUST02078,PROD0036,B002,5,1416.8,0.1,1275.12,766.09,509.03,Completed
ORD005946,2025-03-02,CUST00702,PROD0054,B002,5,5638.39,0.25,4228.79,3810.16,418.63,Completed
ORD005948,2025-05-27,CUST01231,PROD0095,B002,2,710.27,0.05,674.76,535.77,138.99,Completed
ORD005949,2025-08-14,CUST02232,PROD0056,B002,2,2056.72,0.2,1645.37,2115.29,-469.92,Completed
ORD005954,2025-06-12,CUST00503,PROD0058,B003,4,1251.03,0.15,1063.37,698.33,365.04,Completed
ORD005958,2025-01-31,CUST01801,PROD0076,B003,3,899.93,0.2,719.94,720.15,-0.21,Completed
ORD005973,2025-08-04,CUST00032,PROD0091,B004,4,1654.7,0.1,1489.23,1261.16,228.07,Completed
ORD005974,2025-08-21,CUST01731,PROD0075,B002,1,1413.9,0.0,1413.9,1092.46,321.44,Completed
ORD005977,2025-10-18,CUST01835,PROD0108,B003,1,909.88,0.0,909.88,523.42,386.46,Completed
ORD005979,2025-07-20,CUST00738,PROD0035,B001,2,1160.82,0.15,986.7,871.23,115.47,Completed
ORD005983,2025-06-23,CUST00874,PROD0119,B005,2,1197.16,0.1,1077.45,868.62,208.83,Completed
ORD005985,2025-07-23,CUST01251,PROD0017,B001,3,2608.78,0.05,2478.34,1895.94,582.4,Completed
ORD005990,2025-11-07,CUST02177,PROD0115,B003,5,3732.73,0.05,3546.1,2303.26,1242.84,Completed
ORD005998,2025-06-20,CUST00356,PROD0039,B003,1,1482.69,0.15,1260.29,826.25,434.04,Completed
ORD006001,2025-03-20,CUST01280,PROD0057,B001,1,1005.1,0.1,904.59,648.95,255.64,Completed
ORD006003,2025-06-21,CUST01055,PROD0058,B002,2,625.51,0.1,562.96,349.16,213.8,Completed
ORD006010,2025-08-20,CUST01250,PROD0041,B001,5,575.39,0.0,575.39,312.45,262.94,Completed
ORD006011,2025-06-16,CUST02043,PROD0009,B004,5,1596.42,0.05,1516.6,977.63,538.97,Completed
ORD006017,2025-03-25,CUST01330,PROD0034,B003,4,4309.79,0.25,3232.34,2866.35,365.99,Completed
ORD006028,2025-06-20,CUST00804,PROD0114,B005,3,4123.61,0.05,3917.43,3129.5,787.93,Completed
ORD006030,2025-01-11,CUST00293,PROD0005,B003,2,2444.79,0.05,2322.55,1507.46,815.09,Completed
ORD006036,2025-04-02,CUST01169,PROD0024,B005,4,5128.14,0.1,4615.33,2812.38,1802.95,Completed
ORD006040,2025-06-03,CUST00299,PROD0114,B001,2,2749.07,0.1,2474.16,2086.33,387.83,Completed
ORD006041,2025-05-28,CUST01748,PROD0109,B004,5,6779.33,0.2,5423.46,4875.55,547.91,Completed
ORD006046,2025-12-26,CUST01360,PROD0018,B001,5,8606.54,0.05,8176.21,5359.54,2816.67,Completed
ORD006048,2025-08-09,CUST01810,PROD0115,B003,1,746.55,0.15,634.56,460.65,173.91,Completed
ORD006052,2025-02-07,CUST02430,PROD0004,B001,1,299.17,0.15,254.3,191.1,63.2,Completed
ORD006057,2025-07-21,CUST02084,PROD0039,B002,1,1482.69,0.05,1408.56,826.25,582.31,Completed
ORD006058,2025-11-09,CUST01901,PROD0083,B005,3,4962.56,0.1,4466.31,3364.43,1101.88,Completed
ORD006064,2025-01-15,CUST01759,PROD0099,B001,5,4246.35,0.15,3609.39,2967.84,641.55,Completed
ORD006065,2025-02-04,CUST01885,PROD0063,B002,1,132.68,0.0,132.68,100.47,32.21,Completed
ORD006066,2025-12-24,CUST00584,PROD0096,B001,4,7107.69,0.05,6752.3,4137.9,2614.4,Completed
ORD006073,2025-12-28,CUST01543,PROD0014,B002,2,2761.75,0.15,2347.49,1581.2,766.29,Completed
ORD006076,2025-11-26,CUST01469,PROD0094,B001,3,585.84,0.15,497.97,351.05,146.92,Completed
ORD006079,2025-05-03,CUST02312,PROD0030,B003,4,4077.53,0.15,3465.9,3254.38,211.52,Completed
ORD006083,2025-01-29,CUST01400,PROD0027,B003,3,2053.13,0.15,1745.16,1487.24,257.92,Completed
ORD006086,2025-03-16,CUST00404,PROD0100,B003,1,810.99,0.15,689.34,633.28,56.06,Completed
ORD006088,2025-03-25,CUST02448,PROD0106,B001,5,3592.9,0.25,2694.68,2156.1,538.58,Completed
ORD006089,2025-03-09,CUST00278,PROD0083,B005,2,3308.37,0.15,2812.12,2242.95,569.17,Completed
ORD006096,2025-07-02,CUST00863,PROD0118,B002,3,869.65,0.1,782.68,582.5,200.18,Completed
ORD006098,2025-04-21,CUST00358,PROD0110,B002,4,3186.86,0.25,2390.14,1852.77,537.37,Completed
ORD006100,2025-11-22,CUST01935,PROD0073,B003,4,731.21,0.05,694.65,479.89,214.76,Completed
ORD006102,2025-12-26,CUST02050,PROD0090,B003,3,959.63,0.0,959.63,600.54,359.09,Completed
ORD006105,2025-06-06,CUST01894,PROD0038,B004,4,239.73,0.0,239.73,162.84,76.89,Completed
ORD006106,2025-12-28,CUST01399,PROD0068,B001,5,5124.67,0.25,3843.5,4116.82,-273.32,Completed
ORD006109,2025-07-23,CUST02014,PROD0074,B005,3,1958.53,0.25,1468.9,1514.51,-45.61,Completed
ORD006112,2025-03-11,CUST00517,PROD0067,B005,5,4534.04,0.05,4307.34,2486.63,1820.71,Completed
ORD006113,2025-01-23,CUST01866,PROD0067,B004,1,906.81,0.05,861.47,497.33,364.14,Completed
ORD006117,2025-03-25,CUST02418,PROD0078,B001,5,4659.77,0.15,3960.81,2869.89,1090.92,Completed
ORD006124,2025-09-15,CUST01475,PROD0109,B002,5,6779.33,0.2,5423.46,4875.55,547.91,Completed
ORD006128,2025-07-19,CUST01850,PROD0104,B002,3,4807.36,0.1,4326.62,3178.71,1147.91,Completed
ORD006129,2025-07-04,CUST00978,PROD0099,B002,1,849.27,0.0,849.27,593.57,255.7,Completed
ORD006132,2025-11-22,CUST02112,PROD0084,B001,2,1036.54,0.05,984.71,765.25,219.46,Completed
ORD006133,2025-06-14,CUST00768,PROD0039,B005,5,7413.45,0.05,7042.78,4131.23,2911.55,Completed
ORD006138,2025-06-09,CUST01704,PROD0057,B004,3,3015.3,0.2,2412.24,1946.86,465.38,Completed
ORD006143,2025-09-22,CUST00012,PROD0048,B004,4,3553.47,0.2,2842.77,2461.98,380.79,Completed
ORD006147,2025-03-27,CUST01012,PROD0001,B001,5,9696.97,0.1,8727.27,5315.89,3411.38,Completed
ORD006154,2025-09-15,CUST02084,PROD0085,B001,4,172.21,0.05,163.6,136.46,27.14,Completed
ORD006156,2025-07-27,CUST01944,PROD0058,B004,3,938.27,0.05,891.36,523.75,367.61,Completed
ORD006168,2025-11-28,CUST01269,PROD0088,B004,4,1795.48,0.2,1436.39,1158.41,277.98,Completed
ORD006169,2025-08-09,CUST00217,PROD0003,B003,2,755.58,0.1,680.02,535.46,144.56,Completed
ORD006170,2025-05-28,CUST01473,PROD0044,B004,1,1093.95,0.05,1039.25,607.41,431.84,Completed
ORD006177,2025-01-04,CUST00101,PROD0001,B004,5,9696.97,0.1,8727.27,5315.89,3411.38,Completed
ORD006184,2025-04-12,CUST01700,PROD0097,B004,2,3522.34,0.1,3170.11,2169.23,1000.88,Completed
ORD006190,2025-12-27,CUST01256,PROD0101,B001,1,646.39,0.05,614.07,460.5,153.57,Completed
ORD006195,2025-04-16,CUST01319,PROD0034,B002,2,2154.89,0.2,1723.91,1433.18,290.73,Completed
ORD006199,2025-02-11,CUST01129,PROD0030,B004,1,1019.38,0.05,968.41,813.59,154.82,Completed
ORD006200,2025-07-29,CUST01798,PROD0044,B002,5,5469.74,0.05,5196.25,3037.05,2159.2,Completed
ORD006203,2025-02-27,CUST00513,PROD0042,B004,2,2907.05,0.1,2616.35,2128.77,487.58,Completed
ORD006205,2025-09-05,CUST01436,PROD0003,B003,3,1133.37,0.15,963.37,803.19,160.18,Completed
ORD006207,2025-11-09,CUST00080,PROD0056,B001,5,7058.6,0.05,6705.66,5288.22,1417.44,Completed
ORD006210,2025-03-20,CUST00938,PROD0120,B002,5,2845.83,0.05,2703.54,1834.73,868.81,Completed
ORD006212,2025-10-15,CUST00185,PROD0007,B001,4,190.83,0.15,162.2,143.01,19.19,Completed
ORD006214,2025-03-02,CUST01786,PROD0023,B001,1,1273.06,0.1,1145.75,786.92,358.83,Completed
ORD006215,2025-08-31,CUST00071,PROD0003,B001,3,1133.37,0.1,1020.04,803.19,216.85,Completed
ORD006220,2025-02-12,CUST01069,PROD0072,B003,2,930.32,0.15,790.77,653.24,137.53,Completed
ORD006222,2025-08-24,CUST00772,PROD0019,B004,1,888.69,0.15,755.39,554.19,201.2,Completed
ORD006224,2025-09-20,CUST00060,PROD0022,B002,4,5057.35,0.1,4551.62,3654.32,897.3,Completed
ORD006226,2025-01-27,CUST01290,PROD0029,B003,5,2290.03,0.0,2290.03,1329.25,960.78,Completed
ORD006229,2025-02-03,CUST02149,PROD0038,B003,3,179.79,0.15,152.83,122.13,30.7,Completed
ORD006236,2025-05-13,CUST01085,PROD0077,B005,1,304.02,0.1,273.62,246.05,27.57,Completed
ORD006242,2025-11-04,CUST01644,PROD0016,B001,2,177.73,0.0,177.73,106.43,71.3,Completed
ORD006249,2025-05-06,CUST01885,PROD0107,B001,3,5334.6,0.15,4534.41,3263.01,1271.4,Completed
ORD006256,2025-04-29,CUST01792,PROD0107,B001,4,7112.81,0.0,7112.81,4350.68,2762.13,Completed
ORD006263,2025-02-19,CUST01787,PROD0111,B003,4,7339.28,0.05,6972.31,4428.25,2544.06,Completed
ORD006268,2025-11-28,CUST00754,PROD0059,B003,1,975.0,0.0,975.0,616.71,358.29,Completed
ORD006271,2025-01-17,CUST00420,PROD0054,B001,5,5638.39,0.15,4792.63,3810.16,982.47,Completed
ORD006275,2025-01-15,CUST01858,PROD0088,B001,4,1795.48,0.1,1615.93,1158.41,457.52,Completed
ORD006276,2025-06-01,CUST00522,PROD0014,B002,5,6904.38,0.05,6559.17,3953.01,2606.16,Completed
ORD006283,2025-11-20,CUST00953,PROD0072,B001,1,465.16,0.2,372.13,326.62,45.51,Completed
ORD006288,2025-07-30,CUST00120,PROD0010,B001,4,7370.22,0.0,7370.22,4287.98,3082.24,Completed
ORD006294,2025-08-20,CUST01988,PROD0006,B005,2,1338.93,0.0,1338.93,971.81,367.12,Completed
ORD006296,2025-08-05,CUST01923,PROD0039,B002,5,7413.45,0.2,5930.76,4131.23,1799.53,Completed
ORD006300,2025-01-08,CUST00899,PROD0030,B002,5,5096.92,0.1,4587.23,4067.97,519.26,Completed
ORD006301,2025-09-12,CUST01791,PROD0039,B004,2,2965.38,0.05,2817.11,1652.49,1164.62,Completed
ORD006302,2025-09-01,CUST01256,PROD0058,B002,1,312.76,0.2,250.2,174.58,75.62,Completed
ORD006313,2025-05-14,CUST01842,PROD0022,B003,5,6321.69,0.0,6321.69,4567.91,1753.78,Completed
ORD006332,2025-01-28,CUST01601,PROD0073,B001,4,731.21,0.15,621.52,479.89,141.63,Completed
ORD006334,2025-05-25,CUST02094,PROD0004,B001,5,1495.87,0.05,1421.08,955.52,465.56,Completed
ORD006343,2025-12-17,CUST00021,PROD0025,B002,2,1980.09,0.1,1782.08,1181.43,600.65,Completed
ORD006347,2025-09-03,CUST00601,PROD0060,B005,4,358.1,0.0,358.1,235.11,122.99,Completed
ORD006355,2025-04-12,CUST01646,PROD0009,B003,1,319.28,0.0,319.28,195.53,123.75,Completed
ORD006367,2025-05-28,CUST01284,PROD0056,B004,5,7058.6,0.0,7058.6,5288.22,1770.38,Completed
ORD006375,2025-01-23,CUST01539,PROD0050,B005,4,4396.56,0.2,3517.25,2537.07,980.18,Completed
ORD006379,2025-06-27,CUST02377,PROD0111,B001,1,1834.82,0.1,1651.34,1107.06,544.28,Completed
ORD006380,2025-09-22,CUST00714,PROD0020,B001,1,760.64,0.05,722.61,547.73,174.88,Completed
ORD006381,2025-05-05,CUST01670,PROD0066,B002,2,2796.43,0.15,2376.97,2008.98,367.99,Completed
ORD006384,2025-08-07,CUST00460,PROD0109,B004,3,4067.6,0.05,3864.22,2925.33,938.89,Completed
ORD006386,2025-12-14,CUST00019,PROD0061,B004,1,448.2,0.1,403.38,315.02,88.36,Completed
ORD006391,2025-05-05,CUST02491,PROD0052,B003,3,1982.05,0.0,1982.05,1360.05,622.0,Completed
ORD006392,2025-12-09,CUST01902,PROD0088,B002,1,448.87,0.25,336.65,289.6,47.05,Completed
ORD006394,2025-09-08,CUST01181,PROD0070,B002,3,601.57,0.0,601.57,412.77,188.8,Completed
ORD006397,2025-11-11,CUST02363,PROD0023,B003,4,5092.22,0.2,4073.78,3147.68,926.1,Completed
ORD006398,2025-08-13,CUST01910,PROD0117,B004,3,2316.79,0.1,2085.12,1428.37,656.75,Completed
ORD006399,2025-02-23,CUST01622,PROD0103,B004,3,2617.97,0.05,2487.08,1549.3,937.78,Completed
ORD006400,2025-03-08,CUST00622,PROD0090,B002,4,1279.51,0.1,1151.56,800.72,350.84,Completed
ORD006404,2025-01-31,CUST01996,PROD0050,B003,3,3297.42,0.2,2637.94,1902.8,735.14,Completed
ORD006406,2025-04-09,CUST01398,PROD0111,B005,4,7339.28,0.1,6605.35,4428.25,2177.1,Completed
ORD006410,2025-09-17,CUST02344,PROD0010,B001,5,9212.77,0.1,8291.5,5359.98,2931.52,Completed
ORD006419,2025-05-12,CUST00325,PROD0092,B004,4,417.78,0.0,417.78,266.55,151.23,Completed
ORD006427,2025-12-08,CUST01042,PROD0106,B002,3,2155.74,0.1,1940.17,1293.66,646.51,Completed
ORD006430,2025-05-02,CUST00555,PROD0075,B003,2,2827.8,0.05,2686.41,2184.91,501.5,Completed
ORD006431,2025-09-09,CUST00709,PROD0070,B001,3,601.57,0.05,571.5,412.77,158.73,Completed
ORD006449,2025-10-02,CUST01706,PROD0045,B003,5,5023.75,0.15,4270.19,3582.79,687.4,Completed
ORD006458,2025-03-31,CUST00415,PROD0120,B004,3,1707.5,0.1,1536.75,1100.84,435.91,Completed
ORD006464,2025-09-26,CUST01475,PROD0113,B005,1,1254.18,0.0,1254.18,906.95,347.23,Completed
ORD006469,2025-02-05,CUST01756,PROD0027,B001,2,1368.76,0.05,1300.32,991.49,308.83,Completed
ORD006472,2025-09-02,CUST00995,PROD0024,B003,1,1282.03,0.05,1217.93,703.09,514.84,Completed
ORD006473,2025-04-16,CUST02020,PROD0054,B001,5,5638.39,0.05,5356.47,3810.16,1546.31,Completed
ORD006476,2025-08-16,CUST00305,PROD0117,B001,1,772.26,0.25,579.2,476.12,103.08,Completed
ORD006479,2025-12-11,CUST01502,PROD0110,B005,4,3186.86,0.05,3027.52,1852.77,1174.75,Completed
ORD006482,2025-09-27,CUST02116,PROD0111,B004,3,5504.46,0.2,4403.57,3321.19,1082.38,Completed
ORD006484,2025-06-03,CUST00125,PROD0056,B003,3,4235.16,0.15,3599.89,3172.93,426.96,Completed
ORD006485,2025-01-20,CUST00533,PROD0080,B001,1,406.6,0.0,406.6,282.0,124.6,Completed
ORD006487,2025-07-08,CUST02170,PROD0032,B005,3,2209.3,0.15,1877.91,1215.9,662.01,Completed
ORD006488,2025-11-20,CUST01233,PROD0111,B001,5,9174.1,0.0,9174.1,5535.31,3638.79,Completed
ORD006501,2025-11-25,CUST00136,PROD0080,B001,3,1219.8,0.0,1219.8,845.99,373.81,Completed
ORD006502,2025-07-09,CUST01342,PROD0067,B003,1,906.81,0.0,906.81,497.33,409.48,Completed
ORD006503,2025-10-01,CUST01150,PROD0009,B002,5,1596.42,0.1,1436.78,977.63,459.15,Completed
ORD006505,2025-10-11,CUST01793,PROD0031,B003,4,2668.14,0.2,2134.51,2189.98,-55.47,Completed
ORD006515,2025-09-17,CUST02375,PROD0044,B002,4,4375.79,0.2,3500.63,2429.64,1070.99,Completed
ORD006517,2025-06-02,CUST01380,PROD0011,B001,3,2543.84,0.0,2543.84,1972.87,570.97,Completed
ORD006519,2025-04-30,CUST00167,PROD0030,B003,5,5096.92,0.05,4842.07,4067.97,774.1,Completed
ORD006534,2025-08-12,CUST00047,PROD0025,B001,2,1980.09,0.1,1782.08,1181.43,600.65,Completed
ORD006536,2025-05-26,CUST01554,PROD0085,B002,3,129.15,0.1,116.24,102.34,13.9,Completed
ORD006537,2025-06-09,CUST01135,PROD0109,B005,5,6779.33,0.0,6779.33,4875.55,1903.78,Completed
ORD006538,2025-04-03,CUST01310,PROD0104,B005,2,3204.91,0.25,2403.68,2119.14,284.54,Completed
ORD006542,2025-01-03,CUST01350,PROD0116,B005,5,1310.86,0.0,1310.86,1075.45,235.41,Completed
ORD006549,2025-01-30,CUST00852,PROD0080,B002,4,1626.4,0.15,1382.44,1127.99,254.45,Completed
ORD006552,2025-02-07,CUST00041,PROD0008,B002,1,265.55,0.15,225.72,218.91,6.81,Completed
ORD006553,2025-01-13,CUST01096,PROD0037,B005,3,1739.02,0.1,1565.12,1447.68,117.44,Completed
ORD006556,2025-02-16,CUST00053,PROD0094,B005,2,390.56,0.0,390.56,234.04,156.52,Completed
ORD006560,2025-12-06,CUST02158,PROD0076,B001,3,899.93,0.0,899.93,720.15,179.78,Completed
ORD006562,2025-02-16,CUST01957,PROD0095,B002,1,355.14,0.1,319.62,267.88,51.74,Completed
ORD006565,2025-04-29,CUST01475,PROD0028,B002,5,3650.96,0.15,3103.31,2292.57,810.74,Completed
ORD006569,2025-02-23,CUST00059,PROD0076,B001,4,1199.9,0.05,1139.91,960.2,179.71,Completed
ORD006571,2025-09-24,CUST01035,PROD0030,B003,2,2038.77,0.2,1631.01,1627.19,3.82,Completed
ORD006572,2025-12-25,CUST01600,PROD0108,B003,5,4549.41,0.1,4094.47,2617.12,1477.35,Completed
ORD006577,2025-01-19,CUST00264,PROD0115,B001,1,746.55,0.0,746.55,460.65,285.9,Completed
ORD006578,2025-08-11,CUST02356,PROD0088,B001,1,448.87,0.05,426.43,289.6,136.83,Completed
ORD006580,2025-05-08,CUST02003,PROD0039,B002,2,2965.38,0.15,2520.57,1652.49,868.08,Completed
ORD006581,2025-11-09,CUST00340,PROD0077,B001,2,608.04,0.15,516.84,492.1,24.74,Completed
ORD006587,2025-01-23,CUST00924,PROD0025,B003,1,990.04,0.15,841.54,590.72,250.82,Completed
ORD006588,2025-05-18,CUST01176,PROD0089,B001,4,1373.33,0.25,1030.0,902.35,127.65,Completed
ORD006599,2025-05-07,CUST00046,PROD0075,B004,1,1413.9,0.05,1343.2,1092.46,250.74,Completed
ORD006600,2025-11-14,CUST00665,PROD0113,B001,4,5016.73,0.05,4765.9,3627.81,1138.09,Completed
ORD006601,2025-09-06,CUST00776,PROD0092,B002,5,522.22,0.1,470.0,333.18,136.82,Completed
ORD006603,2025-11-16,CUST02478,PROD0073,B002,3,548.4,0.05,520.99,359.92,161.07,Completed
ORD006609,2025-08-19,CUST01807,PROD0078,B001,5,4659.77,0.0,4659.77,2869.89,1789.88,Completed
ORD006610,2025-01-05,CUST02024,PROD0091,B003,5,2068.37,0.0,2068.37,1576.45,491.92,Completed
ORD006616,2025-03-15,CUST01574,PROD0112,B003,1,866.36,0.15,736.41,678.33,58.08,Completed
ORD006617,2025-07-26,CUST01157,PROD0019,B002,5,4443.47,0.2,3554.78,2770.95,783.83,Completed
ORD006618,2025-03-27,CUST01058,PROD0064,B004,3,2775.68,0.0,2775.68,2109.86,665.82,Completed
ORD006619,2025-06-20,CUST01191,PROD0009,B001,5,1596.42,0.05,1516.6,977.63,538.97,Completed
ORD006621,2025-02-23,CUST00973,PROD0042,B005,3,4360.58,0.15,3706.49,3193.16,513.33,Completed
ORD006624,2025-12-02,CUST00668,PROD0070,B001,5,1002.62,0.15,852.23,687.96,164.27,Completed
ORD006626,2025-06-24,CUST00442,PROD0104,B003,4,6409.81,0.05,6089.32,4238.27,1851.05,Completed
ORD006632,2025-09-07,CUST00064,PROD0069,B002,3,3795.1,0.2,3036.08,2059.31,976.77,Completed
ORD006633,2025-12-22,CUST01076,PROD0022,B001,3,3793.01,0.2,3034.41,2740.74,293.67,Completed
ORD006637,2025-07-02,CUST01698,PROD0049,B004,4,5330.89,0.1,4797.8,3084.32,1713.48,Completed
ORD006642,2025-07-07,CUST00832,PROD0103,B003,5,4363.29,0.1,3926.96,2582.17,1344.79,Completed
ORD006643,2025-12-04,CUST00762,PROD0051,B003,4,3584.37,0.2,2867.49,2376.21,491.28,Completed
ORD006646,2025-06-22,CUST01829,PROD0021,B001,5,4225.8,0.0,4225.8,2567.89,1657.91,Completed
ORD006649,2025-08-13,CUST02358,PROD0096,B003,3,5330.76,0.0,5330.76,3103.42,2227.34,Completed
ORD006651,2025-05-01,CUST00623,PROD0082,B001,2,4189.05,0.1,3770.15,2267.33,1502.82,Completed
ORD006655,2025-01-29,CUST01519,PROD0006,B001,4,2677.86,0.0,2677.86,1943.61,734.25,Completed
ORD006657,2025-11-28,CUST00774,PROD0079,B001,2,346.61,0.15,294.61,233.14,61.47,Completed
ORD006661,2025-12-03,CUST01204,PROD0049,B001,3,3998.17,0.1,3598.35,2313.24,1285.11,Completed
ORD006664,2025-05-29,CUST01680,PROD0112,B001,4,3465.45,0.05,3292.18,2713.31,578.87,Completed
ORD006674,2025-04-30,CUST02017,PROD0108,B003,4,3639.53,0.05,3457.56,2093.7,1363.86,Completed
ORD006679,2025-04-07,CUST02383,PROD0010,B003,5,9212.77,0.15,7830.86,5359.98,2470.88,Completed
ORD006683,2025-03-29,CUST01191,PROD0008,B005,5,1327.77,0.15,1128.6,1094.54,34.06,Completed
ORD006686,2025-12-03,CUST01879,PROD0025,B002,4,3960.18,0.0,3960.18,2362.87,1597.31,Completed
ORD006689,2025-10-22,CUST00205,PROD0075,B005,1,1413.9,0.15,1201.82,1092.46,109.36,Completed
ORD006695,2025-11-04,CUST01228,PROD0050,B002,1,1099.14,0.05,1044.18,634.27,409.91,Completed
ORD006696,2025-12-26,CUST00585,PROD0079,B002,5,866.51,0.05,823.19,582.85,240.34,Completed
ORD006699,2025-08-16,CUST01308,PROD0029,B002,2,916.01,0.1,824.41,531.7,292.71,Completed
ORD006711,2025-08-13,CUST00687,PROD0118,B004,1,289.88,0.1,260.89,194.17,66.72,Completed
ORD006712,2025-03-25,CUST01854,PROD0098,B002,3,2998.18,0.15,2548.45,1676.49,871.96,Completed
ORD006714,2025-04-02,CUST00719,PROD0040,B003,5,4953.37,0.1,4458.03,2701.76,1756.27,Completed
ORD006720,2025-09-17,CUST00421,PROD0034,B003,4,4309.79,0.15,3663.32,2866.35,796.97,Completed
ORD006721,2025-07-02,CUST01735,PROD0019,B001,4,3554.78,0.1,3199.3,2216.76,982.54,Completed
ORD006723,2025-09-08,CUST01261,PROD0032,B002,4,2945.74,0.05,2798.45,1621.2,1177.25,Completed
ORD006724,2025-01-06,CUST00152,PROD0092,B002,2,208.89,0.0,208.89,133.27,75.62,Completed
ORD006727,2025-06-28,CUST01869,PROD0082,B002,5,10472.63,0.1,9425.37,5668.32,3757.05,Completed
ORD006731,2025-03-25,CUST01926,PROD0074,B004,5,3264.22,0.2,2611.38,2524.19,87.19,Completed
ORD006736,2025-08-22,CUST02494,PROD0095,B005,1,355.14,0.0,355.14,267.88,87.26,Completed
ORD006743,2025-09-10,CUST00678,PROD0027,B003,2,1368.76,0.05,1300.32,991.49,308.83,Completed
ORD006748,2025-08-30,CUST00979,PROD0054,B002,2,2255.35,0.1,2029.82,1524.07,505.75,Completed
ORD006752,2025-10-16,CUST00965,PROD0088,B003,4,1795.48,0.15,1526.16,1158.41,367.75,Completed
ORD006753,2025-10-26,CUST01902,PROD0065,B004,3,4054.0,0.05,3851.31,3033.65,817.66,Completed
ORD006754,2025-12-16,CUST02117,PROD0068,B002,5,5124.67,0.25,3843.5,4116.82,-273.32,Completed
ORD006755,2025-08-30,CUST00737,PROD0094,B001,1,195.28,0.25,146.46,117.02,29.44,Completed
ORD006760,2025-05-13,CUST02454,PROD0068,B001,5,5124.67,0.1,4612.2,4116.82,495.38,Completed
ORD006765,2025-04-19,CUST00244,PROD0048,B001,1,888.37,0.1,799.53,615.49,184.04,Completed
ORD006777,2025-03-06,CUST01742,PROD0068,B003,4,4099.74,0.1,3689.76,3293.45,396.31,Completed
ORD006780,2025-02-23,CUST00306,PROD0101,B005,1,646.39,0.05,614.07,460.5,153.57,Completed
ORD006783,2025-08-20,CUST01408,PROD0088,B003,1,448.87,0.05,426.43,289.6,136.83,Completed
ORD006798,2025-03-04,CUST00811,PROD0036,B002,5,1416.8,0.1,1275.12,766.09,509.03,Completed
ORD006799,2025-05-20,CUST01969,PROD0041,B004,5,575.39,0.15,489.08,312.45,176.63,Completed
ORD006815,2025-09-04,CUST01407,PROD0051,B002,3,2688.28,0.0,2688.28,1782.15,906.13,Completed
ORD006818,2025-05-22,CUST01815,PROD0118,B005,2,579.77,0.15,492.8,388.34,104.46,Completed
ORD006821,2025-09-15,CUST02117,PROD0027,B002,3,2053.13,0.1,1847.82,1487.24,360.58,Completed
ORD006823,2025-04-11,CUST00546,PROD0061,B001,4,1792.8,0.25,1344.6,1260.1,84.5,Completed
ORD006825,2025-08-19,CUST02243,PROD0104,B001,1,1602.45,0.05,1522.33,1059.57,462.76,Completed
ORD006826,2025-09-05,CUST01765,PROD0055,B004,4,1858.97,0.1,1673.07,1054.16,618.91,Completed
ORD006827,2025-12-18,CUST01518,PROD0048,B003,1,888.37,0.1,799.53,615.49,184.04,Completed
ORD006828,2025-11-18,CUST01269,PROD0037,B003,5,2898.37,0.15,2463.61,2412.79,50.82,Completed
ORD006836,2025-07-28,CUST00439,PROD0072,B005,1,319.6,0.2,255.68,326.62,-70.94,Completed
ORD006838,2025-04-11,CUST00093,PROD0045,B002,4,4019.0,0.05,3818.05,2866.23,951.82,Completed
ORD006839,2025-06-25,CUST00795,PROD0031,B004,2,1334.07,0.1,1200.66,1094.99,105.67,Completed
ORD006843,2025-07-08,CUST02467,PROD0046,B004,2,446.67,0.25,335.01,337.11,-2.1,Completed
ORD006845,2025-02-12,CUST00243,PROD0103,B003,1,872.66,0.1,785.39,516.43,268.96,Completed
ORD006850,2025-08-31,CUST00725,PROD0095,B005,4,1420.55,0.2,1136.44,1071.54,64.9,Completed
ORD006854,2025-06-08,CUST01994,PROD0108,B001,5,4549.41,0.1,4094.47,2617.12,1477.35,Completed
ORD006855,2025-10-29,CUST02092,PROD0016,B003,4,355.46,0.05,337.68,212.86,124.82,Completed
ORD006856,2025-05-07,CUST02021,PROD0058,B002,5,1563.78,0.2,1251.03,872.91,378.12,Completed
ORD006857,2025-04-27,CUST01199,PROD0007,B001,2,95.41,0.1,85.87,71.51,14.36,Completed
ORD006860,2025-05-16,CUST00919,PROD0004,B005,5,1495.87,0.2,1196.7,955.52,241.18,Completed
ORD006861,2025-01-17,CUST01394,PROD0043,B002,3,874.19,0.0,874.19,535.94,338.25,Completed
ORD006862,2025-12-15,CUST02425,PROD0068,B003,4,4099.74,0.1,3689.76,3293.45,396.31,Completed
ORD006876,2025-04-12,CUST00463,PROD0083,B005,5,8270.93,0.1,7443.84,5607.38,1836.46,Completed
ORD006883,2025-11-30,CUST01012,PROD0115,B001,5,3732.73,0.0,3732.73,2303.26,1429.47,Completed
ORD006885,2025-11-12,CUST00150,PROD0005,B002,1,1222.39,0.15,1039.04,753.73,285.31,Completed
ORD006889,2025-05-21,CUST02399,PROD0120,B003,3,1707.5,0.0,1707.5,1100.84,606.66,Completed
ORD006899,2025-07-29,CUST01783,PROD0062,B002,3,2188.59,0.25,1641.45,1736.16,-94.71,Completed
ORD006904,2025-01-10,CUST01839,PROD0025,B001,1,990.04,0.05,940.54,590.72,349.82,Completed
ORD006910,2025-10-05,CUST01047,PROD0066,B005,1,1398.21,0.1,1258.39,1004.49,253.9,Completed
ORD006914,2025-06-28,CUST01087,PROD0095,B005,5,1775.68,0.05,1686.9,1339.42,347.48,Completed
ORD006915,2025-09-23,CUST02494,PROD0096,B001,3,5330.76,0.15,4531.15,3103.42,1427.73,Completed
ORD006916,2025-09-29,CUST02125,PROD0034,B002,1,1077.45,0.15,915.83,716.59,199.24,Completed
ORD006917,2025-10-13,CUST01092,PROD0003,B005,2,755.58,0.05,717.81,535.46,182.35,Completed
ORD006921,2025-12-31,CUST01585,PROD0030,B003,4,4077.53,0.1,3669.78,3254.38,415.4,Completed
ORD006926,2025-06-30,CUST01051,PROD0085,B003,5,215.26,0.1,193.73,170.57,23.16,Completed
ORD006930,2025-04-10,CUST01630,PROD0081,B005,3,399.32,0.1,359.39,297.32,62.07,Completed
ORD006933,2025-12-22,CUST02078,PROD0119,B003,4,2394.33,0.0,2394.33,1737.24,657.09,Completed
ORD006941,2025-10-19,CUST00418,PROD0057,B002,2,2010.2,0.2,1608.16,1297.91,310.25,Completed
ORD006947,2025-11-15,CUST01591,PROD0080,B003,4,1626.4,0.05,1545.08,1127.99,417.09,Completed
ORD006950,2025-06-10,CUST01502,PROD0113,B003,2,2508.37,0.25,1881.27,1813.91,67.36,Completed
ORD006952,2025-01-20,CUST02278,PROD0011,B002,3,2543.84,0.05,2416.65,1972.87,443.78,Completed
ORD006955,2025-02-02,CUST01159,PROD0080,B004,5,2033.0,0.1,1829.7,1409.99,419.71,Completed
ORD006958,2025-01-19,CUST01716,PROD0054,B004,3,3383.03,0.05,3213.88,2286.1,927.78,Completed
ORD006962,2025-03-01,CUST02472,PROD0069,B001,4,5060.14,0.0,5060.14,2745.75,2314.39,Completed
ORD006964,2025-03-29,CUST01911,PROD0110,B005,3,2390.14,0.05,2270.63,1389.57,881.06,Completed
ORD006970,2025-03-07,CUST01760,PROD0059,B002,1,975.0,0.2,780.0,616.71,163.29,Completed
ORD006971,2025-09-24,CUST00573,PROD0096,B004,4,7107.69,0.15,6041.53,4137.9,1903.63,Completed
ORD006972,2025-06-15,CUST00211,PROD0068,B004,5,5124.67,0.15,4355.97,4116.82,239.15,Completed
ORD006974,2025-12-14,CUST02460,PROD0009,B002,5,1596.42,0.15,1356.96,977.63,379.33,Completed
ORD006976,2025-12-25,CUST00540,PROD0099,B001,3,2547.81,0.15,2165.64,1780.7,384.94,Completed
ORD006979,2025-03-23,CUST02361,PROD0120,B002,3,1707.5,0.0,1707.5,1100.84,606.66,Completed
ORD006980,2025-02-22,CUST01173,PROD0038,B002,4,239.73,0.15,203.77,162.84,40.93,Completed
ORD006982,2025-10-11,CUST01999,PROD0020,B003,2,1521.28,0.05,1445.21,1095.47,349.74,Completed
ORD006988,2025-03-17,CUST00648,PROD0111,B003,4,7339.28,0.1,6605.35,4428.25,2177.1,Completed
ORD006997,2025-07-05,CUST01505,PROD0102,B002,1,771.4,0.25,578.55,444.87,133.68,Completed
ORD007002,2025-01-30,CUST00323,PROD0012,B005,5,648.08,0.25,486.06,437.87,48.19,Completed
ORD007005,2025-09-07,CUST00334,PROD0027,B003,2,1368.76,0.15,1163.44,991.49,171.95,Completed
ORD007006,2025-10-25,CUST01451,PROD0012,B001,4,518.47,0.15,440.7,350.3,90.4,Completed
ORD007007,2025-04-17,CUST00646,PROD0101,B001,5,3231.94,0.0,3231.94,2302.51,929.43,Completed
ORD007014,2025-08-31,CUST01399,PROD0020,B004,3,2281.92,0.1,2053.72,1643.2,410.52,Completed
ORD007016,2025-04-29,CUST00660,PROD0007,B004,2,95.41,0.1,85.87,71.51,14.36,Completed
ORD007018,2025-04-21,CUST00273,PROD0072,B003,4,1860.63,0.0,1860.63,1306.48,554.15,Completed
ORD007019,2025-06-13,CUST00311,PROD0011,B005,4,3391.79,0.2,2713.43,2630.5,82.93,Completed
ORD007021,2025-03-22,CUST01245,PROD0036,B002,5,1416.8,0.15,1204.28,766.09,438.19,Completed
ORD007027,2025-09-01,CUST00654,PROD0099,B005,2,1698.54,0.15,1443.76,1187.14,256.62,Completed
ORD007037,2025-05-27,CUST00399,PROD0114,B001,3,4123.61,0.1,3711.24,3129.5,581.74,Completed
ORD007039,2025-06-03,CUST02366,PROD0090,B001,1,319.88,0.0,319.88,200.18,119.7,Completed
ORD007043,2025-06-20,CUST01583,PROD0059,B004,5,4875.0,0.05,4631.25,3083.56,1547.69,Completed
ORD007046,2025-08-30,CUST00691,PROD0004,B003,5,1495.87,0.0,1495.87,955.52,540.35,Completed
ORD007048,2025-10-03,CUST02409,PROD0070,B004,3,601.57,0.1,541.42,412.77,128.65,Completed
ORD007049,2025-01-22,CUST01866,PROD0021,B005,3,2535.48,0.1,2281.93,1540.73,741.2,Completed
ORD007052,2025-12-02,CUST02253,PROD0068,B001,4,4099.74,0.1,3689.76,3293.45,396.31,Completed
ORD007059,2025-08-28,CUST00319,PROD0068,B005,1,1024.93,0.05,973.69,823.36,150.33,Completed
ORD007063,2025-03-24,CUST01077,PROD0061,B004,3,1344.6,0.15,1142.91,945.07,197.84,Completed
ORD007067,2025-04-13,CUST00978,PROD0112,B004,2,1732.73,0.2,1386.18,1356.66,29.52,Completed
ORD007077,2025-11-01,CUST00207,PROD0115,B002,2,1493.09,0.2,1194.48,921.31,273.17,Completed
ORD007078,2025-03-18,CUST00920,PROD0020,B005,3,2281.92,0.15,1939.63,1643.2,296.43,Completed
ORD007079,2025-03-08,CUST00076,PROD0068,B005,5,5124.67,0.05,4868.44,4116.82,751.62,Completed
ORD007082,2025-08-27,CUST01052,PROD0025,B005,4,3960.18,0.15,3366.15,2362.87,1003.28,Completed
ORD007084,2025-03-26,CUST01950,PROD0091,B005,2,827.35,0.05,785.98,630.58,155.4,Completed
ORD007086,2025-05-23,CUST00355,PROD0048,B001,2,1776.73,0.05,1687.9,1230.99,456.91,Completed
ORD007090,2025-12-05,CUST01880,PROD0091,B001,5,2068.37,0.0,2068.37,1576.45,491.92,Completed
ORD007093,2025-11-02,CUST01598,PROD0025,B004,4,3960.18,0.1,3564.16,2362.87,1201.29,Completed
ORD007094,2025-02-23,CUST01828,PROD0010,B003,4,7370.22,0.15,6264.69,4287.98,1976.71,Completed
ORD007095,2025-01-14,CUST02094,PROD0113,B002,1,1254.18,0.15,1066.06,906.95,159.11,Completed
ORD007104,2025-05-15,CUST00287,PROD0115,B004,1,746.55,0.15,634.56,460.65,173.91,Completed
ORD007107,2025-07-20,CUST00620,PROD0090,B004,3,959.63,0.05,911.65,600.54,311.11,Completed
ORD007114,2025-09-14,CUST01790,PROD0055,B003,3,1394.23,0.15,1185.09,790.62,394.47,Completed
ORD007116,2025-07-20,CUST02082,PROD0055,B001,2,929.48,0.1,836.54,527.08,309.46,Completed
ORD007120,2025-06-20,CUST00128,PROD0020,B005,2,1521.28,0.2,1217.02,1095.47,121.55,Completed
ORD007122,2025-08-29,CUST01664,PROD0020,B002,3,2281.92,0.2,1825.53,1643.2,182.33,Completed
ORD007124,2025-09-26,CUST00088,PROD0120,B001,1,569.17,0.15,483.79,366.95,116.84,Completed
ORD007125,2025-07-16,CUST01268,PROD0099,B005,2,1698.54,0.0,1698.54,1187.14,511.4,Completed
ORD007128,2025-02-04,CUST01908,PROD0010,B005,2,3685.11,0.05,3500.86,2143.99,1356.87,Completed
ORD007133,2025-08-28,CUST00649,PROD0013,B002,3,2029.66,0.1,1826.7,1373.17,453.53,Completed
ORD007135,2025-05-25,CUST00501,PROD0098,B002,1,999.39,0.25,749.54,558.83,190.71,Completed
ORD007137,2025-06-18,CUST02222,PROD0051,B004,3,2688.28,0.05,2553.86,1782.15,771.71,Completed
ORD007138,2025-05-10,CUST01651,PROD0024,B001,3,3846.1,0.2,3076.88,2109.28,967.6,Completed
ORD007145,2025-04-20,CUST00548,PROD0101,B005,4,2585.55,0.2,2068.44,1842.01,226.43,Completed
ORD007151,2025-11-17,CUST01589,PROD0110,B001,5,3983.57,0.15,3386.03,2315.96,1070.07,Completed
ORD007154,2025-07-11,CUST01773,PROD0025,B004,2,1980.09,0.05,1881.09,1181.43,699.66,Completed
ORD007156,2025-10-07,CUST01777,PROD0073,B001,3,548.4,0.2,438.72,359.92,78.8,Completed
ORD007158,2025-12-24,CUST01145,PROD0085,B004,2,86.1,0.2,68.88,68.23,0.65,Completed
ORD007161,2025-04-16,CUST00928,PROD0034,B001,1,1077.45,0.05,1023.58,716.59,306.99,Completed
ORD007163,2025-01-18,CUST00079,PROD0108,B002,3,2729.65,0.15,2320.2,1570.27,749.93,Completed
ORD007164,2025-06-30,CUST00890,PROD0029,B005,3,1374.02,0.0,1374.02,797.55,576.47,Completed
ORD007167,2025-04-02,CUST02093,PROD0114,B002,3,4123.61,0.1,3711.24,3129.5,581.74,Completed
ORD007177,2025-01-03,CUST02190,PROD0035,B001,3,1741.24,0.05,1654.18,1306.85,347.33,Completed
ORD007180,2025-01-14,CUST01093,PROD0046,B002,4,893.34,0.1,804.01,674.21,129.8,Completed
ORD007181,2025-07-18,CUST00759,PROD0092,B005,3,313.33,0.05,297.67,199.91,97.76,Completed
ORD007182,2025-11-22,CUST01851,PROD0113,B001,4,3684.11,0.05,3499.9,3627.81,-127.91,Completed
ORD007184,2025-03-21,CUST00188,PROD0113,B001,5,6270.92,0.1,5643.82,4534.77,1109.05,Completed
ORD007187,2025-09-20,CUST00792,PROD0105,B003,5,2108.69,0.1,1897.82,1553.98,343.84,Completed
ORD007190,2025-11-30,CUST01849,PROD0036,B004,5,1416.8,0.0,1416.8,766.09,650.71,Completed
ORD007193,2025-08-27,CUST00269,PROD0006,B002,1,669.46,0.15,569.05,485.9,83.15,Completed
ORD007207,2025-06-13,CUST02451,PROD0046,B003,1,223.34,0.2,178.67,168.55,10.12,Completed
ORD007208,2025-04-14,CUST02483,PROD0024,B004,3,3846.1,0.2,3076.88,2109.28,967.6,Completed
ORD007209,2025-05-17,CUST00454,PROD0098,B004,1,999.39,0.1,899.45,558.83,340.62,Completed
ORD007210,2025-09-20,CUST02167,PROD0111,B004,1,1834.82,0.2,1467.85,1107.06,360.79,Completed
ORD007211,2025-11-13,CUST01749,PROD0036,B001,5,1416.8,0.1,1275.12,766.09,509.03,Completed
ORD007217,2025-12-27,CUST02269,PROD0055,B001,5,2323.71,0.15,1975.15,1317.7,657.45,Completed
ORD007222,2025-07-12,CUST02012,PROD0035,B004,4,2321.65,0.0,2321.65,1742.46,579.19,Completed
ORD007223,2025-02-02,CUST01291,PROD0028,B001,5,3650.96,0.15,3103.31,2292.57,810.74,Completed
ORD007227,2025-04-22,CUST01209,PROD0024,B001,2,2564.07,0.15,2179.46,1406.19,773.27,Completed
ORD007235,2025-06-16,CUST00129,PROD0103,B002,4,3490.63,0.2,2792.5,2065.73,726.77,Completed
ORD007236,2025-08-17,CUST00898,PROD0036,B004,3,850.08,0.2,680.07,459.65,220.42,Completed
ORD007239,2025-06-05,CUST00568,PROD0024,B002,4,5128.14,0.1,4615.33,2812.38,1802.95,Completed
ORD007243,2025-02-23,CUST00010,PROD0027,B004,1,684.38,0.2,547.5,495.75,51.75,Completed
ORD007246,2025-04-09,CUST00126,PROD0088,B003,5,2244.35,0.15,1907.7,1448.01,459.69,Completed
ORD007249,2025-12-25,CUST02185,PROD0042,B003,3,4360.58,0.15,3706.49,3193.16,513.33,Completed
ORD007259,2025-03-19,CUST01596,PROD0006,B001,2,1338.93,0.05,1271.98,971.81,300.17,Completed
ORD007260,2025-11-13,CUST01255,PROD0009,B001,2,638.57,0.1,574.71,391.05,183.66,Completed
ORD007266,2025-05-30,CUST01245,PROD0004,B002,2,598.35,0.0,598.35,382.21,216.14,Completed
ORD007272,2025-03-03,CUST02265,PROD0098,B004,5,4996.96,0.05,4747.11,2794.15,1952.96,Completed
ORD007276,2025-06-28,CUST00167,PROD0104,B001,4,6409.81,0.0,6409.81,4238.27,2171.54,Completed
ORD007279,2025-06-04,CUST02222,PROD0062,B003,3,1559.82,0.1,1403.84,1736.16,-332.32,Completed
ORD007283,2025-06-07,CUST01020,PROD0001,B002,3,5818.18,0.05,5527.27,3189.54,2337.73,Completed
ORD007284,2025-10-20,CUST01495,PROD0080,B003,3,1219.8,0.2,975.84,845.99,129.85,Completed
ORD007289,2025-06-10,CUST01489,PROD0029,B005,4,1832.02,0.15,1557.22,1063.4,493.82,Completed
ORD007299,2025-10-28,CUST02267,PROD0053,B004,2,1111.68,0.0,1111.68,723.21,388.47,Completed
ORD007300,2025-01-30,CUST00846,PROD0079,B002,4,693.21,0.2,554.57,466.28,88.29,Completed
ORD007303,2025-10-11,CUST00756,PROD0031,B003,2,1334.07,0.0,1334.07,1094.99,239.08,Completed
ORD007304,2025-10-01,CUST00586,PROD0047,B003,3,930.59,0.25,697.94,538.95,158.99,Completed
ORD007307,2025-06-27,CUST02433,PROD0090,B002,4,1279.51,0.2,1023.61,800.72,222.89,Completed
ORD007313,2025-08-24,CUST01694,PROD0020,B005,5,3803.19,0.25,2852.4,2738.67,113.73,Completed
ORD007316,2025-10-30,CUST00622,PROD0013,B002,2,1353.11,0.1,1217.8,915.45,302.35,Completed
ORD007317,2025-02-26,CUST00173,PROD0092,B001,5,522.22,0.0,522.22,333.18,189.04,Completed
ORD007324,2025-11-23,CUST01388,PROD0109,B001,3,4067.6,0.0,4067.6,2925.33,1142.27,Completed
ORD007328,2025-03-17,CUST01034,PROD0114,B001,1,1374.54,0.2,1099.63,1043.17,56.46,Completed
ORD007334,2025-03-05,CUST01525,PROD0091,B002,4,1654.7,0.2,1323.76,1261.16,62.6,Completed
ORD007339,2025-04-30,CUST00305,PROD0031,B003,1,667.03,0.1,600.33,547.49,52.84,Completed
ORD007341,2025-09-09,CUST00500,PROD0046,B003,2,446.67,0.0,446.67,337.11,109.56,Completed
ORD007342,2025-06-16,CUST01139,PROD0030,B004,1,1019.38,0.1,917.45,813.59,103.86,Completed
ORD007344,2025-01-18,CUST01063,PROD0087,B001,4,4724.26,0.2,3779.41,3298.78,480.63,Completed
ORD007347,2025-03-05,CUST02024,PROD0082,B002,4,8378.11,0.1,7540.3,4534.66,3005.64,Completed
ORD007348,2025-06-10,CUST01561,PROD0067,B001,5,4534.04,0.05,4307.34,2486.63,1820.71,Completed
ORD007350,2025-11-27,CUST02457,PROD0095,B002,2,710.27,0.05,674.76,535.77,138.99,Completed
ORD007356,2025-11-30,CUST00852,PROD0005,B003,2,2444.79,0.15,2078.07,1507.46,570.61,Completed
ORD007360,2025-07-13,CUST00566,PROD0071,B001,3,1439.36,0.0,1439.36,1120.72,318.64,Completed
ORD007362,2025-05-14,CUST02197,PROD0012,B001,3,388.85,0.0,388.85,262.72,126.13,Completed
ORD007363,2025-02-28,CUST01982,PROD0013,B002,1,676.55,0.1,608.9,457.72,151.18,Completed
ORD007366,2025-12-19,CUST02240,PROD0079,B003,2,346.61,0.05,329.27,233.14,96.13,Completed
ORD007367,2025-01-08,CUST02375,PROD0043,B003,3,874.19,0.15,743.06,535.94,207.12,Completed
ORD007368,2025-05-28,CUST00254,PROD0095,B005,2,710.27,0.15,603.73,535.77,67.96,Completed
ORD007369,2025-01-01,CUST01782,PROD0047,B002,5,1550.99,0.15,1318.34,898.25,420.09,Completed
ORD007371,2025-01-13,CUST02025,PROD0113,B001,5,6270.92,0.05,5957.37,4534.77,1422.6,Completed
ORD007373,2025-10-20,CUST01469,PROD0104,B002,4,6409.81,0.0,6409.81,4238.27,2171.54,Completed
ORD007377,2025-02-02,CUST01215,PROD0024,B001,3,3846.1,0.0,3846.1,2109.28,1736.82,Completed
ORD007378,2025-10-11,CUST00988,PROD0048,B003,3,2665.1,0.2,2132.08,1846.48,285.6,Completed
ORD007382,2025-04-07,CUST00044,PROD0029,B004,5,2290.03,0.15,1946.52,1329.25,617.27,Completed
ORD007384,2025-12-24,CUST00427,PROD0076,B003,1,299.98,0.0,299.98,240.05,59.93,Completed
ORD007389,2025-10-26,CUST00932,PROD0064,B001,4,2386.04,0.1,2147.44,2813.15,-665.71,Completed
ORD007392,2025-01-28,CUST01783,PROD0067,B002,5,4534.04,0.0,4534.04,2486.63,2047.41,Completed
ORD007397,2025-10-10,CUST01671,PROD0019,B003,3,2666.08,0.0,2666.08,1662.57,1003.51,Completed
ORD007400,2025-05-16,CUST00122,PROD0074,B003,3,1958.53,0.0,1958.53,1514.51,444.02,Completed
ORD007402,2025-12-11,CUST02000,PROD0089,B002,1,343.33,0.15,291.83,225.59,66.24,Completed
ORD007405,2025-06-28,CUST02480,PROD0101,B002,2,1292.78,0.15,1098.86,921.0,177.86,Completed
ORD007414,2025-06-19,CUST01852,PROD0028,B004,2,1460.38,0.0,1460.38,917.03,543.35,Completed
ORD007421,2025-09-11,CUST01997,PROD0044,B001,4,4375.79,0.05,4157.0,2429.64,1727.36,Completed
ORD007422,2025-06-11,CUST00281,PROD0019,B003,3,2666.08,0.25,1999.56,1662.57,336.99,Completed
ORD007425,2025-12-19,CUST00891,PROD0030,B001,3,3058.15,0.05,2905.24,2440.78,464.46,Completed
ORD007428,2025-04-13,CUST00296,PROD0006,B001,2,985.36,0.1,886.82,971.81,-84.99,Completed
ORD007429,2025-09-26,CUST02446,PROD0005,B001,3,3667.18,0.1,3300.47,2261.19,1039.28,Completed
ORD007432,2025-03-17,CUST00223,PROD0015,B002,1,1421.07,0.25,1065.8,883.73,182.07,Completed
ORD007433,2025-10-30,CUST00031,PROD0107,B005,5,8891.01,0.2,7112.81,5438.35,1674.46,Completed
ORD007434,2025-09-29,CUST01341,PROD0099,B002,3,2547.81,0.1,2293.03,1780.7,512.33,Completed
ORD007436,2025-02-13,CUST01141,PROD0022,B003,4,5057.35,0.15,4298.75,3654.32,644.43,Completed
ORD007437,2025-09-23,CUST00156,PROD0046,B005,4,893.34,0.05,848.67,674.21,174.46,Completed
ORD007441,2025-04-04,CUST01370,PROD0058,B002,5,1563.78,0.0,1563.78,872.91,690.87,Completed
ORD007442,2025-08-18,CUST00549,PROD0047,B005,2,620.39,0.0,620.39,359.3,261.09,Completed
ORD007447,2025-12-11,CUST00913,PROD0035,B001,3,1741.24,0.05,1654.18,1306.85,347.33,Completed
ORD007448,2025-02-21,CUST00243,PROD0057,B002,4,4020.4,0.05,3819.38,2595.81,1223.57,Completed
ORD007450,2025-05-21,CUST01688,PROD0084,B003,3,1554.81,0.1,1399.33,1147.87,251.46,Completed
ORD007454,2025-10-29,CUST02326,PROD0021,B001,5,4225.8,0.0,4225.8,2567.89,1657.91,Completed
ORD007459,2025-10-18,CUST01768,PROD0102,B004,3,2314.2,0.0,2314.2,1334.6,979.6,Completed
ORD007460,2025-02-14,CUST02189,PROD0109,B003,2,2711.73,0.1,2440.56,1950.22,490.34,Completed
ORD007461,2025-05-27,CUST00435,PROD0097,B002,5,8805.85,0.1,7925.27,5423.08,2502.19,Completed
ORD007462,2025-02-23,CUST00373,PROD0037,B004,1,579.67,0.15,492.72,482.56,10.16,Completed
ORD007466,2025-02-06,CUST02441,PROD0087,B003,1,1181.06,0.05,1122.01,824.7,297.31,Completed
ORD007468,2025-01-13,CUST01941,PROD0116,B001,5,1310.86,0.1,1179.77,1075.45,104.32,Completed
ORD007469,2025-12-17,CUST02254,PROD0021,B003,3,2535.48,0.0,2535.48,1540.73,994.75,Completed
ORD007470,2025-03-12,CUST00625,PROD0075,B002,2,2827.8,0.1,2545.02,2184.91,360.11,Completed
ORD007471,2025-11-23,CUST02132,PROD0059,B001,5,4875.0,0.1,4387.5,3083.56,1303.94,Completed
ORD007481,2025-07-28,CUST01657,PROD0112,B001,4,3465.45,0.05,3292.18,2713.31,578.87,Completed
ORD007486,2025-06-25,CUST00648,PROD0038,B001,4,239.73,0.2,191.78,162.84,28.94,Completed
ORD007490,2025-04-14,CUST02249,PROD0014,B003,3,4142.63,0.15,3521.24,2371.81,1149.43,Completed
ORD007492,2025-06-17,CUST00031,PROD0035,B005,1,580.41,0.0,580.41,435.62,144.79,Completed
ORD007497,2025-05-13,CUST02072,PROD0008,B003,5,1327.77,0.05,1261.38,1094.54,166.84,Completed
ORD007498,2025-01-15,CUST01628,PROD0095,B005,3,1065.41,0.05,1012.14,803.65,208.49,Completed
ORD007500,2025-04-07,CUST02087,PROD0093,B001,3,2599.06,0.0,2599.06,1907.02,692.04,Completed
ORD007503,2025-10-02,CUST01109,PROD0099,B003,1,849.27,0.05,806.81,593.57,213.24,Completed
ORD007508,2025-05-13,CUST01598,PROD0027,B005,5,3421.89,0.05,3250.79,2478.73,772.06,Completed
ORD007512,2025-03-15,CUST01566,PROD0083,B001,1,1654.19,0.05,1571.48,1121.48,450.0,Completed
ORD007513,2025-10-05,CUST01284,PROD0058,B003,3,938.27,0.15,797.53,523.75,273.78,Completed
ORD007514,2025-03-26,CUST00277,PROD0109,B002,4,5423.46,0.05,5152.29,3900.44,1251.85,Completed
ORD007516,2025-06-04,CUST01305,PROD0088,B004,4,1795.48,0.0,1795.48,1158.41,637.07,Completed
ORD007538,2025-07-28,CUST01251,PROD0047,B001,5,1550.99,0.15,1318.34,898.25,420.09,Completed
ORD007544,2025-01-15,CUST00169,PROD0100,B004,2,1621.98,0.2,1297.58,1266.56,31.02,Completed
ORD007545,2025-05-08,CUST02459,PROD0012,B003,2,259.23,0.0,259.23,175.15,84.08,Completed
ORD007547,2025-09-15,CUST02340,PROD0084,B002,3,1554.81,0.25,1166.1,1147.87,18.23,Completed
ORD007550,2025-08-12,CUST00774,PROD0089,B001,2,686.67,0.1,618.0,451.18,166.82,Completed
ORD007551,2025-09-14,CUST02264,PROD0034,B004,4,4309.79,0.15,3663.32,2866.35,796.97,Completed
ORD007561,2025-07-02,CUST02161,PROD0010,B004,5,9212.77,0.15,7830.86,5359.98,2470.88,Completed
ORD007566,2025-11-12,CUST01535,PROD0038,B003,5,299.66,0.0,299.66,203.55,96.11,Completed
ORD007568,2025-11-05,CUST01155,PROD0044,B005,2,2187.9,0.0,2187.9,1214.82,973.08,Completed
ORD007571,2025-07-07,CUST02321,PROD0115,B004,4,2986.19,0.15,2538.26,1842.61,695.65,Completed
ORD007574,2025-01-28,CUST00252,PROD0114,B001,5,6872.68,0.0,6872.68,5215.83,1656.85,Completed
ORD007580,2025-04-03,CUST00677,PROD0048,B001,1,888.37,0.15,755.11,615.49,139.62,Completed
ORD007582,2025-05-28,CUST00572,PROD0036,B001,4,1133.44,0.15,963.43,612.87,350.56,Completed
ORD007583,2025-05-14,CUST02090,PROD0026,B005,3,1180.52,0.05,1121.49,852.89,268.6,Completed
ORD007585,2025-08-07,CUST00169,PROD0100,B002,4,2100.5,0.05,1995.48,2533.12,-537.64,Completed
ORD007587,2025-03-22,CUST00519,PROD0025,B004,3,2970.13,0.05,2821.63,1772.15,1049.48,Completed
ORD007588,2025-09-15,CUST02238,PROD0099,B004,5,4246.35,0.0,4246.35,2967.84,1278.51,Completed
ORD007589,2025-01-31,CUST01102,PROD0038,B002,5,299.66,0.15,254.71,203.55,51.16,Completed
ORD007591,2025-12-19,CUST01668,PROD0110,B004,4,3186.86,0.1,2868.17,1852.77,1015.4,Completed
ORD007593,2025-01-19,CUST00621,PROD0099,B001,1,849.27,0.1,764.34,593.57,170.77,Completed
ORD007595,2025-09-03,CUST02363,PROD0110,B005,3,2390.14,0.15,2031.62,1389.57,642.05,Completed
ORD007602,2025-01-26,CUST00799,PROD0078,B001,1,931.95,0.15,792.16,573.98,218.18,Completed
ORD007604,2025-07-25,CUST00059,PROD0088,B001,2,897.74,0.15,763.08,579.21,183.87,Completed
ORD007608,2025-07-29,CUST02368,PROD0110,B002,2,1593.43,0.25,1195.07,926.38,268.69,Completed
ORD007618,2025-06-16,CUST00039,PROD0051,B002,4,3584.37,0.2,2867.49,2376.21,491.28,Completed
ORD007624,2025-07-15,CUST00785,PROD0029,B002,1,458.01,0.05,435.11,265.85,169.26,Completed
ORD007625,2025-06-29,CUST02293,PROD0074,B002,3,1958.53,0.05,1860.61,1514.51,346.1,Completed
ORD007633,2025-01-29,CUST00442,PROD0071,B002,3,1439.36,0.0,1439.36,1120.72,318.64,Completed
ORD007637,2025-11-09,CUST00599,PROD0057,B004,5,5025.49,0.2,4020.4,3244.76,775.64,Completed
ORD007641,2025-12-16,CUST02047,PROD0038,B002,1,59.93,0.2,47.95,40.71,7.24,Completed
ORD007645,2025-06-16,CUST01619,PROD0089,B002,4,1373.33,0.1,1236.0,902.35,333.65,Completed
ORD007649,2025-11-03,CUST01120,PROD0103,B001,1,872.66,0.0,872.66,516.43,356.23,Completed
ORD007650,2025-05-31,CUST01170,PROD0009,B001,3,957.85,0.2,766.28,586.58,179.7,Completed
ORD007654,2025-05-04,CUST01891,PROD0073,B005,2,365.6,0.25,274.2,239.94,34.26,Completed
ORD007659,2025-01-27,CUST02098,PROD0005,B003,1,1222.39,0.05,1161.28,753.73,407.55,Completed
ORD007663,2025-01-07,CUST01180,PROD0082,B005,4,8378.11,0.15,7121.39,4534.66,2586.73,Completed
ORD007666,2025-03-27,CUST01337,PROD0119,B002,2,1197.16,0.15,1017.59,868.62,148.97,Completed
ORD007671,2025-02-03,CUST01605,PROD0065,B002,1,1351.33,0.2,1081.07,1011.22,69.85,Completed
ORD007673,2025-05-13,CUST01987,PROD0040,B005,4,3962.7,0.1,3566.43,2161.41,1405.02,Completed
ORD007677,2025-03-01,CUST01439,PROD0005,B002,1,1222.39,0.25,916.8,753.73,163.07,Completed
ORD007678,2025-10-24,CUST01820,PROD0104,B001,4,6409.81,0.1,5768.83,4238.27,1530.56,Completed
ORD007680,2025-02-06,CUST00069,PROD0013,B004,1,676.55,0.15,575.07,457.72,117.35,Completed
ORD007682,2025-01-26,CUST00080,PROD0006,B001,4,2677.86,0.05,2543.96,1943.61,600.35,Completed
ORD007683,2025-07-23,CUST00768,PROD0098,B004,2,1998.78,0.05,1898.84,1117.66,781.18,Completed
ORD007685,2025-01-29,CUST01905,PROD0083,B003,5,8270.93,0.05,7857.39,5607.38,2250.01,Completed
ORD007686,2025-06-08,CUST01812,PROD0047,B002,3,930.59,0.0,930.59,538.95,391.64,Completed
ORD007687,2025-04-13,CUST00241,PROD0110,B001,2,1593.43,0.0,1593.43,926.38,667.05,Completed
ORD007689,2025-03-21,CUST00720,PROD0078,B001,3,2795.86,0.0,2795.86,1721.93,1073.93,Completed
ORD007692,2025-03-07,CUST01432,PROD0076,B001,4,1199.9,0.1,1079.91,960.2,119.71,Completed
ORD007698,2025-09-18,CUST00981,PROD0045,B003,3,3014.25,0.1,2712.82,2149.67,563.15,Completed
ORD007700,2025-09-27,CUST01885,PROD0036,B003,4,1133.44,0.15,963.43,612.87,350.56,Completed
ORD007703,2025-08-13,CUST00760,PROD0091,B001,5,2068.37,0.1,1861.54,1576.45,285.09,Completed
ORD007704,2025-11-24,CUST01127,PROD0021,B002,5,4225.8,0.1,3803.22,2567.89,1235.33,Completed
ORD007715,2025-03-11,CUST00392,PROD0094,B003,3,585.84,0.25,439.38,351.05,88.33,Completed
ORD007716,2025-11-23,CUST01814,PROD0002,B003,1,680.14,0.0,680.14,411.26,268.88,Completed
ORD007722,2025-06-07,CUST00490,PROD0072,B005,1,465.16,0.1,418.64,326.62,92.02,Completed
ORD007725,2025-04-10,CUST02034,PROD0053,B005,1,555.84,0.2,444.67,361.6,83.07,Completed
ORD007728,2025-05-14,CUST00803,PROD0056,B002,3,4235.16,0.2,3388.12,3172.93,215.19,Completed
ORD007729,2025-07-26,CUST01146,PROD0101,B001,2,1292.78,0.0,1292.78,921.0,371.78,Completed
ORD007734,2025-07-22,CUST01954,PROD0120,B004,1,569.17,0.15,483.79,366.95,116.84,Completed
ORD007740,2025-01-09,CUST01489,PROD0073,B005,5,914.01,0.1,822.61,599.86,222.75,Completed
ORD007742,2025-12-18,CUST00602,PROD0037,B001,5,2898.37,0.0,2898.37,2412.79,485.58,Completed
ORD007749,2025-10-15,CUST01089,PROD0120,B001,3,1707.5,0.15,1451.37,1100.84,350.53,Completed
ORD007753,2025-06-16,CUST01867,PROD0056,B003,3,4235.16,0.1,3811.64,3172.93,638.71,Completed
ORD007755,2025-08-14,CUST00163,PROD0017,B003,2,1739.19,0.0,1739.19,1263.96,475.23,Completed
ORD007757,2025-05-04,CUST01573,PROD0118,B003,3,869.65,0.0,869.65,582.5,287.15,Completed
ORD007765,2025-12-22,CUST01451,PROD0029,B005,1,458.01,0.05,435.11,265.85,169.26,Completed
ORD007767,2025-09-29,CUST01736,PROD0094,B002,5,976.4,0.2,781.12,585.09,196.03,Completed
ORD007769,2025-10-24,CUST00088,PROD0065,B003,3,4054.0,0.05,3851.31,3033.65,817.66,Completed
ORD007772,2025-07-17,CUST00316,PROD0041,B002,2,230.15,0.2,184.12,124.98,59.14,Completed
ORD007774,2025-02-27,CUST01865,PROD0096,B001,4,7107.69,0.05,6752.3,4137.9,2614.4,Completed
ORD007778,2025-05-08,CUST00778,PROD0018,B003,4,6885.23,0.0,6885.23,4287.63,2597.6,Completed
ORD007780,2025-12-31,CUST01830,PROD0042,B005,2,2907.05,0.0,2907.05,2128.77,778.28,Completed
ORD007783,2025-08-31,CUST00150,PROD0045,B002,3,3014.25,0.2,2411.4,2149.67,261.73,Completed
ORD007790,2025-10-20,CUST01022,PROD0117,B002,5,3861.32,0.1,3475.19,2380.62,1094.57,Completed
ORD007793,2025-02-09,CUST00587,PROD0042,B001,2,2907.05,0.1,2616.35,2128.77,487.58,Completed
ORD007794,2025-05-16,CUST00780,PROD0091,B002,4,1654.7,0.05,1571.96,1261.16,310.8,Completed
ORD007797,2025-05-14,CUST00494,PROD0019,B001,3,2666.08,0.1,2399.47,1662.57,736.9,Completed
ORD007800,2025-04-19,CUST00268,PROD0088,B003,5,2244.35,0.1,2019.92,1448.01,571.91,Completed
ORD007801,2025-11-30,CUST00159,PROD0002,B001,5,3400.69,0.05,3230.66,2056.3,1174.36,Completed
ORD007808,2025-02-19,CUST00836,PROD0066,B003,1,1398.21,0.15,1188.48,1004.49,183.99,Completed
ORD007821,2025-04-25,CUST00172,PROD0059,B002,4,3900.0,0.1,3510.0,2466.85,1043.15,Completed
ORD007822,2025-11-19,CUST02495,PROD0076,B001,2,599.95,0.15,509.96,480.1,29.86,Completed
ORD007824,2025-01-20,CUST01017,PROD0080,B001,2,813.2,0.1,731.88,563.99,167.89,Completed
ORD007839,2025-07-05,CUST00172,PROD0052,B005,2,1321.37,0.2,1057.09,906.7,150.39,Completed
ORD007840,2025-11-09,CUST00400,PROD0098,B005,5,4996.96,0.1,4497.27,2794.15,1703.12,Completed
ORD007841,2025-11-20,CUST00058,PROD0018,B001,5,8606.54,0.05,8176.21,5359.54,2816.67,Completed
ORD007846,2025-10-01,CUST00522,PROD0087,B004,1,1181.06,0.0,1181.06,824.7,356.36,Completed
ORD007848,2025-05-28,CUST01134,PROD0095,B002,4,1420.55,0.0,1420.55,1071.54,349.01,Completed
ORD007851,2025-09-21,CUST00418,PROD0037,B002,3,1739.02,0.0,1739.02,1447.68,291.34,Completed
ORD007855,2025-01-05,CUST02446,PROD0028,B001,3,2190.58,0.05,2081.05,1375.54,705.51,Completed
ORD007863,2025-01-04,CUST01351,PROD0006,B003,5,3347.32,0.15,2845.22,2429.52,415.7,Completed
ORD007865,2025-08-08,CUST01439,PROD0080,B003,4,1626.4,0.1,1463.76,1127.99,335.77,Completed
ORD007866,2025-01-30,CUST01111,PROD0029,B004,1,458.01,0.1,412.21,265.85,146.36,Completed
ORD007872,2025-11-01,CUST02250,PROD0103,B005,4,3490.63,0.2,2792.5,2065.73,726.77,Completed
ORD007873,2025-09-23,CUST00689,PROD0011,B004,5,4239.74,0.0,4239.74,3288.12,951.62,Completed
ORD007876,2025-10-19,CUST02377,PROD0080,B001,3,1219.8,0.25,914.85,845.99,68.86,Completed
ORD007877,2025-10-15,CUST01971,PROD0025,B004,5,3045.76,0.1,2741.19,2953.59,-212.4,Completed
ORD007883,2025-07-23,CUST01970,PROD0046,B005,2,446.67,0.15,379.67,337.11,42.56,Completed
ORD007889,2025-10-06,CUST01003,PROD0090,B001,3,959.63,0.2,767.71,600.54,167.17,Completed
ORD007895,2025-01-10,CUST02226,PROD0055,B004,4,1858.97,0.05,1766.02,1054.16,711.86,Completed
ORD007896,2025-12-03,CUST01554,PROD0002,B002,3,2040.42,0.1,1836.37,1233.78,602.59,Completed
ORD007897,2025-06-11,CUST00066,PROD0094,B002,2,390.56,0.1,351.51,234.04,117.47,Completed
ORD007902,2025-09-22,CUST02275,PROD0111,B003,2,3669.64,0.05,3486.16,2214.12,1272.04,Completed
ORD007903,2025-05-12,CUST01280,PROD0048,B002,4,3553.47,0.0,3553.47,2461.98,1091.49,Completed
ORD007905,2025-03-06,CUST02279,PROD0067,B002,3,2720.42,0.2,2176.34,1491.98,684.36,Completed
ORD007914,2025-12-27,CUST00885,PROD0070,B005,1,200.52,0.1,180.47,137.59,42.88,Completed
ORD007915,2025-09-05,CUST01261,PROD0054,B003,2,2255.35,0.0,2255.35,1524.07,731.28,Completed
ORD007916,2025-08-12,CUST00836,PROD0074,B003,3,1958.53,0.15,1664.75,1514.51,150.24,Completed
ORD007917,2025-12-03,CUST01514,PROD0034,B003,4,4309.79,0.2,3447.83,2866.35,581.48,Completed
ORD007920,2025-02-19,CUST02122,PROD0070,B002,5,1002.62,0.05,952.49,687.96,264.53,Completed
ORD007923,2025-06-06,CUST02429,PROD0088,B001,2,897.74,0.2,718.19,579.21,138.98,Completed
ORD007924,2025-08-22,CUST02212,PROD0049,B003,4,5330.89,0.2,4264.71,3084.32,1180.39,Completed
ORD007928,2025-08-12,CUST00652,PROD0112,B003,4,3465.45,0.15,2945.63,2713.31,232.32,Completed
ORD007935,2025-03-20,CUST02111,PROD0100,B003,2,1621.98,0.1,1459.78,1266.56,193.22,Completed
ORD007937,2025-08-10,CUST00900,PROD0049,B005,2,2665.44,0.15,2265.63,1542.16,723.47,Completed
ORD007943,2025-10-08,CUST02110,PROD0033,B002,2,1200.68,0.15,1020.58,766.49,254.09,Completed
ORD007948,2025-08-24,CUST00440,PROD0109,B003,1,1355.87,0.0,1355.87,975.11,380.76,Completed
ORD007950,2025-12-27,CUST00488,PROD0014,B002,5,6904.38,0.15,5868.73,3953.01,1915.72,Completed
ORD007953,2025-12-10,CUST01020,PROD0036,B004,4,1133.44,0.0,1133.44,612.87,520.57,Completed
ORD007956,2025-06-27,CUST01555,PROD0090,B002,5,1599.39,0.2,1279.51,1000.91,278.6,Completed
ORD007962,2025-09-23,CUST02369,PROD0018,B003,2,3442.62,0.2,2754.09,2143.81,610.28,Completed
ORD007963,2025-05-29,CUST00325,PROD0073,B004,4,731.21,0.15,621.52,479.89,141.63,Completed
ORD007964,2025-12-02,CUST01596,PROD0033,B001,5,3001.7,0.15,2551.45,1916.21,635.24,Completed
ORD007966,2025-03-03,CUST00274,PROD0061,B001,2,896.4,0.05,851.58,630.05,221.53,Completed
ORD007968,2025-10-02,CUST01924,PROD0063,B002,5,663.4,0.15,563.89,502.33,61.56,Completed
ORD007970,2025-09-30,CUST00589,PROD0023,B001,5,6365.28,0.0,6365.28,3934.59,2430.69,Completed
ORD007971,2025-10-27,CUST01123,PROD0033,B003,3,1801.02,0.05,1710.97,1149.73,561.24,Completed
ORD007976,2025-05-01,CUST00921,PROD0104,B002,1,1602.45,0.05,1522.33,1059.57,462.76,Completed
ORD007982,2025-01-28,CUST01834,PROD0079,B003,4,693.21,0.1,623.89,466.28,157.61,Completed
ORD007984,2025-01-28,CUST01426,PROD0026,B002,1,393.51,0.05,373.83,284.3,89.53,Completed
ORD007987,2025-02-17,CUST00855,PROD0077,B002,4,1216.09,0.0,1216.09,984.21,231.88,Completed
ORD007989,2025-07-18,CUST02309,PROD0041,B003,3,345.23,0.15,293.45,187.47,105.98,Completed
ORD007996,2025-01-26,CUST01459,PROD0028,B002,2,1460.38,0.25,1095.28,917.03,178.25,Completed
ORD007998,2025-01-20,CUST01998,PROD0046,B001,1,223.34,0.2,178.67,168.55,10.12,Completed
ORD007999,2025-11-12,CUST01786,PROD0029,B001,3,1374.02,0.2,1099.21,797.55,301.66,Completed
ORD008000,2025-02-26,CUST00490,PROD0101,B003,5,3231.94,0.15,2747.15,2302.51,444.64,Completed
ORD008001,2025-09-05,CUST00267,PROD0041,B001,4,460.31,0.05,437.3,249.96,187.34,Completed
ORD008002,2025-03-17,CUST00835,PROD0036,B002,1,283.36,0.1,255.03,153.22,101.81,Completed
ORD008006,2025-03-10,CUST01058,PROD0020,B002,5,3803.19,0.1,3422.87,2738.67,684.2,Completed
ORD008007,2025-01-23,CUST02118,PROD0048,B001,4,3553.47,0.1,3198.12,2461.98,736.14,Completed
ORD008012,2025-10-11,CUST01130,PROD0102,B001,2,1542.8,0.15,1311.38,889.73,421.65,Completed
ORD008013,2025-06-17,CUST01638,PROD0116,B002,2,524.35,0.1,471.91,430.18,41.73,Completed
ORD008021,2025-12-28,CUST00494,PROD0069,B005,5,3069.94,0.0,3069.94,3432.19,-362.25,Completed
ORD008028,2025-04-26,CUST01760,PROD0082,B002,1,2094.53,0.25,1570.89,1133.66,437.23,Completed
ORD008035,2025-08-25,CUST00747,PROD0078,B001,1,931.95,0.1,838.76,573.98,264.78,Completed
ORD008048,2025-03-20,CUST00529,PROD0008,B003,3,796.66,0.1,716.99,656.72,60.27,Completed
ORD008052,2025-12-18,CUST01784,PROD0055,B001,3,1394.23,0.25,1045.67,790.62,255.05,Completed
ORD008055,2025-08-16,CUST01525,PROD0093,B004,3,2599.06,0.0,2599.06,1907.02,692.04,Completed
ORD008056,2025-08-11,CUST00200,PROD0004,B004,2,598.35,0.0,598.35,382.21,216.14,Completed
ORD008065,2025-06-03,CUST01782,PROD0027,B003,3,2053.13,0.1,1847.82,1487.24,360.58,Completed
ORD008066,2025-01-13,CUST00569,PROD0074,B001,3,1958.53,0.2,1566.83,1514.51,52.32,Completed
ORD008072,2025-09-01,CUST01438,PROD0009,B002,3,957.85,0.15,814.18,586.58,227.6,Completed
ORD008074,2025-05-15,CUST02354,PROD0027,B003,4,2737.51,0.05,2600.64,1982.98,617.66,Completed
ORD008076,2025-02-17,CUST01580,PROD0018,B002,1,1721.31,0.25,1290.98,1071.91,219.07,Completed
ORD008078,2025-07-02,CUST00988,PROD0049,B001,3,3998.17,0.0,3998.17,2313.24,1684.93,Completed
ORD008079,2025-02-01,CUST00141,PROD0007,B002,2,95.41,0.1,85.87,71.51,14.36,Completed
ORD008084,2025-06-12,CUST01655,PROD0025,B005,3,1694.03,0.05,1609.33,1772.15,-162.82,Completed
ORD008091,2025-12-14,CUST01341,PROD0060,B001,2,179.05,0.1,161.15,117.55,43.6,Completed
ORD008093,2025-10-14,CUST00930,PROD0093,B002,3,2599.06,0.1,2339.15,1907.02,432.13,Completed
ORD008094,2025-07-18,CUST02011,PROD0044,B001,4,4375.79,0.2,3500.63,2429.64,1070.99,Completed
ORD008096,2025-04-15,CUST00575,PROD0055,B002,2,929.48,0.05,883.01,527.08,355.93,Completed
ORD008097,2025-06-15,CUST02332,PROD0085,B001,3,84.58,0.0,84.58,102.34,-17.76,Completed
ORD008102,2025-08-17,CUST02416,PROD0117,B002,4,3089.06,0.05,2934.61,1904.49,1030.12,Completed
ORD008105,2025-02-03,CUST01325,PROD0065,B001,3,4054.0,0.1,3648.61,3033.65,614.96,Completed
ORD008109,2025-10-04,CUST01525,PROD0108,B001,4,3639.53,0.25,2729.65,2093.7,635.95,Completed
ORD008110,2025-08-20,CUST01230,PROD0017,B004,1,869.59,0.15,739.15,631.98,107.17,Completed
ORD008111,2025-03-12,CUST00775,PROD0062,B005,2,1459.06,0.0,1459.06,1157.44,301.62,Completed
ORD008113,2025-06-23,CUST00431,PROD0054,B003,3,3383.03,0.15,2875.58,2286.1,589.48,Completed
ORD008116,2025-02-09,CUST00735,PROD0032,B003,4,2945.74,0.15,2503.88,1621.2,882.68,Completed
ORD008129,2025-12-02,CUST02397,PROD0077,B002,5,1520.11,0.05,1444.11,1230.26,213.85,Completed
ORD008133,2025-02-18,CUST01046,PROD0115,B005,5,3732.73,0.15,3172.82,2303.26,869.56,Completed
ORD008137,2025-04-23,CUST02354,PROD0056,B005,2,2823.44,0.25,2117.58,2115.29,2.29,Completed
ORD008138,2025-04-25,CUST00374,PROD0104,B001,2,3204.91,0.15,2724.17,2119.14,605.03,Completed
ORD008149,2025-08-23,CUST00584,PROD0113,B004,5,6270.92,0.2,5016.73,4534.77,481.96,Completed
ORD008152,2025-01-21,CUST00254,PROD0108,B002,3,2729.65,0.1,2456.68,1570.27,886.41,Completed
ORD008154,2025-02-09,CUST01144,PROD0003,B005,5,1888.96,0.25,1416.72,1338.64,78.08,Completed
ORD008155,2025-10-11,CUST00824,PROD0028,B005,5,3650.96,0.0,3650.96,2292.57,1358.39,Completed
ORD008156,2025-10-30,CUST01033,PROD0081,B001,3,399.32,0.2,319.46,297.32,22.14,Completed
ORD008159,2025-04-06,CUST02377,PROD0004,B001,4,1196.7,0.1,1077.03,764.42,312.61,Completed
ORD008164,2025-03-23,CUST00564,PROD0063,B005,5,663.4,0.15,563.89,502.33,61.56,Completed
ORD008166,2025-07-28,CUST00571,PROD0089,B001,1,343.33,0.15,291.83,225.59,66.24,Completed
ORD008168,2025-02-06,CUST01487,PROD0105,B003,4,1686.95,0.0,1686.95,1243.18,443.77,Completed
ORD008171,2025-08-25,CUST01525,PROD0054,B001,5,5638.39,0.05,5356.47,3810.16,1546.31,Completed
ORD008178,2025-08-12,CUST01874,PROD0053,B005,5,2779.19,0.15,2362.31,1808.01,554.3,Completed
ORD008181,2025-01-04,CUST00316,PROD0050,B003,3,3297.42,0.1,2967.68,1902.8,1064.88,Completed
ORD008182,2025-01-02,CUST02481,PROD0099,B003,5,4246.35,0.2,3397.08,2967.84,429.24,Completed
ORD008189,2025-11-28,CUST00453,PROD0088,B004,2,897.74,0.0,897.74,579.21,318.53,Completed
ORD008191,2025-03-01,CUST00045,PROD0111,B002,4,7339.28,0.25,5504.46,4428.25,1076.21,Completed
ORD008193,2025-09-11,CUST00839,PROD0089,B001,5,1716.67,0.15,1459.17,1127.94,331.23,Completed
ORD008194,2025-02-14,CUST01889,PROD0012,B001,2,259.23,0.0,259.23,175.15,84.08,Completed
ORD008208,2025-10-31,CUST01112,PROD0012,B004,4,518.47,0.1,466.62,350.3,116.32,Completed
ORD008219,2025-07-07,CUST01854,PROD0068,B001,3,3074.8,0.05,2921.06,2470.09,450.97,Completed
ORD008223,2025-10-21,CUST02170,PROD0036,B004,5,1416.8,0.05,1345.96,766.09,579.87,Completed
ORD008232,2025-02-17,CUST01484,PROD0052,B001,4,2642.73,0.05,2510.6,1813.4,697.2,Completed
ORD008248,2025-05-09,CUST00622,PROD0117,B003,4,3089.06,0.2,2471.25,1904.49,566.76,Completed
ORD008251,2025-05-31,CUST00975,PROD0068,B004,2,2049.87,0.0,2049.87,1646.73,403.14,Completed
ORD008253,2025-08-29,CUST00109,PROD0119,B001,4,2394.33,0.05,2274.61,1737.24,537.37,Completed
ORD008256,2025-05-24,CUST00567,PROD0043,B001,1,291.4,0.15,247.69,178.65,69.04,Completed
ORD008261,2025-11-23,CUST02282,PROD0024,B001,4,5128.14,0.2,4102.51,2812.38,1290.13,Completed
ORD008269,2025-06-20,CUST01254,PROD0058,B001,4,1251.03,0.1,1125.92,698.33,427.59,Completed
ORD008271,2025-11-28,CUST00833,PROD0034,B003,1,1077.45,0.05,1023.58,716.59,306.99,Completed
ORD008277,2025-10-11,CUST01786,PROD0069,B005,4,5060.14,0.0,5060.14,2745.75,2314.39,Completed
ORD008282,2025-02-13,CUST00655,PROD0078,B005,5,4659.77,0.15,3960.81,2869.89,1090.92,Completed
ORD008284,2025-05-19,CUST02418,PROD0085,B001,5,215.26,0.1,193.73,170.57,23.16,Completed
ORD008286,2025-03-10,CUST00557,PROD0041,B002,4,460.31,0.15,391.26,249.96,141.3,Completed
ORD008287,2025-03-01,CUST02059,PROD0041,B004,1,115.08,0.05,109.32,62.49,46.83,Completed
ORD008288,2025-01-28,CUST01816,PROD0079,B005,5,866.51,0.05,823.19,582.85,240.34,Completed
ORD008290,2025-03-07,CUST00499,PROD0120,B003,1,569.17,0.05,540.71,366.95,173.76,Completed
ORD008298,2025-02-18,CUST02010,PROD0120,B001,1,569.17,0.15,483.79,366.95,116.84,Completed
ORD008304,2025-12-30,CUST01496,PROD0034,B005,1,1077.45,0.15,915.83,716.59,199.24,Completed
ORD008308,2025-07-23,CUST01804,PROD0060,B001,3,268.58,0.15,228.29,176.33,51.96,Completed
ORD008309,2025-01-13,CUST01261,PROD0083,B003,5,8270.93,0.2,6616.75,5607.38,1009.37,Completed
ORD008311,2025-06-28,CUST00664,PROD0026,B001,3,1180.52,0.1,1062.47,852.89,209.58,Completed
ORD008312,2025-05-22,CUST00645,PROD0013,B005,3,2029.66,0.0,2029.66,1373.17,656.49,Completed
ORD008320,2025-05-22,CUST02255,PROD0055,B004,2,929.48,0.15,790.06,527.08,262.98,Completed
ORD008323,2025-03-29,CUST02188,PROD0064,B005,2,1850.46,0.05,1757.93,1406.57,351.36,Completed
ORD008328,2025-07-16,CUST01697,PROD0043,B002,1,291.4,0.05,276.83,178.65,98.18,Completed
ORD008334,2025-11-05,CUST01551,PROD0092,B003,2,208.89,0.1,188.0,133.27,54.73,Completed
ORD008335,2025-12-25,CUST02070,PROD0079,B002,2,346.61,0.05,329.27,233.14,96.13,Completed
ORD008339,2025-01-21,CUST00287,PROD0092,B002,2,208.89,0.1,188.0,133.27,54.73,Completed
ORD008342,2025-04-20,CUST01920,PROD0090,B002,5,1599.39,0.1,1439.45,1000.91,438.54,Completed
ORD008350,2025-11-28,CUST00206,PROD0083,B002,2,3308.37,0.05,3142.96,2242.95,900.01,Completed
ORD008351,2025-04-04,CUST01004,PROD0049,B004,2,2665.44,0.2,2132.35,1542.16,590.19,Completed
ORD008353,2025-02-17,CUST01846,PROD0085,B001,1,43.05,0.05,40.9,34.11,6.79,Completed
ORD008356,2025-08-17,CUST02495,PROD0085,B002,5,215.26,0.05,204.49,170.57,33.92,Completed
ORD008359,2025-10-07,CUST01305,PROD0054,B003,1,1127.68,0.1,1014.91,762.03,252.88,Completed
ORD008382,2025-09-15,CUST00831,PROD0020,B001,3,2281.92,0.05,2167.82,1643.2,524.62,Completed
ORD008393,2025-05-27,CUST02013,PROD0112,B001,1,866.36,0.1,779.72,678.33,101.39,Completed
ORD008395,2025-02-02,CUST01579,PROD0106,B002,1,718.58,0.0,718.58,431.22,287.36,Completed
ORD008396,2025-11-27,CUST00004,PROD0099,B001,4,3397.08,0.15,2887.52,2374.27,513.25,Completed
ORD008398,2025-05-14,CUST01992,PROD0076,B001,2,599.95,0.15,509.96,480.1,29.86,Completed
ORD008399,2025-11-16,CUST01558,PROD0096,B002,3,5330.76,0.05,5064.23,3103.42,1960.81,Completed
ORD008401,2025-04-24,CUST00193,PROD0104,B002,1,1602.45,0.0,1602.45,1059.57,542.88,Completed
ORD008402,2025-06-23,CUST02303,PROD0042,B001,5,7267.64,0.05,6904.25,5321.93,1582.32,Completed
ORD008403,2025-09-20,CUST02160,PROD0105,B004,3,1265.21,0.1,1138.69,932.39,206.3,Completed
ORD008413,2025-11-03,CUST00841,PROD0075,B003,4,5655.6,0.25,4241.7,4369.82,-128.12,Completed
ORD008415,2025-10-18,CUST00608,PROD0035,B002,1,580.41,0.1,522.37,435.62,86.75,Completed
ORD008416,2025-03-23,CUST01494,PROD0045,B005,1,1004.75,0.2,803.8,716.56,87.24,Completed
ORD008418,2025-09-19,CUST02140,PROD0102,B001,3,2314.2,0.0,2314.2,1334.6,979.6,Completed
ORD008419,2025-11-25,CUST01369,PROD0049,B002,2,2665.44,0.2,2132.35,1542.16,590.19,Completed
ORD008420,2025-10-26,CUST00039,PROD0076,B001,4,1199.9,0.05,1139.91,960.2,179.71,Completed
ORD008422,2025-12-17,CUST01839,PROD0052,B005,4,2642.73,0.15,2246.32,1813.4,432.92,Completed
ORD008425,2025-04-14,CUST00337,PROD0069,B005,3,3795.1,0.15,3225.84,2059.31,1166.53,Completed
ORD008427,2025-09-23,CUST00096,PROD0067,B002,4,3627.23,0.1,3264.51,1989.31,1275.2,Completed
ORD008430,2025-11-07,CUST00210,PROD0084,B003,2,1036.54,0.05,984.71,765.25,219.46,Completed
ORD008433,2025-05-19,CUST01666,PROD0024,B005,4,5128.14,0.0,5128.14,2812.38,2315.76,Completed
ORD008442,2025-02-19,CUST01456,PROD0057,B004,4,4020.4,0.1,3618.36,2595.81,1022.55,Completed
ORD008443,2025-03-16,CUST01645,PROD0031,B002,3,2001.1,0.2,1600.88,1642.48,-41.6,Completed
ORD008448,2025-10-19,CUST00833,PROD0012,B005,3,388.85,0.0,388.85,262.72,126.13,Completed
ORD008458,2025-08-31,CUST01932,PROD0073,B002,3,548.4,0.25,411.3,359.92,51.38,Completed
ORD008464,2025-06-16,CUST00234,PROD0030,B004,4,4077.53,0.05,3873.66,3254.38,619.28,Completed
ORD008468,2025-03-10,CUST00933,PROD0074,B005,2,1305.69,0.2,1044.55,1009.68,34.87,Completed
ORD008479,2025-03-20,CUST01401,PROD0067,B004,2,1813.62,0.1,1632.26,994.65,637.61,Completed
ORD008485,2025-08-26,CUST00682,PROD0014,B003,3,4142.63,0.15,3521.24,2371.81,1149.43,Completed
ORD008489,2025-10-26,CUST01251,PROD0032,B001,3,2209.3,0.2,1767.44,1215.9,551.54,Completed
ORD008492,2025-01-31,CUST00345,PROD0093,B003,3,2599.06,0.15,2209.2,1907.02,302.18,Completed
ORD008497,2025-09-05,CUST02262,PROD0049,B003,5,6663.61,0.1,5997.25,3855.39,2141.86,Completed
ORD008506,2025-03-14,CUST02178,PROD0083,B001,3,4962.56,0.15,4218.18,3364.43,853.75,Completed
ORD008507,2025-04-11,CUST00815,PROD0100,B001,2,1621.98,0.1,1459.78,1266.56,193.22,Completed
ORD008508,2025-05-23,CUST02263,PROD0051,B001,2,1792.18,0.2,1433.75,1188.1,245.65,Completed
ORD008511,2025-12-12,CUST02365,PROD0087,B005,4,4724.26,0.0,4724.26,3298.78,1425.48,Completed
ORD008516,2025-06-12,CUST02042,PROD0001,B004,4,3817.38,0.05,3626.51,4252.71,-626.2,Completed
ORD008529,2025-06-10,CUST01306,PROD0016,B004,5,444.32,0.15,377.68,266.08,111.6,Completed
ORD008533,2025-05-30,CUST01483,PROD0106,B001,5,3592.9,0.1,3233.61,2156.1,1077.51,Completed
ORD008535,2025-07-13,CUST01545,PROD0056,B002,4,5646.88,0.1,5082.19,4230.57,851.62,Completed
ORD008536,2025-03-24,CUST01408,PROD0098,B003,3,2998.18,0.15,2548.45,1676.49,871.96,Completed
ORD008538,2025-07-28,CUST01951,PROD0080,B001,2,813.2,0.25,609.9,563.99,45.91,Completed
ORD008539,2025-08-03,CUST00262,PROD0027,B003,2,1368.76,0.15,1163.44,991.49,171.95,Completed
ORD008544,2025-01-06,CUST01585,PROD0048,B002,2,1776.73,0.1,1599.06,1230.99,368.07,Completed
ORD008552,2025-01-11,CUST02198,PROD0023,B003,3,3819.17,0.05,3628.21,2360.76,1267.45,Completed
ORD008553,2025-03-15,CUST01822,PROD0017,B001,1,869.59,0.1,782.63,631.98,150.65,Completed
ORD008559,2025-03-12,CUST00174,PROD0014,B001,1,1380.88,0.2,1104.7,790.6,314.1,Completed
ORD008563,2025-09-30,CUST01528,PROD0049,B005,4,5330.89,0.15,4531.26,3084.32,1446.94,Completed
ORD008564,2025-07-28,CUST01603,PROD0046,B004,5,1116.68,0.1,1005.01,842.77,162.24,Completed
ORD008567,2025-01-12,CUST02016,PROD0115,B003,3,2239.64,0.2,1791.71,1381.96,409.75,Completed
ORD008569,2025-09-07,CUST02377,PROD0055,B001,3,1394.23,0.15,1185.09,790.62,394.47,Completed
ORD008571,2025-07-14,CUST01608,PROD0015,B004,4,5684.27,0.0,5684.27,3534.91,2149.36,Completed
ORD008579,2025-10-15,CUST01550,PROD0049,B004,3,3998.17,0.1,3598.35,2313.24,1285.11,Completed
ORD008584,2025-03-05,CUST01559,PROD0066,B003,2,2796.43,0.1,2516.79,2008.98,507.81,Completed
ORD008589,2025-09-06,CUST02396,PROD0091,B003,1,413.67,0.0,413.67,315.29,98.38,Completed
ORD008609,2025-11-18,CUST00043,PROD0074,B005,2,929.96,0.15,790.47,1009.68,-219.21,Completed
ORD008610,2025-10-19,CUST02368,PROD0027,B003,5,3421.89,0.2,2737.51,2478.73,258.78,Completed
ORD008614,2025-05-03,CUST02023,PROD0091,B003,2,827.35,0.2,661.88,630.58,31.3,Completed
ORD008616,2025-12-02,CUST01630,PROD0099,B003,1,849.27,0.1,764.34,593.57,170.77,Completed
ORD008621,2025-05-04,CUST01575,PROD0019,B001,2,1777.39,0.1,1599.65,1108.38,491.27,Completed
ORD008623,2025-11-29,CUST01600,PROD0012,B005,4,518.47,0.0,518.47,350.3,168.17,Completed
ORD008625,2025-11-20,CUST00009,PROD0002,B001,3,2040.42,0.2,1632.33,1233.78,398.55,Completed
ORD008630,2025-11-28,CUST00300,PROD0044,B001,2,2187.9,0.2,1750.32,1214.82,535.5,Completed
ORD008631,2025-02-19,CUST01324,PROD0046,B004,2,446.67,0.05,424.34,337.11,87.23,Completed
ORD008633,2025-06-11,CUST00847,PROD0021,B005,4,3380.64,0.2,2704.51,2054.31,650.2,Completed
ORD008635,2025-06-18,CUST01948,PROD0086,B001,2,1055.73,0.05,1002.95,801.48,201.47,Completed
ORD008636,2025-05-19,CUST01287,PROD0114,B001,4,5498.14,0.05,5223.24,4172.67,1050.57,Completed
ORD008645,2025-10-18,CUST01366,PROD0014,B001,4,5523.51,0.1,4971.15,3162.41,1808.74,Completed
ORD008646,2025-04-17,CUST01022,PROD0016,B004,2,177.73,0.1,159.95,106.43,53.52,Completed
ORD008650,2025-03-17,CUST01820,PROD0107,B003,4,7112.81,0.15,6045.89,4350.68,1695.21,Completed
ORD008678,2025-07-14,CUST00301,PROD0080,B003,1,406.6,0.2,325.28,282.0,43.28,Completed
ORD008679,2025-07-16,CUST02394,PROD0078,B001,2,1863.91,0.15,1584.32,1147.95,436.37,Completed
ORD008683,2025-02-06,CUST01838,PROD0011,B005,3,2543.84,0.15,2162.27,1972.87,189.4,Completed
ORD008706,2025-10-13,CUST00707,PROD0069,B002,2,2530.07,0.15,2150.56,1372.88,777.68,Completed
ORD008707,2025-10-29,CUST01133,PROD0082,B001,2,4189.05,0.2,3351.24,2267.33,1083.91,Completed
ORD008709,2025-04-14,CUST01117,PROD0074,B002,5,3264.22,0.05,3101.01,2524.19,576.82,Completed
ORD008711,2025-03-23,CUST01680,PROD0040,B004,4,3962.7,0.0,3962.7,2161.41,1801.29,Completed
ORD008716,2025-08-01,CUST01343,PROD0062,B001,4,2918.12,0.1,2626.31,2314.89,311.42,Completed
ORD008719,2025-01-02,CUST02142,PROD0090,B003,1,319.88,0.0,319.88,200.18,119.7,Completed
ORD008722,2025-10-10,CUST01558,PROD0120,B004,2,1138.33,0.15,967.58,733.89,233.69,Completed
ORD008725,2025-09-15,CUST00333,PROD0064,B003,3,2775.68,0.0,2775.68,2109.86,665.82,Completed
ORD008729,2025-07-15,CUST01840,PROD0084,B003,3,1554.81,0.15,1321.59,1147.87,173.72,Completed
ORD008735,2025-10-16,CUST00554,PROD0100,B005,5,4054.94,0.15,3446.7,3166.4,280.3,Completed
ORD008740,2025-06-13,CUST00164,PROD0012,B002,5,648.08,0.15,550.87,437.87,113.0,Completed
ORD008742,2025-05-07,CUST01845,PROD0008,B004,4,1062.22,0.1,955.99,875.63,80.36,Completed
ORD008744,2025-10-08,CUST00044,PROD0106,B001,5,3592.9,0.15,3053.97,2156.1,897.87,Completed
ORD008752,2025-11-07,CUST01767,PROD0063,B003,2,265.36,0.0,265.36,200.93,64.43,Completed
ORD008753,2025-08-25,CUST02187,PROD0020,B002,4,2240.85,0.1,2016.77,2190.93,-174.16,Completed
ORD008755,2025-08-02,CUST02378,PROD0003,B003,5,1888.96,0.2,1511.16,1338.64,172.52,Completed
ORD008764,2025-11-02,CUST00677,PROD0052,B005,3,1982.05,0.2,1585.64,1360.05,225.59,Completed
ORD008765,2025-10-19,CUST01116,PROD0068,B004,5,5124.67,0.05,4868.44,4116.82,751.62,Completed
ORD008767,2025-12-12,CUST00635,PROD0061,B003,4,1792.8,0.1,1613.52,1260.1,353.42,Completed
ORD008768,2025-12-15,CUST02362,PROD0031,B001,2,1334.07,0.1,1200.66,1094.99,105.67,Completed
ORD008769,2025-02-09,CUST01544,PROD0093,B003,2,1732.71,0.15,1472.8,1271.34,201.46,Completed
ORD008770,2025-07-15,CUST02036,PROD0046,B005,3,670.01,0.1,603.0,505.66,97.34,Completed
ORD008772,2025-08-08,CUST00919,PROD0036,B005,5,1416.8,0.0,1416.8,766.09,650.71,Completed
ORD008773,2025-09-13,CUST01307,PROD0104,B002,2,3204.91,0.0,3204.91,2119.14,1085.77,Completed
ORD008775,2025-05-19,CUST01983,PROD0042,B004,3,4360.58,0.05,4142.55,3193.16,949.39,Completed
ORD008786,2025-08-24,CUST01754,PROD0095,B002,4,1420.55,0.1,1278.49,1071.54,206.95,Completed
ORD008797,2025-06-18,CUST01318,PROD0038,B003,3,179.79,0.0,179.79,122.13,57.66,Completed
ORD008801,2025-08-10,CUST01902,PROD0106,B001,3,2155.74,0.25,1616.81,1293.66,323.15,Completed
ORD008802,2025-12-26,CUST02128,PROD0083,B005,5,8270.93,0.1,7443.84,5607.38,1836.46,Completed
ORD008804,2025-10-29,CUST02479,PROD0070,B005,4,802.1,0.2,641.68,550.37,91.31,Completed
ORD008809,2025-01-01,CUST00798,PROD0104,B004,1,1602.45,0.05,1522.33,1059.57,462.76,Completed
ORD008812,2025-11-18,CUST02460,PROD0098,B002,3,2998.18,0.15,2548.45,1676.49,871.96,Completed
ORD008817,2025-03-09,CUST01254,PROD0070,B002,5,1002.62,0.0,1002.62,687.96,314.66,Completed
ORD008827,2025-06-30,CUST01113,PROD0103,B003,5,4363.29,0.0,4363.29,2582.17,1781.12,Completed
ORD008831,2025-07-18,CUST00247,PROD0047,B001,1,192.59,0.1,173.33,179.65,-6.32,Completed
ORD008841,2025-06-27,CUST00308,PROD0089,B002,5,1023.55,0.1,921.2,1127.94,-206.74,Completed
ORD008844,2025-01-05,CUST00185,PROD0118,B001,4,1159.53,0.05,1101.56,776.67,324.89,Completed
ORD008849,2025-01-02,CUST02494,PROD0016,B002,1,88.86,0.25,66.65,53.22,13.43,Completed
ORD008852,2025-06-23,CUST00936,PROD0084,B003,4,2073.08,0.05,1969.42,1530.5,438.92,Completed
ORD008859,2025-10-01,CUST02000,PROD0104,B002,5,8012.27,0.1,7211.04,5297.84,1913.2,Completed
ORD008861,2025-08-29,CUST01648,PROD0092,B003,4,417.78,0.05,396.89,266.55,130.34,Completed
ORD008863,2025-02-27,CUST02413,PROD0109,B005,3,4067.6,0.15,3457.46,2925.33,532.13,Completed
ORD008864,2025-03-10,CUST00836,PROD0039,B001,1,1482.69,0.15,1260.29,826.25,434.04,Completed
ORD008869,2025-07-20,CUST01100,PROD0024,B002,3,3846.1,0.1,3461.49,2109.28,1352.21,Completed
ORD008871,2025-03-09,CUST00476,PROD0049,B004,1,1332.72,0.15,1132.81,771.08,361.73,Completed
ORD008873,2025-11-08,CUST00333,PROD0105,B002,5,2108.69,0.0,2108.69,1553.98,554.71,Completed
ORD008875,2025-02-09,CUST02456,PROD0085,B001,4,172.21,0.05,163.6,136.46,27.14,Completed
ORD008877,2025-06-24,CUST01659,PROD0116,B004,3,786.52,0.05,747.19,645.27,101.92,Completed
ORD008880,2025-02-17,CUST01291,PROD0051,B005,3,2688.28,0.05,2553.86,1782.15,771.71,Completed
ORD008887,2025-02-23,CUST01715,PROD0070,B002,4,802.1,0.2,641.68,550.37,91.31,Completed
ORD008888,2025-03-25,CUST01188,PROD0041,B003,3,345.23,0.0,345.23,187.47,157.76,Completed
ORD008890,2025-07-12,CUST00211,PROD0066,B002,4,5592.86,0.0,5592.86,4017.96,1574.9,Completed
ORD008901,2025-08-13,CUST01464,PROD0017,B004,5,4347.97,0.1,3913.17,3159.89,753.28,Completed
ORD008908,2025-09-25,CUST02164,PROD0111,B003,4,3765.17,0.05,3576.91,4428.25,-851.34,Completed
ORD008911,2025-10-23,CUST01207,PROD0080,B004,5,2033.0,0.25,1524.75,1409.99,114.76,Completed
ORD008912,2025-05-17,CUST01910,PROD0074,B005,5,3264.22,0.15,2774.59,2524.19,250.4,Completed
ORD008914,2025-01-16,CUST00992,PROD0062,B002,2,1459.06,0.2,1167.25,1157.44,9.81,Completed
ORD008915,2025-12-28,CUST00499,PROD0026,B002,4,1574.03,0.0,1574.03,1137.19,436.84,Completed
ORD008925,2025-07-05,CUST01539,PROD0099,B005,2,1698.54,0.25,1273.9,1187.14,86.76,Completed
ORD008927,2025-02-06,CUST01139,PROD0018,B001,4,3532.86,0.1,3179.58,4287.63,-1108.05,Completed
ORD008933,2025-09-14,CUST00602,PROD0065,B002,5,6756.67,0.0,6756.67,5056.08,1700.59,Completed
ORD008935,2025-06-28,CUST01490,PROD0002,B001,1,680.14,0.2,544.11,411.26,132.85,Completed
ORD008949,2025-08-03,CUST00818,PROD0097,B005,5,8805.85,0.1,7925.27,5423.08,2502.19,Completed
ORD008951,2025-10-01,CUST01595,PROD0063,B001,4,530.72,0.2,424.58,401.86,22.72,Completed
ORD008954,2025-11-10,CUST02170,PROD0076,B001,5,1499.88,0.05,1424.88,1200.24,224.64,Completed
ORD008955,2025-10-19,CUST02190,PROD0059,B003,5,4875.0,0.0,4875.0,3083.56,1791.44,Completed
ORD008960,2025-03-12,CUST02366,PROD0091,B005,2,827.35,0.15,703.25,630.58,72.67,Completed
ORD008961,2025-07-22,CUST01939,PROD0093,B004,1,866.35,0.0,866.35,635.67,230.68,Completed
ORD008962,2025-12-07,CUST01899,PROD0117,B002,4,1372.87,0.0,1372.87,1904.49,-531.62,Completed
ORD008967,2025-10-31,CUST01124,PROD0076,B003,3,899.93,0.15,764.94,720.15,44.79,Completed
ORD008971,2025-01-21,CUST00186,PROD0096,B002,5,8884.61,0.25,6663.46,5172.37,1491.09,Completed
ORD008976,2025-04-18,CUST02306,PROD0066,B001,1,1398.21,0.05,1328.31,1004.49,323.82,Completed
ORD008980,2025-08-12,CUST00303,PROD0002,B001,5,3400.69,0.25,2550.52,2056.3,494.22,Completed
ORD008982,2025-04-26,CUST00458,PROD0003,B002,1,377.79,0.2,302.23,267.73,34.5,Completed
ORD008983,2025-03-10,CUST00324,PROD0107,B004,4,7112.81,0.1,6401.52,4350.68,2050.84,Completed
ORD008984,2025-06-08,CUST00360,PROD0010,B003,1,1842.55,0.05,1750.43,1072.0,678.43,Completed
ORD008999,2025-07-22,CUST01259,PROD0047,B001,4,1240.79,0.1,1116.71,718.6,398.11,Completed
ORD009002,2025-10-08,CUST00893,PROD0095,B001,2,710.27,0.2,568.22,535.77,32.45,Completed
ORD009008,2025-07-23,CUST02039,PROD0092,B002,4,246.1,0.0,246.1,266.55,-20.45,Completed
ORD009015,2025-07-23,CUST00815,PROD0009,B003,3,957.85,0.0,957.85,586.58,371.27,Completed
ORD009017,2025-11-25,CUST00466,PROD0094,B001,4,781.12,0.05,742.07,468.07,274.0,Completed
ORD009018,2025-11-10,CUST01618,PROD0101,B001,5,3231.94,0.05,3070.34,2302.51,767.83,Completed
ORD009020,2025-12-04,CUST02428,PROD0021,B002,5,4225.8,0.1,3803.22,2567.89,1235.33,Completed
ORD009021,2025-06-12,CUST01334,PROD0082,B001,2,4189.05,0.25,3141.79,2267.33,874.46,Completed
ORD009022,2025-09-07,CUST00318,PROD0070,B002,3,601.57,0.1,541.42,412.77,128.65,Completed
ORD009028,2025-08-12,CUST01656,PROD0099,B001,2,1698.54,0.0,1698.54,1187.14,511.4,Completed
ORD009030,2025-03-10,CUST01036,PROD0072,B001,2,930.32,0.15,790.77,653.24,137.53,Completed
ORD009033,2025-12-20,CUST02445,PROD0037,B003,5,2898.37,0.25,2173.77,2412.79,-239.02,Completed
ORD009043,2025-09-22,CUST02174,PROD0019,B001,1,888.69,0.15,755.39,554.19,201.2,Completed
ORD009045,2025-02-11,CUST00771,PROD0091,B004,4,1654.7,0.2,1323.76,1261.16,62.6,Completed
ORD009048,2025-07-03,CUST02038,PROD0013,B001,2,1353.11,0.25,1014.83,915.45,99.38,Completed
ORD009050,2025-07-16,CUST01883,PROD0084,B001,3,1554.81,0.0,1554.81,1147.87,406.94,Completed
ORD009052,2025-10-18,CUST00927,PROD0081,B002,2,266.21,0.0,266.21,198.21,68.0,Completed
ORD009053,2025-05-30,CUST01619,PROD0080,B002,1,406.6,0.1,365.94,282.0,83.94,Completed
ORD009059,2025-07-26,CUST01597,PROD0116,B004,2,524.35,0.0,524.35,430.18,94.17,Completed
ORD009062,2025-12-28,CUST00873,PROD0078,B003,1,931.95,0.2,745.56,573.98,171.58,Completed
ORD009066,2025-05-11,CUST00200,PROD0095,B003,2,710.27,0.2,568.22,535.77,32.45,Completed
ORD009072,2025-05-11,CUST02054,PROD0065,B004,5,6756.67,0.2,5405.34,5056.08,349.26,Completed
ORD009077,2025-09-24,CUST01756,PROD0047,B002,2,620.39,0.0,620.39,359.3,261.09,Completed
ORD009080,2025-11-08,CUST01193,PROD0067,B001,4,3627.23,0.05,3445.87,1989.31,1456.56,Completed
ORD009081,2025-01-16,CUST02259,PROD0017,B002,1,869.59,0.1,782.63,631.98,150.65,Completed
ORD009096,2025-08-31,CUST01632,PROD0010,B001,5,9212.77,0.0,9212.77,5359.98,3852.79,Completed
ORD009098,2025-06-21,CUST00068,PROD0097,B001,2,3522.34,0.15,2993.99,2169.23,824.76,Completed
ORD009105,2025-09-29,CUST01833,PROD0067,B002,3,2720.42,0.05,2584.4,1491.98,1092.42,Completed
ORD009106,2025-04-19,CUST01977,PROD0105,B001,3,1265.21,0.05,1201.95,932.39,269.56,Completed
ORD009109,2025-02-26,CUST01771,PROD0086,B004,1,527.87,0.2,422.29,400.74,21.55,Completed
ORD009111,2025-03-16,CUST00926,PROD0052,B003,5,3303.42,0.25,2477.56,2266.75,210.81,Completed
ORD009112,2025-05-23,CUST00194,PROD0023,B003,5,6365.28,0.2,5092.22,3934.59,1157.63,Completed
ORD009120,2025-12-30,CUST00884,PROD0034,B001,1,1077.45,0.1,969.7,716.59,253.11,Completed
ORD009125,2025-03-23,CUST01553,PROD0011,B004,2,1695.9,0.05,1611.1,1315.25,295.85,Completed
ORD009129,2025-04-26,CUST02365,PROD0043,B001,2,582.79,0.15,495.38,357.29,138.09,Completed
ORD009132,2025-04-26,CUST00922,PROD0044,B004,5,5469.74,0.15,4649.28,3037.05,1612.23,Completed
ORD009139,2025-09-10,CUST00678,PROD0081,B003,5,665.54,0.25,499.15,495.54,3.61,Completed
ORD009142,2025-10-28,CUST00929,PROD0073,B001,2,365.6,0.1,329.04,239.94,89.1,Completed
ORD009147,2025-10-21,CUST02200,PROD0053,B002,5,2779.19,0.15,2362.31,1808.01,554.3,Completed
ORD009148,2025-10-17,CUST00716,PROD0009,B001,1,319.28,0.05,303.32,195.53,107.79,Completed
ORD009154,2025-10-12,CUST01343,PROD0081,B004,5,665.54,0.05,632.26,495.54,136.72,Completed
ORD009155,2025-11-24,CUST01832,PROD0014,B002,2,2761.75,0.15,2347.49,1581.2,766.29,Completed
ORD009157,2025-10-01,CUST01492,PROD0089,B002,5,1716.67,0.05,1630.84,1127.94,502.9,Completed
ORD009160,2025-12-19,CUST01480,PROD0112,B002,2,1732.73,0.1,1559.45,1356.66,202.79,Completed
ORD009162,2025-12-13,CUST01950,PROD0031,B002,1,667.03,0.0,667.03,547.49,119.54,Completed
ORD009165,2025-08-01,CUST01675,PROD0036,B003,4,1133.44,0.0,1133.44,612.87,520.57,Completed
ORD009167,2025-05-27,CUST02295,PROD0048,B003,5,4441.84,0.15,3775.56,3077.47,698.09,Completed
ORD009168,2025-12-02,CUST01750,PROD0049,B002,5,6663.61,0.0,6663.61,3855.39,2808.22,Completed
ORD009170,2025-03-12,CUST01708,PROD0006,B001,4,2677.86,0.1,2410.07,1943.61,466.46,Completed
ORD009171,2025-01-21,CUST02126,PROD0022,B004,2,2528.68,0.2,2022.94,1827.16,195.78,Completed
ORD009175,2025-10-17,CUST01736,PROD0090,B001,5,1599.39,0.1,1439.45,1000.91,438.54,Completed
ORD009181,2025-03-31,CUST00609,PROD0019,B002,1,888.69,0.15,755.39,554.19,201.2,Completed
ORD009182,2025-02-12,CUST01529,PROD0076,B001,2,599.95,0.05,569.95,480.1,89.85,Completed
ORD009190,2025-07-21,CUST02115,PROD0078,B001,4,3727.82,0.05,3541.43,2295.91,1245.52,Completed
ORD009191,2025-12-11,CUST00051,PROD0104,B002,1,1602.45,0.05,1522.33,1059.57,462.76,Completed
ORD009199,2025-07-20,CUST01419,PROD0084,B003,1,518.27,0.15,440.53,382.62,57.91,Completed
ORD009201,2025-07-29,CUST01815,PROD0019,B005,4,3554.78,0.25,2666.08,2216.76,449.32,Completed
ORD009203,2025-09-17,CUST02416,PROD0109,B002,5,6779.33,0.15,5762.43,4875.55,886.88,Completed
ORD009211,2025-08-21,CUST01277,PROD0052,B001,5,3303.42,0.2,2642.73,2266.75,375.98,Completed
ORD009215,2025-03-18,CUST00905,PROD0031,B001,4,2668.14,0.05,2534.73,2189.98,344.75,Completed
ORD009221,2025-09-23,CUST00876,PROD0039,B002,5,7413.45,0.25,5560.09,4131.23,1428.86,Completed
ORD009232,2025-05-27,CUST02170,PROD0019,B005,5,4443.47,0.2,3554.78,2770.95,783.83,Completed
ORD009236,2025-12-21,CUST00561,PROD0102,B005,2,1542.8,0.15,1311.38,889.73,421.65,Completed
ORD009239,2025-10-23,CUST02161,PROD0065,B001,4,5405.34,0.0,5405.34,4044.87,1360.47,Completed
ORD009241,2025-07-24,CUST00198,PROD0032,B002,3,2209.3,0.1,1988.37,1215.9,772.47,Completed
ORD009242,2025-06-24,CUST00286,PROD0089,B004,4,1373.33,0.25,1030.0,902.35,127.65,Completed
ORD009243,2025-07-12,CUST01382,PROD0011,B002,1,847.95,0.2,678.36,657.62,20.74,Completed
ORD009245,2025-02-14,CUST01456,PROD0090,B004,2,639.76,0.15,543.79,400.36,143.43,Completed
ORD009250,2025-06-27,CUST02237,PROD0029,B001,1,458.01,0.15,389.3,265.85,123.45,Completed
ORD009253,2025-05-20,CUST00742,PROD0084,B002,3,1554.81,0.15,1321.59,1147.87,173.72,Completed
ORD009255,2025-09-27,CUST02116,PROD0112,B004,5,4331.81,0.1,3898.63,3391.64,506.99,Completed
ORD009256,2025-05-23,CUST00431,PROD0040,B003,5,4953.37,0.1,4458.03,2701.76,1756.27,Completed
ORD009260,2025-05-22,CUST00312,PROD0064,B001,3,2775.68,0.0,2775.68,2109.86,665.82,Completed
ORD009272,2025-06-11,CUST00624,PROD0026,B004,5,1967.53,0.15,1672.4,1421.48,250.92,Completed
ORD009273,2025-03-21,CUST00305,PROD0030,B001,1,1019.38,0.1,917.45,813.59,103.86,Completed
ORD009284,2025-02-16,CUST00765,PROD0076,B001,4,1199.9,0.15,1019.91,960.2,59.71,Completed
ORD009289,2025-09-21,CUST00720,PROD0101,B001,4,2585.55,0.0,2585.55,1842.01,743.54,Completed
ORD009292,2025-09-18,CUST01316,PROD0087,B003,3,3543.19,0.0,3543.19,2474.09,1069.1,Completed
ORD009297,2025-05-21,CUST01462,PROD0034,B003,5,5387.24,0.0,5387.24,3582.94,1804.3,Completed
ORD009298,2025-05-22,CUST02034,PROD0005,B002,4,4889.58,0.1,4400.62,3014.92,1385.7,Completed
ORD009314,2025-01-15,CUST00648,PROD0043,B003,3,874.19,0.0,874.19,535.94,338.25,Completed
ORD009317,2025-09-11,CUST02029,PROD0003,B002,4,1511.16,0.2,1208.93,1070.91,138.02,Completed
ORD009319,2025-05-27,CUST00446,PROD0096,B004,3,5330.76,0.15,4531.15,3103.42,1427.73,Completed
ORD009320,2025-04-05,CUST01235,PROD0054,B003,3,3383.03,0.1,3044.73,2286.1,758.63,Completed
ORD009339,2025-01-05,CUST02032,PROD0050,B001,2,2198.28,0.0,2198.28,1268.54,929.74,Completed
ORD009341,2025-12-13,CUST01502,PROD0007,B002,4,190.83,0.15,162.2,143.01,19.19,Completed
ORD009342,2025-05-16,CUST00912,PROD0069,B001,2,2530.07,0.2,2024.06,1372.88,651.18,Completed
ORD009353,2025-12-22,CUST00195,PROD0007,B002,5,238.54,0.2,190.83,178.76,12.07,Completed
ORD009355,2025-12-04,CUST01674,PROD0119,B003,4,2394.33,0.1,2154.89,1737.24,417.65,Completed
ORD009358,2025-02-20,CUST01995,PROD0036,B002,3,850.08,0.05,807.58,459.65,347.93,Completed
ORD009359,2025-08-20,CUST00970,PROD0031,B001,4,2668.14,0.15,2267.92,2189.98,77.94,Completed
ORD009363,2025-09-11,CUST01704,PROD0099,B004,3,2547.81,0.0,2547.81,1780.7,767.11,Completed
ORD009367,2025-06-06,CUST00601,PROD0037,B002,2,1159.35,0.15,985.45,965.12,20.33,Completed
ORD009386,2025-03-24,CUST00872,PROD0006,B003,4,2677.86,0.25,2008.39,1943.61,64.78,Completed
ORD009387,2025-12-19,CUST00608,PROD0019,B002,2,1777.39,0.1,1599.65,1108.38,491.27,Completed
ORD009389,2025-06-16,CUST00108,PROD0114,B005,2,2749.07,0.1,2474.16,2086.33,387.83,Completed
ORD009393,2025-10-27,CUST00391,PROD0033,B005,4,2401.36,0.1,2161.23,1532.97,628.26,Completed
ORD009403,2025-12-19,CUST01468,PROD0111,B002,3,5504.46,0.15,4678.79,3321.19,1357.6,Completed
ORD009405,2025-08-18,CUST02145,PROD0078,B004,5,4659.77,0.05,4426.78,2869.89,1556.89,Completed
ORD009408,2025-03-18,CUST01466,PROD0084,B001,4,2073.08,0.05,1969.42,1530.5,438.92,Completed
ORD009412,2025-06-15,CUST01026,PROD0004,B001,2,598.35,0.1,538.52,382.21,156.31,Completed
ORD009428,2025-06-18,CUST01802,PROD0022,B003,2,2528.68,0.1,2275.81,1827.16,448.65,Completed
ORD009430,2025-02-24,CUST02055,PROD0005,B001,5,6111.97,0.1,5500.77,3768.65,1732.12,Completed
ORD009434,2025-01-09,CUST00415,PROD0092,B004,5,522.22,0.05,496.11,333.18,162.93,Completed
ORD009439,2025-06-07,CUST02124,PROD0097,B001,2,3522.34,0.25,2641.76,2169.23,472.53,Completed
ORD009441,2025-11-25,CUST02396,PROD0039,B003,5,7413.45,0.1,6672.1,4131.23,2540.87,Completed
ORD009445,2025-02-14,CUST00608,PROD0101,B003,1,646.39,0.05,614.07,460.5,153.57,Completed
ORD009452,2025-10-04,CUST01577,PROD0069,B002,4,5060.14,0.1,4554.13,2745.75,1808.38,Completed
ORD009455,2025-11-15,CUST01074,PROD0101,B005,5,3231.94,0.1,2908.75,2302.51,606.24,Completed
ORD009456,2025-07-26,CUST00428,PROD0054,B005,1,1127.68,0.0,1127.68,762.03,365.65,Completed
ORD009462,2025-12-08,CUST00715,PROD0098,B004,1,999.39,0.0,999.39,558.83,440.56,Completed
ORD009464,2025-07-27,CUST01658,PROD0119,B005,4,2394.33,0.25,1795.75,1737.24,58.51,Completed
ORD009467,2025-09-10,CUST00083,PROD0037,B005,4,2318.69,0.15,1970.89,1930.23,40.66,Completed
ORD009474,2025-11-02,CUST02254,PROD0022,B001,1,1264.34,0.05,1201.12,913.58,287.54,Completed
ORD009477,2025-03-13,CUST01177,PROD0092,B001,4,417.78,0.15,355.11,266.55,88.56,Completed
ORD009478,2025-09-30,CUST00451,PROD0080,B003,1,406.6,0.1,365.94,282.0,83.94,Completed
ORD009481,2025-09-30,CUST00021,PROD0063,B005,3,398.04,0.0,398.04,301.4,96.64,Completed
ORD009484,2025-09-10,CUST00602,PROD0002,B001,2,862.47,0.2,689.98,822.52,-132.54,Completed
ORD009489,2025-01-01,CUST02190,PROD0047,B001,3,930.59,0.1,837.53,538.95,298.58,Completed
ORD009490,2025-10-08,CUST00887,PROD0002,B002,2,1360.28,0.15,1156.24,822.52,333.72,Completed
ORD009492,2025-06-22,CUST01118,PROD0049,B005,1,1332.72,0.25,999.54,771.08,228.46,Completed
ORD009496,2025-07-05,CUST02127,PROD0085,B004,4,172.21,0.0,172.21,136.46,35.75,Completed
ORD009516,2025-03-10,CUST02024,PROD0042,B001,1,1453.53,0.15,1235.5,1064.39,171.11,Completed
ORD009520,2025-08-08,CUST02272,PROD0089,B001,4,1373.33,0.05,1304.67,902.35,402.32,Completed
ORD009523,2025-02-08,CUST00405,PROD0014,B005,3,4142.63,0.05,3935.5,2371.81,1563.69,Completed
ORD009525,2025-06-05,CUST00482,PROD0075,B002,4,5655.6,0.1,5090.03,4369.82,720.21,Completed
ORD009543,2025-06-19,CUST02138,PROD0052,B001,5,3303.42,0.15,2807.91,2266.75,541.16,Completed
ORD009548,2025-04-02,CUST00062,PROD0022,B003,4,5057.35,0.1,4551.62,3654.32,897.3,Completed
ORD009554,2025-07-02,CUST02219,PROD0076,B004,5,1499.88,0.05,1424.88,1200.24,224.64,Completed
ORD009555,2025-08-13,CUST02408,PROD0050,B004,4,4396.56,0.05,4176.73,2537.07,1639.66,Completed
ORD009556,2025-11-10,CUST01211,PROD0056,B002,5,7058.6,0.05,6705.66,5288.22,1417.44,Completed
ORD009561,2025-04-21,CUST00609,PROD0041,B001,2,230.15,0.15,195.63,124.98,70.65,Completed
ORD009563,2025-06-04,CUST00053,PROD0081,B001,5,665.54,0.25,499.15,495.54,3.61,Completed
ORD009573,2025-06-20,CUST00906,PROD0041,B004,3,345.23,0.1,310.71,187.47,123.24,Completed
ORD009574,2025-04-06,CUST01368,PROD0026,B001,1,393.51,0.0,393.51,284.3,109.21,Completed
ORD009580,2025-06-07,CUST02364,PROD0120,B002,4,2276.66,0.2,1821.33,1467.78,353.55,Completed
ORD009582,2025-02-18,CUST00460,PROD0031,B005,5,3335.17,0.1,3001.66,2737.47,264.19,Completed
ORD009588,2025-04-03,CUST01495,PROD0024,B003,1,1282.03,0.1,1153.83,703.09,450.74,Completed
ORD009595,2025-08-06,CUST02120,PROD0010,B001,2,3685.11,0.25,2763.83,2143.99,619.84,Completed
ORD009598,2025-03-16,CUST01993,PROD0093,B004,1,866.35,0.0,866.35,635.67,230.68,Completed
ORD009604,2025-04-26,CUST00085,PROD0021,B001,3,2535.48,0.05,2408.71,1540.73,867.98,Completed
ORD009607,2025-04-01,CUST01342,PROD0050,B001,1,1099.14,0.2,879.31,634.27,245.04,Completed
ORD009608,2025-04-10,CUST01498,PROD0053,B005,3,1667.51,0.05,1584.14,1084.81,499.33,Completed
ORD009618,2025-07-08,CUST01844,PROD0001,B005,4,7757.58,0.0,7757.58,4252.71,3504.87,Completed
ORD009621,2025-08-24,CUST01470,PROD0048,B005,5,4441.84,0.05,4219.74,3077.47,1142.27,Completed
ORD009622,2025-03-06,CUST01261,PROD0021,B001,1,845.16,0.2,676.13,513.58,162.55,Completed
ORD009623,2025-10-02,CUST01690,PROD0060,B005,1,89.53,0.1,80.57,58.78,21.79,Completed
ORD009624,2025-11-29,CUST01346,PROD0084,B003,1,518.27,0.0,518.27,382.62,135.65,Completed
ORD009636,2025-07-22,CUST01225,PROD0079,B004,2,346.61,0.15,294.61,233.14,61.47,Completed
ORD009642,2025-12-01,CUST00313,PROD0076,B001,4,1199.9,0.1,1079.91,960.2,119.71,Completed
ORD009644,2025-06-26,CUST00171,PROD0114,B003,4,5498.14,0.1,4948.33,4172.67,775.66,Completed
ORD009651,2025-11-25,CUST00025,PROD0102,B005,1,771.4,0.1,694.26,444.87,249.39,Completed
ORD009652,2025-06-15,CUST01493,PROD0016,B003,4,355.46,0.15,302.14,212.86,89.28,Completed
ORD009658,2025-07-19,CUST01481,PROD0049,B004,2,2665.44,0.15,2265.63,1542.16,723.47,Completed
ORD009661,2025-07-07,CUST01219,PROD0014,B005,3,4142.63,0.1,3728.37,2371.81,1356.56,Completed
ORD009669,2025-12-11,CUST00984,PROD0043,B005,2,582.79,0.2,466.23,357.29,108.94,Completed
ORD009671,2025-11-19,CUST01921,PROD0062,B004,5,3647.66,0.1,3282.89,2893.61,389.28,Completed
ORD009679,2025-11-22,CUST00230,PROD0058,B004,1,312.76,0.0,312.76,174.58,138.18,Completed
ORD009684,2025-07-28,CUST00238,PROD0069,B004,3,3795.1,0.05,3605.35,2059.31,1546.04,Completed
ORD009685,2025-04-25,CUST00597,PROD0108,B002,4,3639.53,0.05,3457.56,2093.7,1363.86,Completed
ORD009687,2025-01-18,CUST01743,PROD0067,B001,2,987.43,0.2,789.94,994.65,-204.71,Completed
ORD009689,2025-05-04,CUST01068,PROD0099,B002,3,2547.81,0.25,1910.86,1780.7,130.16,Completed
ORD009691,2025-10-26,CUST01141,PROD0002,B005,4,2720.55,0.15,2312.47,1645.04,667.43,Completed
ORD009692,2025-06-20,CUST00028,PROD0020,B003,4,3042.55,0.0,3042.55,2190.93,851.62,Completed
ORD009694,2025-12-06,CUST00142,PROD0077,B002,5,1520.11,0.0,1520.11,1230.26,289.85,Completed
ORD009700,2025-03-28,CUST01009,PROD0117,B003,3,2316.79,0.2,1853.44,1428.37,425.07,Completed
ORD009701,2025-03-17,CUST00657,PROD0034,B005,2,2154.89,0.2,1723.91,1433.18,290.73,Completed
ORD009709,2025-12-26,CUST00563,PROD0007,B002,2,95.41,0.1,85.87,71.51,14.36,Completed
ORD009711,2025-03-03,CUST00438,PROD0083,B005,2,3308.37,0.0,3308.37,2242.95,1065.42,Completed
ORD009720,2025-08-29,CUST01542,PROD0112,B001,1,866.36,0.25,649.77,678.33,-28.56,Completed
ORD009722,2025-02-12,CUST00318,PROD0060,B001,4,358.1,0.15,304.39,235.11,69.28,Completed
ORD009723,2025-04-08,CUST00745,PROD0043,B003,4,1165.59,0.0,1165.59,714.58,451.01,Completed
ORD009725,2025-11-22,CUST02068,PROD0009,B003,2,638.57,0.1,574.71,391.05,183.66,Completed
ORD009728,2025-04-19,CUST01910,PROD0037,B005,4,2318.69,0.1,2086.82,1930.23,156.59,Completed
ORD009730,2025-02-05,CUST02443,PROD0089,B005,1,343.33,0.05,326.17,225.59,100.58,Completed
ORD009731,2025-01-27,CUST00280,PROD0101,B001,1,646.39,0.1,581.75,460.5,121.25,Completed
ORD009733,2025-06-16,CUST02233,PROD0025,B002,3,2970.13,0.0,2970.13,1772.15,1197.98,Completed
ORD009736,2025-11-20,CUST02461,PROD0040,B003,3,2972.02,0.0,2972.02,1621.06,1350.96,Completed
ORD009737,2025-06-07,CUST00030,PROD0039,B001,5,7413.45,0.25,5560.09,4131.23,1428.86,Completed
ORD009739,2025-09-20,CUST01737,PROD0032,B003,5,3682.17,0.1,3313.96,2026.5,1287.46,Completed
ORD009744,2025-11-23,CUST00750,PROD0102,B004,1,771.4,0.1,694.26,444.87,249.39,Completed
ORD009745,2025-01-23,CUST01991,PROD0019,B002,1,888.69,0.0,888.69,554.19,334.5,Completed
ORD009746,2025-03-06,CUST00849,PROD0059,B001,4,3900.0,0.0,3900.0,2466.85,1433.15,Completed
ORD009750,2025-10-13,CUST00865,PROD0103,B001,5,4363.29,0.1,3926.96,2582.17,1344.79,Completed
ORD009765,2025-01-17,CUST02211,PROD0019,B004,2,1777.39,0.05,1688.52,1108.38,580.14,Completed
ORD009767,2025-01-26,CUST02050,PROD0038,B004,5,299.66,0.15,254.71,203.55,51.16,Completed
ORD009771,2025-01-24,CUST01078,PROD0118,B001,3,869.65,0.05,826.17,582.5,243.67,Completed
ORD009781,2025-11-12,CUST02312,PROD0089,B003,4,1373.33,0.0,1373.33,902.35,470.98,Completed
ORD009784,2025-08-23,CUST01451,PROD0024,B002,3,3846.1,0.05,3653.8,2109.28,1544.52,Completed
ORD009790,2025-02-06,CUST00810,PROD0090,B002,5,1599.39,0.05,1519.42,1000.91,518.51,Completed
ORD009797,2025-11-09,CUST00303,PROD0051,B001,4,3584.37,0.1,3225.93,2376.21,849.72,Completed
ORD009801,2025-08-19,CUST01689,PROD0093,B001,5,4331.76,0.0,4331.76,3178.36,1153.4,Completed
ORD009803,2025-12-15,CUST00801,PROD0057,B002,2,2010.2,0.05,1909.69,1297.91,611.78,Completed
ORD009805,2025-02-08,CUST01912,PROD0029,B002,3,1374.02,0.15,1167.91,797.55,370.36,Completed
ORD009806,2025-03-11,CUST00129,PROD0049,B001,3,3998.17,0.0,3998.17,2313.24,1684.93,Completed
ORD009815,2025-02-06,CUST00292,PROD0051,B005,1,896.09,0.25,672.07,594.05,78.02,Completed
ORD009823,2025-10-30,CUST01677,PROD0036,B003,5,1416.8,0.05,1345.96,766.09,579.87,Completed
ORD009829,2025-01-19,CUST00996,PROD0012,B005,2,259.23,0.05,246.27,175.15,71.12,Completed
ORD009831,2025-11-02,CUST00653,PROD0017,B005,2,1739.19,0.15,1478.31,1263.96,214.35,Completed
ORD009833,2025-03-17,CUST02322,PROD0010,B002,2,3685.11,0.0,3685.11,2143.99,1541.12,Completed
ORD009834,2025-05-31,CUST00164,PROD0027,B001,2,1368.76,0.1,1231.88,991.49,240.39,Completed
ORD009841,2025-02-21,CUST01366,PROD0109,B001,4,5423.46,0.1,4881.12,3900.44,980.68,Completed
ORD009842,2025-06-19,CUST00899,PROD0112,B001,3,2599.09,0.1,2339.18,2034.98,304.2,Completed
ORD009844,2025-09-13,CUST01851,PROD0099,B001,2,1698.54,0.15,1443.76,1187.14,256.62,Completed
ORD009849,2025-04-19,CUST00888,PROD0005,B004,2,2444.79,0.2,1955.83,1507.46,448.37,Completed
ORD009855,2025-06-28,CUST02371,PROD0059,B004,3,2925.0,0.1,2632.5,1850.13,782.37,Completed
ORD009864,2025-10-20,CUST00025,PROD0117,B001,5,3861.32,0.15,3282.12,2380.62,901.5,Completed
ORD009869,2025-05-19,CUST02031,PROD0101,B002,3,1939.17,0.2,1551.33,1381.51,169.82,Completed
ORD009876,2025-04-03,CUST00895,PROD0089,B002,1,343.33,0.1,309.0,225.59,83.41,Completed
ORD009879,2025-11-30,CUST01781,PROD0049,B001,4,5330.89,0.15,4531.26,3084.32,1446.94,Completed
ORD009880,2025-06-26,CUST00075,PROD0076,B001,4,1199.9,0.05,1139.91,960.2,179.71,Completed
ORD009881,2025-09-20,CUST00156,PROD0060,B005,2,105.34,0.05,100.07,117.55,-17.48,Completed
ORD009883,2025-03-23,CUST02341,PROD0061,B004,2,896.4,0.05,851.58,630.05,221.53,Completed
ORD009888,2025-03-26,CUST00433,PROD0097,B002,5,8805.85,0.15,7484.97,5423.08,2061.89,Completed
ORD009890,2025-06-02,CUST00142,PROD0003,B001,4,1511.16,0.1,1360.05,1070.91,289.14,Completed
ORD009893,2025-02-20,CUST01710,PROD0099,B004,4,3397.08,0.0,3397.08,2374.27,1022.81,Completed
ORD009894,2025-04-27,CUST02271,PROD0063,B003,5,663.4,0.05,630.23,502.33,127.9,Completed
ORD009919,2025-09-29,CUST02017,PROD0100,B003,4,3243.95,0.0,3243.95,2533.12,710.83,Completed
ORD009925,2025-02-28,CUST00552,PROD0063,B005,2,265.36,0.1,238.83,200.93,37.9,Completed
ORD009926,2025-12-08,CUST00214,PROD0014,B001,5,6904.38,0.0,6904.38,3953.01,2951.37,Completed
ORD009929,2025-01-11,CUST01205,PROD0064,B005,4,3700.91,0.05,3515.87,2813.15,702.72,Completed
ORD009932,2025-05-15,CUST01439,PROD0059,B001,4,3900.0,0.1,3510.0,2466.85,1043.15,Completed
ORD009933,2025-05-05,CUST01397,PROD0022,B001,4,5057.35,0.05,4804.48,3654.32,1150.16,Completed
ORD009934,2025-01-09,CUST00360,PROD0103,B002,2,1745.31,0.1,1570.78,1032.87,537.91,Completed
ORD009939,2025-01-16,CUST01016,PROD0119,B001,2,1197.16,0.25,897.88,868.62,29.26,Completed
ORD009942,2025-11-07,CUST01223,PROD0082,B001,3,6283.58,0.1,5655.22,3400.99,2254.23,Completed
ORD009948,2025-03-16,CUST02001,PROD0083,B002,5,8270.93,0.2,6616.75,5607.38,1009.37,Completed
ORD009950,2025-06-24,CUST00635,PROD0022,B003,4,5057.35,0.1,4551.62,3654.32,897.3,Completed
ORD009951,2025-02-25,CUST00736,PROD0083,B001,3,4962.56,0.15,4218.18,3364.43,853.75,Completed
ORD009957,2025-08-25,CUST01276,PROD0049,B003,2,2665.44,0.0,2665.44,1542.16,1123.28,Completed
ORD009963,2025-03-13,CUST00064,PROD0068,B001,4,4099.74,0.1,3689.76,3293.45,396.31,Completed
ORD009965,2025-01-11,CUST02402,PROD0050,B001,5,5495.7,0.15,4671.35,3171.34,1500.01,Completed
ORD009967,2025-04-07,CUST00372,PROD0070,B004,5,1002.62,0.0,1002.62,687.96,314.66,Completed
ORD009975,2025-08-27,CUST01745,PROD0072,B005,2,930.32,0.0,930.32,653.24,277.08,Completed
ORD009978,2025-12-25,CUST00366,PROD0100,B003,3,2432.96,0.0,2432.96,1899.84,533.12,Completed
ORD009986,2025-05-08,CUST00860,PROD0119,B001,4,2394.33,0.1,2154.89,1737.24,417.65,Completed
ORD009990,2025-04-11,CUST00525,PROD0084,B005,3,1554.81,0.25,1166.1,1147.87,18.23,Completed
ORD009992,2025-05-19,CUST02100,PROD0058,B002,5,1563.78,0.1,1407.41,872.91,534.5,Completed
ORD010003,2025-05-24,CUST00719,PROD0018,B001,4,6885.23,0.15,5852.45,4287.63,1564.82,Completed
ORD010006,2025-11-13,CUST01853,PROD0017,B004,3,2608.78,0.0,2608.78,1895.94,712.84,Completed
ORD010008,2025-08-04,CUST00460,PROD0112,B004,5,4331.81,0.0,4331.81,3391.64,940.17,Completed
ORD010012,2025-12-17,CUST02031,PROD0016,B001,5,444.32,0.1,399.89,266.08,133.81,Completed
ORD010013,2025-12-30,CUST01937,PROD0090,B005,1,319.88,0.1,287.89,200.18,87.71,Completed
ORD010025,2025-11-01,CUST00070,PROD0019,B002,2,1777.39,0.05,1688.52,1108.38,580.14,Completed
ORD010027,2025-12-07,CUST01201,PROD0037,B005,1,579.67,0.0,579.67,482.56,97.11,Completed
ORD010035,2025-11-23,CUST02026,PROD0063,B001,1,132.68,0.05,126.05,100.47,25.58,Completed
ORD010036,2025-05-13,CUST01599,PROD0017,B003,4,3478.37,0.0,3478.37,2527.92,950.45,Completed
ORD010038,2025-08-27,CUST02339,PROD0067,B004,3,2720.42,0.1,2448.38,1491.98,956.4,Completed
ORD010039,2025-12-06,CUST01229,PROD0078,B001,5,4659.77,0.05,4426.78,2869.89,1556.89,Completed
ORD010041,2025-03-17,CUST00063,PROD0056,B003,5,7058.6,0.0,7058.6,5288.22,1770.38,Completed
ORD010043,2025-03-16,CUST01510,PROD0052,B002,1,660.68,0.2,528.55,453.35,75.2,Completed
ORD010046,2025-06-04,CUST01987,PROD0021,B001,1,845.16,0.15,718.38,513.58,204.8,Completed
ORD010047,2025-07-17,CUST01617,PROD0082,B002,3,6283.58,0.1,5655.22,3400.99,2254.23,Completed
ORD010050,2025-03-11,CUST01663,PROD0001,B004,3,5818.18,0.05,5527.27,3189.54,2337.73,Completed
ORD010065,2025-11-04,CUST00014,PROD0021,B001,4,3380.64,0.1,3042.58,2054.31,988.27,Completed
ORD010068,2025-01-16,CUST00167,PROD0058,B001,1,312.76,0.1,281.48,174.58,106.9,Completed
ORD010070,2025-04-03,CUST02129,PROD0033,B002,1,600.34,0.2,480.27,383.24,97.03,Completed
ORD010071,2025-07-03,CUST02348,PROD0080,B002,5,2033.0,0.2,1626.4,1409.99,216.41,Completed
ORD010078,2025-03-19,CUST00700,PROD0056,B002,2,2823.44,0.25,2117.58,2115.29,2.29,Completed
ORD010082,2025-11-24,CUST00791,PROD0001,B002,4,7757.58,0.2,6206.06,4252.71,1953.35,Completed
ORD010084,2025-07-26,CUST01855,PROD0119,B001,5,2992.91,0.1,2693.62,2171.55,522.07,Completed
ORD010090,2025-03-21,CUST01662,PROD0096,B002,1,1776.92,0.0,1776.92,1034.47,742.45,Completed
ORD010091,2025-04-29,CUST02201,PROD0020,B003,3,2281.92,0.1,2053.72,1643.2,410.52,Completed
ORD010096,2025-05-15,CUST00761,PROD0106,B002,2,1437.16,0.1,1293.45,862.44,431.01,Completed
ORD010097,2025-09-30,CUST01198,PROD0065,B001,1,1351.33,0.15,1148.64,1011.22,137.42,Completed
ORD010098,2025-06-10,CUST02141,PROD0068,B001,5,3029.31,0.0,3029.31,4116.82,-1087.51,Completed
ORD010101,2025-01-30,CUST01861,PROD0118,B002,3,869.65,0.05,826.17,582.5,243.67,Completed
ORD010105,2025-04-18,CUST00116,PROD0107,B004,2,3556.4,0.2,2845.12,2175.34,669.78,Completed
ORD010115,2025-07-13,CUST01900,PROD0114,B001,5,6872.68,0.05,6529.04,5215.83,1313.21,Completed
ORD010117,2025-01-05,CUST01974,PROD0076,B001,3,899.93,0.15,764.94,720.15,44.79,Completed
ORD010118,2025-05-19,CUST00682,PROD0095,B001,1,355.14,0.0,355.14,267.88,87.26,Completed
ORD010119,2025-09-10,CUST01221,PROD0065,B005,1,1351.33,0.2,1081.07,1011.22,69.85,Completed
ORD010123,2025-09-23,CUST01819,PROD0106,B004,4,2874.32,0.0,2874.32,1724.88,1149.44,Completed
ORD010134,2025-07-02,CUST01350,PROD0069,B003,2,2530.07,0.1,2277.06,1372.88,904.18,Completed
ORD010137,2025-10-20,CUST00464,PROD0030,B005,5,5096.92,0.15,4332.38,4067.97,264.41,Completed
ORD010142,2025-12-21,CUST00775,PROD0077,B003,4,1216.09,0.1,1094.48,984.21,110.27,Completed
ORD010147,2025-10-20,CUST00221,PROD0055,B004,1,464.74,0.1,418.27,263.54,154.73,Completed
ORD010149,2025-01-11,CUST00769,PROD0116,B002,1,262.17,0.15,222.85,215.09,7.76,Completed
ORD010153,2025-09-18,CUST01102,PROD0101,B003,3,1939.17,0.25,1454.38,1381.51,72.87,Completed
ORD010159,2025-06-08,CUST00336,PROD0060,B005,1,89.53,0.0,89.53,58.78,30.75,Completed
ORD010187,2025-05-31,CUST01141,PROD0069,B003,1,1265.03,0.15,1075.28,686.44,388.84,Completed
ORD010192,2025-09-19,CUST00239,PROD0057,B005,2,2010.2,0.15,1708.67,1297.91,410.76,Completed
ORD010194,2025-08-05,CUST00738,PROD0073,B001,2,365.6,0.15,310.76,239.94,70.82,Completed
ORD010196,2025-06-19,CUST01182,PROD0116,B003,1,262.17,0.0,262.17,215.09,47.08,Completed
ORD010201,2025-06-05,CUST01976,PROD0005,B001,5,6111.97,0.1,5500.77,3768.65,1732.12,Completed
ORD010206,2025-12-19,CUST02383,PROD0089,B005,1,343.33,0.1,309.0,225.59,83.41,Completed
ORD010212,2025-07-20,CUST01252,PROD0047,B002,1,310.2,0.15,263.67,179.65,84.02,Completed
ORD010217,2025-01-16,CUST01570,PROD0088,B001,4,1081.67,0.05,1027.59,1158.41,-130.82,Completed
ORD010218,2025-01-31,CUST00912,PROD0019,B002,3,2666.08,0.1,2399.47,1662.57,736.9,Completed
ORD010222,2025-11-03,CUST00206,PROD0085,B001,5,215.26,0.1,193.73,170.57,23.16,Completed
ORD010224,2025-07-10,CUST01692,PROD0093,B004,2,1217.45,0.15,1034.83,1271.34,-236.51,Completed
ORD010227,2025-04-03,CUST02429,PROD0104,B004,2,3204.91,0.1,2884.42,2119.14,765.28,Completed
ORD010247,2025-01-05,CUST01457,PROD0021,B001,2,1043.14,0.05,990.98,1027.16,-36.18,Completed
ORD010265,2025-04-29,CUST01614,PROD0071,B004,2,959.57,0.15,815.63,747.14,68.49,Completed
ORD010268,2025-03-13,CUST01610,PROD0021,B004,5,4225.8,0.0,4225.8,2567.89,1657.91,Completed
ORD010274,2025-05-12,CUST01973,PROD0059,B001,2,1950.0,0.1,1755.0,1233.42,521.58,Completed
ORD010277,2025-05-25,CUST00473,PROD0063,B005,1,132.68,0.1,119.41,100.47,18.94,Completed
ORD010279,2025-12-01,CUST01502,PROD0106,B004,1,718.58,0.15,610.79,431.22,179.57,Completed
ORD010283,2025-07-18,CUST01011,PROD0100,B005,3,2432.96,0.15,2068.02,1899.84,168.18,Completed
ORD010286,2025-09-20,CUST02495,PROD0017,B002,1,869.59,0.0,869.59,631.98,237.61,Completed
ORD010291,2025-02-27,CUST02067,PROD0001,B002,1,1939.39,0.0,1939.39,1063.18,876.21,Completed
ORD010295,2025-08-09,CUST01573,PROD0087,B002,3,3543.19,0.25,2657.4,2474.09,183.31,Completed
ORD010301,2025-01-28,CUST00241,PROD0050,B004,2,2198.28,0.15,1868.54,1268.54,600.0,Completed
ORD010304,2025-02-11,CUST00191,PROD0033,B001,2,1200.68,0.05,1140.65,766.49,374.16,Completed
ORD010305,2025-11-15,CUST00415,PROD0029,B001,3,1374.02,0.25,1030.51,797.55,232.96,Completed
ORD010306,2025-05-23,CUST01830,PROD0032,B004,5,3682.17,0.05,3498.06,2026.5,1471.56,Completed
ORD010307,2025-06-07,CUST02406,PROD0107,B001,5,8891.01,0.05,8446.45,5438.35,3008.1,Completed
ORD010312,2025-08-22,CUST02155,PROD0073,B002,1,182.8,0.05,173.66,119.97,53.69,Completed
ORD010313,2025-07-10,CUST02123,PROD0012,B005,2,259.23,0.05,246.27,175.15,71.12,Completed
ORD010316,2025-12-20,CUST00787,PROD0114,B004,2,2749.07,0.05,2611.62,2086.33,525.29,Completed
ORD010317,2025-07-25,CUST00074,PROD0091,B004,3,1241.02,0.0,1241.02,945.87,295.15,Completed
ORD010319,2025-11-15,CUST00675,PROD0013,B004,2,1353.11,0.25,1014.83,915.45,99.38,Completed
ORD010322,2025-06-16,CUST00794,PROD0045,B001,3,3014.25,0.1,2712.82,2149.67,563.15,Completed
ORD010323,2025-02-03,CUST00473,PROD0088,B003,5,2244.35,0.25,1683.27,1448.01,235.26,Completed
ORD010328,2025-02-26,CUST01494,PROD0032,B001,4,2945.74,0.1,2651.16,1621.2,1029.96,Completed
ORD010329,2025-03-09,CUST00455,PROD0107,B003,5,8891.01,0.1,8001.91,5438.35,2563.56,Completed
ORD010334,2025-06-23,CUST00181,PROD0040,B002,2,1981.35,0.2,1585.08,1080.7,504.38,Completed
ORD010335,2025-02-06,CUST01283,PROD0024,B005,3,2022.24,0.0,2022.24,2109.28,-87.04,Completed
ORD010341,2025-11-10,CUST00606,PROD0088,B002,1,448.87,0.0,448.87,289.6,159.27,Completed
ORD010342,2025-10-23,CUST02215,PROD0026,B001,3,1180.52,0.1,1062.47,852.89,209.58,Completed
ORD010347,2025-04-17,CUST02303,PROD0111,B002,2,3669.64,0.2,2935.71,2214.12,721.59,Completed
ORD010349,2025-04-14,CUST01260,PROD0052,B005,3,1982.05,0.1,1783.85,1360.05,423.8,Completed
ORD010359,2025-02-06,CUST00761,PROD0019,B001,3,2666.08,0.05,2532.78,1662.57,870.21,Completed
ORD010361,2025-07-29,CUST00108,PROD0041,B001,5,575.39,0.05,546.62,312.45,234.17,Completed
ORD010364,2025-12-26,CUST00144,PROD0046,B004,5,1116.68,0.05,1060.84,842.77,218.07,Completed
ORD010370,2025-10-30,CUST01465,PROD0048,B002,4,3553.47,0.05,3375.8,2461.98,913.82,Completed
ORD010371,2025-06-23,CUST02044,PROD0090,B002,1,319.88,0.0,319.88,200.18,119.7,Completed
ORD010379,2025-12-17,CUST01864,PROD0040,B005,1,990.67,0.0,990.67,540.35,450.32,Completed
ORD010383,2025-01-31,CUST01466,PROD0020,B003,4,3042.55,0.25,2281.92,2190.93,90.99,Completed
ORD010385,2025-04-12,CUST01643,PROD0081,B004,2,266.21,0.0,266.21,198.21,68.0,Completed
ORD010390,2025-12-11,CUST01647,PROD0047,B003,4,1240.79,0.05,1178.75,718.6,460.15,Completed
ORD010394,2025-08-21,CUST01751,PROD0075,B001,4,5655.6,0.0,5655.6,4369.82,1285.78,Completed
ORD010396,2025-08-09,CUST02085,PROD0033,B004,2,1200.68,0.05,1140.65,766.49,374.16,Completed
ORD010400,2025-10-30,CUST01729,PROD0066,B001,1,1398.21,0.1,1258.39,1004.49,253.9,Completed
ORD010402,2025-02-01,CUST01039,PROD0093,B004,2,1732.71,0.2,1386.16,1271.34,114.82,Completed
ORD010409,2025-07-13,CUST01801,PROD0041,B001,1,115.08,0.05,109.32,62.49,46.83,Completed
ORD010413,2025-09-11,CUST00416,PROD0004,B004,1,299.17,0.0,299.17,191.1,108.07,Completed
ORD010414,2025-09-19,CUST00570,PROD0009,B001,4,1277.14,0.05,1213.28,782.1,431.18,Completed
ORD010433,2025-01-31,CUST01959,PROD0013,B001,2,1353.11,0.1,1217.8,915.45,302.35,Completed
ORD010441,2025-10-02,CUST01839,PROD0073,B004,2,365.6,0.1,329.04,239.94,89.1,Completed
ORD010444,2025-04-24,CUST02302,PROD0120,B002,2,924.24,0.25,693.18,733.89,-40.71,Completed
ORD010445,2025-08-18,CUST01166,PROD0086,B004,5,2639.34,0.15,2243.44,2003.71,239.73,Completed
ORD010452,2025-11-18,CUST01544,PROD0024,B004,4,5128.14,0.1,4615.33,2812.38,1802.95,Completed
ORD010458,2025-12-29,CUST02129,PROD0071,B005,2,959.57,0.05,911.59,747.14,164.45,Completed
ORD010460,2025-08-12,CUST02041,PROD0061,B002,3,1344.6,0.1,1210.14,945.07,265.07,Completed
ORD010463,2025-05-23,CUST01497,PROD0099,B002,4,3397.08,0.0,3397.08,2374.27,1022.81,Completed
ORD010465,2025-08-04,CUST00407,PROD0047,B005,2,620.39,0.2,496.32,359.3,137.02,Completed
ORD010467,2025-07-06,CUST00836,PROD0006,B001,2,1338.93,0.0,1338.93,971.81,367.12,Completed
ORD010470,2025-12-27,CUST01658,PROD0047,B001,5,1550.99,0.15,1318.34,898.25,420.09,Completed
ORD010472,2025-02-02,CUST01417,PROD0007,B002,5,238.54,0.05,226.61,178.76,47.85,Completed
ORD010474,2025-09-20,CUST00216,PROD0009,B005,3,957.85,0.25,718.39,586.58,131.81,Completed
ORD010475,2025-04-13,CUST01291,PROD0086,B003,4,2111.47,0.15,1794.75,1602.97,191.78,Completed
ORD010481,2025-09-12,CUST00250,PROD0014,B004,5,6904.38,0.1,6213.95,3953.01,2260.94,Completed
ORD010482,2025-04-29,CUST00130,PROD0120,B002,2,1138.33,0.1,1024.5,733.89,290.61,Completed
ORD010488,2025-01-14,CUST02032,PROD0069,B004,3,3795.1,0.15,3225.84,2059.31,1166.53,Completed
ORD010492,2025-02-14,CUST00601,PROD0067,B002,1,906.81,0.15,770.79,497.33,273.46,Completed
ORD010495,2025-05-31,CUST01167,PROD0013,B005,5,3382.77,0.15,2875.35,2288.62,586.73,Completed
ORD010503,2025-03-17,CUST01776,PROD0065,B005,2,2702.67,0.2,2162.14,2022.43,139.71,Completed
ORD010505,2025-03-02,CUST02354,PROD0039,B003,4,5930.76,0.15,5041.14,3304.98,1736.16,Completed
ORD010508,2025-02-18,CUST01783,PROD0066,B001,3,2892.92,0.0,2892.92,3013.47,-120.55,Completed
ORD010514,2025-02-07,CUST02057,PROD0008,B001,2,531.11,0.2,424.88,437.82,-12.94,Completed
ORD010516,2025-05-07,CUST02468,PROD0057,B004,4,4020.4,0.2,3216.32,2595.81,620.51,Completed
ORD010518,2025-09-10,CUST01715,PROD0087,B005,5,5905.32,0.0,5905.32,4123.48,1781.84,Completed
ORD010525,2025-07-23,CUST00248,PROD0052,B001,5,3303.42,0.1,2973.07,2266.75,706.32,Completed
ORD010528,2025-10-18,CUST01545,PROD0040,B002,1,990.67,0.1,891.61,540.35,351.26,Completed
ORD010530,2025-11-27,CUST02061,PROD0082,B004,3,6283.58,0.0,6283.58,3400.99,2882.59,Completed
ORD010533,2025-02-08,CUST01154,PROD0096,B003,5,8884.61,0.05,8440.38,5172.37,3268.01,Completed
ORD010536,2025-10-12,CUST00997,PROD0079,B005,5,866.51,0.1,779.86,582.85,197.01,Completed
ORD010545,2025-01-27,CUST00163,PROD0008,B001,2,531.11,0.1,478.0,437.82,40.18,Completed
ORD010549,2025-01-02,CUST01173,PROD0007,B004,1,47.71,0.1,42.94,35.75,7.19,Completed
ORD010551,2025-02-16,CUST00635,PROD0028,B001,5,3650.96,0.1,3285.87,2292.57,993.3,Completed
ORD010552,2025-09-21,CUST01043,PROD0011,B005,3,2543.84,0.15,2162.27,1972.87,189.4,Completed
ORD010554,2025-03-28,CUST01878,PROD0052,B001,4,1778.32,0.05,1689.4,1813.4,-124.0,Completed
ORD010556,2025-01-23,CUST01465,PROD0087,B002,1,1181.06,0.25,885.8,824.7,61.1,Completed
ORD010560,2025-11-19,CUST01177,PROD0005,B003,2,2444.79,0.15,2078.07,1507.46,570.61,Completed
ORD010565,2025-07-27,CUST01899,PROD0009,B001,3,957.85,0.2,766.28,586.58,179.7,Completed
ORD010571,2025-06-14,CUST01175,PROD0120,B005,3,1707.5,0.0,1707.5,1100.84,606.66,Completed
ORD010582,2025-05-24,CUST02062,PROD0093,B003,3,2599.06,0.15,2209.2,1907.02,302.18,Completed
ORD010584,2025-03-04,CUST01594,PROD0031,B005,5,3335.17,0.15,2834.9,2737.47,97.43,Completed
ORD010588,2025-05-07,CUST01264,PROD0007,B003,3,143.12,0.05,135.96,107.26,28.7,Completed
ORD010589,2025-07-19,CUST00139,PROD0082,B001,2,4189.05,0.05,3979.6,2267.33,1712.27,Completed
ORD010593,2025-02-16,CUST01206,PROD0066,B001,2,2796.43,0.25,2097.32,2008.98,88.34,Completed
ORD010594,2025-08-13,CUST01309,PROD0082,B001,5,10472.63,0.0,10472.63,5668.32,4804.31,Completed
ORD010611,2025-04-09,CUST00280,PROD0064,B001,4,3700.91,0.05,3515.87,2813.15,702.72,Completed
ORD010617,2025-12-05,CUST01895,PROD0112,B004,2,1732.73,0.1,1559.45,1356.66,202.79,Completed
ORD010619,2025-04-16,CUST01113,PROD0032,B001,4,2945.74,0.15,2503.88,1621.2,882.68,Completed
ORD010620,2025-03-26,CUST01315,PROD0020,B001,4,3042.55,0.0,3042.55,2190.93,851.62,Completed
ORD010621,2025-09-04,CUST01044,PROD0106,B002,4,2874.32,0.2,2299.46,1724.88,574.58,Completed
ORD010631,2025-09-15,CUST02433,PROD0034,B004,3,3232.34,0.15,2747.49,2149.77,597.72,Completed
ORD010634,2025-04-09,CUST01675,PROD0115,B003,4,2986.19,0.1,2687.57,1842.61,844.96,Completed
ORD010636,2025-11-24,CUST00493,PROD0003,B004,3,1133.37,0.1,1020.04,803.19,216.85,Completed
ORD010642,2025-10-28,CUST00209,PROD0035,B003,5,2902.06,0.0,2902.06,2178.08,723.98,Completed
ORD010648,2025-01-03,CUST02164,PROD0049,B004,3,3998.17,0.15,3398.44,2313.24,1085.2,Completed
ORD010652,2025-10-16,CUST01818,PROD0072,B002,5,2325.79,0.15,1976.92,1633.1,343.82,Completed
ORD010657,2025-09-04,CUST00213,PROD0079,B005,2,346.61,0.0,346.61,233.14,113.47,Completed
ORD010659,2025-06-14,CUST01333,PROD0113,B005,3,3762.55,0.1,3386.29,2720.86,665.43,Completed
ORD010672,2025-03-09,CUST01741,PROD0109,B005,3,4067.6,0.25,3050.7,2925.33,125.37,Completed
ORD010674,2025-01-01,CUST01469,PROD0096,B002,1,1776.92,0.05,1688.08,1034.47,653.61,Completed
ORD010676,2025-09-09,CUST00237,PROD0089,B002,4,1373.33,0.1,1236.0,902.35,333.65,Completed
ORD010678,2025-06-08,CUST00838,PROD0011,B004,5,4239.74,0.25,3179.8,3288.12,-108.32,Completed
ORD010679,2025-12-09,CUST01653,PROD0101,B005,5,3231.94,0.2,2585.55,2302.51,283.04,Completed
ORD010681,2025-05-04,CUST02433,PROD0016,B005,2,177.73,0.15,151.07,106.43,44.64,Completed
ORD010687,2025-08-26,CUST01335,PROD0105,B001,1,421.74,0.1,379.57,310.8,68.77,Completed
ORD010690,2025-09-22,CUST01179,PROD0057,B001,5,5025.49,0.1,4522.94,3244.76,1278.18,Completed
ORD010692,2025-07-18,CUST00289,PROD0077,B001,2,608.04,0.15,516.84,492.1,24.74,Completed
ORD010696,2025-08-01,CUST02229,PROD0092,B002,5,522.22,0.1,470.0,333.18,136.82,Completed
ORD010708,2025-01-16,CUST00531,PROD0018,B005,2,3442.62,0.05,3270.48,2143.81,1126.67,Completed
ORD010723,2025-07-05,CUST00985,PROD0081,B003,4,532.43,0.15,452.56,396.43,56.13,Completed
ORD010725,2025-09-27,CUST00006,PROD0076,B002,5,1499.88,0.05,1424.88,1200.24,224.64,Completed
ORD010727,2025-08-06,CUST01941,PROD0091,B001,2,827.35,0.1,744.61,630.58,114.03,Completed
ORD010729,2025-02-17,CUST01289,PROD0052,B002,4,2642.73,0.05,2510.6,1813.4,697.2,Completed
ORD010732,2025-11-22,CUST01555,PROD0012,B002,4,518.47,0.15,440.7,350.3,90.4,Completed
ORD010739,2025-12-02,CUST01552,PROD0117,B005,5,3861.32,0.15,3282.12,2380.62,901.5,Completed
ORD010741,2025-08-28,CUST00150,PROD0009,B002,2,638.57,0.1,574.71,391.05,183.66,Completed
ORD010747,2025-02-25,CUST01423,PROD0032,B001,4,2945.74,0.2,2356.59,1621.2,735.39,Completed
ORD010748,2025-02-11,CUST01815,PROD0031,B002,2,1334.07,0.05,1267.37,1094.99,172.38,Completed
ORD010755,2025-03-04,CUST01884,PROD0083,B003,4,6616.75,0.15,5624.24,4485.91,1138.33,Completed
ORD010760,2025-08-26,CUST00477,PROD0116,B005,1,262.17,0.15,222.85,215.09,7.76,Completed
ORD010763,2025-11-29,CUST01586,PROD0037,B002,2,1159.35,0.15,985.45,965.12,20.33,Completed
ORD010772,2025-04-29,CUST00123,PROD0011,B003,1,847.95,0.1,763.15,657.62,105.53,Completed
ORD010779,2025-10-09,CUST02049,PROD0041,B002,5,575.39,0.1,517.85,312.45,205.4,Completed
ORD010784,2025-10-02,CUST00877,PROD0047,B001,3,930.59,0.1,837.53,538.95,298.58,Completed
ORD010792,2025-01-09,CUST01375,PROD0070,B004,3,601.57,0.25,451.18,412.77,38.41,Completed
ORD010793,2025-03-14,CUST02133,PROD0007,B001,2,57.61,0.0,57.61,71.51,-13.9,Completed
ORD010794,2025-11-29,CUST02278,PROD0056,B002,4,5646.88,0.0,5646.88,4230.57,1416.31,Completed
ORD010799,2025-02-09,CUST01928,PROD0022,B001,5,6321.69,0.15,5373.44,4567.91,805.53,Completed
ORD010817,2025-02-20,CUST01355,PROD0023,B001,2,1347.35,0.1,1212.61,1573.84,-361.23,Completed
ORD010821,2025-06-06,CUST00864,PROD0080,B001,5,2033.0,0.1,1829.7,1409.99,419.71,Completed
ORD010825,2025-04-25,CUST01066,PROD0064,B002,2,1850.46,0.0,1850.46,1406.57,443.89,Completed
ORD010828,2025-01-13,CUST02288,PROD0061,B004,2,896.4,0.2,717.12,630.05,87.07,Completed
ORD010831,2025-03-09,CUST00459,PROD0118,B003,2,579.77,0.05,550.78,388.34,162.44,Completed
ORD010834,2025-10-03,CUST01976,PROD0105,B003,3,1265.21,0.15,1075.43,932.39,143.04,Completed
ORD010846,2025-05-06,CUST02005,PROD0004,B005,2,598.35,0.0,598.35,382.21,216.14,Completed
ORD010849,2025-12-19,CUST00099,PROD0048,B002,4,3553.47,0.15,3020.45,2461.98,558.47,Completed
ORD010857,2025-02-12,CUST00417,PROD0116,B001,5,1310.86,0.0,1310.86,1075.45,235.41,Completed
ORD010859,2025-06-19,CUST00716,PROD0004,B005,5,1495.87,0.0,1495.87,955.52,540.35,Completed
ORD010862,2025-06-27,CUST01769,PROD0030,B005,2,2038.77,0.05,1936.83,1627.19,309.64,Completed
ORD010864,2025-03-26,CUST01749,PROD0029,B004,3,1374.02,0.0,1374.02,797.55,576.47,Completed
ORD010866,2025-07-17,CUST01770,PROD0102,B001,4,3085.61,0.0,3085.61,1779.46,1306.15,Completed
ORD010872,2025-05-03,CUST00544,PROD0083,B002,3,4962.56,0.0,4962.56,3364.43,1598.13,Completed
ORD010874,2025-08-07,CUST01515,PROD0007,B001,3,143.12,0.0,143.12,107.26,35.86,Completed
ORD010876,2025-04-22,CUST02410,PROD0063,B001,5,663.4,0.15,563.89,502.33,61.56,Completed
ORD010879,2025-09-30,CUST01451,PROD0092,B005,2,208.89,0.1,188.0,133.27,54.73,Completed
ORD010881,2025-06-01,CUST01724,PROD0069,B003,3,3795.1,0.15,3225.84,2059.31,1166.53,Completed
ORD010894,2025-03-27,CUST00987,PROD0052,B004,3,1982.05,0.15,1684.74,1360.05,324.69,Completed
ORD010895,2025-04-10,CUST00290,PROD0070,B004,5,1002.62,0.2,802.1,687.96,114.14,Completed
ORD010897,2025-01-20,CUST02143,PROD0059,B002,1,591.44,0.05,561.86,616.71,-54.85,Completed
ORD010898,2025-01-21,CUST02367,PROD0066,B001,2,2796.43,0.2,2237.14,2008.98,228.16,Completed
ORD010903,2025-07-25,CUST00520,PROD0103,B004,1,484.85,0.0,484.85,516.43,-31.58,Completed
ORD010905,2025-04-01,CUST00035,PROD0025,B003,4,3960.18,0.15,3366.15,2362.87,1003.28,Completed
ORD010908,2025-11-24,CUST00291,PROD0114,B003,1,1374.54,0.1,1237.08,1043.17,193.91,Completed
ORD010909,2025-02-10,CUST01861,PROD0012,B003,3,388.85,0.0,388.85,262.72,126.13,Completed
ORD010910,2025-09-15,CUST01046,PROD0103,B003,5,4363.29,0.05,4145.12,2582.17,1562.95,Completed
ORD010911,2025-01-27,CUST02361,PROD0063,B001,2,265.36,0.15,225.56,200.93,24.63,Completed
ORD010913,2025-04-03,CUST02330,PROD0062,B002,4,2918.12,0.15,2480.41,2314.89,165.52,Completed
ORD010915,2025-11-10,CUST00386,PROD0109,B002,4,5423.46,0.1,4881.12,3900.44,980.68,Completed
ORD010916,2025-02-22,CUST00740,PROD0080,B002,2,813.2,0.05,772.54,563.99,208.55,Completed
ORD010920,2025-05-15,CUST02088,PROD0100,B003,1,810.99,0.1,729.89,633.28,96.61,Completed
ORD010925,2025-11-13,CUST02243,PROD0091,B003,2,827.35,0.0,827.35,630.58,196.77,Completed
ORD010928,2025-12-08,CUST00342,PROD0035,B002,5,2902.06,0.0,2902.06,2178.08,723.98,Completed
ORD010931,2025-12-01,CUST00468,PROD0095,B005,3,1065.41,0.1,958.87,803.65,155.22,Completed
ORD010937,2025-09-07,CUST01750,PROD0077,B005,1,304.02,0.05,288.82,246.05,42.77,Completed
ORD010942,2025-01-31,CUST01536,PROD0009,B002,4,1277.14,0.05,1213.28,782.1,431.18,Completed
ORD010944,2025-12-05,CUST00512,PROD0081,B001,4,532.43,0.05,505.81,396.43,109.38,Completed
ORD010946,2025-03-07,CUST02387,PROD0044,B003,2,2187.9,0.1,1969.11,1214.82,754.29,Completed
ORD010950,2025-11-29,CUST00227,PROD0070,B001,1,200.52,0.05,190.5,137.59,52.91,Completed
ORD010951,2025-03-16,CUST02115,PROD0069,B002,5,6325.17,0.05,6008.92,3432.19,2576.73,Completed
ORD010957,2025-04-23,CUST01159,PROD0066,B001,1,1398.21,0.15,1188.48,1004.49,183.99,Completed
ORD010963,2025-03-11,CUST02271,PROD0033,B001,1,600.34,0.05,570.33,383.24,187.09,Completed
ORD010968,2025-10-12,CUST00810,PROD0080,B003,4,1626.4,0.0,1626.4,1127.99,498.41,Completed
ORD010971,2025-05-31,CUST02277,PROD0041,B002,3,345.23,0.1,310.71,187.47,123.24,Completed
ORD010974,2025-09-07,CUST01689,PROD0086,B001,4,2111.47,0.15,1794.75,1602.97,191.78,Completed
ORD010981,2025-12-10,CUST00481,PROD0071,B001,4,1919.14,0.1,1727.23,1494.29,232.94,Completed
ORD010986,2025-03-23,CUST02378,PROD0062,B003,1,729.53,0.1,656.58,578.72,77.86,Completed
ORD010992,2025-06-25,CUST00912,PROD0030,B002,5,5096.92,0.15,4332.38,4067.97,264.41,Completed
ORD010993,2025-05-06,CUST01778,PROD0043,B004,2,358.6,0.05,340.67,357.29,-16.62,Completed
ORD010994,2025-05-03,CUST00870,PROD0101,B001,3,1939.17,0.2,1551.33,1381.51,169.82,Completed
ORD010997,2025-05-03,CUST00779,PROD0034,B001,2,2154.89,0.05,2047.15,1433.18,613.97,Completed
ORD011003,2025-03-02,CUST01254,PROD0043,B004,1,291.4,0.15,247.69,178.65,69.04,Completed
ORD011008,2025-08-10,CUST01481,PROD0045,B003,1,1004.75,0.0,1004.75,716.56,288.19,Completed
ORD011010,2025-06-08,CUST00438,PROD0112,B004,1,866.36,0.25,649.77,678.33,-28.56,Completed
ORD011016,2025-09-02,CUST02416,PROD0117,B004,2,1544.53,0.05,1467.3,952.25,515.05,Completed
ORD011033,2025-01-09,CUST01051,PROD0093,B001,3,2599.06,0.25,1949.29,1907.02,42.27,Completed
ORD011036,2025-07-19,CUST02402,PROD0011,B004,3,2543.84,0.15,2162.27,1972.87,189.4,Completed
ORD011037,2025-10-03,CUST01167,PROD0067,B003,4,3627.23,0.2,2901.78,1989.31,912.47,Completed
ORD011038,2025-06-02,CUST02448,PROD0098,B002,1,999.39,0.05,949.42,558.83,390.59,Completed
ORD011039,2025-05-27,CUST02114,PROD0005,B004,5,6111.97,0.1,5500.77,3768.65,1732.12,Completed
ORD011041,2025-06-05,CUST01271,PROD0051,B002,5,4480.46,0.2,3584.37,2970.26,614.11,Completed
ORD011045,2025-05-15,CUST01648,PROD0102,B004,2,1542.8,0.1,1388.52,889.73,498.79,Completed
ORD011046,2025-02-25,CUST00559,PROD0018,B001,2,3442.62,0.15,2926.22,2143.81,782.41,Completed
ORD011048,2025-01-12,CUST01573,PROD0105,B001,2,843.47,0.05,801.3,621.59,179.71,Completed
ORD011054,2025-03-16,CUST01509,PROD0089,B001,1,343.33,0.05,326.17,225.59,100.58,Completed
ORD011063,2025-03-08,CUST01746,PROD0114,B004,5,6872.68,0.15,5841.78,5215.83,625.95,Completed
ORD011065,2025-10-17,CUST01774,PROD0040,B003,3,2972.02,0.2,2377.62,1621.06,756.56,Completed
ORD011066,2025-11-29,CUST01424,PROD0061,B001,2,896.4,0.15,761.94,630.05,131.89,Completed
ORD011069,2025-01-13,CUST01493,PROD0030,B001,5,5096.92,0.25,3822.68,4067.97,-245.29,Completed
ORD011073,2025-05-16,CUST00622,PROD0007,B005,3,143.12,0.0,143.12,107.26,35.86,Completed
ORD011074,2025-09-04,CUST01155,PROD0116,B001,2,524.35,0.1,471.91,430.18,41.73,Completed
ORD011075,2025-09-12,CUST02261,PROD0020,B005,4,3042.55,0.0,3042.55,2190.93,851.62,Completed
ORD011083,2025-04-27,CUST01529,PROD0038,B001,2,119.86,0.1,107.88,81.42,26.46,Completed
ORD011089,2025-07-29,CUST00706,PROD0107,B004,3,5334.6,0.05,5067.87,3263.01,1804.86,Completed
ORD011103,2025-06-26,CUST01617,PROD0021,B005,4,3380.64,0.1,3042.58,2054.31,988.27,Completed
ORD011104,2025-11-24,CUST00291,PROD0079,B001,2,217.44,0.1,195.69,233.14,-37.45,Completed
ORD011107,2025-11-07,CUST01276,PROD0043,B003,4,1165.59,0.2,932.47,714.58,217.89,Completed
ORD011108,2025-09-02,CUST01953,PROD0063,B004,3,398.04,0.2,318.43,301.4,17.03,Completed
ORD011112,2025-12-14,CUST01009,PROD0021,B005,5,4225.8,0.1,3803.22,2567.89,1235.33,Completed
ORD011117,2025-01-20,CUST02164,PROD0016,B003,2,177.73,0.05,168.84,106.43,62.41,Completed
ORD011134,2025-09-06,CUST01425,PROD0039,B002,4,5930.76,0.25,4448.07,3304.98,1143.09,Completed
ORD011136,2025-07-30,CUST00237,PROD0067,B002,4,3627.23,0.15,3083.15,1989.31,1093.84,Completed
ORD011143,2025-09-30,CUST01193,PROD0030,B004,3,3058.15,0.2,2446.52,2440.78,5.74,Completed
ORD011145,2025-09-13,CUST02427,PROD0033,B002,5,3001.7,0.1,2701.53,1916.21,785.32,Completed
ORD011146,2025-06-08,CUST00553,PROD0023,B004,1,1273.06,0.1,1145.75,786.92,358.83,Completed
ORD011147,2025-12-21,CUST02361,PROD0100,B005,5,4054.94,0.0,4054.94,3166.4,888.54,Completed
ORD011149,2025-04-12,CUST00578,PROD0114,B001,1,1374.54,0.0,1374.54,1043.17,331.37,Completed
ORD011151,2025-12-14,CUST00984,PROD0042,B005,4,5814.11,0.15,4941.99,4257.54,684.45,Completed
ORD011159,2025-06-28,CUST01721,PROD0075,B001,5,7069.49,0.15,6009.07,5462.28,546.79,Completed
ORD011170,2025-04-27,CUST02220,PROD0054,B002,4,4510.71,0.1,4059.64,3048.13,1011.51,Completed
ORD011172,2025-04-23,CUST00734,PROD0078,B003,1,931.95,0.2,745.56,573.98,171.58,Completed
ORD011176,2025-06-24,CUST01274,PROD0067,B001,3,2720.42,0.15,2312.36,1491.98,820.38,Completed
ORD011180,2025-02-27,CUST00006,PROD0061,B003,5,2241.0,0.0,2241.0,1575.12,665.88,Completed
ORD011182,2025-02-03,CUST00357,PROD0013,B005,5,3382.77,0.0,3382.77,2288.62,1094.15,Completed
ORD011184,2025-10-19,CUST01960,PROD0116,B003,2,524.35,0.0,524.35,430.18,94.17,Completed
ORD011189,2025-08-12,CUST01641,PROD0013,B001,3,2029.66,0.15,1725.21,1373.17,352.04,Completed
ORD011191,2025-09-20,CUST01943,PROD0074,B001,5,3264.22,0.1,2937.8,2524.19,413.61,Completed
ORD011192,2025-12-09,CUST00756,PROD0082,B003,4,8378.11,0.05,7959.2,4534.66,3424.54,Completed
ORD011199,2025-08-19,CUST00110,PROD0013,B003,4,2706.22,0.15,2300.28,1830.9,469.38,Completed
ORD011202,2025-09-10,CUST01238,PROD0071,B002,2,959.57,0.2,767.66,747.14,20.52,Completed
ORD011203,2025-01-06,CUST00428,PROD0012,B001,5,648.08,0.05,615.68,437.87,177.81,Completed
ORD011205,2025-11-07,CUST00002,PROD0006,B001,1,669.46,0.15,569.05,485.9,83.15,Completed
ORD011210,2025-07-12,CUST01164,PROD0007,B001,5,238.54,0.25,178.9,178.76,0.14,Completed
ORD011211,2025-08-19,CUST02326,PROD0012,B001,2,259.23,0.2,207.39,175.15,32.24,Completed
ORD011216,2025-03-10,CUST00792,PROD0055,B002,3,1394.23,0.15,1185.09,790.62,394.47,Completed
ORD011222,2025-07-23,CUST01359,PROD0097,B002,1,1761.17,0.15,1496.99,1084.62,412.37,Completed
ORD011225,2025-07-23,CUST01469,PROD0021,B004,2,1690.32,0.2,1352.26,1027.16,325.1,Completed
ORD011227,2025-02-24,CUST02435,PROD0112,B001,3,2599.09,0.0,2599.09,2034.98,564.11,Completed
ORD011229,2025-07-21,CUST00044,PROD0039,B001,2,2965.38,0.0,2965.38,1652.49,1312.89,Completed
ORD011232,2025-08-25,CUST02162,PROD0119,B001,5,2992.91,0.05,2843.27,2171.55,671.72,Completed
ORD011235,2025-11-12,CUST01684,PROD0073,B004,2,365.6,0.0,365.6,239.94,125.66,Completed
ORD011236,2025-05-11,CUST01277,PROD0115,B003,2,1493.09,0.0,1493.09,921.31,571.78,Completed
ORD011239,2025-01-06,CUST01071,PROD0083,B004,2,3308.37,0.0,3308.37,2242.95,1065.42,Completed
ORD011244,2025-07-26,CUST01412,PROD0046,B001,4,893.34,0.1,804.01,674.21,129.8,Completed
ORD011252,2025-02-01,CUST00329,PROD0034,B003,1,1077.45,0.1,969.7,716.59,253.11,Completed
ORD011253,2025-08-05,CUST01845,PROD0046,B002,4,893.34,0.0,893.34,674.21,219.13,Completed
ORD011256,2025-12-13,CUST00892,PROD0063,B001,3,398.04,0.05,378.14,301.4,76.74,Completed
ORD011257,2025-01-13,CUST00598,PROD0068,B002,5,5124.67,0.05,4868.44,4116.82,751.62,Completed
ORD011261,2025-07-28,CUST00141,PROD0103,B001,4,3490.63,0.1,3141.57,2065.73,1075.84,Completed
ORD011263,2025-10-11,CUST00599,PROD0043,B003,5,1456.99,0.05,1384.14,893.23,490.91,Completed
ORD011264,2025-11-07,CUST00969,PROD0083,B004,2,3308.37,0.05,3142.96,2242.95,900.01,Completed
ORD011277,2025-12-15,CUST00022,PROD0071,B001,5,2398.93,0.1,2159.04,1867.86,291.18,Completed
ORD011285,2025-05-11,CUST00870,PROD0015,B004,4,5684.27,0.15,4831.63,3534.91,1296.72,Completed
ORD011292,2025-09-26,CUST01954,PROD0098,B001,3,2998.18,0.15,2548.45,1676.49,871.96,Completed
ORD011299,2025-12-31,CUST02237,PROD0099,B002,5,4246.35,0.05,4034.03,2967.84,1066.19,Completed
ORD011302,2025-10-08,CUST00449,PROD0066,B001,2,2796.43,0.25,2097.32,2008.98,88.34,Completed
ORD011308,2025-12-24,CUST01109,PROD0014,B002,3,4142.63,0.2,3314.11,2371.81,942.3,Completed
ORD011309,2025-05-30,CUST00376,PROD0080,B002,5,2033.0,0.1,1829.7,1409.99,419.71,Completed
ORD011312,2025-04-07,CUST00602,PROD0108,B002,1,909.88,0.2,727.91,523.42,204.49,Completed
ORD011314,2025-07-12,CUST00795,PROD0020,B001,2,1521.28,0.2,1217.02,1095.47,121.55,Completed
ORD011321,2025-09-14,CUST00535,PROD0111,B004,3,5504.46,0.15,4678.79,3321.19,1357.6,Completed
ORD011327,2025-02-10,CUST01610,PROD0053,B001,1,555.84,0.1,500.26,361.6,138.66,Completed
ORD011332,2025-08-04,CUST02041,PROD0005,B001,2,2444.79,0.05,2322.55,1507.46,815.09,Completed
ORD011342,2025-11-10,CUST00803,PROD0071,B003,3,1439.36,0.25,1079.52,1120.72,-41.2,Completed
ORD011344,2025-03-14,CUST01668,PROD0107,B001,3,5334.6,0.2,4267.69,3263.01,1004.68,Completed
ORD011351,2025-05-13,CUST00846,PROD0085,B004,3,129.15,0.15,109.78,102.34,7.44,Completed
ORD011355,2025-09-10,CUST01384,PROD0031,B002,3,2001.1,0.0,2001.1,1642.48,358.62,Completed
ORD011363,2025-11-05,CUST00617,PROD0038,B001,5,299.66,0.1,269.69,203.55,66.14,Completed
ORD011366,2025-07-19,CUST02494,PROD0107,B001,5,8891.01,0.2,7112.81,5438.35,1674.46,Completed
ORD011369,2025-08-03,CUST00416,PROD0038,B003,3,179.79,0.0,179.79,122.13,57.66,Completed
ORD011370,2025-01-10,CUST02052,PROD0093,B005,3,2599.06,0.25,1949.29,1907.02,42.27,Completed
ORD011379,2025-08-07,CUST01717,PROD0064,B004,1,925.23,0.1,832.71,703.29,129.42,Completed
ORD011384,2025-09-01,CUST01002,PROD0055,B005,2,929.48,0.0,929.48,527.08,402.4,Completed
ORD011386,2025-04-27,CUST00808,PROD0005,B001,1,1222.39,0.25,916.8,753.73,163.07,Completed
ORD011387,2025-05-14,CUST01959,PROD0099,B003,5,4246.35,0.15,3609.39,2967.84,641.55,Completed
ORD011388,2025-04-12,CUST01255,PROD0015,B004,4,5684.27,0.05,5400.05,3534.91,1865.14,Completed
ORD011389,2025-04-30,CUST01409,PROD0060,B001,4,358.1,0.15,304.39,235.11,69.28,Completed
ORD011390,2025-02-21,CUST01819,PROD0117,B001,5,3861.32,0.0,3861.32,2380.62,1480.7,Completed
ORD011391,2025-12-01,CUST01614,PROD0063,B002,4,530.72,0.2,424.58,401.86,22.72,Completed
ORD011392,2025-06-20,CUST00335,PROD0102,B003,1,771.4,0.15,655.69,444.87,210.82,Completed
ORD011393,2025-09-25,CUST02424,PROD0004,B002,5,1495.87,0.15,1271.49,955.52,315.97,Completed
ORD011398,2025-04-10,CUST01961,PROD0093,B004,4,3465.41,0.0,3465.41,2542.69,922.72,Completed
ORD011404,2025-09-18,CUST02182,PROD0085,B003,5,215.26,0.0,215.26,170.57,44.69,Completed
ORD011405,2025-01-14,CUST00152,PROD0042,B003,1,1453.53,0.15,1235.5,1064.39,171.11,Completed
ORD011407,2025-06-25,CUST00951,PROD0009,B001,1,319.28,0.0,319.28,195.53,123.75,Completed
ORD011410,2025-08-06,CUST02210,PROD0002,B003,5,3400.69,0.25,2550.52,2056.3,494.22,Completed
ORD011411,2025-04-06,CUST01929,PROD0025,B003,3,2970.13,0.25,2227.6,1772.15,455.45,Completed
ORD011414,2025-08-08,CUST01363,PROD0103,B001,2,1745.31,0.05,1658.05,1032.87,625.18,Completed
ORD011415,2025-08-18,CUST01342,PROD0068,B005,1,1024.93,0.25,768.7,823.36,-54.66,Completed
ORD011418,2025-12-09,CUST01286,PROD0090,B005,1,319.88,0.05,303.88,200.18,103.7,Completed
ORD011420,2025-04-02,CUST00737,PROD0001,B002,5,9696.97,0.05,9212.12,5315.89,3896.23,Completed
ORD011426,2025-01-29,CUST00306,PROD0033,B004,5,3001.7,0.0,3001.7,1916.21,1085.49,Completed
ORD011434,2025-02-03,CUST01662,PROD0074,B004,4,2611.38,0.0,2611.38,2019.35,592.03,Completed
ORD011435,2025-05-30,CUST00478,PROD0077,B002,5,1520.11,0.0,1520.11,1230.26,289.85,Completed
ORD011438,2025-04-27,CUST01129,PROD0100,B001,4,3243.95,0.1,2919.56,2533.12,386.44,Completed
ORD011439,2025-11-04,CUST00141,PROD0087,B002,4,4724.26,0.1,4251.83,3298.78,953.05,Completed
ORD011441,2025-04-29,CUST00916,PROD0120,B004,1,569.17,0.1,512.25,366.95,145.3,Completed
ORD011443,2025-06-03,CUST01843,PROD0024,B002,5,6410.17,0.15,5448.65,3515.47,1933.18,Completed
ORD011450,2025-10-15,CUST00412,PROD0111,B001,3,5504.46,0.0,5504.46,3321.19,2183.27,Completed
ORD011452,2025-03-13,CUST00525,PROD0111,B001,5,9174.1,0.2,7339.28,5535.31,1803.97,Completed
ORD011454,2025-01-29,CUST01913,PROD0111,B002,4,7339.28,0.15,6238.38,4428.25,1810.13,Completed
ORD011459,2025-09-14,CUST00973,PROD0104,B004,4,6409.81,0.1,5768.83,4238.27,1530.56,Completed
ORD011466,2025-09-10,CUST00255,PROD0021,B004,2,1690.32,0.0,1690.32,1027.16,663.16,Completed
ORD011470,2025-03-04,CUST01731,PROD0119,B005,2,1197.16,0.0,1197.16,868.62,328.54,Completed
ORD011492,2025-04-28,CUST01514,PROD0093,B002,5,4331.76,0.05,4115.17,3178.36,936.81,Completed
ORD011495,2025-11-29,CUST00141,PROD0019,B001,3,2666.08,0.1,2399.47,1662.57,736.9,Completed
ORD011498,2025-02-18,CUST00883,PROD0005,B001,5,6111.97,0.1,5500.77,3768.65,1732.12,Completed
ORD011505,2025-12-10,CUST01404,PROD0067,B002,3,2720.42,0.0,2720.42,1491.98,1228.44,Completed
ORD011506,2025-09-15,CUST01266,PROD0017,B005,3,2608.78,0.2,2087.03,1895.94,191.09,Completed
ORD011513,2025-05-29,CUST01707,PROD0042,B004,1,1453.53,0.15,1235.5,1064.39,171.11,Completed
ORD011519,2025-10-10,CUST02328,PROD0020,B001,5,3803.19,0.0,3803.19,2738.67,1064.52,Completed
ORD011521,2025-02-17,CUST00069,PROD0028,B001,3,2190.58,0.1,1971.52,1375.54,595.98,Completed
ORD011532,2025-09-30,CUST02324,PROD0008,B001,1,265.55,0.0,265.55,218.91,46.64,Completed
ORD011534,2025-05-04,CUST01478,PROD0026,B003,1,393.51,0.05,373.83,284.3,89.53,Completed
ORD011537,2025-08-31,CUST00430,PROD0044,B002,3,3281.84,0.2,2625.47,1822.23,803.24,Completed
ORD011540,2025-05-24,CUST02279,PROD0117,B005,1,772.26,0.15,656.42,476.12,180.3,Completed
ORD011543,2025-10-02,CUST01325,PROD0086,B003,3,1583.6,0.05,1504.42,1202.23,302.19,Completed
ORD011544,2025-11-06,CUST01542,PROD0022,B004,3,3793.01,0.05,3603.36,2740.74,862.62,Completed
ORD011562,2025-09-09,CUST00431,PROD0114,B001,4,5498.14,0.1,4948.33,4172.67,775.66,Completed
ORD011568,2025-09-20,CUST00019,PROD0106,B005,4,2874.32,0.15,2443.18,1724.88,718.3,Completed
ORD011572,2025-01-15,CUST01204,PROD0037,B002,3,1739.02,0.05,1652.07,1447.68,204.39,Completed
ORD011575,2025-11-20,CUST00408,PROD0056,B004,1,1411.72,0.2,1129.37,1057.64,71.73,Completed
ORD011578,2025-06-25,CUST00422,PROD0041,B002,2,230.15,0.05,218.65,124.98,93.67,Completed
ORD011581,2025-09-27,CUST00568,PROD0117,B003,1,772.26,0.2,617.81,476.12,141.69,Completed
ORD011582,2025-09-08,CUST01931,PROD0093,B005,4,3465.41,0.1,3118.87,2542.69,576.18,Completed
ORD011587,2025-03-07,CUST02050,PROD0033,B004,2,1200.68,0.05,1140.65,766.49,374.16,Completed
ORD011590,2025-05-14,CUST01077,PROD0081,B002,1,133.11,0.05,126.45,99.11,27.34,Completed
ORD011596,2025-11-12,CUST01028,PROD0028,B005,5,3650.96,0.1,3285.87,2292.57,993.3,Completed
ORD011598,2025-07-22,CUST01947,PROD0058,B001,3,938.27,0.15,797.53,523.75,273.78,Completed
ORD011604,2025-10-25,CUST00938,PROD0024,B005,5,6410.17,0.0,6410.17,3515.47,2894.7,Completed
ORD011605,2025-10-28,CUST01804,PROD0072,B004,3,1395.47,0.15,1186.15,979.86,206.29,Completed
ORD011607,2025-08-16,CUST01902,PROD0018,B003,2,3442.62,0.2,2754.09,2143.81,610.28,Completed
ORD011615,2025-09-02,CUST01179,PROD0007,B003,1,47.71,0.0,47.71,35.75,11.96,Completed
ORD011616,2025-05-03,CUST01432,PROD0024,B005,4,5128.14,0.1,4615.33,2812.38,1802.95,Completed
ORD011618,2025-07-05,CUST00119,PROD0093,B001,1,866.35,0.15,736.4,635.67,100.73,Completed
ORD011625,2025-10-14,CUST01909,PROD0113,B002,1,1254.18,0.1,1128.76,906.95,221.81,Completed
ORD011629,2025-10-30,CUST00398,PROD0002,B004,3,2040.42,0.2,1632.33,1233.78,398.55,Completed
ORD011631,2025-12-06,CUST00845,PROD0034,B002,5,5387.24,0.05,5117.88,3582.94,1534.94,Completed
ORD011642,2025-05-31,CUST01993,PROD0040,B005,5,4953.37,0.25,3715.03,2701.76,1013.27,Completed
ORD011646,2025-02-28,CUST02189,PROD0108,B005,5,4549.41,0.1,4094.47,2617.12,1477.35,Completed
ORD011649,2025-01-27,CUST00273,PROD0038,B001,2,119.86,0.1,107.88,81.42,26.46,Completed
ORD011650,2025-08-03,CUST01082,PROD0103,B003,1,872.66,0.0,872.66,516.43,356.23,Completed
ORD011651,2025-01-11,CUST00654,PROD0016,B002,2,177.73,0.2,142.18,106.43,35.75,Completed
ORD011658,2025-05-30,CUST00904,PROD0010,B004,3,5527.66,0.15,4698.52,3215.99,1482.53,Completed
ORD011659,2025-05-05,CUST02341,PROD0051,B001,1,896.09,0.15,761.68,594.05,167.63,Completed
ORD011663,2025-01-14,CUST01703,PROD0074,B005,2,1305.69,0.15,1109.83,1009.68,100.15,Completed
ORD011670,2025-01-18,CUST00610,PROD0069,B002,4,5060.14,0.15,4301.12,2745.75,1555.37,Completed
ORD011671,2025-02-10,CUST01306,PROD0038,B004,3,179.79,0.05,170.81,122.13,48.68,Completed
ORD011674,2025-03-07,CUST01246,PROD0081,B003,2,266.21,0.1,239.59,198.21,41.38,Completed
ORD011680,2025-02-06,CUST00381,PROD0112,B003,2,1732.73,0.05,1646.09,1356.66,289.43,Completed
ORD011683,2025-04-01,CUST02380,PROD0001,B003,2,3878.79,0.0,3878.79,2126.36,1752.43,Completed
ORD011684,2025-07-02,CUST01177,PROD0110,B004,4,3186.86,0.15,2708.83,1852.77,856.06,Completed
ORD011685,2025-01-10,CUST01706,PROD0070,B005,5,1002.62,0.2,802.1,687.96,114.14,Completed
ORD011687,2025-06-21,CUST00256,PROD0083,B002,1,1067.61,0.1,960.85,1121.48,-160.63,Completed
ORD011690,2025-04-30,CUST02162,PROD0027,B002,1,684.38,0.1,615.94,495.75,120.19,Completed
ORD011694,2025-03-27,CUST01710,PROD0099,B004,4,3397.08,0.05,3227.22,2374.27,852.95,Completed
ORD011695,2025-03-19,CUST02125,PROD0070,B002,3,601.57,0.0,601.57,412.77,188.8,Completed
ORD011705,2025-05-16,CUST01677,PROD0110,B005,5,3983.57,0.05,3784.39,2315.96,1468.43,Completed
ORD011711,2025-03-29,CUST00373,PROD0070,B001,4,802.1,0.1,721.89,550.37,171.52,Completed
ORD011716,2025-03-26,CUST02024,PROD0104,B001,5,8012.27,0.1,7211.04,5297.84,1913.2,Completed
ORD011719,2025-01-09,CUST02028,PROD0073,B002,2,365.6,0.25,274.2,239.94,34.26,Completed
ORD011720,2025-10-01,CUST01059,PROD0028,B005,2,1460.38,0.0,1460.38,917.03,543.35,Completed
ORD011725,2025-04-24,CUST00277,PROD0109,B003,4,5423.46,0.0,5423.46,3900.44,1523.02,Completed
ORD011736,2025-03-19,CUST00540,PROD0054,B001,3,3383.03,0.1,3044.73,2286.1,758.63,Completed
ORD011740,2025-03-11,CUST00636,PROD0040,B005,1,990.67,0.15,842.08,540.35,301.73,Completed
ORD011744,2025-06-28,CUST01518,PROD0011,B003,4,3391.79,0.05,3222.2,2630.5,591.7,Completed
ORD011754,2025-05-19,CUST00501,PROD0026,B004,3,1180.52,0.1,1062.47,852.89,209.58,Completed
ORD011755,2025-05-26,CUST00728,PROD0076,B001,3,899.93,0.0,899.93,720.15,179.78,Completed
ORD011762,2025-07-21,CUST00278,PROD0075,B003,1,1413.9,0.25,1060.42,1092.46,-32.04,Completed
ORD011763,2025-10-22,CUST01505,PROD0003,B001,4,1511.16,0.1,1360.05,1070.91,289.14,Completed
ORD011768,2025-12-19,CUST01117,PROD0079,B002,3,519.91,0.05,493.91,349.71,144.2,Completed
ORD011773,2025-10-11,CUST00080,PROD0065,B001,3,4054.0,0.1,3648.61,3033.65,614.96,Completed
ORD011791,2025-11-18,CUST01613,PROD0101,B005,5,3231.94,0.15,2747.15,2302.51,444.64,Completed
ORD011792,2025-08-08,CUST02478,PROD0051,B001,1,896.09,0.2,716.87,594.05,122.82,Completed
ORD011793,2025-10-03,CUST00072,PROD0112,B001,4,3465.45,0.2,2772.36,2713.31,59.05,Completed
ORD011799,2025-08-05,CUST00685,PROD0070,B003,2,401.05,0.1,360.94,275.18,85.76,Completed
ORD011807,2025-12-03,CUST00285,PROD0070,B003,4,802.1,0.0,802.1,550.37,251.73,Completed
ORD011811,2025-05-02,CUST01574,PROD0019,B005,3,2666.08,0.15,2266.17,1662.57,603.6,Completed
ORD011812,2025-08-21,CUST01219,PROD0031,B002,4,2668.14,0.2,2134.51,2189.98,-55.47,Completed
ORD011814,2025-01-26,CUST00115,PROD0010,B001,4,4158.36,0.05,3950.44,4287.98,-337.54,Completed
ORD011817,2025-08-12,CUST02392,PROD0075,B002,2,2827.8,0.2,2262.24,2184.91,77.33,Completed
ORD011821,2025-10-02,CUST01296,PROD0006,B002,4,2677.86,0.0,2677.86,1943.61,734.25,Completed
ORD011831,2025-02-20,CUST01144,PROD0113,B003,5,6270.92,0.1,5643.82,4534.77,1109.05,Completed
ORD011832,2025-02-28,CUST02008,PROD0002,B005,2,1360.28,0.0,1360.28,822.52,537.76,Completed
ORD011841,2025-05-23,CUST00048,PROD0092,B001,4,417.78,0.1,376.0,266.55,109.45,Completed
ORD011845,2025-11-12,CUST02290,PROD0109,B004,4,5423.46,0.05,5152.29,3900.44,1251.85,Completed
ORD011848,2025-08-29,CUST01137,PROD0023,B002,3,3819.17,0.0,3819.17,2360.76,1458.41,Completed
ORD011851,2025-05-18,CUST00239,PROD0003,B001,5,1888.96,0.0,1888.96,1338.64,550.32,Completed
ORD011852,2025-08-30,CUST00290,PROD0017,B004,4,3478.37,0.1,3130.54,2527.92,602.62,Completed
ORD011859,2025-08-23,CUST00058,PROD0085,B002,1,43.05,0.15,36.6,34.11,2.49,Completed
ORD011860,2025-09-05,CUST01511,PROD0016,B005,1,88.86,0.05,84.42,53.22,31.2,Completed
ORD011871,2025-07-19,CUST01876,PROD0103,B001,4,3490.63,0.1,3141.57,2065.73,1075.84,Completed
ORD011878,2025-08-07,CUST00555,PROD0027,B003,2,1368.76,0.1,1231.88,991.49,240.39,Completed
ORD011879,2025-09-22,CUST01672,PROD0102,B001,4,3085.61,0.1,2777.05,1779.46,997.59,Completed
ORD011891,2025-10-09,CUST00779,PROD0068,B005,1,1024.93,0.1,922.44,823.36,99.08,Completed
ORD011896,2025-04-14,CUST00491,PROD0007,B004,1,47.71,0.2,38.17,35.75,2.42,Completed
ORD011901,2025-06-18,CUST01303,PROD0020,B004,1,760.64,0.05,722.61,547.73,174.88,Completed
ORD011903,2025-08-20,CUST00159,PROD0115,B004,2,1493.09,0.2,1194.48,921.31,273.17,Completed
ORD011904,2025-05-24,CUST00290,PROD0037,B001,4,2318.69,0.15,1970.89,1930.23,40.66,Completed
ORD011914,2025-11-03,CUST01155,PROD0114,B001,2,2749.07,0.05,2611.62,2086.33,525.29,Completed
ORD011915,2025-04-11,CUST01175,PROD0088,B003,1,448.87,0.1,403.98,289.6,114.38,Completed
ORD011930,2025-10-28,CUST00632,PROD0023,B004,2,2546.11,0.1,2291.5,1573.84,717.66,Completed
ORD011931,2025-07-20,CUST02438,PROD0020,B002,3,2281.92,0.2,1825.53,1643.2,182.33,Completed
ORD011939,2025-01-16,CUST00818,PROD0103,B002,1,872.66,0.15,741.76,516.43,225.33,Completed
ORD011941,2025-01-07,CUST02176,PROD0119,B001,5,2992.91,0.1,2693.62,2171.55,522.07,Completed
ORD011945,2025-09-11,CUST02343,PROD0085,B002,4,172.21,0.05,163.6,136.46,27.14,Completed
ORD011946,2025-10-04,CUST02164,PROD0077,B005,3,912.07,0.15,775.26,738.16,37.1,Completed
ORD011947,2025-07-09,CUST01650,PROD0010,B003,5,9212.77,0.15,7830.86,5359.98,2470.88,Completed
ORD011957,2025-02-03,CUST01110,PROD0058,B005,3,938.27,0.25,703.7,523.75,179.95,Completed
ORD011959,2025-07-15,CUST01877,PROD0088,B004,4,1795.48,0.2,1436.39,1158.41,277.98,Completed
ORD011962,2025-06-02,CUST02328,PROD0045,B001,1,1004.75,0.1,904.27,716.56,187.71,Completed
ORD011964,2025-07-20,CUST01878,PROD0076,B002,3,899.93,0.0,899.93,720.15,179.78,Completed
ORD011965,2025-10-25,CUST00140,PROD0011,B001,4,3391.79,0.15,2883.02,2630.5,252.52,Completed
ORD011967,2025-12-27,CUST02278,PROD0069,B004,4,5060.14,0.1,4554.13,2745.75,1808.38,Completed
ORD011970,2025-03-06,CUST00379,PROD0083,B001,4,6616.75,0.1,5955.07,4485.91,1469.16,Completed
ORD011973,2025-05-17,CUST01543,PROD0016,B004,3,266.59,0.25,199.95,159.65,40.3,Completed
ORD011977,2025-08-22,CUST01255,PROD0012,B002,1,129.62,0.1,116.65,87.57,29.08,Completed
ORD011980,2025-03-17,CUST01953,PROD0040,B001,1,990.67,0.15,842.08,540.35,301.73,Completed
ORD011983,2025-02-25,CUST01990,PROD0087,B004,1,1181.06,0.1,1062.96,824.7,238.26,Completed
ORD011984,2025-09-24,CUST00669,PROD0062,B002,5,3647.66,0.1,3282.89,2893.61,389.28,Completed
ORD011985,2025-04-17,CUST02310,PROD0005,B002,3,3667.18,0.15,3117.1,2261.19,855.91,Completed
ORD011986,2025-08-31,CUST01830,PROD0016,B005,2,177.73,0.0,177.73,106.43,71.3,Completed
ORD011991,2025-09-25,CUST00575,PROD0020,B004,3,2281.92,0.1,2053.72,1643.2,410.52,Completed
ORD011994,2025-07-04,CUST00415,PROD0017,B004,1,869.59,0.2,695.68,631.98,63.7,Completed
ORD011995,2025-04-21,CUST01954,PROD0092,B002,5,522.22,0.25,391.66,333.18,58.48,Completed
ORD011996,2025-03-31,CUST00896,PROD0099,B001,4,3397.08,0.2,2717.66,2374.27,343.39,Completed
ORD011998,2025-05-14,CUST01001,PROD0106,B002,1,718.58,0.15,610.79,431.22,179.57,Completed
ORD012006,2025-11-23,CUST00868,PROD0105,B004,4,1686.95,0.0,1686.95,1243.18,443.77,Completed
ORD012013,2025-07-26,CUST02088,PROD0072,B004,3,1395.47,0.0,1395.47,979.86,415.61,Completed
ORD012016,2025-02-10,CUST00709,PROD0048,B001,3,2665.1,0.2,2132.08,1846.48,285.6,Completed
ORD012017,2025-03-03,CUST01875,PROD0115,B005,4,2986.19,0.2,2388.95,1842.61,546.34,Completed
ORD012021,2025-08-26,CUST01052,PROD0112,B002,5,4331.81,0.0,4331.81,3391.64,940.17,Completed
ORD012022,2025-09-07,CUST01636,PROD0108,B002,2,1819.76,0.0,1819.76,1046.85,772.91,Completed
ORD012024,2025-04-22,CUST00044,PROD0055,B004,1,464.74,0.1,418.27,263.54,154.73,Completed
ORD012028,2025-12-06,CUST00573,PROD0114,B002,2,2749.07,0.25,2061.8,2086.33,-24.53,Completed
ORD012031,2025-09-02,CUST02478,PROD0086,B001,4,2111.47,0.2,1689.18,1602.97,86.21,Completed
ORD012032,2025-06-27,CUST01540,PROD0042,B005,3,4360.58,0.0,4360.58,3193.16,1167.42,Completed
ORD012036,2025-07-28,CUST01372,PROD0054,B001,2,2255.35,0.2,1804.28,1524.07,280.21,Completed
ORD012043,2025-07-14,CUST00582,PROD0119,B001,4,2394.33,0.1,2154.89,1737.24,417.65,Completed
ORD012044,2025-01-20,CUST02205,PROD0042,B004,1,1453.53,0.0,1453.53,1064.39,389.14,Completed
ORD012046,2025-09-14,CUST00553,PROD0005,B004,5,3413.17,0.05,3242.51,3768.65,-526.14,Completed
ORD012047,2025-11-30,CUST00041,PROD0057,B001,4,4020.4,0.2,3216.32,2595.81,620.51,Completed
ORD012048,2025-06-23,CUST01580,PROD0088,B004,3,1346.61,0.05,1279.28,868.81,410.47,Completed
ORD012049,2025-01-04,CUST00100,PROD0032,B004,1,736.43,0.2,589.15,405.3,183.85,Completed
ORD012051,2025-09-01,CUST01761,PROD0056,B001,5,7058.6,0.1,6352.74,5288.22,1064.52,Completed
ORD012058,2025-03-09,CUST00149,PROD0106,B002,1,718.58,0.0,718.58,431.22,287.36,Completed
ORD012061,2025-10-29,CUST01434,PROD0033,B004,1,600.34,0.2,480.27,383.24,97.03,Completed
ORD012064,2025-04-04,CUST01026,PROD0040,B003,4,3962.7,0.1,3566.43,2161.41,1405.02,Completed
ORD012065,2025-01-21,CUST01525,PROD0047,B004,3,930.59,0.15,791.0,538.95,252.05,Completed
ORD012066,2025-07-03,CUST01666,PROD0085,B005,2,86.1,0.1,77.49,68.23,9.26,Completed
ORD012067,2025-12-11,CUST02245,PROD0062,B005,2,1459.06,0.15,1240.2,1157.44,82.76,Completed
ORD012071,2025-05-09,CUST00706,PROD0100,B001,5,4054.94,0.05,3852.2,3166.4,685.8,Completed
ORD012081,2025-01-20,CUST01376,PROD0072,B001,5,2325.79,0.2,1860.63,1633.1,227.53,Completed
ORD012083,2025-03-18,CUST00226,PROD0049,B002,1,1332.72,0.15,1132.81,771.08,361.73,Completed
ORD012085,2025-12-12,CUST00025,PROD0119,B001,5,2992.91,0.15,2543.97,2171.55,372.42,Completed
ORD012088,2025-01-08,CUST00472,PROD0018,B003,3,5163.92,0.25,3872.94,3215.72,657.22,Completed
ORD012092,2025-04-19,CUST02469,PROD0059,B004,2,1950.0,0.15,1657.5,1233.42,424.08,Completed
ORD012094,2025-08-21,CUST00319,PROD0008,B004,2,531.11,0.05,504.55,437.82,66.73,Completed
ORD012110,2025-07-27,CUST00944,PROD0005,B003,4,4889.58,0.1,4400.62,3014.92,1385.7,Completed
ORD012115,2025-09-05,CUST00903,PROD0016,B001,1,88.86,0.0,88.86,53.22,35.64,Completed
ORD012116,2025-03-03,CUST02260,PROD0080,B001,4,1626.4,0.1,1463.76,1127.99,335.77,Completed
ORD012120,2025-12-16,CUST00108,PROD0087,B003,2,2362.13,0.05,2244.02,1649.39,594.63,Completed
ORD012125,2025-06-05,CUST01581,PROD0007,B001,4,190.83,0.0,190.83,143.01,47.82,Completed
ORD012131,2025-01-12,CUST00132,PROD0090,B001,4,1279.51,0.05,1215.54,800.72,414.82,Completed
ORD012136,2025-12-29,CUST00948,PROD0089,B002,3,1030.0,0.05,978.5,676.76,301.74,Completed
ORD012137,2025-09-28,CUST00607,PROD0016,B001,5,444.32,0.1,399.89,266.08,133.81,Completed
ORD012142,2025-12-28,CUST00553,PROD0114,B004,1,1374.54,0.2,1099.63,1043.17,56.46,Completed
ORD012145,2025-03-22,CUST02232,PROD0049,B002,3,3998.17,0.1,3598.35,2313.24,1285.11,Completed
ORD012146,2025-11-18,CUST02350,PROD0104,B004,5,8012.27,0.1,7211.04,5297.84,1913.2,Completed
ORD012149,2025-09-24,CUST00663,PROD0062,B001,3,2188.59,0.25,1641.45,1736.16,-94.71,Completed
ORD012150,2025-05-31,CUST02224,PROD0006,B002,3,2008.39,0.1,1807.56,1457.71,349.85,Completed
ORD012156,2025-12-17,CUST01828,PROD0109,B003,3,4067.6,0.05,3864.22,2925.33,938.89,Completed
ORD012161,2025-12-19,CUST01970,PROD0025,B003,4,3960.18,0.05,3762.17,2362.87,1399.3,Completed
ORD012162,2025-11-05,CUST00388,PROD0069,B002,5,6325.17,0.1,5692.66,3432.19,2260.47,Completed
ORD012164,2025-05-18,CUST00739,PROD0049,B005,5,6663.61,0.0,6663.61,3855.39,2808.22,Completed
ORD012166,2025-12-30,CUST01666,PROD0003,B001,3,749.43,0.0,749.43,803.19,-53.76,Completed
ORD012168,2025-04-08,CUST01089,PROD0016,B002,3,266.59,0.15,226.61,159.65,66.96,Completed
ORD012170,2025-01-06,CUST00548,PROD0027,B002,2,1368.76,0.15,1163.44,991.49,171.95,Completed
ORD012175,2025-10-30,CUST01825,PROD0105,B001,2,843.47,0.1,759.12,621.59,137.53,Completed
ORD012177,2025-04-28,CUST01865,PROD0098,B003,3,2998.18,0.05,2848.27,1676.49,1171.78,Completed
ORD012186,2025-11-10,CUST01632,PROD0079,B004,2,346.61,0.0,346.61,233.14,113.47,Completed
ORD012189,2025-06-06,CUST01981,PROD0006,B002,3,2008.39,0.1,1807.56,1457.71,349.85,Completed
ORD012196,2025-06-09,CUST00063,PROD0117,B004,5,3861.32,0.15,3282.12,2380.62,901.5,Completed
ORD012201,2025-12-21,CUST00581,PROD0102,B003,4,3085.61,0.15,2622.76,1779.46,843.3,Completed
ORD012202,2025-11-15,CUST01028,PROD0046,B003,2,341.68,0.1,307.52,337.11,-29.59,Completed
ORD012203,2025-10-19,CUST01410,PROD0062,B001,5,3647.66,0.15,3100.5,2893.61,206.89,Completed
ORD012205,2025-09-12,CUST01928,PROD0003,B001,5,1888.96,0.1,1700.06,1338.64,361.42,Completed
ORD012218,2025-06-29,CUST01552,PROD0019,B002,4,3554.78,0.1,3199.3,2216.76,982.54,Completed
ORD012225,2025-03-21,CUST01072,PROD0035,B002,3,1741.24,0.0,1741.24,1306.85,434.39,Completed
ORD012228,2025-09-20,CUST01185,PROD0104,B003,4,6409.81,0.25,4807.36,4238.27,569.09,Completed
ORD012230,2025-12-11,CUST01009,PROD0029,B002,5,2290.03,0.25,1717.52,1329.25,388.27,Completed
ORD012231,2025-11-21,CUST00929,PROD0007,B003,1,47.71,0.05,45.32,35.75,9.57,Completed
ORD012232,2025-09-09,CUST01608,PROD0026,B005,5,1967.53,0.1,1770.78,1421.48,349.3,Completed
ORD012233,2025-03-22,CUST01619,PROD0048,B004,4,3553.47,0.0,3553.47,2461.98,1091.49,Completed
ORD012239,2025-01-24,CUST01839,PROD0119,B003,2,1197.16,0.05,1137.31,868.62,268.69,Completed
ORD012240,2025-10-16,CUST01059,PROD0027,B004,4,2737.51,0.05,2600.64,1982.98,617.66,Completed
ORD012247,2025-08-20,CUST02060,PROD0049,B003,5,6663.61,0.1,5997.25,3855.39,2141.86,Completed
ORD012258,2025-01-16,CUST01221,PROD0006,B001,3,2008.39,0.05,1907.97,1457.71,450.26,Completed
ORD012260,2025-07-28,CUST02048,PROD0004,B004,2,598.35,0.1,538.52,382.21,156.31,Completed
ORD012261,2025-06-25,CUST01417,PROD0101,B002,1,646.39,0.1,581.75,460.5,121.25,Completed
ORD012269,2025-01-13,CUST00172,PROD0086,B002,3,1583.6,0.15,1346.06,1202.23,143.83,Completed
ORD012274,2025-11-23,CUST00542,PROD0041,B004,4,460.31,0.2,368.25,249.96,118.29,Completed
ORD012278,2025-08-19,CUST00226,PROD0117,B003,4,3089.06,0.15,2625.7,1904.49,721.21,Completed
ORD012280,2025-01-22,CUST00019,PROD0111,B001,1,1834.82,0.25,1376.11,1107.06,269.05,Completed
ORD012282,2025-01-29,CUST00755,PROD0101,B002,1,646.39,0.0,646.39,460.5,185.89,Completed
ORD012286,2025-10-15,CUST00561,PROD0117,B001,4,3089.06,0.1,2780.15,1904.49,875.66,Completed
ORD012288,2025-11-29,CUST01893,PROD0116,B005,2,524.35,0.0,524.35,430.18,94.17,Completed
ORD012291,2025-04-25,CUST00390,PROD0052,B004,5,3303.42,0.05,3138.24,2266.75,871.49,Completed
ORD012292,2025-07-23,CUST01034,PROD0095,B003,4,1420.55,0.1,1278.49,1071.54,206.95,Completed
ORD012293,2025-12-07,CUST01807,PROD0098,B001,2,1998.78,0.0,1998.78,1117.66,881.12,Completed
ORD012295,2025-05-29,CUST02500,PROD0051,B002,1,896.09,0.25,672.07,594.05,78.02,Completed
ORD012296,2025-12-07,CUST01309,PROD0117,B002,1,772.26,0.0,772.26,476.12,296.14,Completed
ORD012299,2025-10-03,CUST00692,PROD0082,B003,5,10472.63,0.0,10472.63,5668.32,4804.31,Completed
ORD012304,2025-05-01,CUST01573,PROD0061,B001,4,1792.8,0.1,1613.52,1260.1,353.42,Completed
ORD012309,2025-12-29,CUST01911,PROD0110,B002,2,1593.43,0.2,1274.74,926.38,348.36,Completed
ORD012312,2025-09-07,CUST02048,PROD0112,B001,1,866.36,0.15,736.41,678.33,58.08,Completed
ORD012318,2025-03-08,CUST01237,PROD0099,B004,3,2547.81,0.0,2547.81,1780.7,767.11,Completed
ORD012323,2025-10-06,CUST01512,PROD0038,B002,2,119.86,0.1,107.88,81.42,26.46,Completed
ORD012325,2025-02-05,CUST02091,PROD0004,B004,5,1495.87,0.0,1495.87,955.52,540.35,Completed
ORD012330,2025-04-30,CUST02017,PROD0097,B001,1,1761.17,0.0,1761.17,1084.62,676.55,Completed
ORD012333,2025-06-12,CUST01507,PROD0100,B005,4,3243.95,0.0,3243.95,2533.12,710.83,Completed
ORD012339,2025-07-11,CUST00127,PROD0043,B001,1,291.4,0.0,291.4,178.65,112.75,Completed
ORD012343,2025-06-19,CUST00627,PROD0101,B004,2,1292.78,0.2,1034.22,921.0,113.22,Completed
ORD012345,2025-09-07,CUST00773,PROD0059,B001,2,1950.0,0.1,1755.0,1233.42,521.58,Completed
ORD012347,2025-03-22,CUST00006,PROD0044,B001,1,1093.95,0.05,1039.25,607.41,431.84,Completed
ORD012348,2025-06-14,CUST02460,PROD0105,B001,1,421.74,0.0,421.74,310.8,110.94,Completed
ORD012354,2025-04-11,CUST01363,PROD0078,B005,5,4659.77,0.15,3960.81,2869.89,1090.92,Completed
ORD012355,2025-04-18,CUST01720,PROD0050,B001,1,1099.14,0.05,1044.18,634.27,409.91,Completed
ORD012357,2025-04-04,CUST00022,PROD0003,B004,2,755.58,0.2,604.47,535.46,69.01,Completed
ORD012358,2025-11-10,CUST01432,PROD0038,B001,4,239.73,0.1,215.76,162.84,52.92,Completed
ORD012361,2025-04-09,CUST01534,PROD0071,B005,5,1774.65,0.05,1685.91,1867.86,-181.95,Completed
ORD012362,2025-09-13,CUST00674,PROD0104,B004,3,4807.36,0.15,4086.26,3178.71,907.55,Completed
ORD012366,2025-06-01,CUST01139,PROD0100,B003,5,4054.94,0.05,3852.2,3166.4,685.8,Completed
ORD012371,2025-05-30,CUST02417,PROD0005,B005,3,3667.18,0.0,3667.18,2261.19,1405.99,Completed
ORD012374,2025-08-04,CUST01215,PROD0031,B004,5,3335.17,0.15,2834.9,2737.47,97.43,Completed
ORD012388,2025-08-09,CUST01523,PROD0055,B003,5,2323.71,0.15,1975.15,1317.7,657.45,Completed
ORD012393,2025-08-05,CUST01438,PROD0110,B002,3,2390.14,0.1,2151.13,1389.57,761.56,Completed
ORD012395,2025-03-13,CUST01274,PROD0080,B001,5,2033.0,0.05,1931.35,1409.99,521.36,Completed
ORD012397,2025-04-01,CUST00118,PROD0070,B004,2,401.05,0.0,401.05,275.18,125.87,Completed
ORD012399,2025-05-08,CUST00858,PROD0037,B004,5,2898.37,0.05,2753.45,2412.79,340.66,Completed
ORD012401,2025-06-09,CUST01367,PROD0029,B002,3,1374.02,0.15,1167.91,797.55,370.36,Completed
ORD012404,2025-03-23,CUST01059,PROD0104,B002,1,1602.45,0.0,1602.45,1059.57,542.88,Completed
ORD012406,2025-02-18,CUST00209,PROD0075,B004,4,5655.6,0.15,4807.26,4369.82,437.44,Completed
ORD012415,2025-10-09,CUST02235,PROD0109,B002,3,4067.6,0.1,3660.84,2925.33,735.51,Completed
ORD012417,2025-04-30,CUST00030,PROD0045,B005,3,3014.25,0.0,3014.25,2149.67,864.58,Completed
ORD012422,2025-03-26,CUST02197,PROD0045,B005,5,5023.75,0.0,5023.75,3582.79,1440.96,Completed
ORD012433,2025-09-04,CUST02433,PROD0063,B005,5,663.4,0.05,630.23,502.33,127.9,Completed
ORD012436,2025-12-12,CUST02163,PROD0043,B005,5,1456.99,0.15,1238.44,893.23,345.21,Completed
ORD012440,2025-09-03,CUST01765,PROD0016,B002,1,88.86,0.15,75.54,53.22,22.32,Completed
ORD012443,2025-12-30,CUST01891,PROD0043,B005,5,1456.99,0.05,1384.14,893.23,490.91,Completed
ORD012446,2025-12-23,CUST00057,PROD0107,B005,4,7112.81,0.1,6401.52,4350.68,2050.84,Completed
ORD012449,2025-08-26,CUST00189,PROD0010,B002,1,1842.55,0.0,1842.55,1072.0,770.55,Completed
ORD012451,2025-04-26,CUST02340,PROD0053,B005,2,1111.68,0.0,1111.68,723.21,388.47,Completed
ORD012454,2025-06-29,CUST02416,PROD0035,B004,5,2902.06,0.25,2176.55,2178.08,-1.53,Completed
ORD012458,2025-06-02,CUST02478,PROD0091,B001,3,1241.02,0.15,1054.87,945.87,109.0,Completed
ORD012459,2025-01-18,CUST00281,PROD0069,B001,5,6325.17,0.05,6008.92,3432.19,2576.73,Completed
ORD012460,2025-06-17,CUST01205,PROD0027,B003,3,2053.13,0.05,1950.48,1487.24,463.24,Completed
ORD012462,2025-11-12,CUST02431,PROD0048,B001,1,888.37,0.15,755.11,615.49,139.62,Completed
ORD012465,2025-06-15,CUST02260,PROD0003,B005,4,1511.16,0.0,1511.16,1070.91,440.25,Completed
ORD012469,2025-04-12,CUST00533,PROD0119,B003,3,1795.75,0.05,1705.96,1302.93,403.03,Completed
ORD012478,2025-07-13,CUST02274,PROD0042,B003,2,2907.05,0.2,2325.64,2128.77,196.87,Completed
ORD012479,2025-01-31,CUST01108,PROD0074,B003,3,1958.53,0.05,1860.61,1514.51,346.1,Completed
ORD012482,2025-04-08,CUST00102,PROD0085,B001,4,172.21,0.1,154.99,136.46,18.53,Completed
ORD012483,2025-11-12,CUST02390,PROD0057,B003,3,3015.3,0.05,2864.53,1946.86,917.67,Completed
ORD012485,2025-02-03,CUST01320,PROD0021,B001,3,2535.48,0.05,2408.71,1540.73,867.98,Completed
ORD012486,2025-10-22,CUST00209,PROD0087,B003,5,5905.32,0.15,5019.53,4123.48,896.05,Completed
ORD012491,2025-04-21,CUST00903,PROD0112,B005,3,2599.09,0.0,2599.09,2034.98,564.11,Completed
ORD012493,2025-01-25,CUST02062,PROD0098,B005,3,2998.18,0.1,2698.36,1676.49,1021.87,Completed
ORD012494,2025-10-07,CUST01348,PROD0086,B002,5,2639.34,0.2,2111.47,2003.71,107.76,Completed
ORD012500,2025-10-27,CUST01674,PROD0076,B001,4,1199.9,0.1,1079.91,960.2,119.71,Completed
ORD012501,2025-12-01,CUST00343,PROD0061,B001,3,1344.6,0.15,1142.91,945.07,197.84,Completed
ORD012502,2025-10-05,CUST01494,PROD0037,B002,1,579.67,0.0,579.67,482.56,97.11,Completed
ORD012503,2025-07-17,CUST01511,PROD0048,B004,4,3553.47,0.15,3020.45,2461.98,558.47,Completed
ORD012506,2025-03-12,CUST00862,PROD0058,B005,5,1563.78,0.1,1407.41,872.91,534.5,Completed
ORD012510,2025-09-09,CUST01632,PROD0110,B001,3,2390.14,0.15,2031.62,1389.57,642.05,Completed
ORD012511,2025-12-08,CUST01364,PROD0056,B004,4,5646.88,0.0,5646.88,4230.57,1416.31,Completed
ORD012514,2025-03-04,CUST00985,PROD0066,B002,3,4194.64,0.15,3565.45,3013.47,551.98,Completed
ORD012521,2025-12-22,CUST01430,PROD0077,B004,5,1520.11,0.25,1140.08,1230.26,-90.18,Completed
ORD012526,2025-01-18,CUST00374,PROD0120,B001,2,1138.33,0.15,967.58,733.89,233.69,Completed
ORD012528,2025-08-29,CUST00376,PROD0071,B001,1,479.79,0.05,455.79,373.57,82.22,Completed
ORD012532,2025-03-12,CUST01791,PROD0068,B003,4,4099.74,0.2,3279.79,3293.45,-13.66,Completed
ORD012533,2025-03-28,CUST00487,PROD0045,B003,3,3014.25,0.1,2712.82,2149.67,563.15,Completed
ORD012537,2025-12-14,CUST00234,PROD0016,B002,4,355.46,0.05,337.68,212.86,124.82,Completed
ORD012543,2025-12-28,CUST00485,PROD0092,B003,3,313.33,0.15,266.33,199.91,66.42,Completed
ORD012544,2025-10-28,CUST00655,PROD0022,B002,5,6321.69,0.0,6321.69,4567.91,1753.78,Completed
ORD012550,2025-10-27,CUST00407,PROD0078,B002,2,1863.91,0.05,1770.71,1147.95,622.76,Completed
ORD012560,2025-10-28,CUST02186,PROD0089,B005,3,565.73,0.1,509.16,676.76,-167.6,Completed
ORD012565,2025-02-27,CUST02291,PROD0035,B002,3,1741.24,0.05,1654.18,1306.85,347.33,Completed
ORD012567,2025-07-08,CUST01432,PROD0097,B004,5,8805.85,0.2,7044.68,5423.08,1621.6,Completed
ORD012571,2025-04-02,CUST01650,PROD0058,B002,2,625.51,0.0,625.51,349.16,276.35,Completed
ORD012581,2025-04-11,CUST02297,PROD0113,B004,4,5016.73,0.05,4765.9,3627.81,1138.09,Completed
ORD012584,2025-08-06,CUST02470,PROD0073,B001,3,548.4,0.0,548.4,359.92,188.48,Completed
ORD012585,2025-09-12,CUST00598,PROD0022,B004,1,1264.34,0.25,948.25,913.58,34.67,Completed
ORD012595,2025-12-25,CUST00305,PROD0003,B005,3,1133.37,0.1,1020.04,803.19,216.85,Completed
ORD012598,2025-10-23,CUST01120,PROD0030,B001,3,3058.15,0.15,2599.43,2440.78,158.65,Completed
ORD012600,2025-06-27,CUST02344,PROD0113,B003,1,1254.18,0.2,1003.35,906.95,96.4,Completed
ORD012605,2025-11-11,CUST02398,PROD0028,B005,4,2920.77,0.2,2336.61,1834.06,502.55,Completed
ORD012611,2025-09-06,CUST01986,PROD0003,B002,1,377.79,0.2,302.23,267.73,34.5,Completed
ORD012616,2025-12-14,CUST02279,PROD0057,B001,4,4020.4,0.0,4020.4,2595.81,1424.59,Completed
ORD012618,2025-11-18,CUST01551,PROD0102,B001,5,3857.01,0.1,3471.31,2224.33,1246.98,Completed
ORD012620,2025-12-03,CUST01605,PROD0097,B002,3,5283.51,0.2,4226.81,3253.85,972.96,Completed
ORD012624,2025-08-31,CUST01655,PROD0084,B001,5,2591.35,0.1,2332.21,1913.12,419.09,Completed
ORD012626,2025-09-24,CUST02142,PROD0016,B004,1,88.86,0.2,71.09,53.22,17.87,Completed
ORD012628,2025-11-19,CUST00084,PROD0110,B001,5,3983.57,0.1,3585.21,2315.96,1269.25,Completed
ORD012633,2025-10-30,CUST00288,PROD0054,B003,1,1127.68,0.25,845.76,762.03,83.73,Completed
ORD012638,2025-04-17,CUST01882,PROD0106,B003,1,718.58,0.05,682.65,431.22,251.43,Completed
ORD012639,2025-08-23,CUST01543,PROD0077,B003,4,1216.09,0.15,1033.68,984.21,49.47,Completed
ORD012640,2025-08-04,CUST02226,PROD0018,B001,1,1721.31,0.0,1721.31,1071.91,649.4,Completed
ORD012642,2025-01-09,CUST02318,PROD0055,B003,2,929.48,0.1,836.54,527.08,309.46,Completed
ORD012648,2025-11-23,CUST00622,PROD0078,B002,4,3727.82,0.15,3168.64,2295.91,872.73,Completed
ORD012649,2025-12-24,CUST00486,PROD0069,B005,2,2530.07,0.15,2150.56,1372.88,777.68,Completed
ORD012651,2025-02-01,CUST01669,PROD0016,B005,4,355.46,0.0,355.46,212.86,142.6,Completed
ORD012662,2025-01-13,CUST00943,PROD0087,B002,2,2362.13,0.15,2007.81,1649.39,358.42,Completed
ORD012668,2025-05-16,CUST02451,PROD0027,B001,4,2737.51,0.15,2326.89,1982.98,343.91,Completed
ORD012670,2025-11-01,CUST00929,PROD0051,B002,4,3584.37,0.0,3584.37,2376.21,1208.16,Completed
ORD012685,2025-03-17,CUST00192,PROD0070,B002,4,802.1,0.1,721.89,550.37,171.52,Completed
ORD012687,2025-05-09,CUST00527,PROD0017,B002,4,3478.37,0.0,3478.37,2527.92,950.45,Completed
ORD012691,2025-09-03,CUST00333,PROD0043,B004,5,1456.99,0.1,1311.29,893.23,418.06,Completed
ORD012693,2025-07-22,CUST00353,PROD0083,B001,4,6616.75,0.1,5955.07,4485.91,1469.16,Completed
ORD012701,2025-09-24,CUST01035,PROD0085,B002,3,129.15,0.15,109.78,102.34,7.44,Completed
ORD012707,2025-09-24,CUST01244,PROD0090,B002,2,639.76,0.0,639.76,400.36,239.4,Completed
ORD012708,2025-06-23,CUST00599,PROD0091,B001,5,2068.37,0.1,1861.54,1576.45,285.09,Completed
ORD012716,2025-01-02,CUST01918,PROD0057,B002,2,2010.2,0.1,1809.18,1297.91,511.27,Completed
ORD012719,2025-07-07,CUST02034,PROD0103,B005,3,2617.97,0.0,2617.97,1549.3,1068.67,Completed
ORD012721,2025-03-21,CUST01875,PROD0080,B004,4,1626.4,0.05,1545.08,1127.99,417.09,Completed
ORD012729,2025-04-09,CUST01830,PROD0049,B004,5,6663.61,0.0,6663.61,3855.39,2808.22,Completed
ORD012730,2025-06-05,CUST00341,PROD0021,B003,5,4225.8,0.15,3591.93,2567.89,1024.04,Completed
ORD012731,2025-11-01,CUST01297,PROD0076,B003,3,899.93,0.05,854.93,720.15,134.78,Completed
ORD012740,2025-09-10,CUST00507,PROD0042,B002,5,7267.64,0.15,6177.49,5321.93,855.56,Completed
ORD012742,2025-09-01,CUST02375,PROD0038,B004,4,239.73,0.25,179.79,162.84,16.95,Completed
ORD012744,2025-11-07,CUST01513,PROD0048,B002,3,2665.1,0.05,2531.85,1846.48,685.37,Completed
ORD012745,2025-12-02,CUST02087,PROD0014,B001,2,2761.75,0.0,2761.75,1581.2,1180.55,Completed
ORD012748,2025-01-11,CUST02447,PROD0060,B001,3,268.58,0.1,241.72,176.33,65.39,Completed
ORD012760,2025-11-26,CUST01095,PROD0015,B004,5,7105.34,0.2,5684.27,4418.64,1265.63,Completed
ORD012761,2025-05-22,CUST02378,PROD0069,B002,4,5060.14,0.0,5060.14,2745.75,2314.39,Completed
ORD012764,2025-04-03,CUST00421,PROD0071,B004,3,1439.36,0.2,1151.49,1120.72,30.77,Completed
ORD012769,2025-05-04,CUST00194,PROD0056,B003,5,7058.6,0.05,6705.66,5288.22,1417.44,Completed
ORD012771,2025-05-23,CUST01738,PROD0081,B001,2,266.21,0.15,226.28,198.21,28.07,Completed
ORD012773,2025-12-03,CUST00658,PROD0117,B004,3,2316.79,0.1,2085.12,1428.37,656.75,Completed
ORD012775,2025-04-06,CUST02445,PROD0043,B002,5,1456.99,0.05,1384.14,893.23,490.91,Completed
ORD012781,2025-09-16,CUST02297,PROD0012,B004,1,129.62,0.15,110.17,87.57,22.6,Completed
ORD012784,2025-10-16,CUST01672,PROD0103,B002,2,1745.31,0.1,1570.78,1032.87,537.91,Completed
ORD012787,2025-09-12,CUST01336,PROD0048,B001,3,2665.1,0.0,2665.1,1846.48,818.62,Completed
ORD012790,2025-06-27,CUST00061,PROD0034,B001,2,2154.89,0.1,1939.4,1433.18,506.22,Completed
ORD012795,2025-05-14,CUST02435,PROD0113,B003,4,5016.73,0.1,4515.06,3627.81,887.25,Completed
ORD012796,2025-12-12,CUST01050,PROD0070,B002,2,401.05,0.05,381.0,275.18,105.82,Completed
ORD012797,2025-06-16,CUST01873,PROD0002,B001,1,680.14,0.1,612.12,411.26,200.86,Completed
ORD012798,2025-11-15,CUST00205,PROD0012,B004,4,518.47,0.15,440.7,350.3,90.4,Completed
ORD012799,2025-03-14,CUST00310,PROD0026,B001,2,787.01,0.1,708.31,568.59,139.72,Completed
ORD012804,2025-08-09,CUST00359,PROD0084,B003,3,1554.81,0.05,1477.07,1147.87,329.2,Completed
ORD012808,2025-12-05,CUST01302,PROD0024,B005,4,5128.14,0.15,4358.92,2812.38,1546.54,Completed
ORD012810,2025-07-18,CUST00918,PROD0116,B002,2,524.35,0.25,393.26,430.18,-36.92,Completed
ORD012813,2025-11-09,CUST00232,PROD0105,B002,4,1686.95,0.15,1433.91,1243.18,190.73,Completed
ORD012819,2025-08-30,CUST00874,PROD0034,B002,3,3232.34,0.05,3070.72,2149.77,920.95,Completed
ORD012825,2025-10-31,CUST01179,PROD0017,B003,2,1739.19,0.15,1478.31,1263.96,214.35,Completed
ORD012830,2025-07-31,CUST01647,PROD0078,B002,3,2795.86,0.2,2236.69,1721.93,514.76,Completed
ORD012834,2025-04-11,CUST02314,PROD0007,B002,5,238.54,0.2,190.83,178.76,12.07,Completed
ORD012838,2025-02-05,CUST02375,PROD0094,B001,3,585.84,0.05,556.55,351.05,205.5,Completed
ORD012842,2025-07-12,CUST02044,PROD0092,B003,4,417.78,0.2,334.22,266.55,67.67,Completed
ORD012847,2025-11-10,CUST00584,PROD0042,B005,2,2907.05,0.15,2471.0,2128.77,342.23,Completed
ORD012848,2025-11-21,CUST02205,PROD0040,B005,2,1981.35,0.0,1981.35,1080.7,900.65,Completed
ORD012850,2025-02-18,CUST00865,PROD0105,B002,3,1265.21,0.25,948.91,932.39,16.52,Completed
ORD012853,2025-09-02,CUST01340,PROD0118,B001,2,579.77,0.0,579.77,388.34,191.43,Completed
ORD012862,2025-08-24,CUST01353,PROD0095,B002,3,1065.41,0.15,905.6,803.65,101.95,Completed
ORD012863,2025-09-30,CUST01415,PROD0058,B005,2,625.51,0.05,594.24,349.16,245.08,Completed
ORD012864,2025-07-27,CUST00941,PROD0065,B004,1,1351.33,0.0,1351.33,1011.22,340.11,Completed
ORD012871,2025-06-29,CUST02374,PROD0114,B004,1,1374.54,0.15,1168.36,1043.17,125.19,Completed
ORD012873,2025-08-24,CUST01487,PROD0046,B001,2,446.67,0.1,402.0,337.11,64.89,Completed
ORD012875,2025-06-16,CUST01575,PROD0025,B004,5,4950.22,0.1,4455.2,2953.59,1501.61,Completed
ORD012878,2025-03-26,CUST02479,PROD0064,B001,5,4626.14,0.05,4394.83,3516.44,878.39,Completed
ORD012882,2025-06-17,CUST02194,PROD0031,B003,1,667.03,0.1,600.33,547.49,52.84,Completed
ORD012883,2025-11-19,CUST02362,PROD0068,B004,3,3074.8,0.1,2767.32,2470.09,297.23,Completed
ORD012884,2025-05-01,CUST00048,PROD0017,B005,2,1739.19,0.1,1565.27,1263.96,301.31,Completed
ORD012887,2025-06-14,CUST01688,PROD0025,B005,2,1980.09,0.1,1782.08,1181.43,600.65,Completed
ORD012897,2025-07-17,CUST00652,PROD0052,B001,1,660.68,0.1,594.61,453.35,141.26,Completed
ORD012904,2025-02-23,CUST01572,PROD0079,B003,3,519.91,0.2,415.93,349.71,66.22,Completed
ORD012906,2025-11-17,CUST00809,PROD0007,B001,1,47.71,0.0,47.71,35.75,11.96,Completed
ORD012914,2025-06-13,CUST02050,PROD0047,B001,3,930.59,0.1,837.53,538.95,298.58,Completed
ORD012915,2025-07-08,CUST00937,PROD0046,B005,3,670.01,0.05,636.5,505.66,130.84,Completed
ORD012918,2025-08-19,CUST00204,PROD0056,B005,1,1411.72,0.05,1341.13,1057.64,283.49,Completed
ORD012921,2025-05-19,CUST00444,PROD0097,B004,3,5283.51,0.1,4755.16,3253.85,1501.31,Completed
ORD012922,2025-03-05,CUST01689,PROD0058,B002,5,1563.78,0.0,1563.78,872.91,690.87,Completed
ORD012929,2025-09-26,CUST02426,PROD0107,B001,2,3556.4,0.0,3556.4,2175.34,1381.06,Completed
ORD012930,2025-07-12,CUST00105,PROD0032,B001,4,2945.74,0.05,2798.45,1621.2,1177.25,Completed
ORD012934,2025-02-04,CUST01972,PROD0087,B004,2,2362.13,0.0,2362.13,1649.39,712.74,Completed
ORD012937,2025-03-26,CUST02306,PROD0106,B002,2,1437.16,0.05,1365.3,862.44,502.86,Completed
ORD012940,2025-05-13,CUST01614,PROD0047,B005,1,310.2,0.05,294.68,179.65,115.03,Completed
ORD012944,2025-12-26,CUST02159,PROD0066,B001,5,6991.07,0.15,5942.41,5022.45,919.96,Completed
ORD012945,2025-03-07,CUST00705,PROD0082,B005,5,10472.63,0.0,10472.63,5668.32,4804.31,Completed
ORD012947,2025-11-09,CUST01542,PROD0036,B005,3,850.08,0.2,680.07,459.65,220.42,Completed
ORD012948,2025-03-04,CUST02176,PROD0008,B002,3,796.66,0.25,597.5,656.72,-59.22,Completed
ORD012951,2025-04-26,CUST01423,PROD0106,B003,5,3592.9,0.1,3233.61,2156.1,1077.51,Completed
ORD012957,2025-05-07,CUST01080,PROD0098,B001,1,999.39,0.1,899.45,558.83,340.62,Completed
ORD012964,2025-07-29,CUST00555,PROD0089,B004,5,1716.67,0.15,1459.17,1127.94,331.23,Completed
ORD012965,2025-09-23,CUST02322,PROD0091,B005,5,2068.37,0.0,2068.37,1576.45,491.92,Completed
ORD012967,2025-04-22,CUST01265,PROD0090,B004,4,1279.51,0.0,1279.51,800.72,478.79,Completed
ORD012968,2025-05-18,CUST00257,PROD0007,B002,4,190.83,0.1,171.75,143.01,28.74,Completed
ORD012971,2025-11-02,CUST00400,PROD0051,B004,5,4480.46,0.05,4256.44,2970.26,1286.18,Completed
ORD012976,2025-08-29,CUST01720,PROD0081,B001,3,399.32,0.1,359.39,297.32,62.07,Completed
ORD012980,2025-07-28,CUST02130,PROD0005,B003,5,6111.97,0.05,5806.37,3768.65,2037.72,Completed
ORD012981,2025-02-04,CUST00194,PROD0019,B002,4,1883.45,0.1,1695.11,2216.76,-521.65,Completed
ORD012984,2025-05-04,CUST00155,PROD0016,B003,5,444.32,0.15,377.68,266.08,111.6,Completed
ORD012988,2025-07-19,CUST02122,PROD0009,B004,3,957.85,0.0,957.85,586.58,371.27,Completed
ORD012989,2025-10-18,CUST02048,PROD0028,B001,3,2190.58,0.15,1861.99,1375.54,486.45,Completed
ORD012990,2025-11-10,CUST00567,PROD0114,B002,5,6872.68,0.15,5841.78,5215.83,625.95,Completed
ORD012992,2025-01-03,CUST01652,PROD0008,B004,3,796.66,0.05,756.83,656.72,100.11,Completed
ORD012999,2025-10-28,CUST00985,PROD0073,B001,5,914.01,0.1,822.61,599.86,222.75,Completed
ORD013005,2025-05-16,CUST00157,PROD0033,B004,2,1200.68,0.2,960.54,766.49,194.05,Completed
ORD013013,2025-03-12,CUST01914,PROD0095,B001,3,1065.41,0.0,1065.41,803.65,261.76,Completed
ORD013015,2025-04-16,CUST00986,PROD0025,B001,2,1980.09,0.2,1584.07,1181.43,402.64,Completed
ORD013025,2025-04-02,CUST02182,PROD0112,B001,4,3465.45,0.1,3118.91,2713.31,405.6,Completed
ORD013027,2025-02-27,CUST01295,PROD0098,B005,5,4996.96,0.25,3747.72,2794.15,953.57,Completed
ORD013038,2025-04-27,CUST01251,PROD0086,B004,2,1055.73,0.2,844.59,801.48,43.11,Completed
ORD013046,2025-04-16,CUST01871,PROD0032,B004,4,2945.74,0.1,2651.16,1621.2,1029.96,Completed
ORD013053,2025-11-19,CUST00665,PROD0094,B004,5,976.4,0.1,878.76,585.09,293.67,Completed
ORD013055,2025-07-14,CUST01803,PROD0034,B001,4,4309.79,0.15,3663.32,2866.35,796.97,Completed
ORD013062,2025-05-10,CUST00704,PROD0033,B001,4,2401.36,0.1,2161.23,1532.97,628.26,Completed
ORD013064,2025-05-10,CUST01220,PROD0091,B001,4,1654.7,0.05,1571.96,1261.16,310.8,Completed
ORD013068,2025-08-28,CUST00213,PROD0001,B004,1,1939.39,0.05,1842.42,1063.18,779.24,Completed
ORD013073,2025-06-07,CUST02092,PROD0120,B001,4,2276.66,0.2,1821.33,1467.78,353.55,Completed
ORD013074,2025-03-11,CUST00711,PROD0001,B003,2,3878.79,0.15,3296.97,2126.36,1170.61,Completed
ORD013076,2025-10-18,CUST01353,PROD0064,B004,2,1850.46,0.0,1850.46,1406.57,443.89,Completed
ORD013077,2025-12-14,CUST00748,PROD0032,B003,1,736.43,0.15,625.97,405.3,220.67,Completed
ORD013082,2025-11-18,CUST00551,PROD0106,B003,3,2155.74,0.1,1940.17,1293.66,646.51,Completed
ORD013098,2025-09-28,CUST01054,PROD0106,B002,4,2874.32,0.1,2586.89,1724.88,862.01,Completed
ORD013102,2025-07-07,CUST01073,PROD0031,B001,3,2001.1,0.05,1901.05,1642.48,258.57,Completed
ORD013107,2025-11-14,CUST00426,PROD0065,B001,2,2702.67,0.15,2297.27,2022.43,274.84,Completed
ORD013108,2025-11-06,CUST02071,PROD0033,B003,3,1801.02,0.2,1440.82,1149.73,291.09,Completed
ORD013119,2025-06-16,CUST00453,PROD0079,B001,3,519.91,0.05,493.91,349.71,144.2,Completed
ORD013121,2025-07-18,CUST00794,PROD0024,B001,2,2564.07,0.2,2051.26,1406.19,645.07,Completed
ORD013130,2025-10-15,CUST00169,PROD0014,B002,1,1380.88,0.05,1311.83,790.6,521.23,Completed
ORD013132,2025-04-28,CUST02213,PROD0038,B001,3,179.79,0.0,179.79,122.13,57.66,Completed
ORD013136,2025-08-10,CUST01000,PROD0083,B001,3,4962.56,0.15,4218.18,3364.43,853.75,Completed
ORD013139,2025-07-08,CUST02237,PROD0106,B002,2,1437.16,0.1,1293.45,862.44,431.01,Completed
ORD013147,2025-02-18,CUST02319,PROD0080,B001,3,1219.8,0.0,1219.8,845.99,373.81,Completed
ORD013148,2025-08-27,CUST00648,PROD0034,B004,3,3232.34,0.0,3232.34,2149.77,1082.57,Completed
ORD013151,2025-01-22,CUST00286,PROD0056,B004,5,7058.6,0.25,5293.95,5288.22,5.73,Completed
ORD013152,2025-06-04,CUST01958,PROD0061,B002,3,1344.6,0.05,1277.37,945.07,332.3,Completed
ORD013157,2025-09-08,CUST01564,PROD0004,B005,1,299.17,0.15,254.3,191.1,63.2,Completed
ORD013170,2025-11-27,CUST02463,PROD0070,B004,1,200.52,0.0,200.52,137.59,62.93,Completed
ORD013172,2025-09-05,CUST01161,PROD0066,B002,2,2796.43,0.1,2516.79,2008.98,507.81,Completed
ORD013173,2025-03-26,CUST01137,PROD0115,B002,4,2986.19,0.0,2986.19,1842.61,1143.58,Completed
ORD013180,2025-07-08,CUST01426,PROD0108,B002,2,1819.76,0.25,1364.82,1046.85,317.97,Completed
ORD013181,2025-07-22,CUST02431,PROD0003,B001,2,755.58,0.1,680.02,535.46,144.56,Completed
ORD013184,2025-05-09,CUST00266,PROD0103,B001,4,3490.63,0.1,3141.57,2065.73,1075.84,Completed
ORD013191,2025-02-25,CUST01250,PROD0067,B003,4,3627.23,0.0,3627.23,1989.31,1637.92,Completed
ORD013193,2025-03-15,CUST01130,PROD0009,B001,2,638.57,0.0,638.57,391.05,247.52,Completed
ORD013204,2025-04-19,CUST00753,PROD0033,B002,5,3001.7,0.0,3001.7,1916.21,1085.49,Completed
ORD013209,2025-06-06,CUST01545,PROD0089,B002,5,1716.67,0.0,1716.67,1127.94,588.73,Completed
ORD013212,2025-06-27,CUST01327,PROD0040,B001,4,3962.7,0.1,3566.43,2161.41,1405.02,Completed
ORD013213,2025-11-28,CUST01366,PROD0109,B003,1,1355.87,0.15,1152.49,975.11,177.38,Completed
ORD013219,2025-10-05,CUST01058,PROD0096,B002,1,1776.92,0.15,1510.38,1034.47,475.91,Completed
ORD013220,2025-02-21,CUST00855,PROD0101,B005,3,1939.17,0.1,1745.25,1381.51,363.74,Completed
ORD013228,2025-12-03,CUST01711,PROD0095,B005,5,1775.68,0.1,1598.12,1339.42,258.7,Completed
ORD013230,2025-03-13,CUST02298,PROD0115,B001,1,746.55,0.05,709.22,460.65,248.57,Completed
ORD013236,2025-07-16,CUST00860,PROD0116,B001,1,262.17,0.1,235.95,215.09,20.86,Completed
ORD013244,2025-11-04,CUST01958,PROD0089,B004,2,686.67,0.25,515.0,451.18,63.82,Completed
ORD013250,2025-10-31,CUST00575,PROD0035,B001,3,1741.24,0.0,1741.24,1306.85,434.39,Completed
ORD013254,2025-05-04,CUST01445,PROD0107,B002,2,3556.4,0.2,2845.12,2175.34,669.78,Completed
ORD013274,2025-06-13,CUST02298,PROD0078,B004,3,2795.86,0.2,2236.69,1721.93,514.76,Completed
ORD013282,2025-08-14,CUST01777,PROD0040,B002,3,2972.02,0.1,2674.82,1621.06,1053.76,Completed
ORD013291,2025-04-11,CUST02204,PROD0112,B002,4,3465.45,0.05,3292.18,2713.31,578.87,Completed
ORD013303,2025-01-08,CUST01932,PROD0065,B003,4,5405.34,0.15,4594.54,4044.87,549.67,Completed
ORD013306,2025-06-17,CUST00064,PROD0102,B001,1,771.4,0.1,694.26,444.87,249.39,Completed
ORD013317,2025-01-14,CUST02141,PROD0079,B005,1,173.3,0.1,155.97,116.57,39.4,Completed
ORD013318,2025-02-14,CUST01938,PROD0001,B001,2,2119.28,0.2,1695.43,2126.36,-430.93,Completed
ORD013327,2025-12-13,CUST01675,PROD0118,B001,3,869.65,0.0,869.65,582.5,287.15,Completed
ORD013330,2025-08-05,CUST02230,PROD0023,B003,4,5092.22,0.1,4583.0,3147.68,1435.32,Completed
ORD013331,2025-09-03,CUST01415,PROD0069,B004,4,5060.14,0.0,5060.14,2745.75,2314.39,Completed
ORD013344,2025-02-02,CUST01920,PROD0076,B002,5,1499.88,0.25,1124.9,1200.24,-75.34,Completed
ORD013345,2025-07-31,CUST01773,PROD0115,B001,3,2239.64,0.1,2015.68,1381.96,633.72,Completed
ORD013350,2025-09-19,CUST01314,PROD0113,B001,2,2508.37,0.1,2257.53,1813.91,443.62,Completed
ORD013352,2025-02-20,CUST00964,PROD0062,B002,4,2918.12,0.05,2772.22,2314.89,457.33,Completed
ORD013360,2025-12-19,CUST00516,PROD0054,B001,5,5638.39,0.05,5356.47,3810.16,1546.31,Completed
ORD013367,2025-07-31,CUST00243,PROD0047,B003,2,620.39,0.1,558.36,359.3,199.06,Completed
ORD013369,2025-02-21,CUST01824,PROD0038,B002,4,239.73,0.2,191.78,162.84,28.94,Completed
ORD013370,2025-05-07,CUST00995,PROD0029,B003,4,1832.02,0.15,1557.22,1063.4,493.82,Completed
ORD013380,2025-07-02,CUST01829,PROD0100,B005,2,1621.98,0.0,1621.98,1266.56,355.42,Completed
ORD013387,2025-12-09,CUST00026,PROD0085,B001,4,172.21,0.05,163.6,136.46,27.14,Completed
ORD013396,2025-10-25,CUST01032,PROD0022,B003,5,6321.69,0.05,6005.6,4567.91,1437.69,Completed
ORD013400,2025-02-20,CUST02123,PROD0111,B002,1,1834.82,0.05,1743.08,1107.06,636.02,Completed
ORD013403,2025-04-24,CUST01497,PROD0082,B001,4,8378.11,0.0,8378.11,4534.66,3843.45,Completed
ORD013405,2025-07-29,CUST00704,PROD0119,B004,3,1795.75,0.15,1526.39,1302.93,223.46,Completed
ORD013408,2025-12-06,CUST00070,PROD0082,B001,3,6283.58,0.05,5969.4,3400.99,2568.41,Completed
ORD013410,2025-07-04,CUST01959,PROD0044,B004,4,4375.79,0.05,4157.0,2429.64,1727.36,Completed
ORD013411,2025-11-23,CUST01442,PROD0029,B001,4,1832.02,0.0,1832.02,1063.4,768.62,Completed
ORD013415,2025-11-26,CUST02428,PROD0052,B002,4,2642.73,0.15,2246.32,1813.4,432.92,Completed
ORD013419,2025-02-12,CUST02439,PROD0074,B005,2,1305.69,0.05,1240.4,1009.68,230.72,Completed
ORD013420,2025-01-30,CUST01343,PROD0070,B002,4,802.1,0.2,641.68,550.37,91.31,Completed
ORD013422,2025-09-26,CUST00535,PROD0041,B004,5,575.39,0.1,517.85,312.45,205.4,Completed
ORD013427,2025-07-25,CUST02169,PROD0071,B004,5,2398.93,0.05,2278.98,1867.86,411.12,Completed
ORD013428,2025-11-19,CUST00606,PROD0105,B001,5,2108.69,0.25,1581.52,1553.98,27.54,Completed
ORD013432,2025-02-28,CUST00243,PROD0027,B003,3,2053.13,0.1,1847.82,1487.24,360.58,Completed
ORD013433,2025-12-10,CUST00883,PROD0068,B003,4,4099.74,0.2,3279.79,3293.45,-13.66,Completed
ORD013435,2025-08-12,CUST02003,PROD0047,B002,2,620.39,0.15,527.34,359.3,168.04,Completed
ORD013441,2025-07-10,CUST01887,PROD0112,B002,3,2599.09,0.2,2079.27,2034.98,44.29,Completed
ORD013444,2025-01-14,CUST01583,PROD0113,B002,4,5016.73,0.05,4765.9,3627.81,1138.09,Completed
ORD013445,2025-10-15,CUST00031,PROD0116,B003,2,524.35,0.15,445.69,430.18,15.51,Completed
ORD013451,2025-04-15,CUST01000,PROD0032,B005,2,1472.87,0.1,1325.58,810.6,514.98,Completed
ORD013454,2025-01-06,CUST02023,PROD0108,B004,3,2729.65,0.1,2456.68,1570.27,886.41,Completed
ORD013459,2025-10-11,CUST00334,PROD0052,B005,5,3303.42,0.25,2477.56,2266.75,210.81,Completed
ORD013460,2025-07-28,CUST00158,PROD0120,B001,2,1138.33,0.0,1138.33,733.89,404.44,Completed
ORD013464,2025-09-16,CUST00781,PROD0027,B004,3,2053.13,0.1,1847.82,1487.24,360.58,Completed
ORD013466,2025-05-26,CUST01891,PROD0047,B003,2,620.39,0.05,589.38,359.3,230.08,Completed
ORD013467,2025-06-16,CUST01114,PROD0102,B003,3,2314.2,0.25,1735.65,1334.6,401.05,Completed
ORD013468,2025-01-22,CUST01384,PROD0044,B001,4,4375.79,0.0,4375.79,2429.64,1946.15,Completed
ORD013479,2025-07-02,CUST00375,PROD0064,B001,3,2775.68,0.1,2498.11,2109.86,388.25,Completed
ORD013493,2025-12-25,CUST01028,PROD0049,B003,2,2665.44,0.0,2665.44,1542.16,1123.28,Completed
ORD013495,2025-07-14,CUST01235,PROD0050,B003,1,1099.14,0.05,1044.18,634.27,409.91,Completed
ORD013500,2025-11-29,CUST01229,PROD0051,B001,3,2688.28,0.1,2419.45,1782.15,637.3,Completed
ORD013501,2025-09-15,CUST00536,PROD0046,B004,2,446.67,0.1,402.0,337.11,64.89,Completed
ORD013502,2025-12-19,CUST02422,PROD0069,B003,5,6325.17,0.15,5376.4,3432.19,1944.21,Completed
ORD013507,2025-08-13,CUST01573,PROD0101,B003,5,3231.94,0.05,3070.34,2302.51,767.83,Completed
ORD013515,2025-09-23,CUST01896,PROD0104,B001,4,6409.81,0.0,6409.81,4238.27,2171.54,Completed
ORD013517,2025-09-27,CUST00286,PROD0008,B001,1,265.55,0.0,265.55,218.91,46.64,Completed
ORD013520,2025-10-27,CUST00223,PROD0041,B003,3,345.23,0.05,327.97,187.47,140.5,Completed
ORD013523,2025-11-01,CUST01477,PROD0114,B004,5,6872.68,0.0,6872.68,5215.83,1656.85,Completed
ORD013525,2025-06-19,CUST00579,PROD0095,B005,5,1775.68,0.0,1775.68,1339.42,436.26,Completed
ORD013526,2025-02-23,CUST01340,PROD0042,B002,4,5814.11,0.15,4941.99,4257.54,684.45,Completed
ORD013527,2025-12-30,CUST01603,PROD0104,B003,5,8012.27,0.05,7611.66,5297.84,2313.82,Completed
ORD013528,2025-06-06,CUST02314,PROD0034,B001,4,4309.79,0.15,3663.32,2866.35,796.97,Completed
ORD013529,2025-05-19,CUST00210,PROD0004,B002,3,897.52,0.05,852.65,573.31,279.34,Completed
ORD013533,2025-10-06,CUST01371,PROD0117,B005,4,3089.06,0.15,2625.7,1904.49,721.21,Completed
ORD013535,2025-01-03,CUST01681,PROD0032,B003,1,736.43,0.2,589.15,405.3,183.85,Completed
ORD013542,2025-04-07,CUST00117,PROD0044,B003,1,1093.95,0.15,929.86,607.41,322.45,Completed
ORD013551,2025-04-18,CUST02117,PROD0002,B005,4,2720.55,0.05,2584.53,1645.04,939.49,Completed
ORD013554,2025-01-21,CUST01057,PROD0056,B001,3,4235.16,0.15,3599.89,3172.93,426.96,Completed
ORD013577,2025-10-26,CUST00057,PROD0046,B004,1,223.34,0.05,212.17,168.55,43.62,Completed
ORD013579,2025-11-12,CUST02017,PROD0015,B002,3,4263.2,0.0,4263.2,2651.18,1612.02,Completed
ORD013580,2025-01-24,CUST00051,PROD0028,B001,5,3650.96,0.0,3650.96,2292.57,1358.39,Completed
ORD013584,2025-10-06,CUST00913,PROD0107,B001,3,5334.6,0.15,4534.41,3263.01,1271.4,Completed
ORD013587,2025-09-16,CUST01256,PROD0049,B004,5,6663.61,0.1,5997.25,3855.39,2141.86,Completed
ORD013589,2025-11-22,CUST01324,PROD0090,B003,5,1599.39,0.0,1599.39,1000.91,598.48,Completed
ORD013592,2025-08-02,CUST01446,PROD0031,B004,1,667.03,0.2,533.63,547.49,-13.86,Completed
ORD013595,2025-03-27,CUST00348,PROD0076,B001,2,599.95,0.25,449.96,480.1,-30.14,Completed
ORD013596,2025-06-04,CUST01120,PROD0009,B001,3,957.85,0.1,862.07,586.58,275.49,Completed
ORD013599,2025-03-16,CUST01334,PROD0112,B004,3,2599.09,0.05,2469.13,2034.98,434.15,Completed
ORD013601,2025-04-10,CUST01151,PROD0087,B002,2,2362.13,0.15,2007.81,1649.39,358.42,Completed
ORD013602,2025-09-19,CUST00428,PROD0113,B004,5,6270.92,0.1,5643.82,4534.77,1109.05,Completed
ORD013603,2025-02-27,CUST02454,PROD0019,B004,3,2666.08,0.2,2132.87,1662.57,470.3,Completed
ORD013607,2025-06-20,CUST00254,PROD0056,B002,2,2823.44,0.05,2682.27,2115.29,566.98,Completed
ORD013611,2025-12-13,CUST02114,PROD0073,B003,2,365.6,0.05,347.32,239.94,107.38,Completed
ORD013615,2025-01-22,CUST01310,PROD0095,B004,3,1065.41,0.1,958.87,803.65,155.22,Completed
ORD013622,2025-12-26,CUST00627,PROD0028,B001,4,2920.77,0.1,2628.69,1834.06,794.63,Completed
ORD013627,2025-11-13,CUST00247,PROD0109,B003,2,2711.73,0.1,2440.56,1950.22,490.34,Completed
ORD013631,2025-12-18,CUST02045,PROD0109,B005,4,5423.46,0.15,4609.94,3900.44,709.5,Completed
ORD013638,2025-11-11,CUST02365,PROD0073,B005,5,914.01,0.0,914.01,599.86,314.15,Completed
ORD013641,2025-03-22,CUST01517,PROD0113,B002,1,1254.18,0.2,1003.35,906.95,96.4,Completed
ORD013644,2025-12-19,CUST00492,PROD0117,B003,2,1211.93,0.25,908.95,952.25,-43.3,Completed
ORD013648,2025-11-07,CUST02125,PROD0021,B005,2,1690.32,0.0,1690.32,1027.16,663.16,Completed
ORD013653,2025-02-01,CUST02351,PROD0096,B001,4,7107.69,0.25,5330.76,4137.9,1192.86,Completed
ORD013669,2025-11-05,CUST01451,PROD0096,B002,4,7107.69,0.15,6041.53,4137.9,1903.63,Completed
ORD013674,2025-07-17,CUST01241,PROD0025,B001,2,1980.09,0.05,1881.09,1181.43,699.66,Completed
ORD013675,2025-01-16,CUST00543,PROD0019,B005,5,4443.47,0.15,3776.95,2770.95,1006.0,Completed
ORD013677,2025-11-16,CUST02125,PROD0030,B001,2,2038.77,0.1,1834.89,1627.19,207.7,Completed
ORD013685,2025-02-21,CUST01959,PROD0090,B003,5,1599.39,0.05,1519.42,1000.91,518.51,Completed
ORD013686,2025-02-24,CUST02096,PROD0040,B002,2,1981.35,0.15,1684.14,1080.7,603.44,Completed
ORD013687,2025-03-18,CUST01352,PROD0007,B002,4,190.83,0.0,190.83,143.01,47.82,Completed
ORD013691,2025-08-18,CUST02486,PROD0034,B005,2,2154.89,0.25,1616.17,1433.18,182.99,Completed
ORD013693,2025-12-30,CUST00956,PROD0115,B003,5,3732.73,0.15,3172.82,2303.26,869.56,Completed
ORD013695,2025-11-13,CUST01626,PROD0113,B003,2,2508.37,0.25,1881.27,1813.91,67.36,Completed
ORD013697,2025-02-14,CUST01947,PROD0021,B002,1,845.16,0.1,760.64,513.58,247.06,Completed
ORD013704,2025-05-21,CUST02102,PROD0091,B005,4,1654.7,0.15,1406.49,1261.16,145.33,Completed
ORD013705,2025-10-22,CUST00039,PROD0072,B001,2,930.32,0.05,883.8,653.24,230.56,Completed
ORD013707,2025-07-14,CUST01638,PROD0022,B004,2,2528.68,0.05,2402.24,1827.16,575.08,Completed
ORD013709,2025-04-29,CUST00062,PROD0071,B001,1,479.79,0.0,479.79,373.57,106.22,Completed
ORD013710,2025-02-13,CUST01770,PROD0060,B001,4,358.1,0.1,322.29,235.11,87.18,Completed
ORD013715,2025-08-17,CUST01903,PROD0097,B005,4,7044.68,0.05,6692.45,4338.46,2353.99,Completed
ORD013723,2025-09-15,CUST00493,PROD0098,B001,1,999.39,0.2,799.51,558.83,240.68,Completed
ORD013726,2025-01-28,CUST01087,PROD0085,B002,3,129.15,0.1,116.24,102.34,13.9,Completed
ORD013728,2025-04-19,CUST01537,PROD0030,B002,3,3058.15,0.05,2905.24,2440.78,464.46,Completed
ORD013734,2025-09-06,CUST01112,PROD0026,B004,3,1180.52,0.1,1062.47,852.89,209.58,Completed
ORD013736,2025-08-02,CUST01224,PROD0079,B003,2,346.61,0.15,294.61,233.14,61.47,Completed
ORD013740,2025-06-20,CUST02258,PROD0065,B001,3,4054.0,0.1,3648.61,3033.65,614.96,Completed
ORD013744,2025-02-20,CUST01931,PROD0109,B003,5,6779.33,0.2,5423.46,4875.55,547.91,Completed
ORD013755,2025-04-25,CUST02359,PROD0035,B002,5,2902.06,0.25,2176.55,2178.08,-1.53,Completed
ORD013756,2025-08-13,CUST02010,PROD0073,B004,4,731.21,0.1,658.09,479.89,178.2,Completed
ORD013758,2025-04-09,CUST01399,PROD0074,B004,3,1958.53,0.15,1664.75,1514.51,150.24,Completed
ORD013761,2025-08-08,CUST02300,PROD0052,B002,5,3303.42,0.15,2807.91,2266.75,541.16,Completed
ORD013769,2025-01-24,CUST00213,PROD0046,B005,2,446.67,0.15,379.67,337.11,42.56,Completed
ORD013771,2025-05-20,CUST02381,PROD0088,B002,2,897.74,0.2,718.19,579.21,138.98,Completed
ORD013775,2025-04-03,CUST02490,PROD0095,B001,2,710.27,0.05,674.76,535.77,138.99,Completed
ORD013780,2025-12-07,CUST01774,PROD0044,B005,2,2187.9,0.15,1859.71,1214.82,644.89,Completed
ORD013782,2025-07-31,CUST02478,PROD0114,B003,4,5498.14,0.25,4123.61,4172.67,-49.06,Completed
ORD013784,2025-05-24,CUST01017,PROD0112,B003,1,652.66,0.25,489.49,678.33,-188.84,Completed
ORD013787,2025-10-15,CUST01439,PROD0017,B001,3,2608.78,0.15,2217.46,1895.94,321.52,Completed
ORD013799,2025-09-25,CUST01351,PROD0043,B004,3,874.19,0.05,830.48,535.94,294.54,Completed
ORD013802,2025-10-17,CUST01302,PROD0032,B002,3,2209.3,0.0,2209.3,1215.9,993.4,Completed
ORD013805,2025-05-05,CUST02019,PROD0029,B004,5,2290.03,0.15,1946.52,1329.25,617.27,Completed
ORD013807,2025-12-22,CUST01413,PROD0110,B004,1,796.71,0.1,717.04,463.19,253.85,Completed
ORD013810,2025-02-25,CUST00827,PROD0054,B001,4,4510.71,0.05,4285.17,3048.13,1237.04,Completed
ORD013817,2025-07-06,CUST02422,PROD0066,B002,3,4194.64,0.1,3775.18,3013.47,761.71,Completed
ORD013823,2025-10-15,CUST02252,PROD0092,B001,3,313.33,0.0,313.33,199.91,113.42,Completed
ORD013824,2025-04-25,CUST00296,PROD0101,B001,1,646.39,0.15,549.43,460.5,88.93,Completed
ORD013826,2025-07-06,CUST00662,PROD0015,B002,4,5684.27,0.15,4831.63,3534.91,1296.72,Completed
ORD013832,2025-07-23,CUST02133,PROD0110,B003,3,2390.14,0.0,2390.14,1389.57,1000.57,Completed
ORD013841,2025-01-13,CUST02239,PROD0029,B001,1,458.01,0.1,412.21,265.85,146.36,Completed
ORD013845,2025-08-02,CUST01981,PROD0054,B002,3,3383.03,0.05,3213.88,2286.1,927.78,Completed
ORD013846,2025-12-11,CUST00646,PROD0087,B001,5,5905.32,0.15,5019.53,4123.48,896.05,Completed
ORD013850,2025-12-02,CUST01828,PROD0008,B003,2,531.11,0.15,451.44,437.82,13.62,Completed
ORD013853,2025-05-02,CUST00599,PROD0032,B002,2,1472.87,0.15,1251.94,810.6,441.34,Completed
ORD013855,2025-02-22,CUST02314,PROD0017,B002,2,1739.19,0.25,1304.39,1263.96,40.43,Completed
ORD013857,2025-06-27,CUST01775,PROD0100,B004,1,810.99,0.15,689.34,633.28,56.06,Completed
ORD013858,2025-11-23,CUST02343,PROD0058,B005,2,625.51,0.25,469.14,349.16,119.98,Completed
ORD013874,2025-11-21,CUST00531,PROD0085,B003,5,135.8,0.05,129.01,170.57,-41.56,Completed
ORD013877,2025-01-21,CUST02417,PROD0117,B005,5,3861.32,0.05,3668.26,2380.62,1287.64,Completed
ORD013882,2025-11-22,CUST01917,PROD0120,B005,4,2276.66,0.05,2162.83,1467.78,695.05,Completed
ORD013883,2025-01-05,CUST01182,PROD0005,B003,3,3667.18,0.15,3117.1,2261.19,855.91,Completed
ORD013888,2025-01-13,CUST00877,PROD0012,B005,5,648.08,0.05,615.68,437.87,177.81,Completed
ORD013892,2025-05-06,CUST01900,PROD0072,B001,4,1860.63,0.0,1860.63,1306.48,554.15,Completed
ORD013893,2025-11-04,CUST00205,PROD0034,B005,5,5387.24,0.05,5117.88,3582.94,1534.94,Completed
ORD013897,2025-01-31,CUST01894,PROD0041,B005,3,345.23,0.1,310.71,187.47,123.24,Completed
ORD013898,2025-11-13,CUST01477,PROD0052,B001,2,1321.37,0.0,1321.37,906.7,414.67,Completed
ORD013903,2025-05-22,CUST00127,PROD0101,B001,2,1292.78,0.25,969.58,921.0,48.58,Completed
ORD013908,2025-09-18,CUST02355,PROD0115,B002,4,2986.19,0.2,2388.95,1842.61,546.34,Completed
ORD013909,2025-10-03,CUST01001,PROD0094,B003,3,585.84,0.0,585.84,351.05,234.79,Completed
ORD013910,2025-09-30,CUST01554,PROD0088,B003,5,2244.35,0.25,1683.27,1448.01,235.26,Completed
ORD013912,2025-07-20,CUST00453,PROD0084,B004,5,2591.35,0.0,2591.35,1913.12,678.23,Completed
ORD013918,2025-07-22,CUST01664,PROD0053,B001,1,555.84,0.05,528.04,361.6,166.44,Completed
ORD013919,2025-06-25,CUST02370,PROD0054,B002,3,3383.03,0.0,3383.03,2286.1,1096.93,Completed
ORD013920,2025-10-26,CUST01183,PROD0034,B001,4,4309.79,0.1,3878.81,2866.35,1012.46,Completed
ORD013923,2025-09-13,CUST02435,PROD0112,B002,1,866.36,0.15,736.41,678.33,58.08,Completed
ORD013924,2025-02-17,CUST01465,PROD0075,B003,1,1413.9,0.1,1272.51,1092.46,180.05,Completed
ORD013938,2025-12-25,CUST01601,PROD0100,B005,3,2432.96,0.0,2432.96,1899.84,533.12,Completed
ORD013942,2025-10-02,CUST02186,PROD0110,B003,1,796.71,0.15,677.2,463.19,214.01,Completed
ORD013953,2025-12-24,CUST00744,PROD0079,B005,1,173.3,0.05,164.64,116.57,48.07,Completed
ORD013957,2025-12-16,CUST01938,PROD0048,B004,1,888.37,0.1,799.53,615.49,184.04,Completed
ORD013958,2025-11-02,CUST00124,PROD0085,B005,4,172.21,0.05,163.6,136.46,27.14,Completed
ORD013977,2025-12-11,CUST01898,PROD0083,B001,3,4962.56,0.15,4218.18,3364.43,853.75,Completed
ORD013978,2025-06-17,CUST00905,PROD0058,B002,4,1251.03,0.05,1188.47,698.33,490.14,Completed
ORD013983,2025-09-30,CUST00625,PROD0054,B003,3,3383.03,0.15,2875.58,2286.1,589.48,Completed
ORD013985,2025-09-25,CUST01562,PROD0055,B005,1,464.74,0.15,395.03,263.54,131.49,Completed
ORD013998,2025-03-05,CUST00396,PROD0070,B005,4,802.1,0.2,641.68,550.37,91.31,Completed
ORD013999,2025-02-20,CUST01590,PROD0034,B002,1,1077.45,0.05,1023.58,716.59,306.99,Completed
ORD014004,2025-04-22,CUST00059,PROD0057,B002,2,2010.2,0.1,1809.18,1297.91,511.27,Completed
ORD014008,2025-01-07,CUST00799,PROD0082,B001,1,2094.53,0.0,2094.53,1133.66,960.87,Completed
ORD014017,2025-12-23,CUST01969,PROD0032,B003,4,2945.74,0.0,2945.74,1621.2,1324.54,Completed
ORD014021,2025-09-25,CUST00577,PROD0014,B001,2,2761.75,0.1,2485.58,1581.2,904.38,Completed
ORD014025,2025-12-12,CUST01541,PROD0005,B001,1,1222.39,0.1,1100.15,753.73,346.42,Completed
ORD014030,2025-11-09,CUST01436,PROD0009,B001,4,1277.14,0.15,1085.57,782.1,303.47,Completed
ORD014031,2025-11-05,CUST00857,PROD0114,B002,5,6872.68,0.15,5841.78,5215.83,625.95,Completed
ORD014039,2025-06-05,CUST00027,PROD0039,B002,5,7413.45,0.15,6301.43,4131.23,2170.2,Completed
ORD014043,2025-01-22,CUST02439,PROD0102,B003,4,3085.61,0.25,2314.2,1779.46,534.74,Completed
ORD014050,2025-04-01,CUST01767,PROD0042,B001,3,4360.58,0.0,4360.58,3193.16,1167.42,Completed
ORD014051,2025-06-22,CUST00400,PROD0066,B001,5,6991.07,0.25,5243.3,5022.45,220.85,Completed
ORD014052,2025-06-16,CUST00371,PROD0075,B002,4,5655.6,0.2,4524.47,4369.82,154.65,Completed
ORD014062,2025-02-02,CUST01564,PROD0107,B004,4,7112.81,0.25,5334.6,4350.68,983.92,Completed
ORD014071,2025-10-22,CUST00360,PROD0022,B002,3,3793.01,0.1,3413.71,2740.74,672.97,Completed
ORD014086,2025-09-18,CUST01051,PROD0103,B003,1,872.66,0.05,829.02,516.43,312.59,Completed
ORD014093,2025-02-24,CUST01081,PROD0068,B005,2,2049.87,0.0,2049.87,1646.73,403.14,Completed
ORD014109,2025-12-13,CUST01791,PROD0117,B001,1,772.26,0.1,695.04,476.12,218.92,Completed
ORD014110,2025-10-08,CUST02353,PROD0118,B004,5,1449.42,0.15,1232.01,970.84,261.17,Completed
ORD014115,2025-05-30,CUST00133,PROD0016,B001,4,355.46,0.1,319.91,212.86,107.05,Completed
ORD014118,2025-02-28,CUST01057,PROD0117,B003,4,3089.06,0.05,2934.61,1904.49,1030.12,Completed
ORD014120,2025-02-22,CUST02105,PROD0035,B002,1,580.41,0.0,580.41,435.62,144.79,Completed
ORD014121,2025-10-13,CUST00074,PROD0068,B003,3,3074.8,0.05,2921.06,2470.09,450.97,Completed
ORD014122,2025-07-17,CUST01545,PROD0009,B001,1,156.39,0.05,148.57,195.53,-46.96,Completed
ORD014124,2025-01-24,CUST00258,PROD0040,B001,5,4953.37,0.2,3962.7,2701.76,1260.94,Completed
ORD014127,2025-11-14,CUST00663,PROD0014,B005,2,2761.75,0.2,2209.4,1581.2,628.2,Completed
ORD014128,2025-04-06,CUST01112,PROD0048,B002,2,1776.73,0.15,1510.22,1230.99,279.23,Completed
ORD014135,2025-08-13,CUST01015,PROD0105,B004,2,843.47,0.15,716.95,621.59,95.36,Completed
ORD014137,2025-09-07,CUST01095,PROD0068,B005,1,1024.93,0.15,871.2,823.36,47.84,Completed
ORD014151,2025-06-02,CUST01130,PROD0100,B002,3,2432.96,0.0,2432.96,1899.84,533.12,Completed
ORD014153,2025-08-01,CUST02496,PROD0062,B004,1,729.53,0.05,693.05,578.72,114.33,Completed
ORD014171,2025-09-02,CUST02312,PROD0032,B002,2,1472.87,0.1,1325.58,810.6,514.98,Completed
ORD014172,2025-11-28,CUST02243,PROD0044,B003,1,1093.95,0.2,875.16,607.41,267.75,Completed
ORD014177,2025-05-27,CUST01659,PROD0083,B004,4,6616.75,0.15,5624.24,4485.91,1138.33,Completed
ORD014178,2025-12-27,CUST01100,PROD0075,B005,5,7069.49,0.15,6009.07,5462.28,546.79,Completed
ORD014180,2025-07-08,CUST02100,PROD0020,B001,2,1521.28,0.1,1369.15,1095.47,273.68,Completed
ORD014182,2025-03-21,CUST02032,PROD0103,B001,2,1745.31,0.05,1658.05,1032.87,625.18,Completed
ORD014188,2025-03-16,CUST01625,PROD0099,B001,5,4246.35,0.1,3821.71,2967.84,853.87,Completed
ORD014189,2025-03-05,CUST01404,PROD0017,B001,2,1739.19,0.05,1652.23,1263.96,388.27,Completed
ORD014190,2025-06-22,CUST01271,PROD0014,B005,1,1380.88,0.1,1242.79,790.6,452.19,Completed
ORD014205,2025-10-25,CUST01239,PROD0079,B003,5,866.51,0.05,823.19,582.85,240.34,Completed
ORD014207,2025-07-16,CUST01910,PROD0002,B002,1,680.14,0.1,612.12,411.26,200.86,Completed
ORD014210,2025-02-25,CUST00703,PROD0046,B001,5,1116.68,0.1,1005.01,842.77,162.24,Completed
ORD014213,2025-09-25,CUST00588,PROD0011,B001,4,3391.79,0.05,3222.2,2630.5,591.7,Completed
ORD014216,2025-08-17,CUST01894,PROD0080,B004,2,813.2,0.1,731.88,563.99,167.89,Completed
ORD014220,2025-01-30,CUST01835,PROD0060,B001,4,358.1,0.15,304.39,235.11,69.28,Completed
ORD014223,2025-12-30,CUST02415,PROD0071,B001,1,479.79,0.15,407.82,373.57,34.25,Completed
ORD014229,2025-10-04,CUST01658,PROD0064,B002,3,2120.2,0.05,2014.19,2109.86,-95.67,Completed
ORD014232,2025-03-06,CUST00640,PROD0035,B001,4,2321.65,0.05,2205.57,1742.46,463.11,Completed
ORD014241,2025-08-10,CUST01325,PROD0012,B001,1,129.62,0.1,116.65,87.57,29.08,Completed
ORD014248,2025-11-26,CUST00809,PROD0113,B003,3,3762.55,0.0,3762.55,2720.86,1041.69,Completed
ORD014253,2025-03-29,CUST01668,PROD0033,B004,1,600.34,0.15,510.29,383.24,127.05,Completed
ORD014254,2025-09-11,CUST00333,PROD0064,B005,2,1850.46,0.15,1572.89,1406.57,166.32,Completed
ORD014260,2025-04-24,CUST01207,PROD0020,B003,4,3042.55,0.2,2434.04,2190.93,243.11,Completed
ORD014262,2025-03-01,CUST00772,PROD0029,B005,3,1374.02,0.05,1305.31,797.55,507.76,Completed
ORD014268,2025-09-04,CUST01027,PROD0110,B004,5,3983.57,0.1,3585.21,2315.96,1269.25,Completed
ORD014269,2025-01-26,CUST00858,PROD0099,B002,2,1698.54,0.15,1443.76,1187.14,256.62,Completed
ORD014271,2025-10-04,CUST01933,PROD0098,B002,1,999.39,0.25,749.54,558.83,190.71,Completed
ORD014278,2025-11-22,CUST02325,PROD0020,B004,3,2281.92,0.05,2167.82,1643.2,524.62,Completed
ORD014288,2025-05-12,CUST00692,PROD0101,B004,3,1939.17,0.0,1939.17,1381.51,557.66,Completed
ORD014291,2025-11-07,CUST00025,PROD0042,B002,2,2907.05,0.15,2471.0,2128.77,342.23,Completed
ORD014297,2025-09-01,CUST00793,PROD0038,B003,4,239.73,0.15,203.77,162.84,40.93,Completed
ORD014304,2025-08-30,CUST02341,PROD0094,B004,3,585.84,0.2,468.67,351.05,117.62,Completed
ORD014310,2025-04-04,CUST02181,PROD0099,B004,3,2547.81,0.1,2293.03,1780.7,512.33,Completed
ORD014311,2025-11-07,CUST01043,PROD0077,B001,5,1520.11,0.1,1368.1,1230.26,137.84,Completed
ORD014312,2025-07-15,CUST01132,PROD0050,B005,3,3297.42,0.15,2802.81,1902.8,900.01,Completed
ORD014313,2025-11-19,CUST01901,PROD0002,B002,4,2720.55,0.1,2448.5,1645.04,803.46,Completed
ORD014314,2025-03-27,CUST00603,PROD0016,B003,3,266.59,0.0,266.59,159.65,106.94,Completed
ORD014319,2025-01-22,CUST00591,PROD0075,B002,4,5655.6,0.15,4807.26,4369.82,437.44,Completed
ORD014321,2025-01-23,CUST00390,PROD0052,B001,2,1321.37,0.25,991.03,906.7,84.33,Completed
ORD014323,2025-04-29,CUST01437,PROD0010,B003,1,1842.55,0.15,1566.17,1072.0,494.17,Completed
ORD014325,2025-05-13,CUST00904,PROD0120,B003,5,2845.83,0.1,2561.24,1834.73,726.51,Completed
ORD014329,2025-07-30,CUST01679,PROD0084,B003,5,2591.35,0.2,2073.08,1913.12,159.96,Completed
ORD014331,2025-08-19,CUST01591,PROD0042,B003,3,2410.12,0.0,2410.12,3193.16,-783.04,Completed
ORD014333,2025-01-11,CUST02071,PROD0108,B003,4,3639.53,0.2,2911.62,2093.7,817.92,Completed
ORD014337,2025-01-19,CUST01201,PROD0098,B002,1,999.39,0.0,999.39,558.83,440.56,Completed
ORD014339,2025-02-10,CUST01374,PROD0097,B001,2,3522.34,0.1,3170.11,2169.23,1000.88,Completed
ORD014346,2025-11-04,CUST02347,PROD0011,B005,1,847.95,0.15,720.76,657.62,63.14,Completed
ORD014350,2025-06-18,CUST02400,PROD0036,B003,5,1416.8,0.0,1416.8,766.09,650.71,Completed
ORD014357,2025-12-02,CUST01404,PROD0084,B005,3,1554.81,0.2,1243.85,1147.87,95.98,Completed
ORD014361,2025-04-04,CUST01393,PROD0040,B003,2,1981.35,0.1,1783.21,1080.7,702.51,Completed
ORD014362,2025-08-24,CUST01454,PROD0103,B004,2,1745.31,0.2,1396.25,1032.87,363.38,Completed
ORD014368,2025-03-29,CUST00754,PROD0028,B001,2,1460.38,0.0,1460.38,917.03,543.35,Completed
ORD014379,2025-12-02,CUST00196,PROD0104,B002,5,8012.27,0.05,7611.66,5297.84,2313.82,Completed
ORD014385,2025-08-02,CUST00168,PROD0109,B004,4,5423.46,0.25,4067.6,3900.44,167.16,Completed
ORD014390,2025-11-28,CUST02126,PROD0077,B002,3,912.07,0.0,912.07,738.16,173.91,Completed
ORD014395,2025-08-18,CUST00506,PROD0017,B001,3,2608.78,0.15,2217.46,1895.94,321.52,Completed
ORD014403,2025-11-18,CUST02179,PROD0120,B002,2,1138.33,0.1,1024.5,733.89,290.61,Completed
ORD014415,2025-08-21,CUST00529,PROD0075,B004,1,1413.9,0.0,1413.9,1092.46,321.44,Completed
ORD014416,2025-02-19,CUST01630,PROD0115,B004,2,1493.09,0.15,1269.13,921.31,347.82,Completed
ORD014421,2025-07-03,CUST01140,PROD0106,B002,2,1437.16,0.05,1365.3,862.44,502.86,Completed
ORD014424,2025-06-27,CUST00245,PROD0103,B005,2,1745.31,0.2,1396.25,1032.87,363.38,Completed
ORD014428,2025-06-07,CUST00054,PROD0100,B001,4,3243.95,0.0,3243.95,2533.12,710.83,Completed
ORD014440,2025-03-03,CUST00328,PROD0006,B001,1,669.46,0.05,635.99,485.9,150.09,Completed
ORD014444,2025-01-08,CUST01589,PROD0013,B001,2,1353.11,0.1,1217.8,915.45,302.35,Completed
ORD014448,2025-07-25,CUST02158,PROD0081,B005,5,665.54,0.1,598.98,495.54,103.44,Completed
ORD014456,2025-11-22,CUST00876,PROD0103,B005,5,4363.29,0.1,3926.96,2582.17,1344.79,Completed
ORD014459,2025-11-10,CUST00451,PROD0035,B002,3,1741.24,0.0,1741.24,1306.85,434.39,Completed
ORD014460,2025-05-24,CUST00902,PROD0074,B001,1,652.84,0.2,522.28,504.84,17.44,Completed
ORD014461,2025-04-01,CUST01158,PROD0088,B003,3,1346.61,0.25,1009.96,868.81,141.15,Completed
ORD014462,2025-11-18,CUST01570,PROD0038,B001,2,119.86,0.0,119.86,81.42,38.44,Completed
ORD014468,2025-11-10,CUST00711,PROD0001,B001,4,7757.58,0.05,7369.7,4252.71,3116.99,Completed
ORD014470,2025-01-06,CUST00432,PROD0097,B002,5,8805.85,0.25,6604.39,5423.08,1181.31,Completed
ORD014472,2025-10-24,CUST02395,PROD0081,B001,4,532.43,0.05,505.81,396.43,109.38,Completed
ORD014476,2025-12-24,CUST00474,PROD0024,B002,2,2564.07,0.15,2179.46,1406.19,773.27,Completed
ORD014480,2025-10-25,CUST02445,PROD0006,B002,2,1338.93,0.0,1338.93,971.81,367.12,Completed
ORD014488,2025-01-03,CUST02051,PROD0101,B002,3,1939.17,0.15,1648.29,1381.51,266.78,Completed
ORD014491,2025-01-21,CUST01436,PROD0070,B002,5,1002.62,0.1,902.36,687.96,214.4,Completed
ORD014493,2025-08-07,CUST01002,PROD0100,B004,4,3243.95,0.15,2757.36,2533.12,224.24,Completed
ORD014498,2025-05-07,CUST02365,PROD0064,B003,1,925.23,0.0,925.23,703.29,221.94,Completed
ORD014500,2025-03-10,CUST01735,PROD0013,B005,5,3382.77,0.2,2706.22,2288.62,417.6,Completed
ORD014503,2025-01-24,CUST02371,PROD0119,B001,2,1197.16,0.2,957.73,868.62,89.11,Completed
ORD014505,2025-08-27,CUST01332,PROD0066,B005,4,5592.86,0.2,4474.29,4017.96,456.33,Completed
ORD014506,2025-06-22,CUST00189,PROD0052,B003,3,1982.05,0.0,1982.05,1360.05,622.0,Completed
ORD014507,2025-09-26,CUST02166,PROD0055,B001,5,2323.71,0.05,2207.52,1317.7,889.82,Completed
ORD014510,2025-05-07,CUST00641,PROD0078,B002,3,2795.86,0.15,2376.48,1721.93,654.55,Completed
ORD014511,2025-02-11,CUST01863,PROD0120,B003,1,569.17,0.2,455.33,366.95,88.38,Completed
ORD014512,2025-08-13,CUST00146,PROD0070,B003,5,1002.62,0.0,1002.62,687.96,314.66,Completed
ORD014514,2025-12-08,CUST01976,PROD0014,B003,2,2761.75,0.0,2761.75,1581.2,1180.55,Completed
ORD014519,2025-06-18,CUST01778,PROD0065,B002,4,5405.34,0.0,5405.34,4044.87,1360.47,Completed
ORD014528,2025-11-02,CUST01315,PROD0059,B004,1,975.0,0.15,828.75,616.71,212.04,Completed
ORD014532,2025-07-07,CUST00763,PROD0049,B005,2,2665.44,0.15,2265.63,1542.16,723.47,Completed
ORD014535,2025-11-26,CUST02143,PROD0047,B002,4,1240.79,0.2,992.63,718.6,274.03,Completed
ORD014538,2025-01-23,CUST00820,PROD0070,B001,4,802.1,0.1,721.89,550.37,171.52,Completed
ORD014539,2025-11-14,CUST00609,PROD0003,B004,3,1133.37,0.0,1133.37,803.19,330.18,Completed
ORD014541,2025-11-03,CUST00590,PROD0118,B005,3,869.65,0.25,652.24,582.5,69.74,Completed
ORD014542,2025-11-18,CUST00499,PROD0011,B001,1,847.95,0.1,763.15,657.62,105.53,Completed
ORD014543,2025-08-24,CUST02037,PROD0090,B002,4,1279.51,0.1,1151.56,800.72,350.84,Completed
ORD014545,2025-01-03,CUST01796,PROD0040,B001,1,990.67,0.15,842.08,540.35,301.73,Completed
ORD014550,2025-11-21,CUST02153,PROD0066,B001,4,3611.62,0.0,3611.62,4017.96,-406.34,Completed
ORD014556,2025-09-08,CUST00244,PROD0043,B005,1,291.4,0.2,233.12,178.65,54.47,Completed
ORD014558,2025-07-02,CUST02479,PROD0075,B005,1,1413.9,0.25,1060.42,1092.46,-32.04,Completed
ORD014559,2025-01-27,CUST02343,PROD0095,B003,5,1775.68,0.0,1775.68,1339.42,436.26,Completed
ORD014561,2025-02-27,CUST01780,PROD0007,B004,1,47.71,0.15,40.55,35.75,4.8,Completed
ORD014567,2025-01-31,CUST01543,PROD0058,B003,1,312.76,0.15,265.85,174.58,91.27,Completed
ORD014568,2025-02-21,CUST01403,PROD0046,B001,1,223.34,0.1,201.0,168.55,32.45,Completed
ORD014569,2025-05-05,CUST01262,PROD0092,B001,3,313.33,0.2,250.67,199.91,50.76,Completed
ORD014585,2025-06-25,CUST01399,PROD0015,B005,5,7105.34,0.0,7105.34,4418.64,2686.7,Completed
ORD014589,2025-11-09,CUST00777,PROD0066,B005,4,5592.86,0.05,5313.22,4017.96,1295.26,Completed
ORD014590,2025-11-08,CUST02443,PROD0055,B003,4,1858.97,0.1,1673.07,1054.16,618.91,Completed
ORD014591,2025-03-13,CUST01833,PROD0020,B001,2,1521.28,0.15,1293.08,1095.47,197.61,Completed
ORD014596,2025-08-27,CUST01658,PROD0017,B004,5,4347.97,0.1,3913.17,3159.89,753.28,Completed
ORD014600,2025-08-18,CUST00842,PROD0049,B005,3,3998.17,0.25,2998.62,2313.24,685.38,Completed
ORD014602,2025-04-22,CUST01495,PROD0009,B005,3,957.85,0.15,814.18,586.58,227.6,Completed
ORD014607,2025-09-01,CUST00487,PROD0029,B003,5,2290.03,0.15,1946.52,1329.25,617.27,Completed
ORD014613,2025-10-04,CUST00676,PROD0120,B004,1,383.65,0.15,326.1,366.95,-40.85,Completed
ORD014615,2025-11-03,CUST02349,PROD0069,B003,3,3795.1,0.0,3795.1,2059.31,1735.79,Completed
ORD014618,2025-03-22,CUST01460,PROD0054,B002,1,1127.68,0.0,1127.68,762.03,365.65,Completed
ORD014627,2025-01-15,CUST01476,PROD0059,B004,4,3900.0,0.1,3510.0,2466.85,1043.15,Completed
ORD014628,2025-04-28,CUST01495,PROD0031,B002,5,3335.17,0.1,3001.66,2737.47,264.19,Completed
ORD014630,2025-11-30,CUST01154,PROD0038,B002,2,119.86,0.0,119.86,81.42,38.44,Completed
ORD014632,2025-05-14,CUST00273,PROD0010,B001,5,9212.77,0.05,8752.14,5359.98,3392.16,Completed
ORD014653,2025-02-13,CUST01860,PROD0058,B005,5,1563.78,0.2,1251.03,872.91,378.12,Completed
ORD014657,2025-01-24,CUST02388,PROD0062,B002,3,2188.59,0.15,1860.3,1736.16,124.14,Completed
ORD014666,2025-10-01,CUST00847,PROD0110,B004,5,3983.57,0.0,3983.57,2315.96,1667.61,Completed
ORD014670,2025-12-20,CUST02338,PROD0070,B004,3,601.57,0.2,481.26,412.77,68.49,Completed
ORD014679,2025-07-31,CUST00369,PROD0047,B004,1,310.2,0.1,279.18,179.65,99.53,Completed
ORD014680,2025-01-08,CUST00704,PROD0016,B005,4,355.46,0.05,337.68,212.86,124.82,Completed
ORD014685,2025-01-23,CUST01520,PROD0105,B004,1,421.74,0.15,358.48,310.8,47.68,Completed
ORD014691,2025-04-09,CUST01088,PROD0087,B004,1,1181.06,0.05,1122.01,824.7,297.31,Completed
ORD014695,2025-10-15,CUST00033,PROD0045,B003,1,1004.75,0.2,803.8,716.56,87.24,Completed
ORD014697,2025-07-09,CUST02459,PROD0043,B001,1,291.4,0.1,262.26,178.65,83.61,Completed
ORD014701,2025-02-21,CUST02202,PROD0001,B002,5,9696.97,0.0,9696.97,5315.89,4381.08,Completed
ORD014704,2025-07-29,CUST01639,PROD0002,B002,4,2720.55,0.15,2312.47,1645.04,667.43,Completed
ORD014706,2025-08-11,CUST00912,PROD0025,B004,2,1980.09,0.1,1782.08,1181.43,600.65,Completed
ORD014714,2025-09-06,CUST00412,PROD0015,B002,2,2842.13,0.15,2415.81,1767.45,648.36,Completed
ORD014718,2025-11-16,CUST01061,PROD0093,B004,5,4331.76,0.15,3682.0,3178.36,503.64,Completed
ORD014720,2025-04-10,CUST00049,PROD0118,B004,2,579.77,0.15,492.8,388.34,104.46,Completed
ORD014731,2025-03-12,CUST01773,PROD0055,B005,4,1858.97,0.15,1580.12,1054.16,525.96,Completed
ORD014737,2025-11-15,CUST01158,PROD0016,B001,5,444.32,0.1,399.89,266.08,133.81,Completed
ORD014740,2025-08-10,CUST01888,PROD0053,B001,2,1111.68,0.1,1000.51,723.21,277.3,Completed
ORD014743,2025-09-01,CUST00193,PROD0104,B001,1,1602.45,0.05,1522.33,1059.57,462.76,Completed
ORD014744,2025-12-22,CUST00733,PROD0019,B001,5,4443.47,0.05,4221.3,2770.95,1450.35,Completed
ORD014746,2025-11-03,CUST01913,PROD0040,B003,1,990.67,0.2,792.54,540.35,252.19,Completed
ORD014748,2025-01-11,CUST01022,PROD0016,B003,1,88.86,0.1,79.98,53.22,26.76,Completed
ORD014752,2025-11-28,CUST00654,PROD0082,B002,4,8378.11,0.15,7121.39,4534.66,2586.73,Completed
ORD014753,2025-01-29,CUST02186,PROD0118,B002,2,579.77,0.05,550.78,388.34,162.44,Completed
ORD014757,2025-12-29,CUST01599,PROD0063,B002,2,265.36,0.2,212.29,200.93,11.36,Completed
ORD014759,2025-09-30,CUST02326,PROD0009,B004,1,319.28,0.05,303.32,195.53,107.79,Completed
ORD014761,2025-05-25,CUST00543,PROD0097,B004,5,8805.85,0.15,7484.97,5423.08,2061.89,Completed
ORD014763,2025-03-13,CUST00357,PROD0084,B005,5,2591.35,0.0,2591.35,1913.12,678.23,Completed
ORD014767,2025-04-04,CUST02325,PROD0120,B002,4,2276.66,0.2,1821.33,1467.78,353.55,Completed
ORD014771,2025-04-23,CUST01184,PROD0052,B001,1,660.68,0.15,561.58,453.35,108.23,Completed
ORD014786,2025-06-06,CUST00055,PROD0088,B002,2,897.74,0.15,763.08,579.21,183.87,Completed
ORD014793,2025-07-30,CUST01309,PROD0005,B004,3,3667.18,0.15,3117.1,2261.19,855.91,Completed
ORD014794,2025-06-08,CUST00363,PROD0005,B001,4,4889.58,0.25,3667.18,3014.92,652.26,Completed
ORD014796,2025-01-16,CUST01658,PROD0061,B002,1,448.2,0.25,336.15,315.02,21.13,Completed
ORD014802,2025-01-08,CUST00921,PROD0105,B001,4,1686.95,0.1,1518.25,1243.18,275.07,Completed
ORD014810,2025-07-07,CUST01504,PROD0094,B001,3,585.84,0.05,556.55,351.05,205.5,Completed
ORD014812,2025-01-16,CUST02327,PROD0041,B002,3,345.23,0.0,345.23,187.47,157.76,Completed
ORD014813,2025-05-28,CUST01150,PROD0037,B004,2,1159.35,0.05,1101.38,965.12,136.26,Completed
ORD014814,2025-06-13,CUST01627,PROD0061,B004,3,1344.6,0.0,1344.6,945.07,399.53,Completed
ORD014820,2025-05-05,CUST01121,PROD0047,B001,1,310.2,0.1,279.18,179.65,99.53,Completed
ORD014822,2025-04-03,CUST01654,PROD0036,B004,2,566.72,0.05,538.39,306.44,231.95,Completed
ORD014824,2025-07-08,CUST01345,PROD0104,B004,3,4807.36,0.2,3845.89,3178.71,667.18,Completed
ORD014826,2025-09-15,CUST00284,PROD0080,B001,2,813.2,0.05,772.54,563.99,208.55,Completed
ORD014829,2025-01-23,CUST02125,PROD0008,B001,2,531.11,0.1,478.0,437.82,40.18,Completed
ORD014832,2025-04-09,CUST00275,PROD0083,B001,2,3308.37,0.1,2977.54,2242.95,734.59,Completed
ORD014836,2025-07-16,CUST02306,PROD0028,B003,1,487.1,0.1,438.39,458.51,-20.12,Completed
ORD014837,2025-05-24,CUST01710,PROD0101,B003,2,1292.78,0.1,1163.5,921.0,242.5,Completed
ORD014844,2025-09-27,CUST00540,PROD0087,B004,5,5905.32,0.15,5019.53,4123.48,896.05,Completed
ORD014867,2025-04-10,CUST01413,PROD0057,B004,4,4020.4,0.1,3618.36,2595.81,1022.55,Completed
ORD014869,2025-04-02,CUST00889,PROD0054,B001,5,5638.39,0.0,5638.39,3810.16,1828.23,Completed
ORD014871,2025-06-08,CUST00420,PROD0021,B005,5,4225.8,0.2,3380.64,2567.89,812.75,Completed
ORD014878,2025-11-18,CUST01328,PROD0039,B001,3,4448.07,0.05,4225.66,2478.74,1746.92,Completed
ORD014882,2025-11-23,CUST01743,PROD0105,B003,2,843.47,0.1,759.12,621.59,137.53,Completed
ORD014888,2025-09-30,CUST01412,PROD0010,B003,1,1842.55,0.2,1474.04,1072.0,402.04,Completed
ORD014891,2025-06-29,CUST02223,PROD0052,B001,3,1982.05,0.1,1783.85,1360.05,423.8,Completed
ORD014896,2025-02-20,CUST00170,PROD0102,B005,3,2314.2,0.05,2198.49,1334.6,863.89,Completed
ORD014897,2025-03-30,CUST01583,PROD0035,B003,4,2321.65,0.2,1857.32,1742.46,114.86,Completed
ORD014899,2025-05-20,CUST01598,PROD0021,B003,5,4225.8,0.1,3803.22,2567.89,1235.33,Completed
ORD014902,2025-06-13,CUST00385,PROD0067,B001,3,2720.42,0.05,2584.4,1491.98,1092.42,Completed
ORD014908,2025-04-13,CUST01596,PROD0093,B001,3,2599.06,0.0,2599.06,1907.02,692.04,Completed
ORD014909,2025-06-07,CUST00132,PROD0037,B002,2,1159.35,0.15,985.45,965.12,20.33,Completed
ORD014916,2025-02-27,CUST02400,PROD0098,B001,3,2998.18,0.15,2548.45,1676.49,871.96,Completed
ORD014917,2025-07-24,CUST01302,PROD0018,B001,5,8606.54,0.1,7745.88,5359.54,2386.34,Completed
ORD014918,2025-01-06,CUST00365,PROD0078,B001,1,931.95,0.05,885.36,573.98,311.38,Completed
ORD014920,2025-05-14,CUST01879,PROD0120,B003,5,2845.83,0.05,2703.54,1834.73,868.81,Completed
ORD014922,2025-09-06,CUST01290,PROD0008,B002,3,796.66,0.15,677.16,656.72,20.44,Completed
ORD014929,2025-06-29,CUST02400,PROD0079,B004,3,519.91,0.15,441.92,349.71,92.21,Completed
ORD014935,2025-04-26,CUST02060,PROD0049,B004,3,3998.17,0.15,3398.44,2313.24,1085.2,Completed
ORD014938,2025-08-25,CUST00071,PROD0065,B002,2,2702.67,0.05,2567.53,2022.43,545.1,Completed
ORD014939,2025-03-12,CUST01706,PROD0010,B005,5,9212.77,0.1,8291.5,5359.98,2931.52,Completed
ORD014945,2025-03-26,CUST01752,PROD0107,B004,1,1778.2,0.15,1511.47,1087.67,423.8,Completed
ORD014948,2025-10-21,CUST00061,PROD0085,B005,2,86.1,0.1,77.49,68.23,9.26,Completed
ORD014949,2025-10-15,CUST00007,PROD0056,B001,1,1411.72,0.05,1341.13,1057.64,283.49,Completed
ORD014950,2025-10-04,CUST00892,PROD0082,B004,3,6283.58,0.1,5655.22,3400.99,2254.23,Completed
ORD014952,2025-11-12,CUST01450,PROD0001,B003,1,1939.39,0.05,1842.42,1063.18,779.24,Completed
ORD014960,2025-08-15,CUST00772,PROD0016,B005,3,266.59,0.2,213.27,159.65,53.62,Completed
ORD014961,2025-10-18,CUST00529,PROD0106,B002,4,2874.32,0.2,2299.46,1724.88,574.58,Completed
ORD014975,2025-09-11,CUST01244,PROD0012,B005,4,371.62,0.2,297.29,350.3,-53.01,Completed
ORD014986,2025-05-31,CUST00728,PROD0047,B003,2,620.39,0.05,589.38,359.3,230.08,Completed
ORD014988,2025-06-08,CUST00074,PROD0072,B002,1,465.16,0.05,441.9,326.62,115.28,Completed
ORD014990,2025-07-08,CUST00581,PROD0061,B002,3,1344.6,0.25,1008.45,945.07,63.38,Completed
ORD014998,2025-08-27,CUST01741,PROD0041,B005,3,345.23,0.05,327.97,187.47,140.5,Completed
ORD015000,2025-08-04,CUST02459,PROD0057,B002,5,5025.49,0.05,4774.22,3244.76,1529.46,Completed
ORD015011,2025-06-24,CUST00394,PROD0076,B005,5,1499.88,0.1,1349.89,1200.24,149.65,Completed
ORD015012,2025-10-17,CUST01903,PROD0022,B001,4,5057.35,0.0,5057.35,3654.32,1403.03,Completed
ORD015024,2025-04-21,CUST02481,PROD0044,B003,4,4375.79,0.1,3938.21,2429.64,1508.57,Completed
ORD015025,2025-05-11,CUST00504,PROD0114,B001,1,1374.54,0.05,1305.81,1043.17,262.64,Completed
ORD015034,2025-01-15,CUST00358,PROD0013,B001,4,2706.22,0.15,2300.28,1830.9,469.38,Completed
ORD015037,2025-06-15,CUST01427,PROD0096,B003,3,5330.76,0.0,5330.76,3103.42,2227.34,Completed
ORD015038,2025-07-23,CUST02449,PROD0041,B002,2,230.15,0.15,195.63,124.98,70.65,Completed
ORD015040,2025-09-01,CUST01698,PROD0119,B003,2,1197.16,0.1,1077.45,868.62,208.83,Completed
ORD015041,2025-01-22,CUST01907,PROD0088,B002,3,1346.61,0.1,1211.95,868.81,343.14,Completed
ORD015043,2025-06-21,CUST00438,PROD0074,B004,3,1958.53,0.05,1860.61,1514.51,346.1,Completed
ORD015050,2025-08-27,CUST01002,PROD0091,B001,3,1241.02,0.1,1116.92,945.87,171.05,Completed
ORD015052,2025-10-27,CUST01126,PROD0010,B003,3,5527.66,0.0,5527.66,3215.99,2311.67,Completed
ORD015053,2025-06-27,CUST01459,PROD0029,B001,5,2290.03,0.2,1832.02,1329.25,502.77,Completed
ORD015057,2025-03-13,CUST00928,PROD0076,B005,4,1199.9,0.0,1199.9,960.2,239.7,Completed
ORD015062,2025-11-15,CUST00930,PROD0040,B005,2,1981.35,0.1,1783.21,1080.7,702.51,Completed
ORD015067,2025-11-26,CUST00720,PROD0024,B002,4,5128.14,0.2,4102.51,2812.38,1290.13,Completed
ORD015068,2025-09-01,CUST01523,PROD0014,B001,3,4142.63,0.2,3314.11,2371.81,942.3,Completed
ORD015070,2025-12-28,CUST00504,PROD0019,B002,1,888.69,0.15,755.39,554.19,201.2,Completed
ORD015077,2025-11-04,CUST01608,PROD0052,B001,1,660.68,0.0,660.68,453.35,207.33,Completed
ORD015079,2025-09-12,CUST00613,PROD0089,B003,2,686.67,0.15,583.67,451.18,132.49,Completed
ORD015081,2025-11-09,CUST00443,PROD0018,B002,4,6885.23,0.1,6196.71,4287.63,1909.08,Completed
ORD015084,2025-11-24,CUST00821,PROD0046,B002,4,893.34,0.2,714.67,674.21,40.46,Completed
ORD015086,2025-03-28,CUST01972,PROD0007,B002,4,190.83,0.15,162.2,143.01,19.19,Completed
ORD015103,2025-11-29,CUST02386,PROD0057,B001,2,2010.2,0.0,2010.2,1297.91,712.29,Completed
ORD015108,2025-02-01,CUST01305,PROD0100,B003,1,810.99,0.25,608.24,633.28,-25.04,Completed
ORD015110,2025-03-20,CUST02032,PROD0096,B005,2,3553.84,0.1,3198.46,2068.95,1129.51,Completed
ORD015114,2025-01-21,CUST00335,PROD0045,B001,1,1004.75,0.0,1004.75,716.56,288.19,Completed
ORD015123,2025-09-28,CUST01233,PROD0081,B004,3,399.32,0.1,359.39,297.32,62.07,Completed
ORD015129,2025-01-17,CUST00584,PROD0013,B003,4,2706.22,0.15,2300.28,1830.9,469.38,Completed
ORD015133,2025-11-08,CUST00655,PROD0082,B001,5,10472.63,0.1,9425.37,5668.32,3757.05,Completed
ORD015134,2025-09-21,CUST01807,PROD0093,B004,2,1732.71,0.0,1732.71,1271.34,461.37,Completed
ORD015139,2025-06-03,CUST02227,PROD0117,B001,3,2316.79,0.1,2085.12,1428.37,656.75,Completed
ORD015140,2025-01-22,CUST00104,PROD0092,B005,1,104.44,0.15,88.78,66.64,22.14,Completed
ORD015145,2025-09-08,CUST00542,PROD0099,B004,4,2045.37,0.1,1840.83,2374.27,-533.44,Completed
ORD015146,2025-07-07,CUST00433,PROD0006,B003,2,1338.93,0.15,1138.09,971.81,166.28,Completed
ORD015148,2025-08-04,CUST00861,PROD0011,B002,3,2543.84,0.15,2162.27,1972.87,189.4,Completed
ORD015149,2025-08-25,CUST01381,PROD0018,B003,3,5163.92,0.1,4647.53,3215.72,1431.81,Completed
ORD015157,2025-04-06,CUST01333,PROD0013,B001,2,765.66,0.05,727.38,915.45,-188.07,Completed
ORD015159,2025-12-28,CUST00636,PROD0059,B004,5,4875.0,0.1,4387.5,3083.56,1303.94,Completed
ORD015160,2025-02-19,CUST00475,PROD0120,B002,4,2276.66,0.05,2162.83,1467.78,695.05,Completed
ORD015163,2025-04-06,CUST00212,PROD0034,B004,5,5387.24,0.1,4848.51,3582.94,1265.57,Completed
ORD015167,2025-03-18,CUST00511,PROD0050,B001,4,4396.56,0.15,3737.08,2537.07,1200.01,Completed
ORD015173,2025-01-13,CUST01518,PROD0080,B003,5,2033.0,0.1,1829.7,1409.99,419.71,Completed
ORD015181,2025-08-16,CUST00166,PROD0069,B003,3,3795.1,0.2,3036.08,2059.31,976.77,Completed
ORD015186,2025-05-30,CUST00053,PROD0118,B002,1,289.88,0.05,275.39,194.17,81.22,Completed
ORD015189,2025-04-13,CUST00692,PROD0105,B005,2,843.47,0.05,801.3,621.59,179.71,Completed
ORD015192,2025-07-18,CUST01099,PROD0105,B002,1,421.74,0.15,358.48,310.8,47.68,Completed
ORD015193,2025-05-21,CUST01755,PROD0106,B005,2,1437.16,0.1,1293.45,862.44,431.01,Completed
ORD015195,2025-11-15,CUST02421,PROD0063,B003,1,132.68,0.1,119.41,100.47,18.94,Completed
ORD015199,2025-05-26,CUST01818,PROD0091,B001,4,1654.7,0.25,1241.02,1261.16,-20.14,Completed
ORD015203,2025-09-18,CUST00036,PROD0003,B004,1,377.79,0.2,302.23,267.73,34.5,Completed
ORD015212,2025-09-29,CUST01746,PROD0084,B002,5,2591.35,0.0,2591.35,1913.12,678.23,Completed
ORD015215,2025-09-24,CUST02124,PROD0017,B001,3,2608.78,0.05,2478.34,1895.94,582.4,Completed
ORD015217,2025-05-15,CUST02118,PROD0072,B002,3,1395.47,0.1,1255.93,979.86,276.07,Completed
ORD015226,2025-06-13,CUST02067,PROD0057,B001,2,2010.2,0.05,1909.69,1297.91,611.78,Completed
ORD015236,2025-06-29,CUST00446,PROD0035,B003,4,2321.65,0.0,2321.65,1742.46,579.19,Completed
ORD015237,2025-05-15,CUST01540,PROD0039,B003,3,4448.07,0.2,3558.45,2478.74,1079.71,Completed
ORD015242,2025-11-04,CUST00064,PROD0014,B001,5,6904.38,0.0,6904.38,3953.01,2951.37,Completed
ORD015243,2025-03-01,CUST02351,PROD0108,B004,3,2729.65,0.0,2729.65,1570.27,1159.38,Completed
ORD015252,2025-06-02,CUST02477,PROD0106,B005,3,2155.74,0.0,2155.74,1293.66,862.08,Completed
ORD015257,2025-09-07,CUST02152,PROD0043,B003,4,1165.59,0.05,1107.31,714.58,392.73,Completed
ORD015260,2025-03-23,CUST02349,PROD0087,B005,4,4724.26,0.05,4488.04,3298.78,1189.26,Completed
ORD015263,2025-02-07,CUST01316,PROD0085,B001,4,172.21,0.15,146.37,136.46,9.91,Completed
ORD015266,2025-09-17,CUST02048,PROD0032,B003,2,1472.87,0.2,1178.29,810.6,367.69,Completed
ORD015267,2025-02-20,CUST02345,PROD0058,B004,4,1251.03,0.15,1063.37,698.33,365.04,Completed
ORD015268,2025-08-16,CUST01218,PROD0012,B002,1,129.62,0.1,116.65,87.57,29.08,Completed
ORD015270,2025-01-22,CUST00699,PROD0004,B005,1,299.17,0.25,224.38,191.1,33.28,Completed
ORD015280,2025-08-20,CUST01282,PROD0082,B004,2,4189.05,0.15,3560.69,2267.33,1293.36,Completed
ORD015281,2025-07-25,CUST00748,PROD0056,B004,1,1411.72,0.1,1270.55,1057.64,212.91,Completed
ORD015282,2025-06-18,CUST01255,PROD0115,B001,1,746.55,0.05,709.22,460.65,248.57,Completed
ORD015284,2025-03-16,CUST02421,PROD0009,B003,2,638.57,0.1,574.71,391.05,183.66,Completed
ORD015287,2025-11-16,CUST00786,PROD0089,B001,4,1373.33,0.25,1030.0,902.35,127.65,Completed
ORD015294,2025-04-08,CUST00598,PROD0049,B005,2,2665.44,0.05,2532.17,1542.16,990.01,Completed
ORD015305,2025-03-04,CUST02428,PROD0062,B001,2,1459.06,0.1,1313.16,1157.44,155.72,Completed
ORD015306,2025-11-10,CUST00703,PROD0005,B002,3,3667.18,0.15,3117.1,2261.19,855.91,Completed
ORD015307,2025-04-22,CUST01863,PROD0080,B001,5,2033.0,0.15,1728.05,1409.99,318.06,Completed
ORD015309,2025-10-11,CUST00846,PROD0050,B001,4,4396.56,0.15,3737.08,2537.07,1200.01,Completed
ORD015310,2025-05-01,CUST00862,PROD0097,B005,3,5283.51,0.15,4490.98,3253.85,1237.13,Completed
ORD015315,2025-11-25,CUST00188,PROD0046,B005,5,1116.68,0.15,949.17,842.77,106.4,Completed
ORD015324,2025-03-22,CUST01909,PROD0059,B004,5,2818.51,0.1,2536.66,3083.56,-546.9,Completed
ORD015328,2025-06-27,CUST00607,PROD0017,B003,1,869.59,0.1,782.63,631.98,150.65,Completed
ORD015333,2025-03-23,CUST00883,PROD0074,B005,4,2611.38,0.15,2219.67,2019.35,200.32,Completed
ORD015334,2025-09-19,CUST00584,PROD0050,B003,4,4396.56,0.1,3956.9,2537.07,1419.83,Completed
ORD015336,2025-02-12,CUST00322,PROD0017,B001,2,1739.19,0.2,1391.35,1263.96,127.39,Completed
ORD015341,2025-05-01,CUST01011,PROD0115,B001,5,3732.73,0.05,3546.1,2303.26,1242.84,Completed
ORD015343,2025-03-29,CUST00642,PROD0077,B001,2,608.04,0.15,516.84,492.1,24.74,Completed
ORD015352,2025-08-02,CUST00291,PROD0019,B002,1,888.69,0.2,710.95,554.19,156.76,Completed
ORD015357,2025-05-10,CUST00200,PROD0031,B005,3,2001.1,0.0,2001.1,1642.48,358.62,Completed
ORD015358,2025-09-22,CUST00301,PROD0109,B004,5,6779.33,0.0,6779.33,4875.55,1903.78,Completed
ORD015361,2025-12-27,CUST02223,PROD0051,B005,1,896.09,0.05,851.29,594.05,257.24,Completed
ORD015365,2025-11-08,CUST02308,PROD0067,B002,4,3627.23,0.05,3445.87,1989.31,1456.56,Completed
ORD015368,2025-02-02,CUST02371,PROD0021,B005,5,4225.8,0.25,3169.35,2567.89,601.46,Completed
ORD015369,2025-05-31,CUST00915,PROD0100,B001,4,3243.95,0.15,2757.36,2533.12,224.24,Completed
ORD015381,2025-10-01,CUST01115,PROD0103,B005,4,3490.63,0.1,3141.57,2065.73,1075.84,Completed
ORD015383,2025-08-05,CUST02406,PROD0058,B002,4,1251.03,0.15,1063.37,698.33,365.04,Completed
ORD015384,2025-02-18,CUST00672,PROD0036,B002,2,566.72,0.1,510.05,306.44,203.61,Completed
ORD015385,2025-10-02,CUST02272,PROD0022,B003,5,6321.69,0.0,6321.69,4567.91,1753.78,Completed
ORD015386,2025-10-11,CUST02426,PROD0059,B005,1,975.0,0.05,926.25,616.71,309.54,Completed
ORD015387,2025-09-05,CUST01357,PROD0101,B001,1,646.39,0.05,614.07,460.5,153.57,Completed
ORD015389,2025-12-28,CUST01904,PROD0088,B002,3,1346.61,0.1,1211.95,868.81,343.14,Completed
ORD015391,2025-03-18,CUST00668,PROD0114,B003,1,1374.54,0.15,1168.36,1043.17,125.19,Completed
ORD015393,2025-04-22,CUST00207,PROD0048,B002,5,4441.84,0.1,3997.65,3077.47,920.18,Completed
ORD015394,2025-09-07,CUST01805,PROD0044,B005,3,3281.84,0.15,2789.57,1822.23,967.34,Completed
ORD015397,2025-09-24,CUST00171,PROD0002,B002,5,3400.69,0.15,2890.59,2056.3,834.29,Completed
ORD015404,2025-02-02,CUST01416,PROD0053,B005,4,1285.32,0.1,1156.79,1446.41,-289.62,Completed
ORD015406,2025-07-07,CUST02480,PROD0114,B004,1,1374.54,0.1,1237.08,1043.17,193.91,Completed
ORD015408,2025-09-16,CUST01616,PROD0030,B002,3,3058.15,0.05,2905.24,2440.78,464.46,Completed
ORD015410,2025-06-11,CUST01038,PROD0021,B001,2,1690.32,0.25,1267.74,1027.16,240.58,Completed
ORD015411,2025-06-27,CUST00886,PROD0111,B003,2,3669.64,0.1,3302.67,2214.12,1088.55,Completed
ORD015412,2025-11-23,CUST02251,PROD0111,B005,2,3669.64,0.1,3302.67,2214.12,1088.55,Completed
ORD015414,2025-02-03,CUST02096,PROD0094,B005,1,195.28,0.1,175.75,117.02,58.73,Completed
ORD015415,2025-07-12,CUST00969,PROD0116,B005,4,1048.69,0.05,996.26,860.36,135.9,Completed
ORD015418,2025-03-10,CUST01480,PROD0043,B005,4,668.38,0.15,568.12,714.58,-146.46,Completed
ORD015420,2025-10-13,CUST02085,PROD0012,B003,5,648.08,0.1,583.27,437.87,145.4,Completed
ORD015430,2025-01-09,CUST01442,PROD0024,B002,4,5128.14,0.15,4358.92,2812.38,1546.54,Completed
ORD015434,2025-08-07,CUST01441,PROD0056,B002,5,7058.6,0.05,6705.66,5288.22,1417.44,Completed
ORD015436,2025-10-28,CUST01796,PROD0007,B003,2,95.41,0.05,90.64,71.51,19.13,Completed
ORD015443,2025-08-04,CUST01282,PROD0106,B003,4,2874.32,0.1,2586.89,1724.88,862.01,Completed
ORD015444,2025-10-10,CUST01264,PROD0034,B001,5,5387.24,0.25,4040.43,3582.94,457.49,Completed
ORD015445,2025-11-04,CUST00728,PROD0038,B001,4,239.73,0.1,215.76,162.84,52.92,Completed
ORD015447,2025-04-02,CUST01927,PROD0119,B002,3,1795.75,0.1,1616.17,1302.93,313.24,Completed
ORD015451,2025-09-04,CUST01246,PROD0050,B001,5,5495.7,0.0,5495.7,3171.34,2324.36,Completed
ORD015454,2025-10-16,CUST01474,PROD0090,B005,5,1599.39,0.1,1439.45,1000.91,438.54,Completed
ORD015457,2025-07-24,CUST02171,PROD0034,B005,2,2154.89,0.25,1616.17,1433.18,182.99,Completed
ORD015460,2025-11-23,CUST01834,PROD0091,B004,3,1241.02,0.2,992.82,945.87,46.95,Completed
ORD015465,2025-07-07,CUST01154,PROD0028,B003,2,1460.38,0.05,1387.36,917.03,470.33,Completed
ORD015472,2025-03-28,CUST00104,PROD0090,B002,1,319.88,0.15,271.9,200.18,71.72,Completed
ORD015479,2025-04-11,CUST00494,PROD0043,B004,5,1456.99,0.1,1311.29,893.23,418.06,Completed
ORD015487,2025-05-08,CUST01273,PROD0117,B005,1,772.26,0.1,695.04,476.12,218.92,Completed
ORD015489,2025-02-19,CUST01945,PROD0061,B002,2,896.4,0.0,896.4,630.05,266.35,Completed
ORD015495,2025-07-03,CUST00983,PROD0050,B002,2,2198.28,0.25,1648.71,1268.54,380.17,Completed
ORD015498,2025-11-20,CUST01712,PROD0092,B005,3,313.33,0.1,282.0,199.91,82.09,Completed
ORD015502,2025-03-01,CUST01236,PROD0091,B001,5,2068.37,0.1,1861.54,1576.45,285.09,Completed
ORD015504,2025-07-29,CUST00140,PROD0101,B001,1,646.39,0.05,614.07,460.5,153.57,Completed
ORD015508,2025-12-28,CUST00855,PROD0120,B002,3,1707.5,0.15,1451.37,1100.84,350.53,Completed
ORD015512,2025-03-06,CUST02256,PROD0004,B004,3,897.52,0.15,762.9,573.31,189.59,Completed
ORD015516,2025-08-17,CUST01056,PROD0108,B002,1,909.88,0.1,818.9,523.42,295.48,Completed
ORD015517,2025-05-10,CUST01709,PROD0036,B002,1,283.36,0.1,255.03,153.22,101.81,Completed
ORD015524,2025-05-02,CUST00551,PROD0084,B002,5,2591.35,0.15,2202.64,1913.12,289.52,Completed
ORD015532,2025-10-27,CUST02338,PROD0105,B003,3,1265.21,0.2,1012.17,932.39,79.78,Completed
ORD015535,2025-12-02,CUST01469,PROD0027,B001,5,3421.89,0.15,2908.6,2478.73,429.87,Completed
ORD015536,2025-02-08,CUST00913,PROD0062,B004,3,2188.59,0.2,1750.88,1736.16,14.72,Completed
ORD015537,2025-12-02,CUST02401,PROD0110,B001,1,796.71,0.05,756.88,463.19,293.69,Completed
ORD015551,2025-11-23,CUST00118,PROD0097,B001,4,7044.68,0.0,7044.68,4338.46,2706.22,Completed
ORD015555,2025-08-17,CUST01631,PROD0015,B004,2,2842.13,0.25,2131.6,1767.45,364.15,Completed
ORD015557,2025-05-03,CUST02076,PROD0042,B003,4,5814.11,0.1,5232.7,4257.54,975.16,Completed
ORD015564,2025-07-09,CUST00240,PROD0043,B001,3,874.19,0.05,830.48,535.94,294.54,Completed
ORD015581,2025-09-26,CUST02296,PROD0026,B002,4,1574.03,0.1,1416.62,1137.19,279.43,Completed
ORD015582,2025-12-10,CUST01918,PROD0084,B005,3,1554.81,0.0,1554.81,1147.87,406.94,Completed
ORD015586,2025-08-22,CUST01724,PROD0006,B002,1,669.46,0.0,669.46,485.9,183.56,Completed
ORD015594,2025-11-09,CUST02412,PROD0048,B003,5,4441.84,0.05,4219.74,3077.47,1142.27,Completed
ORD015595,2025-05-11,CUST01392,PROD0022,B001,3,3793.01,0.15,3224.06,2740.74,483.32,Completed
ORD015599,2025-02-16,CUST01884,PROD0027,B003,2,1368.76,0.05,1300.32,991.49,308.83,Completed
ORD015604,2025-01-03,CUST01009,PROD0069,B002,4,5060.14,0.05,4807.13,2745.75,2061.38,Completed
ORD015605,2025-06-25,CUST02314,PROD0100,B001,5,4054.94,0.15,3446.7,3166.4,280.3,Completed
ORD015606,2025-10-12,CUST01783,PROD0093,B004,4,3465.41,0.2,2772.33,2542.69,229.64,Completed
ORD015607,2025-02-02,CUST01528,PROD0049,B005,5,6663.61,0.2,5330.89,3855.39,1475.5,Completed
ORD015610,2025-08-19,CUST01075,PROD0037,B003,4,2318.69,0.1,2086.82,1930.23,156.59,Completed
ORD015615,2025-03-07,CUST01141,PROD0084,B005,3,1554.81,0.05,1477.07,1147.87,329.2,Completed
ORD015618,2025-03-30,CUST02449,PROD0065,B002,4,5405.34,0.05,5135.07,4044.87,1090.2,Completed
ORD015627,2025-09-20,CUST02472,PROD0010,B001,3,5527.66,0.1,4974.9,3215.99,1758.91,Completed
ORD015628,2025-03-10,CUST00699,PROD0037,B003,2,1159.35,0.05,1101.38,965.12,136.26,Completed
ORD015632,2025-07-09,CUST00626,PROD0012,B005,2,259.23,0.0,259.23,175.15,84.08,Completed
ORD015634,2025-09-29,CUST01028,PROD0031,B005,4,2668.14,0.0,2668.14,2189.98,478.16,Completed
ORD015643,2025-12-02,CUST01018,PROD0049,B001,4,5330.89,0.0,5330.89,3084.32,2246.57,Completed
ORD015647,2025-04-05,CUST02454,PROD0030,B002,5,5096.92,0.1,4587.23,4067.97,519.26,Completed
ORD015654,2025-08-28,CUST00765,PROD0051,B002,3,2688.28,0.2,2150.62,1782.15,368.47,Completed
ORD015661,2025-01-30,CUST01913,PROD0087,B004,4,4724.26,0.1,4251.83,3298.78,953.05,Completed
ORD015665,2025-05-10,CUST00463,PROD0013,B001,4,2706.22,0.05,2570.9,1830.9,740.0,Completed
ORD015669,2025-02-27,CUST01362,PROD0024,B001,1,1282.03,0.2,1025.63,703.09,322.54,Completed
ORD015673,2025-09-16,CUST00955,PROD0110,B002,1,796.71,0.25,597.54,463.19,134.35,Completed
ORD015680,2025-03-07,CUST02471,PROD0087,B001,4,4724.26,0.0,4724.26,3298.78,1425.48,Completed
ORD015687,2025-04-08,CUST01572,PROD0036,B001,3,850.08,0.2,680.07,459.65,220.42,Completed
ORD015693,2025-12-05,CUST00578,PROD0064,B001,5,4626.14,0.2,3700.91,3516.44,184.47,Completed
ORD015694,2025-10-01,CUST01436,PROD0022,B001,2,2528.68,0.0,2528.68,1827.16,701.52,Completed
ORD015697,2025-09-22,CUST00526,PROD0018,B005,1,1721.31,0.1,1549.18,1071.91,477.27,Completed
ORD015698,2025-05-07,CUST02058,PROD0032,B002,1,736.43,0.2,589.15,405.3,183.85,Completed
ORD015699,2025-11-09,CUST02374,PROD0010,B001,1,1842.55,0.15,1566.17,1072.0,494.17,Completed
ORD015708,2025-10-01,CUST00468,PROD0025,B004,2,1980.09,0.15,1683.07,1181.43,501.64,Completed
ORD015709,2025-06-10,CUST01773,PROD0088,B001,1,448.87,0.15,381.54,289.6,91.94,Completed
ORD015712,2025-08-12,CUST02137,PROD0082,B002,1,2094.53,0.2,1675.62,1133.66,541.96,Completed
ORD015716,2025-05-15,CUST00357,PROD0018,B002,1,1721.31,0.1,1549.18,1071.91,477.27,Completed
ORD015717,2025-08-12,CUST01543,PROD0004,B004,2,598.35,0.0,598.35,382.21,216.14,Completed
ORD015718,2025-08-08,CUST01091,PROD0012,B005,1,129.62,0.2,103.7,87.57,16.13,Completed
ORD015731,2025-08-13,CUST00376,PROD0050,B002,5,5495.7,0.0,5495.7,3171.34,2324.36,Completed
ORD015733,2025-12-26,CUST01133,PROD0027,B001,3,2053.13,0.1,1847.82,1487.24,360.58,Completed
ORD015739,2025-09-01,CUST01128,PROD0027,B004,3,2053.13,0.0,2053.13,1487.24,565.89,Completed
ORD015742,2025-10-25,CUST00500,PROD0005,B001,3,3667.18,0.05,3483.83,2261.19,1222.64,Completed
ORD015761,2025-01-09,CUST02346,PROD0006,B001,4,2677.86,0.05,2543.96,1943.61,600.35,Completed
ORD015763,2025-01-06,CUST02265,PROD0117,B002,2,1544.53,0.2,1235.62,952.25,283.37,Completed
ORD015765,2025-04-04,CUST00371,PROD0049,B001,4,5330.89,0.25,3998.17,3084.32,913.85,Completed
ORD015768,2025-04-02,CUST02228,PROD0075,B005,2,2827.8,0.05,2686.41,2184.91,501.5,Completed
ORD015774,2025-04-07,CUST01625,PROD0119,B002,1,598.58,0.1,538.72,434.31,104.41,Completed
ORD015782,2025-04-15,CUST00702,PROD0034,B002,2,2154.89,0.15,1831.66,1433.18,398.48,Completed
ORD015790,2025-04-30,CUST00472,PROD0086,B003,3,1583.6,0.05,1504.42,1202.23,302.19,Completed
ORD015801,2025-12-04,CUST01594,PROD0062,B004,4,2918.12,0.1,2626.31,2314.89,311.42,Completed
ORD015803,2025-06-15,CUST00742,PROD0090,B002,4,1279.51,0.15,1087.59,800.72,286.87,Completed
ORD015804,2025-04-05,CUST00338,PROD0096,B003,5,8884.61,0.1,7996.15,5172.37,2823.78,Completed
ORD015815,2025-05-08,CUST01950,PROD0101,B002,2,1292.78,0.05,1228.14,921.0,307.14,Completed
ORD015816,2025-06-08,CUST01203,PROD0040,B003,1,524.99,0.05,498.74,540.35,-41.61,Completed
ORD015819,2025-11-07,CUST01574,PROD0097,B001,1,1761.17,0.15,1496.99,1084.62,412.37,Completed
ORD015827,2025-04-28,CUST00700,PROD0052,B002,1,660.68,0.05,627.65,453.35,174.3,Completed
ORD015830,2025-07-21,CUST00407,PROD0007,B004,1,47.71,0.0,47.71,35.75,11.96,Completed
ORD015831,2025-09-18,CUST00755,PROD0112,B001,2,1732.73,0.0,1732.73,1356.66,376.07,Completed
ORD015833,2025-12-09,CUST01969,PROD0046,B003,1,223.34,0.25,167.5,168.55,-1.05,Completed
ORD015838,2025-03-16,CUST01979,PROD0096,B001,3,5330.76,0.25,3998.07,3103.42,894.65,Completed
ORD015846,2025-01-03,CUST01804,PROD0110,B001,4,3186.86,0.0,3186.86,1852.77,1334.09,Completed
ORD015852,2025-09-26,CUST00618,PROD0047,B001,5,1550.99,0.2,1240.79,898.25,342.54,Completed
ORD015854,2025-10-12,CUST01879,PROD0045,B001,5,5023.75,0.0,5023.75,3582.79,1440.96,Completed
ORD015857,2025-06-30,CUST01859,PROD0064,B002,3,2775.68,0.15,2359.33,2109.86,249.47,Completed
ORD015859,2025-10-14,CUST02073,PROD0034,B003,3,3232.34,0.15,2747.49,2149.77,597.72,Completed
ORD015869,2025-02-26,CUST01686,PROD0098,B004,5,4996.96,0.1,4497.27,2794.15,1703.12,Completed
ORD015873,2025-04-07,CUST02162,PROD0073,B002,3,548.4,0.15,466.15,359.92,106.23,Completed
ORD015875,2025-09-29,CUST00232,PROD0107,B002,1,1778.2,0.2,1422.56,1087.67,334.89,Completed
ORD015877,2025-03-29,CUST02150,PROD0111,B001,5,9174.1,0.15,7797.98,5535.31,2262.67,Completed
ORD015885,2025-09-22,CUST01240,PROD0108,B001,3,1758.5,0.15,1494.72,1570.27,-75.55,Completed
ORD015892,2025-02-27,CUST01237,PROD0055,B003,4,1858.97,0.05,1766.02,1054.16,711.86,Completed
ORD015896,2025-01-30,CUST00023,PROD0094,B001,3,585.84,0.0,585.84,351.05,234.79,Completed
ORD015900,2025-12-03,CUST01219,PROD0039,B001,1,1482.69,0.2,1186.15,826.25,359.9,Completed
ORD015902,2025-01-11,CUST02422,PROD0085,B001,3,129.15,0.15,109.78,102.34,7.44,Completed
ORD015905,2025-03-29,CUST01739,PROD0100,B001,4,3243.95,0.0,3243.95,2533.12,710.83,Completed
ORD015906,2025-03-09,CUST01629,PROD0017,B002,5,4347.97,0.1,3913.17,3159.89,753.28,Completed
ORD015907,2025-06-06,CUST02039,PROD0041,B001,2,230.15,0.05,218.65,124.98,93.67,Completed
ORD015908,2025-02-19,CUST00032,PROD0119,B003,4,2394.33,0.1,2154.89,1737.24,417.65,Completed
ORD015910,2025-11-13,CUST00965,PROD0053,B002,4,2223.35,0.05,2112.19,1446.41,665.78,Completed
ORD015911,2025-12-31,CUST00520,PROD0014,B003,5,6904.38,0.1,6213.95,3953.01,2260.94,Completed
ORD015918,2025-12-08,CUST01495,PROD0057,B005,5,5025.49,0.1,4522.94,3244.76,1278.18,Completed
ORD015920,2025-03-10,CUST02342,PROD0047,B001,3,930.59,0.0,930.59,538.95,391.64,Completed
ORD015921,2025-03-06,CUST00334,PROD0040,B001,5,4953.37,0.15,4210.37,2701.76,1508.61,Completed
ORD015928,2025-11-16,CUST00441,PROD0110,B004,4,3186.86,0.25,2390.14,1852.77,537.37,Completed
ORD015933,2025-06-07,CUST00759,PROD0066,B005,3,4194.64,0.2,3355.72,3013.47,342.25,Completed
ORD015937,2025-09-07,CUST01967,PROD0050,B001,3,3297.42,0.0,3297.42,1902.8,1394.62,Completed
ORD015947,2025-07-25,CUST01549,PROD0044,B002,4,4375.79,0.0,4375.79,2429.64,1946.15,Completed
ORD015948,2025-08-15,CUST00737,PROD0029,B001,4,1832.02,0.15,1557.22,1063.4,493.82,Completed
ORD015950,2025-10-16,CUST00348,PROD0027,B001,5,3421.89,0.0,3421.89,2478.73,943.16,Completed
ORD015970,2025-02-05,CUST02482,PROD0038,B002,5,299.66,0.1,269.69,203.55,66.14,Completed
ORD015972,2025-05-27,CUST00840,PROD0110,B001,1,796.71,0.1,717.04,463.19,253.85,Completed
ORD015977,2025-06-13,CUST00797,PROD0038,B004,2,119.86,0.05,113.87,81.42,32.45,Completed
ORD015981,2025-10-23,CUST02036,PROD0061,B004,3,1344.6,0.1,1210.14,945.07,265.07,Completed
ORD015989,2025-09-29,CUST02482,PROD0094,B005,3,585.84,0.05,556.55,351.05,205.5,Completed
ORD015996,2025-03-11,CUST01374,PROD0090,B004,2,639.76,0.0,639.76,400.36,239.4,Completed
ORD015997,2025-08-23,CUST00871,PROD0087,B003,2,2362.13,0.2,1889.7,1649.39,240.31,Completed
ORD015998,2025-03-16,CUST00697,PROD0021,B004,2,1690.32,0.15,1436.77,1027.16,409.61,Completed
ORD015999,2025-11-04,CUST01606,PROD0092,B005,4,417.78,0.15,355.11,266.55,88.56,Completed
ORD016001,2025-03-10,CUST02322,PROD0025,B003,3,2970.13,0.15,2524.61,1772.15,752.46,Completed
ORD016006,2025-08-16,CUST02181,PROD0033,B005,2,1200.68,0.2,960.54,766.49,194.05,Completed
ORD016008,2025-03-25,CUST00157,PROD0111,B001,5,9174.1,0.25,6880.57,5535.31,1345.26,Completed
ORD016011,2025-08-06,CUST00070,PROD0098,B002,2,1998.78,0.0,1998.78,1117.66,881.12,Completed
ORD016012,2025-05-11,CUST01970,PROD0011,B001,1,847.95,0.15,720.76,657.62,63.14,Completed
ORD016013,2025-08-20,CUST01099,PROD0114,B002,5,6872.68,0.1,6185.41,5215.83,969.58,Completed
ORD016016,2025-12-01,CUST00025,PROD0079,B002,5,866.51,0.25,649.88,582.85,67.03,Completed
ORD016019,2025-08-04,CUST01652,PROD0013,B003,1,676.55,0.05,642.73,457.72,185.01,Completed
ORD016021,2025-06-27,CUST00511,PROD0077,B001,3,912.07,0.2,729.66,738.16,-8.5,Completed
ORD016022,2025-03-25,CUST02119,PROD0060,B001,1,89.53,0.1,80.57,58.78,21.79,Completed
ORD016024,2025-09-23,CUST02149,PROD0113,B001,2,2508.37,0.2,2006.69,1813.91,192.78,Completed
ORD016026,2025-07-16,CUST01279,PROD0048,B003,2,1776.73,0.0,1776.73,1230.99,545.74,Completed
ORD016028,2025-10-03,CUST01092,PROD0039,B004,3,4448.07,0.05,4225.66,2478.74,1746.92,Completed
ORD016031,2025-04-26,CUST00482,PROD0067,B004,1,906.81,0.15,770.79,497.33,273.46,Completed
ORD016032,2025-10-04,CUST00406,PROD0092,B001,5,522.22,0.15,443.89,333.18,110.71,Completed
ORD016035,2025-09-09,CUST02036,PROD0114,B003,1,1374.54,0.15,1168.36,1043.17,125.19,Completed
ORD016052,2025-09-17,CUST02211,PROD0017,B003,1,869.59,0.2,695.68,631.98,63.7,Completed
ORD016053,2025-08-13,CUST01136,PROD0080,B001,4,1626.4,0.05,1545.08,1127.99,417.09,Completed
ORD016055,2025-04-03,CUST00619,PROD0074,B005,3,1958.53,0.1,1762.68,1514.51,248.17,Completed
ORD016061,2025-09-29,CUST02098,PROD0025,B002,5,4950.22,0.25,3712.67,2953.59,759.08,Completed
ORD016063,2025-01-16,CUST00790,PROD0103,B003,2,1745.31,0.1,1570.78,1032.87,537.91,Completed
ORD016075,2025-06-02,CUST02389,PROD0049,B004,5,6663.61,0.15,5664.07,3855.39,1808.68,Completed
ORD016076,2025-11-12,CUST02369,PROD0120,B001,4,2276.66,0.05,2162.83,1467.78,695.05,Completed
ORD016079,2025-05-24,CUST01818,PROD0015,B002,4,5684.27,0.0,5684.27,3534.91,2149.36,Completed
ORD016084,2025-11-22,CUST01987,PROD0064,B002,2,1385.38,0.1,1246.84,1406.57,-159.73,Completed
ORD016085,2025-12-02,CUST02375,PROD0085,B004,3,129.15,0.05,122.7,102.34,20.36,Completed
ORD016089,2025-04-09,CUST02468,PROD0033,B003,2,1200.68,0.25,900.51,766.49,134.02,Completed
ORD016093,2025-08-11,CUST00748,PROD0046,B002,5,1116.68,0.15,949.17,842.77,106.4,Completed
ORD016094,2025-07-13,CUST01359,PROD0036,B005,2,566.72,0.0,566.72,306.44,260.28,Completed
ORD016095,2025-09-29,CUST01822,PROD0050,B001,4,4396.56,0.15,3737.08,2537.07,1200.01,Completed
ORD016097,2025-05-01,CUST00341,PROD0044,B005,4,4375.79,0.1,3938.21,2429.64,1508.57,Completed
ORD016102,2025-04-16,CUST00647,PROD0005,B003,4,4889.58,0.1,4400.62,3014.92,1385.7,Completed
ORD016103,2025-10-19,CUST00908,PROD0029,B004,4,1832.02,0.05,1740.42,1063.4,677.02,Completed
ORD016110,2025-09-20,CUST02215,PROD0059,B005,5,4875.0,0.0,4875.0,3083.56,1791.44,Completed
ORD016116,2025-06-11,CUST00236,PROD0101,B001,4,2585.55,0.25,1939.17,1842.01,97.16,Completed
ORD016117,2025-12-09,CUST01282,PROD0025,B001,4,3960.18,0.1,3564.16,2362.87,1201.29,Completed
ORD016123,2025-08-03,CUST00506,PROD0105,B004,4,1686.95,0.15,1433.91,1243.18,190.73,Completed
ORD016128,2025-03-08,CUST02279,PROD0031,B003,5,3335.17,0.0,3335.17,2737.47,597.7,Completed
ORD016131,2025-09-21,CUST01638,PROD0035,B001,2,1160.82,0.2,928.66,871.23,57.43,Completed
ORD016132,2025-06-09,CUST00655,PROD0079,B005,5,866.51,0.15,736.54,582.85,153.69,Completed
ORD016134,2025-07-26,CUST01242,PROD0003,B001,3,1133.37,0.0,1133.37,803.19,330.18,Completed
ORD016144,2025-05-02,CUST02052,PROD0015,B001,5,7105.34,0.05,6750.07,4418.64,2331.43,Completed
ORD016146,2025-12-18,CUST00258,PROD0013,B005,2,976.42,0.1,878.78,915.45,-36.67,Completed
ORD016148,2025-04-26,CUST00086,PROD0064,B002,2,1850.46,0.05,1757.93,1406.57,351.36,Completed
ORD016150,2025-06-10,CUST00821,PROD0077,B005,3,912.07,0.0,912.07,738.16,173.91,Completed
ORD016151,2025-10-17,CUST00118,PROD0046,B003,4,893.34,0.0,893.34,674.21,219.13,Completed
ORD016155,2025-11-28,CUST00853,PROD0063,B002,1,132.68,0.05,126.05,100.47,25.58,Completed
ORD016156,2025-07-31,CUST01620,PROD0050,B004,5,5495.7,0.2,4396.56,3171.34,1225.22,Completed
ORD016166,2025-01-06,CUST00156,PROD0026,B002,3,1180.52,0.2,944.41,852.89,91.52,Completed
ORD016174,2025-08-03,CUST01350,PROD0046,B005,1,223.34,0.1,201.0,168.55,32.45,Completed
ORD016178,2025-07-20,CUST00507,PROD0018,B003,1,1721.31,0.1,1549.18,1071.91,477.27,Completed
ORD016181,2025-08-19,CUST02308,PROD0032,B001,4,2945.74,0.0,2945.74,1621.2,1324.54,Completed
ORD016188,2025-04-26,CUST00023,PROD0077,B003,3,912.07,0.05,866.46,738.16,128.3,Completed
ORD016191,2025-06-24,CUST01526,PROD0108,B001,2,1819.76,0.0,1819.76,1046.85,772.91,Completed
ORD016193,2025-10-30,CUST01314,PROD0063,B004,2,265.36,0.0,265.36,200.93,64.43,Completed
ORD016197,2025-04-07,CUST02416,PROD0037,B003,5,2898.37,0.05,2753.45,2412.79,340.66,Completed
ORD016205,2025-05-05,CUST00387,PROD0001,B003,4,7757.58,0.0,7757.58,4252.71,3504.87,Completed
ORD016206,2025-07-12,CUST01815,PROD0010,B001,4,7370.22,0.05,7001.71,4287.98,2713.73,Completed
ORD016208,2025-08-25,CUST02414,PROD0092,B002,4,417.78,0.05,396.89,266.55,130.34,Completed
ORD016211,2025-06-22,CUST02089,PROD0065,B002,1,1351.33,0.05,1283.77,1011.22,272.55,Completed
ORD016214,2025-03-04,CUST02251,PROD0091,B002,3,1241.02,0.15,1054.87,945.87,109.0,Completed
ORD016215,2025-01-15,CUST01457,PROD0073,B002,1,182.8,0.05,173.66,119.97,53.69,Completed
ORD016217,2025-01-09,CUST02375,PROD0058,B002,5,1563.78,0.05,1485.59,872.91,612.68,Completed
ORD016227,2025-04-11,CUST01353,PROD0022,B002,2,2528.68,0.15,2149.38,1827.16,322.22,Completed
ORD016228,2025-08-01,CUST00155,PROD0060,B004,4,358.1,0.2,286.48,235.11,51.37,Completed
ORD016229,2025-03-07,CUST01628,PROD0038,B005,4,239.73,0.1,215.76,162.84,52.92,Completed
ORD016230,2025-12-20,CUST00597,PROD0101,B003,5,3231.94,0.1,2908.75,2302.51,606.24,Completed
ORD016235,2025-08-02,CUST00836,PROD0044,B002,2,2187.9,0.15,1859.71,1214.82,644.89,Completed
ORD016239,2025-01-19,CUST01962,PROD0099,B002,1,849.27,0.1,764.34,593.57,170.77,Completed
ORD016254,2025-05-04,CUST02256,PROD0010,B001,2,3685.11,0.2,2948.09,2143.99,804.1,Completed
ORD016265,2025-12-08,CUST01326,PROD0055,B002,4,1858.97,0.15,1580.12,1054.16,525.96,Completed
ORD016266,2025-11-04,CUST01763,PROD0116,B001,4,1048.69,0.1,943.82,860.36,83.46,Completed
ORD016267,2025-07-06,CUST00186,PROD0050,B001,5,5495.7,0.1,4946.13,3171.34,1774.79,Completed
ORD016268,2025-04-28,CUST01932,PROD0045,B004,3,3014.25,0.1,2712.82,2149.67,563.15,Completed
ORD016270,2025-10-04,CUST01759,PROD0044,B003,3,1817.7,0.2,1454.16,1822.23,-368.07,Completed
ORD016271,2025-04-21,CUST01517,PROD0033,B005,5,3001.7,0.15,2551.45,1916.21,635.24,Completed
ORD016272,2025-02-13,CUST01321,PROD0116,B003,4,1048.69,0.15,891.39,860.36,31.03,Completed
ORD016274,2025-02-01,CUST00027,PROD0067,B002,5,4534.04,0.1,4080.63,2486.63,1594.0,Completed
ORD016275,2025-04-08,CUST00274,PROD0082,B001,1,2094.53,0.1,1885.08,1133.66,751.42,Completed
ORD016278,2025-06-26,CUST00826,PROD0079,B003,4,494.11,0.15,419.99,466.28,-46.29,Completed
ORD016279,2025-07-09,CUST01509,PROD0020,B005,2,1521.28,0.15,1293.08,1095.47,197.61,Completed
ORD016285,2025-12-08,CUST01562,PROD0047,B002,5,1550.99,0.0,1550.99,898.25,652.74,Completed
ORD016287,2025-08-15,CUST00950,PROD0112,B003,5,4331.81,0.2,3465.45,3391.64,73.81,Completed
ORD016288,2025-07-16,CUST00902,PROD0079,B004,4,693.21,0.15,589.23,466.28,122.95,Completed
ORD016294,2025-09-26,CUST02458,PROD0058,B001,5,1563.78,0.1,1407.41,872.91,534.5,Completed
ORD016296,2025-01-13,CUST01033,PROD0006,B002,3,2008.39,0.1,1807.56,1457.71,349.85,Completed
ORD016301,2025-12-15,CUST00628,PROD0087,B003,1,1181.06,0.15,1003.91,824.7,179.21,Completed
ORD016303,2025-06-07,CUST00348,PROD0067,B002,3,1278.8,0.15,1086.98,1491.98,-405.0,Completed
ORD016305,2025-11-26,CUST00886,PROD0072,B004,4,1860.63,0.15,1581.54,1306.48,275.06,Completed
ORD016308,2025-12-01,CUST01332,PROD0006,B001,3,2008.39,0.0,2008.39,1457.71,550.68,Completed
ORD016310,2025-05-15,CUST00964,PROD0003,B004,4,1511.16,0.05,1435.61,1070.91,364.7,Completed
ORD016312,2025-11-21,CUST02370,PROD0055,B002,2,929.48,0.1,836.54,527.08,309.46,Completed
ORD016322,2025-01-30,CUST00537,PROD0028,B005,4,2920.77,0.1,2628.69,1834.06,794.63,Completed
ORD016324,2025-02-04,CUST00245,PROD0072,B004,5,2325.79,0.0,2325.79,1633.1,692.69,Completed
ORD016330,2025-01-08,CUST01806,PROD0104,B003,1,1602.45,0.15,1362.09,1059.57,302.52,Completed
ORD016333,2025-05-14,CUST01195,PROD0106,B001,5,3592.9,0.2,2874.32,2156.1,718.22,Completed
ORD016336,2025-10-30,CUST00013,PROD0060,B003,3,268.58,0.05,255.14,176.33,78.81,Completed
ORD016338,2025-04-09,CUST01447,PROD0090,B004,4,1279.51,0.1,1151.56,800.72,350.84,Completed
ORD016341,2025-01-08,CUST02132,PROD0068,B003,4,4099.74,0.15,3484.78,3293.45,191.33,Completed
ORD016344,2025-04-12,CUST00403,PROD0112,B001,3,2599.09,0.2,2079.27,2034.98,44.29,Completed
ORD016345,2025-02-21,CUST01255,PROD0106,B002,2,1437.16,0.2,1149.73,862.44,287.29,Completed
ORD016347,2025-01-23,CUST01313,PROD0054,B002,5,5638.39,0.0,5638.39,3810.16,1828.23,Completed
ORD016355,2025-05-15,CUST00628,PROD0036,B003,1,283.36,0.1,255.03,153.22,101.81,Completed
ORD016356,2025-05-02,CUST01418,PROD0027,B004,2,1368.76,0.25,1026.57,991.49,35.08,Completed
ORD016359,2025-04-21,CUST01379,PROD0093,B001,2,1732.71,0.05,1646.07,1271.34,374.73,Completed
ORD016360,2025-11-26,CUST01039,PROD0087,B002,5,5905.32,0.15,5019.53,4123.48,896.05,Completed
ORD016364,2025-04-04,CUST01557,PROD0044,B001,1,1093.95,0.05,1039.25,607.41,431.84,Completed
ORD016368,2025-06-27,CUST00353,PROD0033,B003,3,1801.02,0.2,1440.82,1149.73,291.09,Completed
ORD016370,2025-12-18,CUST02087,PROD0020,B002,3,2281.92,0.1,2053.72,1643.2,410.52,Completed
ORD016372,2025-04-06,CUST00941,PROD0095,B001,5,1371.68,0.1,1234.51,1339.42,-104.91,Completed
ORD016375,2025-09-28,CUST01453,PROD0017,B005,5,4347.97,0.05,4130.57,3159.89,970.68,Completed
ORD016382,2025-03-02,CUST01072,PROD0065,B004,5,6756.67,0.0,6756.67,5056.08,1700.59,Completed
ORD016385,2025-03-05,CUST00391,PROD0091,B003,5,2068.37,0.25,1551.28,1576.45,-25.17,Completed
ORD016391,2025-08-30,CUST01661,PROD0063,B002,3,398.04,0.0,398.04,301.4,96.64,Completed
ORD016394,2025-03-28,CUST00766,PROD0105,B002,5,2108.69,0.0,2108.69,1553.98,554.71,Completed
ORD016395,2025-03-07,CUST01249,PROD0094,B003,3,585.84,0.15,497.97,351.05,146.92,Completed
ORD016406,2025-08-17,CUST01523,PROD0019,B004,5,4443.47,0.15,3776.95,2770.95,1006.0,Completed
ORD016409,2025-08-30,CUST01681,PROD0069,B003,1,1265.03,0.1,1138.53,686.44,452.09,Completed
ORD016411,2025-05-06,CUST02178,PROD0101,B002,5,3231.94,0.1,2908.75,2302.51,606.24,Completed
ORD016416,2025-11-21,CUST02496,PROD0015,B002,2,2842.13,0.15,2415.81,1767.45,648.36,Completed
ORD016420,2025-03-07,CUST00910,PROD0086,B001,4,2111.47,0.0,2111.47,1602.97,508.5,Completed
ORD016429,2025-07-04,CUST00227,PROD0101,B005,3,1939.17,0.15,1648.29,1381.51,266.78,Completed
ORD016431,2025-05-03,CUST01469,PROD0007,B004,4,190.83,0.05,181.29,143.01,38.28,Completed
ORD016434,2025-06-12,CUST02052,PROD0028,B005,3,2190.58,0.0,2190.58,1375.54,815.04,Completed
ORD016436,2025-09-30,CUST02477,PROD0074,B003,4,2611.38,0.2,2089.1,2019.35,69.75,Completed
ORD016437,2025-04-08,CUST01976,PROD0016,B001,4,355.46,0.25,266.59,212.86,53.73,Completed
ORD016441,2025-05-23,CUST00540,PROD0023,B001,2,2546.11,0.0,2546.11,1573.84,972.27,Completed
ORD016445,2025-11-08,CUST02015,PROD0049,B004,4,5330.89,0.15,4531.26,3084.32,1446.94,Completed
ORD016446,2025-12-06,CUST02146,PROD0023,B004,3,3819.17,0.0,3819.17,2360.76,1458.41,Completed
ORD016447,2025-12-11,CUST02431,PROD0040,B005,2,1981.35,0.2,1585.08,1080.7,504.38,Completed
ORD016448,2025-02-21,CUST01346,PROD0049,B003,3,3998.17,0.1,3598.35,2313.24,1285.11,Completed
ORD016453,2025-09-27,CUST01850,PROD0062,B001,2,1459.06,0.0,1459.06,1157.44,301.62,Completed
ORD016456,2025-09-15,CUST01918,PROD0091,B002,3,1241.02,0.15,1054.87,945.87,109.0,Completed
ORD016457,2025-06-22,CUST01539,PROD0027,B001,2,1368.76,0.1,1231.88,991.49,240.39,Completed
ORD016462,2025-01-05,CUST00578,PROD0087,B002,2,2362.13,0.05,2244.02,1649.39,594.63,Completed
ORD016465,2025-06-16,CUST01858,PROD0090,B002,5,1599.39,0.15,1359.48,1000.91,358.57,Completed
ORD016469,2025-04-25,CUST02043,PROD0080,B004,1,406.6,0.1,365.94,282.0,83.94,Completed
ORD016479,2025-01-31,CUST01176,PROD0115,B003,4,2986.19,0.05,2836.87,1842.61,994.26,Completed
ORD016485,2025-07-01,CUST00824,PROD0030,B001,5,5096.92,0.1,4587.23,4067.97,519.26,Completed
ORD016486,2025-04-03,CUST01143,PROD0039,B005,4,5930.76,0.1,5337.68,3304.98,2032.7,Completed
ORD016498,2025-09-13,CUST00350,PROD0101,B003,2,1292.78,0.1,1163.5,921.0,242.5,Completed
ORD016502,2025-08-15,CUST01243,PROD0103,B001,2,1745.31,0.0,1745.31,1032.87,712.44,Completed
ORD016505,2025-10-27,CUST02252,PROD0097,B003,3,5283.51,0.2,4226.81,3253.85,972.96,Completed
ORD016506,2025-02-09,CUST01363,PROD0001,B002,2,3878.79,0.05,3684.85,2126.36,1558.49,Completed
ORD016508,2025-12-25,CUST00506,PROD0010,B004,1,1842.55,0.15,1566.17,1072.0,494.17,Completed
ORD016509,2025-02-03,CUST00914,PROD0075,B002,2,2827.8,0.05,2686.41,2184.91,501.5,Completed
ORD016510,2025-02-07,CUST01447,PROD0030,B001,3,3058.15,0.0,3058.15,2440.78,617.37,Completed
ORD016513,2025-11-24,CUST00660,PROD0056,B002,4,5646.88,0.1,5082.19,4230.57,851.62,Completed
ORD016520,2025-10-19,CUST00389,PROD0035,B004,5,2902.06,0.1,2611.85,2178.08,433.77,Completed
ORD016524,2025-06-03,CUST01730,PROD0015,B003,3,4263.2,0.0,4263.2,2651.18,1612.02,Completed
ORD016525,2025-01-04,CUST01655,PROD0120,B002,2,1138.33,0.1,1024.5,733.89,290.61,Completed
ORD016528,2025-12-13,CUST00988,PROD0101,B003,2,1292.78,0.0,1292.78,921.0,371.78,Completed
ORD016529,2025-10-30,CUST02204,PROD0101,B001,3,1939.17,0.2,1551.33,1381.51,169.82,Completed
ORD016530,2025-01-19,CUST01145,PROD0114,B005,2,2749.07,0.05,2611.62,2086.33,525.29,Completed
ORD016531,2025-10-28,CUST00191,PROD0018,B004,3,5163.92,0.15,4389.33,3215.72,1173.61,Completed
ORD016534,2025-09-24,CUST01825,PROD0030,B002,5,5096.92,0.1,4587.23,4067.97,519.26,Completed
ORD016537,2025-08-16,CUST00813,PROD0042,B001,5,7267.64,0.2,5814.11,5321.93,492.18,Completed
ORD016538,2025-05-28,CUST02296,PROD0003,B005,3,1133.37,0.1,1020.04,803.19,216.85,Completed
ORD016540,2025-01-16,CUST01446,PROD0011,B003,2,1695.9,0.15,1441.51,1315.25,126.26,Completed
ORD016541,2025-06-26,CUST00211,PROD0044,B002,5,5469.74,0.25,4102.31,3037.05,1065.26,Completed
ORD016545,2025-09-11,CUST01651,PROD0027,B002,3,2053.13,0.15,1745.16,1487.24,257.92,Completed
ORD016548,2025-01-19,CUST02140,PROD0055,B004,4,1858.97,0.1,1673.07,1054.16,618.91,Completed
ORD016551,2025-10-30,CUST02402,PROD0038,B001,2,119.86,0.1,107.88,81.42,26.46,Completed
ORD016552,2025-12-03,CUST01576,PROD0049,B002,3,3998.17,0.15,3398.44,2313.24,1085.2,Completed
ORD016554,2025-08-15,CUST02192,PROD0109,B001,1,1355.87,0.05,1288.07,975.11,312.96,Completed
ORD016561,2025-03-29,CUST01403,PROD0099,B003,2,1698.54,0.1,1528.68,1187.14,341.54,Completed
ORD016566,2025-03-31,CUST00695,PROD0070,B001,5,1002.62,0.05,952.49,687.96,264.53,Completed
ORD016576,2025-05-08,CUST00200,PROD0060,B001,5,447.63,0.2,358.1,293.88,64.22,Completed
ORD016579,2025-03-29,CUST01756,PROD0090,B002,5,1599.39,0.0,1599.39,1000.91,598.48,Completed
ORD016580,2025-08-01,CUST01254,PROD0091,B001,4,1654.7,0.15,1406.49,1261.16,145.33,Completed
ORD016581,2025-03-16,CUST00401,PROD0008,B002,5,1327.77,0.05,1261.38,1094.54,166.84,Completed
ORD016582,2025-03-08,CUST00083,PROD0016,B001,5,444.32,0.05,422.11,266.08,156.03,Completed
ORD016585,2025-04-12,CUST00002,PROD0012,B003,3,388.85,0.15,330.52,262.72,67.8,Completed
ORD016588,2025-09-11,CUST01376,PROD0103,B001,2,1745.31,0.1,1570.78,1032.87,537.91,Completed
ORD016591,2025-11-20,CUST01820,PROD0107,B002,4,7112.81,0.05,6757.16,4350.68,2406.48,Completed
ORD016596,2025-06-15,CUST00370,PROD0064,B004,1,925.23,0.2,740.18,703.29,36.89,Completed
ORD016599,2025-10-21,CUST00547,PROD0114,B001,5,4985.64,0.1,4487.08,5215.83,-728.75,Completed
ORD016601,2025-03-01,CUST01739,PROD0100,B002,4,3243.95,0.15,2757.36,2533.12,224.24,Completed
ORD016602,2025-04-04,CUST00896,PROD0036,B004,2,566.72,0.0,566.72,306.44,260.28,Completed
ORD016603,2025-08-15,CUST00336,PROD0014,B001,1,1380.88,0.05,1311.83,790.6,521.23,Completed
ORD016621,2025-08-21,CUST01040,PROD0109,B002,5,6779.33,0.1,6101.4,4875.55,1225.85,Completed
ORD016623,2025-11-27,CUST00290,PROD0026,B001,2,787.01,0.25,590.26,568.59,21.67,Completed
ORD016627,2025-03-03,CUST01003,PROD0070,B001,2,401.05,0.0,401.05,275.18,125.87,Completed
ORD016628,2025-07-27,CUST02203,PROD0028,B002,3,2190.58,0.05,2081.05,1375.54,705.51,Completed
ORD016632,2025-08-19,CUST01594,PROD0113,B003,4,5016.73,0.1,4515.06,3627.81,887.25,Completed
ORD016637,2025-03-04,CUST00461,PROD0031,B001,4,2668.14,0.15,2267.92,2189.98,77.94,Completed
ORD016638,2025-08-29,CUST00216,PROD0026,B001,5,1967.53,0.2,1574.03,1421.48,152.55,Completed
ORD016641,2025-01-02,CUST00177,PROD0045,B004,4,4019.0,0.1,3617.1,2866.23,750.87,Completed
ORD016654,2025-05-28,CUST00579,PROD0109,B002,5,6779.33,0.15,5762.43,4875.55,886.88,Completed
ORD016658,2025-08-10,CUST01111,PROD0055,B001,5,2323.71,0.1,2091.34,1317.7,773.64,Completed
ORD016672,2025-03-03,CUST00313,PROD0030,B004,3,3058.15,0.2,2446.52,2440.78,5.74,Completed
ORD016673,2025-02-21,CUST01387,PROD0022,B002,3,3793.01,0.25,2844.76,2740.74,104.02,Completed
ORD016681,2025-08-12,CUST01001,PROD0031,B005,4,2668.14,0.05,2534.73,2189.98,344.75,Completed
ORD016683,2025-01-29,CUST01155,PROD0044,B001,5,5469.74,0.15,4649.28,3037.05,1612.23,Completed
ORD016684,2025-08-01,CUST00268,PROD0092,B004,2,208.89,0.1,188.0,133.27,54.73,Completed
ORD016686,2025-11-06,CUST00566,PROD0080,B002,1,406.6,0.05,386.27,282.0,104.27,Completed
ORD016688,2025-03-15,CUST00422,PROD0094,B002,1,195.28,0.05,185.52,117.02,68.5,Completed
ORD016690,2025-05-16,CUST01821,PROD0080,B001,4,1626.4,0.25,1219.8,1127.99,91.81,Completed
ORD016692,2025-06-07,CUST01331,PROD0071,B004,4,1919.14,0.0,1919.14,1494.29,424.85,Completed
ORD016695,2025-09-14,CUST00246,PROD0021,B003,4,3380.64,0.0,3380.64,2054.31,1326.33,Completed
ORD016696,2025-06-25,CUST00804,PROD0097,B004,5,8805.85,0.05,8365.56,5423.08,2942.48,Completed
ORD016698,2025-05-21,CUST02429,PROD0026,B003,1,393.51,0.1,354.15,284.3,69.85,Completed
ORD016699,2025-07-03,CUST00322,PROD0028,B003,2,869.88,0.0,869.88,917.03,-47.15,Completed
ORD016703,2025-12-06,CUST02408,PROD0104,B001,5,8012.27,0.1,7211.04,5297.84,1913.2,Completed
ORD016709,2025-02-10,CUST01561,PROD0057,B002,1,1005.1,0.05,954.84,648.95,305.89,Completed
ORD016711,2025-04-24,CUST00113,PROD0011,B002,5,4239.74,0.05,4027.75,3288.12,739.63,Completed
ORD016714,2025-07-04,CUST01652,PROD0116,B003,5,1310.86,0.15,1114.24,1075.45,38.79,Completed
ORD016715,2025-09-15,CUST01845,PROD0110,B004,5,3983.57,0.2,3186.86,2315.96,870.9,Completed
ORD016716,2025-09-10,CUST02246,PROD0046,B001,1,223.34,0.15,189.83,168.55,21.28,Completed
ORD016719,2025-05-23,CUST01926,PROD0089,B003,1,343.33,0.05,326.17,225.59,100.58,Completed
ORD016720,2025-07-14,CUST01547,PROD0104,B004,4,6409.81,0.1,5768.83,4238.27,1530.56,Completed
ORD016722,2025-07-27,CUST01247,PROD0062,B005,4,2918.12,0.15,2480.41,2314.89,165.52,Completed
ORD016724,2025-08-08,CUST01237,PROD0069,B005,3,3795.1,0.2,3036.08,2059.31,976.77,Completed
ORD016728,2025-12-23,CUST01528,PROD0012,B003,3,388.85,0.2,311.08,262.72,48.36,Completed
ORD016729,2025-09-07,CUST01800,PROD0023,B003,1,1273.06,0.0,1273.06,786.92,486.14,Completed
ORD016731,2025-05-24,CUST02220,PROD0076,B005,2,599.95,0.25,449.96,480.1,-30.14,Completed
ORD016732,2025-12-03,CUST01502,PROD0044,B002,3,3281.84,0.2,2625.47,1822.23,803.24,Completed
ORD016734,2025-11-06,CUST01360,PROD0012,B005,2,259.23,0.0,259.23,175.15,84.08,Completed
ORD016735,2025-08-14,CUST00140,PROD0023,B003,1,1273.06,0.0,1273.06,786.92,486.14,Completed
ORD016744,2025-01-02,CUST01076,PROD0068,B004,4,4099.74,0.1,3689.76,3293.45,396.31,Completed
ORD016749,2025-03-08,CUST01379,PROD0048,B003,1,888.37,0.0,888.37,615.49,272.88,Completed
ORD016753,2025-12-09,CUST01922,PROD0119,B002,4,2394.33,0.25,1795.75,1737.24,58.51,Completed
ORD016755,2025-09-23,CUST02464,PROD0024,B001,5,6410.17,0.15,5448.65,3515.47,1933.18,Completed
ORD016763,2025-03-30,CUST00537,PROD0118,B004,1,289.88,0.25,217.41,194.17,23.24,Completed
ORD016765,2025-08-15,CUST00903,PROD0080,B005,1,406.6,0.05,386.27,282.0,104.27,Completed
ORD016767,2025-10-13,CUST00556,PROD0062,B001,2,1459.06,0.15,1240.2,1157.44,82.76,Completed
ORD016772,2025-02-07,CUST01757,PROD0008,B003,1,265.55,0.05,252.28,218.91,33.37,Completed
ORD016778,2025-05-26,CUST01369,PROD0073,B002,4,731.21,0.05,694.65,479.89,214.76,Completed
ORD016788,2025-03-15,CUST01079,PROD0020,B001,4,3042.55,0.0,3042.55,2190.93,851.62,Completed
ORD016792,2025-10-01,CUST01945,PROD0006,B001,1,669.46,0.05,635.99,485.9,150.09,Completed
ORD016797,2025-07-01,CUST02274,PROD0028,B004,3,2190.58,0.2,1752.46,1375.54,376.92,Completed
ORD016798,2025-11-07,CUST01199,PROD0037,B005,3,1739.02,0.05,1652.07,1447.68,204.39,Completed
ORD016802,2025-07-29,CUST00363,PROD0023,B005,1,1273.06,0.0,1273.06,786.92,486.14,Completed
ORD016814,2025-05-11,CUST02319,PROD0074,B002,2,1305.69,0.05,1240.4,1009.68,230.72,Completed
ORD016816,2025-01-09,CUST01704,PROD0045,B001,3,3014.25,0.2,2411.4,2149.67,261.73,Completed
ORD016818,2025-03-16,CUST02229,PROD0035,B005,3,1741.24,0.1,1567.11,1306.85,260.26,Completed
ORD016821,2025-03-03,CUST02256,PROD0028,B001,1,730.19,0.0,730.19,458.51,271.68,Completed
ORD016823,2025-02-20,CUST01479,PROD0046,B002,5,1116.68,0.15,949.17,842.77,106.4,Completed
ORD016828,2025-12-09,CUST01860,PROD0105,B003,4,1686.95,0.15,1433.91,1243.18,190.73,Completed
ORD016832,2025-03-29,CUST00322,PROD0017,B003,3,2608.78,0.1,2347.9,1895.94,451.96,Completed
ORD016844,2025-02-26,CUST02192,PROD0068,B002,5,5124.67,0.1,4612.2,4116.82,495.38,Completed
ORD016846,2025-11-13,CUST00262,PROD0043,B002,1,291.4,0.05,276.83,178.65,98.18,Completed
ORD016847,2025-03-02,CUST00482,PROD0114,B005,5,6872.68,0.05,6529.04,5215.83,1313.21,Completed
ORD016860,2025-12-15,CUST00474,PROD0046,B004,1,223.34,0.2,178.67,168.55,10.12,Completed
ORD016866,2025-04-23,CUST00451,PROD0021,B004,2,1690.32,0.1,1521.29,1027.16,494.13,Completed
ORD016872,2025-08-14,CUST01916,PROD0093,B004,3,2599.06,0.1,2339.15,1907.02,432.13,Completed
ORD016873,2025-01-08,CUST00297,PROD0118,B003,2,579.77,0.15,492.8,388.34,104.46,Completed
ORD016874,2025-01-30,CUST00034,PROD0118,B003,4,1159.53,0.1,1043.58,776.67,266.91,Completed
ORD016876,2025-06-15,CUST00556,PROD0011,B001,1,847.95,0.2,678.36,657.62,20.74,Completed
ORD016878,2025-12-01,CUST00545,PROD0062,B003,2,1459.06,0.15,1240.2,1157.44,82.76,Completed
ORD016881,2025-08-11,CUST00295,PROD0117,B001,5,3861.32,0.25,2896.0,2380.62,515.38,Completed
ORD016882,2025-08-26,CUST01249,PROD0057,B002,1,1005.1,0.05,954.84,648.95,305.89,Completed
ORD016884,2025-01-28,CUST01007,PROD0020,B003,2,1521.28,0.1,1369.15,1095.47,273.68,Completed
ORD016894,2025-09-06,CUST00857,PROD0063,B004,4,530.72,0.05,504.19,401.86,102.33,Completed
ORD016907,2025-01-14,CUST00125,PROD0110,B003,4,3186.86,0.1,2868.17,1852.77,1015.4,Completed
ORD016908,2025-09-24,CUST02019,PROD0058,B003,2,625.51,0.0,625.51,349.16,276.35,Completed
ORD016909,2025-11-06,CUST01369,PROD0052,B001,3,1982.05,0.1,1783.85,1360.05,423.8,Completed
ORD016914,2025-02-28,CUST01378,PROD0050,B001,1,1099.14,0.1,989.23,634.27,354.96,Completed
ORD016923,2025-03-27,CUST00738,PROD0047,B001,3,930.59,0.05,884.06,538.95,345.11,Completed
ORD016926,2025-10-20,CUST02303,PROD0018,B002,5,8606.54,0.0,8606.54,5359.54,3247.0,Completed
ORD016927,2025-05-19,CUST01349,PROD0063,B001,5,663.4,0.2,530.72,502.33,28.39,Completed
ORD016931,2025-07-24,CUST00474,PROD0009,B004,3,957.85,0.05,909.96,586.58,323.38,Completed
ORD016942,2025-02-05,CUST00240,PROD0018,B004,3,5163.92,0.1,4647.53,3215.72,1431.81,Completed
ORD016943,2025-01-26,CUST01547,PROD0038,B001,5,299.66,0.0,299.66,203.55,96.11,Completed
ORD016945,2025-05-26,CUST01863,PROD0043,B004,1,291.4,0.0,291.4,178.65,112.75,Completed
ORD016952,2025-06-10,CUST02112,PROD0031,B001,1,667.03,0.2,533.63,547.49,-13.86,Completed
ORD016955,2025-12-20,CUST00377,PROD0004,B001,4,1196.7,0.05,1136.86,764.42,372.44,Completed
ORD016961,2025-06-02,CUST01304,PROD0079,B002,5,866.51,0.2,693.21,582.85,110.36,Completed
ORD016969,2025-02-27,CUST00359,PROD0040,B005,5,4953.37,0.1,4458.03,2701.76,1756.27,Completed
ORD016973,2025-10-13,CUST01919,PROD0004,B004,5,1495.87,0.05,1421.08,955.52,465.56,Completed
ORD016975,2025-06-18,CUST00559,PROD0038,B003,4,239.73,0.05,227.74,162.84,64.9,Completed
ORD016978,2025-09-21,CUST00925,PROD0093,B001,4,3465.41,0.0,3465.41,2542.69,922.72,Completed
ORD016985,2025-04-13,CUST00908,PROD0095,B002,2,710.27,0.25,532.71,535.77,-3.06,Completed
ORD016990,2025-03-24,CUST02129,PROD0081,B004,2,266.21,0.05,252.9,198.21,54.69,Completed
ORD016993,2025-01-14,CUST01530,PROD0054,B004,5,5638.39,0.0,5638.39,3810.16,1828.23,Completed
ORD017001,2025-12-24,CUST00447,PROD0096,B005,5,8884.61,0.15,7551.92,5172.37,2379.55,Completed
ORD017006,2025-08-11,CUST01415,PROD0103,B002,2,1745.31,0.0,1745.31,1032.87,712.44,Completed
ORD017008,2025-09-09,CUST01981,PROD0058,B004,2,625.51,0.25,469.14,349.16,119.98,Completed
ORD017009,2025-02-09,CUST00667,PROD0106,B002,1,718.58,0.0,718.58,431.22,287.36,Completed
ORD017020,2025-02-15,CUST01296,PROD0071,B002,2,959.57,0.2,767.66,747.14,20.52,Completed
ORD017021,2025-06-28,CUST02384,PROD0105,B003,3,1265.21,0.25,948.91,932.39,16.52,Completed
ORD017023,2025-01-27,CUST00318,PROD0081,B004,2,266.21,0.15,226.28,198.21,28.07,Completed
ORD017034,2025-06-20,CUST01419,PROD0072,B004,5,1495.94,0.1,1346.35,1633.1,-286.75,Completed
ORD017036,2025-02-08,CUST01272,PROD0007,B003,5,238.54,0.15,202.76,178.76,24.0,Completed
ORD017043,2025-10-17,CUST00893,PROD0078,B005,2,1863.91,0.05,1770.71,1147.95,622.76,Completed
ORD017047,2025-10-19,CUST01055,PROD0073,B004,1,182.8,0.15,155.38,119.97,35.41,Completed
ORD017053,2025-07-24,CUST00742,PROD0119,B003,1,598.58,0.1,538.72,434.31,104.41,Completed
ORD017055,2025-02-18,CUST01030,PROD0087,B001,3,3543.19,0.25,2657.4,2474.09,183.31,Completed
ORD017057,2025-07-08,CUST00979,PROD0036,B001,5,1416.8,0.15,1204.28,766.09,438.19,Completed
ORD017062,2025-09-26,CUST02272,PROD0109,B001,2,2711.73,0.15,2304.97,1950.22,354.75,Completed
ORD017064,2025-04-24,CUST01427,PROD0034,B005,5,5387.24,0.2,4309.79,3582.94,726.85,Completed
ORD017065,2025-06-20,CUST00662,PROD0029,B001,5,2290.03,0.15,1946.52,1329.25,617.27,Completed
ORD017067,2025-05-12,CUST01648,PROD0085,B001,4,172.21,0.15,146.37,136.46,9.91,Completed
ORD017076,2025-10-05,CUST02021,PROD0062,B001,1,729.53,0.15,620.1,578.72,41.38,Completed
ORD017083,2025-10-16,CUST00490,PROD0088,B002,5,2244.35,0.2,1795.48,1448.01,347.47,Completed
ORD017094,2025-11-10,CUST01473,PROD0089,B005,4,1373.33,0.15,1167.33,902.35,264.98,Completed
ORD017098,2025-10-30,CUST02128,PROD0115,B001,5,3732.73,0.05,3546.1,2303.26,1242.84,Completed
ORD017103,2025-11-09,CUST00033,PROD0101,B003,1,646.39,0.05,614.07,460.5,153.57,Completed
ORD017105,2025-04-11,CUST01419,PROD0117,B002,1,553.2,0.2,442.56,476.12,-33.56,Completed
ORD017114,2025-10-29,CUST02267,PROD0044,B002,5,5469.74,0.15,4649.28,3037.05,1612.23,Completed
ORD017132,2025-02-22,CUST01543,PROD0023,B001,3,3819.17,0.0,3819.17,2360.76,1458.41,Completed
ORD017141,2025-08-03,CUST00606,PROD0017,B003,5,4347.97,0.2,3478.37,3159.89,318.48,Completed
ORD017142,2025-05-12,CUST00496,PROD0054,B005,2,2255.35,0.25,1691.52,1524.07,167.45,Completed
ORD017147,2025-12-06,CUST00251,PROD0064,B003,3,2775.68,0.05,2636.9,2109.86,527.04,Completed
ORD017150,2025-03-30,CUST00110,PROD0110,B002,2,1593.43,0.1,1434.09,926.38,507.71,Completed
ORD017156,2025-03-20,CUST01751,PROD0013,B002,2,1353.11,0.15,1150.14,915.45,234.69,Completed
ORD017161,2025-07-18,CUST01509,PROD0020,B001,1,760.64,0.0,760.64,547.73,212.91,Completed
ORD017168,2025-03-13,CUST02188,PROD0026,B004,5,1967.53,0.05,1869.15,1421.48,447.67,Completed
ORD017171,2025-08-28,CUST01096,PROD0057,B001,4,4020.4,0.0,4020.4,2595.81,1424.59,Completed
ORD017179,2025-05-09,CUST00682,PROD0103,B003,5,2347.31,0.1,2112.58,2582.17,-469.59,Completed
ORD017188,2025-11-22,CUST02379,PROD0085,B001,1,43.05,0.15,36.6,34.11,2.49,Completed
ORD017189,2025-09-18,CUST01044,PROD0096,B002,4,7107.69,0.1,6396.92,4137.9,2259.02,Completed
ORD017192,2025-09-04,CUST01219,PROD0106,B004,2,1437.16,0.25,1077.87,862.44,215.43,Completed
ORD017195,2025-08-25,CUST01856,PROD0078,B003,4,3727.82,0.25,2795.86,2295.91,499.95,Completed
ORD017197,2025-08-30,CUST01142,PROD0096,B003,3,5330.76,0.0,5330.76,3103.42,2227.34,Completed
ORD017201,2025-11-06,CUST01857,PROD0028,B002,1,730.19,0.0,730.19,458.51,271.68,Completed
ORD017202,2025-06-14,CUST00383,PROD0094,B002,5,643.48,0.15,546.96,585.09,-38.13,Completed
ORD017204,2025-05-05,CUST00653,PROD0003,B001,5,1888.96,0.15,1605.61,1338.64,266.97,Completed
ORD017205,2025-07-07,CUST00473,PROD0083,B004,2,3308.37,0.15,2812.12,2242.95,569.17,Completed
ORD017206,2025-08-15,CUST00160,PROD0063,B005,4,530.72,0.05,504.19,401.86,102.33,Completed
ORD017207,2025-08-21,CUST02193,PROD0109,B003,5,5470.44,0.2,4376.35,4875.55,-499.2,Completed
ORD017209,2025-03-05,CUST00018,PROD0048,B002,3,2665.1,0.0,2665.1,1846.48,818.62,Completed
ORD017212,2025-08-11,CUST01555,PROD0013,B001,2,1353.11,0.25,1014.83,915.45,99.38,Completed
ORD017213,2025-11-30,CUST01967,PROD0110,B004,3,2390.14,0.1,2151.13,1389.57,761.56,Completed
ORD017215,2025-12-20,CUST01864,PROD0006,B003,3,2008.39,0.25,1506.3,1457.71,48.59,Completed
ORD017218,2025-11-21,CUST01556,PROD0054,B003,1,1127.68,0.0,1127.68,762.03,365.65,Completed
ORD017224,2025-08-27,CUST02038,PROD0036,B004,5,713.19,0.0,713.19,766.09,-52.9,Completed
ORD017225,2025-04-30,CUST02007,PROD0016,B004,4,355.46,0.0,355.46,212.86,142.6,Completed
ORD017230,2025-06-21,CUST01541,PROD0027,B003,4,2737.51,0.15,2326.89,1982.98,343.91,Completed
ORD017239,2025-05-05,CUST00565,PROD0029,B005,3,1374.02,0.15,1167.91,797.55,370.36,Completed
ORD017240,2025-08-27,CUST02373,PROD0116,B003,3,786.52,0.15,668.54,645.27,23.27,Completed
ORD017242,2025-05-16,CUST01398,PROD0059,B001,3,2925.0,0.0,2925.0,1850.13,1074.87,Completed
ORD017243,2025-07-16,CUST00399,PROD0057,B004,5,5025.49,0.1,4522.94,3244.76,1278.18,Completed
ORD017252,2025-12-17,CUST00385,PROD0061,B004,2,896.4,0.05,851.58,630.05,221.53,Completed
ORD017253,2025-02-03,CUST00069,PROD0060,B004,5,447.63,0.1,402.86,293.88,108.98,Completed
ORD017256,2025-08-13,CUST02415,PROD0037,B005,5,2898.37,0.15,2463.61,2412.79,50.82,Completed
ORD017259,2025-10-17,CUST00806,PROD0070,B004,3,601.57,0.0,601.57,412.77,188.8,Completed
ORD017260,2025-07-24,CUST00506,PROD0068,B003,5,5124.67,0.0,5124.67,4116.82,1007.85,Completed
ORD017261,2025-05-26,CUST00640,PROD0026,B001,2,787.01,0.1,708.31,568.59,139.72,Completed
ORD017265,2025-09-21,CUST00260,PROD0046,B005,2,446.67,0.15,379.67,337.11,42.56,Completed
ORD017271,2025-06-29,CUST00244,PROD0032,B002,4,2945.74,0.05,2798.45,1621.2,1177.25,Completed
ORD017277,2025-03-01,CUST02393,PROD0070,B005,1,200.52,0.15,170.45,137.59,32.86,Completed
ORD017280,2025-04-02,CUST01578,PROD0112,B005,1,866.36,0.1,779.72,678.33,101.39,Completed
ORD017282,2025-08-25,CUST01945,PROD0114,B005,4,5498.14,0.1,4948.33,4172.67,775.66,Completed
ORD017287,2025-10-29,CUST01119,PROD0018,B005,3,5163.92,0.1,4647.53,3215.72,1431.81,Completed
ORD017289,2025-11-29,CUST00488,PROD0087,B001,4,4724.26,0.05,4488.04,3298.78,1189.26,Completed
ORD017290,2025-11-20,CUST02234,PROD0026,B003,3,1180.52,0.15,1003.44,852.89,150.55,Completed
ORD017295,2025-01-03,CUST00155,PROD0058,B002,3,938.27,0.2,750.61,523.75,226.86,Completed
ORD017304,2025-11-17,CUST00753,PROD0118,B001,1,289.88,0.0,289.88,194.17,95.71,Completed
ORD017308,2025-06-23,CUST00563,PROD0026,B005,2,787.01,0.0,787.01,568.59,218.42,Completed
ORD017309,2025-11-04,CUST01677,PROD0095,B005,2,710.27,0.1,639.25,535.77,103.48,Completed
ORD017310,2025-09-06,CUST01237,PROD0117,B003,5,3861.32,0.05,3668.26,2380.62,1287.64,Completed
ORD017319,2025-03-18,CUST00990,PROD0091,B002,1,413.67,0.15,351.63,315.29,36.34,Completed
ORD017320,2025-04-08,CUST00836,PROD0097,B001,3,5283.51,0.15,4490.98,3253.85,1237.13,Completed
ORD017328,2025-02-08,CUST01559,PROD0119,B002,3,1795.75,0.1,1616.17,1302.93,313.24,Completed
ORD017331,2025-09-21,CUST01619,PROD0034,B002,4,4309.79,0.0,4309.79,2866.35,1443.44,Completed
ORD017335,2025-11-09,CUST00481,PROD0033,B001,3,1801.02,0.05,1710.97,1149.73,561.24,Completed
ORD017337,2025-03-27,CUST00325,PROD0120,B005,1,569.17,0.1,512.25,366.95,145.3,Completed
ORD017341,2025-11-06,CUST01872,PROD0092,B002,1,104.44,0.0,104.44,66.64,37.8,Completed
ORD017342,2025-12-03,CUST01757,PROD0068,B002,3,3074.8,0.0,3074.8,2470.09,604.71,Completed
ORD017343,2025-12-15,CUST02171,PROD0023,B003,1,1273.06,0.05,1209.41,786.92,422.49,Completed
ORD017347,2025-07-12,CUST02005,PROD0092,B002,4,417.78,0.1,376.0,266.55,109.45,Completed
ORD017349,2025-11-05,CUST00698,PROD0032,B004,5,3682.17,0.2,2945.74,2026.5,919.24,Completed
ORD017351,2025-05-26,CUST00759,PROD0089,B003,4,1373.33,0.2,1098.67,902.35,196.32,Completed
ORD017360,2025-07-26,CUST00247,PROD0103,B001,4,3490.63,0.0,3490.63,2065.73,1424.9,Completed
ORD017366,2025-12-25,CUST01807,PROD0038,B002,3,179.79,0.15,152.83,122.13,30.7,Completed
ORD017373,2025-02-13,CUST00511,PROD0059,B001,2,1950.0,0.1,1755.0,1233.42,521.58,Completed
ORD017386,2025-03-18,CUST00301,PROD0054,B003,4,4510.71,0.2,3608.57,3048.13,560.44,Completed
ORD017395,2025-01-02,CUST01127,PROD0043,B001,2,582.79,0.1,524.52,357.29,167.23,Completed
ORD017402,2025-08-01,CUST01305,PROD0031,B001,3,2001.1,0.0,2001.1,1642.48,358.62,Completed
ORD017405,2025-07-20,CUST01563,PROD0113,B001,5,6270.92,0.15,5330.28,4534.77,795.51,Completed
ORD017406,2025-12-19,CUST02376,PROD0042,B003,3,4360.58,0.1,3924.52,3193.16,731.36,Completed
ORD017407,2025-04-21,CUST00230,PROD0060,B002,1,89.53,0.2,71.62,58.78,12.84,Completed
ORD017413,2025-01-28,CUST02263,PROD0006,B004,5,3347.32,0.2,2677.86,2429.52,248.34,Completed
ORD017418,2025-07-11,CUST01568,PROD0009,B001,4,1277.14,0.05,1213.28,782.1,431.18,Completed
ORD017423,2025-11-10,CUST00943,PROD0083,B001,3,4962.56,0.1,4466.31,3364.43,1101.88,Completed
ORD017424,2025-12-05,CUST01858,PROD0093,B005,4,3465.41,0.15,2945.6,2542.69,402.91,Completed
ORD017426,2025-11-18,CUST00032,PROD0041,B002,1,115.08,0.0,115.08,62.49,52.59,Completed
ORD017428,2025-02-16,CUST00411,PROD0103,B003,2,1745.31,0.15,1483.52,1032.87,450.65,Completed
ORD017432,2025-03-19,CUST00223,PROD0040,B001,4,3962.7,0.15,3368.29,2161.41,1206.88,Completed
ORD017437,2025-11-06,CUST01470,PROD0082,B004,2,4189.05,0.1,3770.15,2267.33,1502.82,Completed
ORD017439,2025-09-15,CUST00670,PROD0036,B002,5,1416.8,0.1,1275.12,766.09,509.03,Completed
ORD017440,2025-08-04,CUST00119,PROD0029,B001,1,458.01,0.05,435.11,265.85,169.26,Completed
ORD017441,2025-06-02,CUST01561,PROD0080,B004,5,2033.0,0.1,1829.7,1409.99,419.71,Completed
ORD017448,2025-10-05,CUST02077,PROD0083,B001,5,8270.93,0.2,6616.75,5607.38,1009.37,Completed
ORD017452,2025-11-01,CUST01109,PROD0045,B004,2,2009.5,0.2,1607.6,1433.11,174.49,Completed
ORD017463,2025-01-13,CUST00850,PROD0022,B005,4,5057.35,0.1,4551.62,3654.32,897.3,Completed
ORD017468,2025-07-22,CUST00217,PROD0062,B002,5,3647.66,0.05,3465.27,2893.61,571.66,Completed
ORD017470,2025-08-29,CUST00052,PROD0015,B001,3,4263.2,0.1,3836.88,2651.18,1185.7,Completed
ORD017471,2025-10-22,CUST02037,PROD0021,B002,4,3380.64,0.05,3211.61,2054.31,1157.3,Completed
ORD017479,2025-06-15,CUST00609,PROD0022,B002,1,1264.34,0.1,1137.9,913.58,224.32,Completed
ORD017480,2025-01-03,CUST01462,PROD0094,B001,1,195.28,0.1,175.75,117.02,58.73,Completed
ORD017481,2025-11-08,CUST02282,PROD0045,B002,5,5023.75,0.15,4270.19,3582.79,687.4,Completed
ORD017486,2025-09-27,CUST00557,PROD0081,B003,2,266.21,0.1,239.59,198.21,41.38,Completed
ORD017490,2025-03-25,CUST02255,PROD0039,B002,5,7413.45,0.0,7413.45,4131.23,3282.22,Completed
ORD017491,2025-09-19,CUST01300,PROD0029,B002,3,1374.02,0.2,1099.21,797.55,301.66,Completed
ORD017494,2025-12-11,CUST01114,PROD0065,B005,4,5405.34,0.15,4594.54,4044.87,549.67,Completed
ORD017500,2025-10-01,CUST00263,PROD0032,B002,3,2209.3,0.05,2098.84,1215.9,882.94,Completed
ORD017501,2025-06-17,CUST00678,PROD0102,B004,2,1542.8,0.2,1234.24,889.73,344.51,Completed
ORD017515,2025-02-07,CUST01040,PROD0099,B001,5,4246.35,0.15,3609.39,2967.84,641.55,Completed
ORD017523,2025-12-29,CUST00806,PROD0069,B005,1,1265.03,0.2,1012.03,686.44,325.59,Completed
ORD017530,2025-09-16,CUST00268,PROD0110,B004,4,3186.86,0.0,3186.86,1852.77,1334.09,Completed
ORD017534,2025-11-30,CUST01025,PROD0001,B004,4,7757.58,0.1,6981.82,4252.71,2729.11,Completed
ORD017543,2025-07-24,CUST01580,PROD0028,B001,2,1460.38,0.1,1314.34,917.03,397.31,Completed
ORD017548,2025-10-01,CUST01967,PROD0079,B002,3,519.91,0.05,493.91,349.71,144.2,Completed
ORD017553,2025-09-21,CUST01636,PROD0025,B001,3,2970.13,0.0,2970.13,1772.15,1197.98,Completed
ORD017554,2025-12-31,CUST01992,PROD0083,B003,3,4962.56,0.2,3970.05,3364.43,605.62,Completed
ORD017558,2025-05-23,CUST00316,PROD0070,B005,3,601.57,0.0,601.57,412.77,188.8,Completed
ORD017568,2025-05-17,CUST00992,PROD0040,B002,1,990.67,0.15,842.08,540.35,301.73,Completed
ORD017578,2025-11-17,CUST00605,PROD0037,B001,1,579.67,0.0,579.67,482.56,97.11,Completed
ORD017582,2025-05-10,CUST01121,PROD0079,B001,1,173.3,0.15,147.31,116.57,30.74,Completed
ORD017585,2025-12-17,CUST01682,PROD0098,B002,4,3997.57,0.0,3997.57,2235.32,1762.25,Completed
ORD017587,2025-05-10,CUST02376,PROD0008,B005,2,531.11,0.1,478.0,437.82,40.18,Completed
ORD017591,2025-10-29,CUST01545,PROD0120,B003,4,2276.66,0.1,2048.99,1467.78,581.21,Completed
ORD017596,2025-01-02,CUST01793,PROD0055,B004,3,1394.23,0.2,1115.38,790.62,324.76,Completed
ORD017599,2025-10-23,CUST01726,PROD0028,B005,2,1460.38,0.1,1314.34,917.03,397.31,Completed
ORD017602,2025-03-14,CUST01147,PROD0085,B001,1,43.05,0.0,43.05,34.11,8.94,Completed
ORD017606,2025-12-11,CUST00583,PROD0042,B004,5,7267.64,0.1,6540.87,5321.93,1218.94,Completed
ORD017608,2025-04-26,CUST01246,PROD0033,B005,3,1801.02,0.0,1801.02,1149.73,651.29,Completed
ORD017609,2025-01-17,CUST00454,PROD0038,B004,3,179.79,0.15,152.83,122.13,30.7,Completed
ORD017611,2025-07-22,CUST01090,PROD0018,B003,1,1721.31,0.1,1549.18,1071.91,477.27,Completed
ORD017612,2025-09-11,CUST01122,PROD0029,B002,5,2290.03,0.0,2290.03,1329.25,960.78,Completed
ORD017616,2025-04-21,CUST01853,PROD0024,B003,4,5128.14,0.0,5128.14,2812.38,2315.76,Completed
ORD017620,2025-03-03,CUST02352,PROD0023,B003,4,5092.22,0.25,3819.17,3147.68,671.49,Completed
ORD017624,2025-10-31,CUST00142,PROD0020,B001,5,3803.19,0.1,3422.87,2738.67,684.2,Completed
ORD017626,2025-01-11,CUST02472,PROD0109,B003,3,4067.6,0.15,3457.46,2925.33,532.13,Completed
ORD017627,2025-06-22,CUST01262,PROD0069,B005,5,6325.17,0.2,5060.14,3432.19,1627.95,Completed
ORD017628,2025-07-13,CUST01218,PROD0089,B001,4,1373.33,0.05,1304.67,902.35,402.32,Completed
ORD017633,2025-12-27,CUST02125,PROD0051,B003,4,3584.37,0.1,3225.93,2376.21,849.72,Completed
ORD017635,2025-10-01,CUST02171,PROD0101,B004,4,2585.55,0.25,1939.17,1842.01,97.16,Completed
ORD017638,2025-03-17,CUST02173,PROD0098,B001,4,3997.57,0.0,3997.57,2235.32,1762.25,Completed
ORD017642,2025-02-20,CUST00744,PROD0093,B001,1,866.35,0.15,736.4,635.67,100.73,Completed
ORD017645,2025-07-02,CUST00515,PROD0020,B001,1,760.64,0.15,646.54,547.73,98.81,Completed
ORD017647,2025-11-29,CUST01920,PROD0115,B001,2,841.37,0.0,841.37,921.31,-79.94,Completed
ORD017650,2025-01-14,CUST00446,PROD0038,B002,2,119.86,0.1,107.88,81.42,26.46,Completed
ORD017653,2025-09-05,CUST00571,PROD0018,B003,2,3442.62,0.2,2754.09,2143.81,610.28,Completed
ORD017657,2025-12-28,CUST00631,PROD0022,B001,3,3793.01,0.05,3603.36,2740.74,862.62,Completed
ORD017658,2025-07-20,CUST00718,PROD0052,B002,1,660.68,0.05,627.65,453.35,174.3,Completed
ORD017659,2025-06-23,CUST01170,PROD0006,B002,2,1338.93,0.0,1338.93,971.81,367.12,Completed
ORD017669,2025-09-06,CUST02432,PROD0062,B001,4,2918.12,0.25,2188.59,2314.89,-126.3,Completed
ORD017672,2025-05-28,CUST00455,PROD0040,B001,1,990.67,0.25,743.0,540.35,202.65,Completed
ORD017679,2025-01-07,CUST01564,PROD0111,B005,4,7339.28,0.0,7339.28,4428.25,2911.03,Completed
ORD017680,2025-12-27,CUST01051,PROD0030,B001,3,3058.15,0.15,2599.43,2440.78,158.65,Completed
ORD017701,2025-02-19,CUST02029,PROD0020,B002,4,3042.55,0.0,3042.55,2190.93,851.62,Completed
ORD017705,2025-03-25,CUST01533,PROD0024,B003,4,5128.14,0.15,4358.92,2812.38,1546.54,Completed
ORD017706,2025-04-14,CUST02006,PROD0076,B004,3,899.93,0.05,854.93,720.15,134.78,Completed
ORD017708,2025-01-29,CUST01310,PROD0081,B002,3,399.32,0.0,399.32,297.32,102.0,Completed
ORD017709,2025-02-23,CUST01346,PROD0111,B003,4,7339.28,0.2,5871.42,4428.25,1443.17,Completed
ORD017710,2025-05-12,CUST01422,PROD0025,B003,3,2970.13,0.25,2227.6,1772.15,455.45,Completed
ORD017711,2025-09-20,CUST01815,PROD0104,B001,5,8012.27,0.0,8012.27,5297.84,2714.43,Completed
ORD017715,2025-12-14,CUST00291,PROD0009,B002,1,319.28,0.0,319.28,195.53,123.75,Completed
ORD017728,2025-09-07,CUST00312,PROD0109,B003,5,6779.33,0.25,5084.49,4875.55,208.94,Completed
ORD017738,2025-12-22,CUST00286,PROD0018,B001,3,5163.92,0.0,5163.92,3215.72,1948.2,Completed
ORD017742,2025-07-02,CUST00423,PROD0031,B001,4,2668.14,0.1,2401.33,2189.98,211.35,Completed
ORD017743,2025-11-19,CUST01532,PROD0030,B003,3,3058.15,0.15,2599.43,2440.78,158.65,Completed
ORD017744,2025-08-19,CUST00530,PROD0033,B003,2,1200.68,0.0,1200.68,766.49,434.19,Completed
ORD017749,2025-11-17,CUST01640,PROD0084,B002,1,518.27,0.05,492.35,382.62,109.73,Completed
ORD017753,2025-09-19,CUST00689,PROD0078,B003,4,3727.82,0.0,3727.82,2295.91,1431.91,Completed
ORD017754,2025-04-26,CUST01383,PROD0023,B003,1,1273.06,0.05,1209.41,786.92,422.49,Completed
ORD017766,2025-01-11,CUST01575,PROD0068,B001,5,5124.67,0.25,3843.5,4116.82,-273.32,Completed
ORD017779,2025-11-05,CUST00690,PROD0071,B003,5,2398.93,0.2,1919.14,1867.86,51.28,Completed
ORD017780,2025-02-09,CUST01738,PROD0100,B001,1,810.99,0.15,689.34,633.28,56.06,Completed
ORD017782,2025-08-02,CUST02358,PROD0090,B005,2,639.76,0.2,511.8,400.36,111.44,Completed
ORD017784,2025-02-02,CUST01141,PROD0097,B001,2,3522.34,0.0,3522.34,2169.23,1353.11,Completed
ORD017785,2025-10-07,CUST02149,PROD0035,B004,2,1160.82,0.0,1160.82,871.23,289.59,Completed
ORD017789,2025-11-06,CUST01031,PROD0033,B002,4,2401.36,0.2,1921.09,1532.97,388.12,Completed
ORD017791,2025-06-08,CUST01058,PROD0095,B005,1,355.14,0.1,319.62,267.88,51.74,Completed
ORD017796,2025-04-06,CUST00828,PROD0042,B001,5,7267.64,0.1,6540.87,5321.93,1218.94,Completed
ORD017798,2025-02-22,CUST02442,PROD0063,B005,4,530.72,0.0,530.72,401.86,128.86,Completed
ORD017809,2025-12-23,CUST00499,PROD0027,B001,3,2053.13,0.0,2053.13,1487.24,565.89,Completed
ORD017815,2025-01-16,CUST01321,PROD0104,B004,1,1602.45,0.2,1281.96,1059.57,222.39,Completed
ORD017820,2025-05-02,CUST02430,PROD0106,B004,2,1437.16,0.0,1437.16,862.44,574.72,Completed
ORD017821,2025-03-14,CUST02203,PROD0056,B003,5,7058.6,0.1,6352.74,5288.22,1064.52,Completed
ORD017823,2025-11-04,CUST01297,PROD0056,B003,1,1411.72,0.05,1341.13,1057.64,283.49,Completed
ORD017826,2025-04-28,CUST00867,PROD0044,B001,3,3281.84,0.05,3117.75,1822.23,1295.52,Completed
ORD017828,2025-07-05,CUST01658,PROD0065,B002,2,2702.67,0.0,2702.67,2022.43,680.24,Completed
ORD017829,2025-08-03,CUST01684,PROD0088,B001,3,1346.61,0.15,1144.62,868.81,275.81,Completed
ORD017836,2025-07-16,CUST00991,PROD0077,B003,2,608.04,0.15,516.84,492.1,24.74,Completed
ORD017843,2025-04-27,CUST01313,PROD0052,B002,4,2642.73,0.0,2642.73,1813.4,829.33,Completed
ORD017846,2025-03-22,CUST01117,PROD0079,B001,4,693.21,0.05,658.55,466.28,192.27,Completed
ORD017852,2025-02-14,CUST01319,PROD0097,B002,5,8805.85,0.05,8365.56,5423.08,2942.48,Completed
ORD017857,2025-05-03,CUST02156,PROD0080,B001,5,2033.0,0.05,1931.35,1409.99,521.36,Completed
ORD017863,2025-10-09,CUST02229,PROD0073,B004,4,731.21,0.0,731.21,479.89,251.32,Completed
ORD017866,2025-11-20,CUST01825,PROD0088,B001,1,448.87,0.1,403.98,289.6,114.38,Completed
ORD017867,2025-10-06,CUST00380,PROD0003,B001,5,1888.96,0.2,1511.16,1338.64,172.52,Completed
ORD017871,2025-07-01,CUST01034,PROD0049,B004,1,1332.72,0.1,1199.45,771.08,428.37,Completed
ORD017872,2025-12-25,CUST00367,PROD0081,B001,2,266.21,0.15,226.28,198.21,28.07,Completed
ORD017877,2025-09-21,CUST02378,PROD0018,B005,4,6885.23,0.1,6196.71,4287.63,1909.08,Completed
ORD017878,2025-10-10,CUST01708,PROD0025,B004,2,1980.09,0.05,1881.09,1181.43,699.66,Completed
ORD017882,2025-10-14,CUST01577,PROD0022,B001,4,5057.35,0.1,4551.62,3654.32,897.3,Completed
ORD017884,2025-11-13,CUST01897,PROD0108,B001,4,3639.53,0.15,3093.6,2093.7,999.9,Completed
ORD017885,2025-01-20,CUST01340,PROD0118,B005,1,289.88,0.1,260.89,194.17,66.72,Completed
ORD017886,2025-01-26,CUST00300,PROD0019,B001,1,888.69,0.0,888.69,554.19,334.5,Completed
ORD017889,2025-01-09,CUST02287,PROD0106,B002,2,1437.16,0.1,1293.45,862.44,431.01,Completed
ORD017890,2025-08-03,CUST02045,PROD0059,B002,5,4875.0,0.05,4631.25,3083.56,1547.69,Completed
ORD017895,2025-12-05,CUST00703,PROD0093,B002,5,4331.76,0.2,3465.41,3178.36,287.05,Completed
ORD017898,2025-07-23,CUST00852,PROD0057,B002,1,1005.1,0.15,854.34,648.95,205.39,Completed
ORD017903,2025-09-13,CUST01694,PROD0063,B002,2,265.36,0.0,265.36,200.93,64.43,Completed
ORD017905,2025-05-18,CUST01684,PROD0036,B001,1,283.36,0.25,212.52,153.22,59.3,Completed
ORD017907,2025-12-23,CUST00017,PROD0083,B003,5,8270.93,0.0,8270.93,5607.38,2663.55,Completed
ORD017909,2025-03-02,CUST00552,PROD0048,B001,1,888.37,0.1,799.53,615.49,184.04,Completed
ORD017918,2025-04-05,CUST00022,PROD0017,B001,1,869.59,0.1,782.63,631.98,150.65,Completed
ORD017922,2025-02-21,CUST01995,PROD0104,B003,2,3204.91,0.2,2563.92,2119.14,444.78,Completed
ORD017923,2025-10-12,CUST01027,PROD0098,B001,3,2998.18,0.05,2848.27,1676.49,1171.78,Completed
ORD017925,2025-03-01,CUST02484,PROD0018,B002,2,3442.62,0.15,2926.22,2143.81,782.41,Completed
ORD017928,2025-02-18,CUST01943,PROD0030,B001,2,2038.77,0.2,1631.01,1627.19,3.82,Completed
ORD017931,2025-04-08,CUST02124,PROD0083,B002,3,4962.56,0.2,3970.05,3364.43,605.62,Completed
ORD017935,2025-10-07,CUST00699,PROD0019,B001,3,2666.08,0.25,1999.56,1662.57,336.99,Completed
ORD017940,2025-10-09,CUST01447,PROD0114,B003,2,2749.07,0.1,2474.16,2086.33,387.83,Completed
ORD017942,2025-09-07,CUST01991,PROD0072,B002,3,1395.47,0.0,1395.47,979.86,415.61,Completed
ORD017950,2025-06-21,CUST01651,PROD0049,B004,1,1332.72,0.1,1199.45,771.08,428.37,Completed
ORD017952,2025-03-22,CUST00646,PROD0031,B003,5,3335.17,0.0,3335.17,2737.47,597.7,Completed
ORD017956,2025-01-08,CUST01479,PROD0010,B002,1,1842.55,0.1,1658.3,1072.0,586.3,Completed
ORD017964,2025-03-20,CUST00945,PROD0018,B005,2,3442.62,0.15,2926.22,2143.81,782.41,Completed
ORD017987,2025-11-22,CUST01692,PROD0046,B002,4,893.34,0.05,848.67,674.21,174.46,Completed
ORD017990,2025-05-27,CUST00961,PROD0016,B002,4,355.46,0.0,355.46,212.86,142.6,Completed
ORD017991,2025-10-02,CUST01019,PROD0031,B001,2,1334.07,0.1,1200.66,1094.99,105.67,Completed
ORD017993,2025-03-19,CUST01075,PROD0014,B003,3,4142.63,0.1,3728.37,2371.81,1356.56,Completed
ORD017996,2025-07-07,CUST00528,PROD0038,B003,4,239.73,0.05,227.74,162.84,64.9,Completed
ORD017999,2025-12-17,CUST01917,PROD0058,B001,1,312.76,0.25,234.57,174.58,59.99,Completed
ORD018008,2025-10-13,CUST00158,PROD0022,B004,4,4729.76,0.0,4729.76,3417.61,1312.15,Cancelled
ORD018009,2025-12-30,CUST02471,PROD0047,B005,5,1450.52,0.0,1450.52,840.06,610.46,Cancelled
ORD018013,2025-01-07,CUST00648,PROD0006,B004,4,2504.4,0.1,2253.96,1817.71,436.25,Cancelled
ORD018014,2025-03-29,CUST02190,PROD0070,B005,3,562.61,0.05,534.48,386.04,148.44,Cancelled
ORD018021,2025-03-17,CUST01955,PROD0024,B004,5,5994.95,0.05,5695.21,3287.76,2407.45,Cancelled
ORD018023,2025-10-31,CUST00022,PROD0095,B003,4,1328.53,0.1,1195.68,1002.13,193.55,Cancelled
ORD018030,2025-01-19,CUST01085,PROD0038,B002,5,280.25,0.0,280.25,190.37,89.88,Cancelled
ORD018033,2025-01-05,CUST00343,PROD0087,B004,5,5522.8,0.15,4694.39,3856.38,838.01,Cancelled
ORD018037,2025-08-03,CUST00451,PROD0049,B002,3,3739.18,0.0,3739.18,2163.4,1575.78,Cancelled
ORD018040,2025-09-09,CUST01077,PROD0059,B004,2,1823.69,0.15,1550.14,1153.53,396.61,Cancelled
ORD018042,2025-06-09,CUST01129,PROD0071,B002,1,448.71,0.05,426.27,349.37,76.9,Cancelled
ORD018050,2025-05-28,CUST02149,PROD0036,B005,1,265.01,0.05,251.75,143.29,108.46,Cancelled
ORD018053,2025-04-10,CUST00295,PROD0031,B002,2,1247.65,0.05,1185.27,1024.06,161.21,Cancelled
ORD018054,2025-06-19,CUST01502,PROD0026,B002,3,1104.05,0.0,1104.05,797.64,306.41,Cancelled
ORD018065,2025-03-01,CUST01674,PROD0096,B005,2,3323.64,0.15,2825.1,1934.93,890.17,Cancelled
ORD018070,2025-12-31,CUST02403,PROD0003,B002,4,1413.28,0.15,1201.29,1001.54,199.75,Cancelled
ORD018073,2025-12-15,CUST00938,PROD0105,B005,5,1972.1,0.1,1774.89,1453.32,321.57,Cancelled
ORD018080,2025-08-10,CUST01675,PROD0082,B005,4,7835.41,0.0,7835.41,4240.92,3594.49,Cancelled
ORD018081,2025-05-14,CUST00745,PROD0032,B005,2,1377.46,0.2,1101.97,758.09,343.88,Cancelled
ORD018084,2025-03-12,CUST00330,PROD0028,B005,4,2731.57,0.0,2731.57,1715.26,1016.31,Cancelled
ORD018085,2025-04-15,CUST00779,PROD0106,B002,3,2016.1,0.1,1814.49,1209.86,604.63,Cancelled
ORD018090,2025-08-24,CUST00856,PROD0071,B002,5,2243.54,0.0,2243.54,1746.87,496.67,Cancelled
ORD018092,2025-04-10,CUST00082,PROD0015,B002,4,5316.07,0.05,5050.26,3305.93,1744.33,Cancelled
ORD018093,2025-01-06,CUST01572,PROD0009,B002,2,597.21,0.1,537.48,365.72,171.76,Cancelled
ORD018099,2025-11-05,CUST00630,PROD0077,B004,5,1421.65,0.05,1350.56,1150.57,199.99,Cancelled
ORD018101,2025-06-22,CUST02164,PROD0003,B002,4,1413.28,0.2,1130.62,1001.54,129.08,Cancelled
ORD018106,2025-08-07,CUST00486,PROD0010,B002,1,1723.2,0.05,1637.04,1002.56,634.48,Cancelled
ORD018110,2025-09-26,CUST00832,PROD0056,B004,3,3960.82,0.0,3960.82,2967.4,993.42,Cancelled
ORD018112,2025-04-11,CUST00290,PROD0034,B002,1,1007.66,0.2,806.12,670.17,135.95,Cancelled
ORD018117,2025-02-11,CUST01960,PROD0046,B002,3,626.61,0.1,563.94,472.91,91.03,Cancelled
ORD018120,2025-10-22,CUST00897,PROD0109,B003,2,2536.08,0.05,2409.27,1823.89,585.38,Cancelled
ORD018121,2025-09-10,CUST01808,PROD0007,B003,5,223.08,0.2,178.47,167.19,11.28,Cancelled
ORD018125,2025-03-07,CUST00974,PROD0083,B003,2,3094.07,0.15,2629.96,2097.67,532.29,Cancelled
ORD018127,2025-03-22,CUST02256,PROD0005,B002,1,1143.21,0.15,971.73,704.91,266.82,Cancelled
ORD018137,2025-08-15,CUST02021,PROD0068,B005,2,1917.09,0.1,1725.38,1540.06,185.32,Cancelled
ORD018138,2025-11-04,CUST02452,PROD0071,B001,3,1346.12,0.1,1211.51,1048.12,163.39,Cancelled
ORD018139,2025-08-24,CUST01586,PROD0001,B004,4,7255.08,0.0,7255.08,3977.24,3277.84,Cancelled
ORD018142,2025-06-24,CUST01459,PROD0102,B002,4,2885.73,0.05,2741.45,1664.19,1077.26,Cancelled
ORD018143,2025-06-06,CUST02256,PROD0009,B001,1,298.6,0.05,283.67,182.86,100.81,Cancelled
ORD018144,2025-07-24,CUST00303,PROD0116,B002,2,490.38,0.05,465.86,402.31,63.55,Cancelled
ORD018147,2025-05-18,CUST01757,PROD0120,B005,1,532.3,0.1,479.07,343.18,135.89,Cancelled
ORD018151,2025-09-14,CUST01818,PROD0108,B005,4,3403.78,0.0,3403.78,1958.08,1445.7,Cancelled
ORD018152,2025-01-05,CUST01338,PROD0087,B002,1,1104.56,0.05,1049.33,771.28,278.05,Cancelled
ORD018155,2025-09-11,CUST02415,PROD0097,B005,2,3294.18,0.0,3294.18,2028.72,1265.46,Cancelled
ORD018157,2025-03-10,CUST00857,PROD0091,B003,5,1934.39,0.0,1934.39,1474.33,460.06,Cancelled
ORD018159,2025-02-26,CUST01765,PROD0050,B002,1,1027.94,0.2,822.35,593.18,229.17,Cancelled
ORD018161,2025-02-06,CUST00945,PROD0024,B003,3,3596.97,0.0,3596.97,1972.65,1624.32,Cancelled
ORD018172,2025-08-21,CUST01996,PROD0074,B003,4,2442.22,0.05,2320.11,1888.55,431.56,Cancelled
ORD018173,2025-05-27,CUST02084,PROD0007,B002,5,223.08,0.15,189.62,167.19,22.43,Cancelled
ORD018175,2025-07-13,CUST01969,PROD0045,B005,1,939.67,0.1,845.7,670.14,175.56,Cancelled
ORD018176,2025-02-07,CUST02062,PROD0025,B003,5,4629.57,0.2,3703.66,2762.27,941.39,Cancelled
ORD018177,2025-12-25,CUST00091,PROD0045,B001,2,1879.33,0.0,1879.33,1340.28,539.05,Cancelled
ORD018186,2025-03-23,CUST00860,PROD0003,B003,4,1413.28,0.1,1271.95,1001.54,270.41,Cancelled
ORD018189,2025-04-30,CUST01232,PROD0021,B001,5,3952.07,0.0,3952.07,2401.55,1550.52,Cancelled
ORD018195,2025-10-09,CUST00663,PROD0031,B002,3,1871.48,0.0,1871.48,1536.09,335.39,Cancelled
ORD018199,2025-08-11,CUST02104,PROD0074,B005,2,1221.11,0.1,1099.0,944.27,154.73,Cancelled
ORD018202,2025-09-17,CUST01682,PROD0072,B002,1,435.03,0.05,413.28,305.46,107.82,Cancelled
ORD018203,2025-11-03,CUST01118,PROD0018,B003,1,1609.81,0.1,1448.83,1002.47,446.36,Cancelled
ORD018204,2025-11-06,CUST01910,PROD0022,B003,4,4729.76,0.1,4256.78,3417.61,839.17,Cancelled
ORD018221,2025-07-02,CUST00353,PROD0040,B002,1,926.5,0.05,880.18,505.35,374.83,Cancelled
ORD018224,2025-11-01,CUST01251,PROD0075,B005,4,5289.25,0.05,5024.79,4086.76,938.03,Cancelled
ORD018228,2025-06-01,CUST01908,PROD0085,B004,2,80.53,0.05,76.5,63.81,12.69,Cancelled
ORD018230,2025-06-26,CUST00753,PROD0015,B003,5,6645.08,0.1,5980.58,4132.42,1848.16,Cancelled
ORD018232,2025-11-04,CUST00808,PROD0053,B003,5,2599.17,0.1,2339.25,1690.9,648.35,Cancelled
ORD018233,2025-11-09,CUST00100,PROD0018,B004,3,4829.43,0.2,3863.54,3007.42,856.12,Cancelled
ORD018237,2025-08-22,CUST00196,PROD0020,B004,2,1422.74,0.15,1209.32,1024.51,184.81,Cancelled
ORD018239,2025-07-15,CUST00018,PROD0048,B002,3,2492.47,0.0,2492.47,1726.88,765.59,Cancelled
ORD018240,2025-11-07,CUST01291,PROD0038,B005,3,168.15,0.1,151.34,114.22,37.12,Cancelled
ORD018241,2025-05-16,CUST00397,PROD0046,B003,4,835.47,0.0,835.47,630.54,204.93,Cancelled
ORD018243,2025-09-06,CUST01080,PROD0012,B005,1,121.22,0.05,115.16,81.9,33.26,Cancelled
ORD018244,2025-05-01,CUST01571,PROD0003,B001,3,1059.96,0.1,953.97,751.16,202.81,Cancelled
ORD018246,2025-01-12,CUST02353,PROD0054,B003,2,2109.26,0.0,2109.26,1425.34,683.92,Cancelled
ORD018248,2025-07-18,CUST00056,PROD0046,B001,3,626.61,0.15,532.61,472.91,59.7,Cancelled
ORD018249,2025-06-07,CUST00478,PROD0053,B003,3,1559.5,0.2,1247.6,1014.54,233.06,Cancelled
ORD018258,2025-07-02,CUST00477,PROD0034,B001,5,5038.28,0.1,4534.45,3350.86,1183.59,Cancelled
ORD018259,2025-10-10,CUST00132,PROD0068,B002,3,2875.63,0.1,2588.07,2310.09,277.98,Cancelled
ORD018262,2025-12-21,CUST00053,PROD0103,B003,3,2448.39,0.1,2203.55,1448.94,754.61,Cancelled
ORD018263,2025-01-18,CUST00709,PROD0027,B005,1,640.05,0.2,512.04,463.63,48.41,Cancelled
ORD018270,2025-06-16,CUST01273,PROD0061,B005,3,1257.5,0.2,1006.0,883.86,122.14,Cancelled
ORD018271,2025-01-19,CUST00010,PROD0014,B001,1,1291.43,0.15,1097.72,739.39,358.33,Cancelled
ORD018274,2025-12-23,CUST01577,PROD0049,B005,1,1246.39,0.15,1059.43,721.13,338.3,Cancelled
ORD018275,2025-05-31,CUST00588,PROD0035,B004,4,2171.26,0.1,1954.14,1629.6,324.54,Cancelled
ORD018286,2025-06-03,CUST00151,PROD0108,B001,1,850.94,0.05,808.4,489.52,318.88,Cancelled
ORD018288,2025-07-25,CUST01218,PROD0050,B001,2,2055.88,0.1,1850.3,1186.37,663.93,Cancelled
ORD018289,2025-08-04,CUST02429,PROD0058,B005,3,877.49,0.1,789.74,489.82,299.92,Cancelled
ORD018293,2025-11-07,CUST01386,PROD0044,B001,3,3069.26,0.05,2915.8,1704.19,1211.61,Cancelled
ORD018295,2025-01-17,CUST01656,PROD0039,B003,5,6933.24,0.2,5546.59,3863.63,1682.96,Cancelled
ORD018300,2025-05-20,CUST01435,PROD0057,B005,1,939.99,0.1,845.99,606.92,239.07,Cancelled
ORD018302,2025-06-16,CUST02305,PROD0103,B002,3,2448.39,0.0,2448.39,1448.94,999.45,Cancelled
ORD018304,2025-08-09,CUST00297,PROD0085,B003,1,40.26,0.1,36.23,31.9,4.33,Cancelled
ORD018305,2025-05-03,CUST01705,PROD0089,B001,2,642.19,0.2,513.75,421.95,91.8,Cancelled
ORD018307,2025-09-29,CUST01269,PROD0025,B003,1,925.91,0.1,833.32,552.45,280.87,Cancelled
ORD018312,2025-10-19,CUST01325,PROD0087,B003,3,3313.68,0.2,2650.95,2313.83,337.12,Cancelled
ORD018325,2025-03-10,CUST01539,PROD0088,B001,1,419.79,0.1,377.81,270.84,106.97,Cancelled
ORD018326,2025-03-26,CUST01734,PROD0052,B005,2,1235.77,0.15,1050.41,847.97,202.44,Cancelled
ORD018329,2025-07-25,CUST00685,PROD0113,B003,1,1172.94,0.1,1055.65,848.21,207.44,Cancelled
ORD018331,2025-02-06,CUST01375,PROD0036,B005,2,530.01,0.05,503.51,286.59,216.92,Cancelled
ORD018332,2025-09-04,CUST00232,PROD0086,B002,3,1481.02,0.0,1481.02,1124.35,356.67,Cancelled
ORD018336,2025-08-24,CUST00008,PROD0074,B003,4,2442.22,0.1,2198.0,1888.55,309.45,Cancelled
ORD018337,2025-05-05,CUST01406,PROD0112,B004,5,4051.22,0.05,3848.66,3171.95,676.71,Cancelled
ORD018338,2025-09-23,CUST01937,PROD0080,B002,1,380.26,0.1,342.24,263.73,78.51,Cancelled
ORD018345,2025-06-04,CUST00396,PROD0044,B004,1,1023.09,0.05,971.93,568.06,403.87,Cancelled
ORD018348,2025-06-19,CUST01440,PROD0082,B003,1,1958.85,0.0,1958.85,1060.23,898.62,Cancelled
ORD018356,2025-05-25,CUST01100,PROD0002,B001,3,1908.25,0.0,1908.25,1153.86,754.39,Cancelled
ORD018360,2025-10-09,CUST00627,PROD0014,B001,5,6457.15,0.1,5811.43,3696.95,2114.48,Cancelled
ORD018363,2025-04-04,CUST00702,PROD0066,B002,1,1307.64,0.1,1176.88,939.42,237.46,Cancelled
ORD018364,2025-08-10,CUST02307,PROD0102,B004,4,2885.73,0.05,2741.45,1664.19,1077.26,Cancelled
ORD018366,2025-08-08,CUST00173,PROD0065,B001,1,1263.8,0.15,1074.23,945.71,128.52,Cancelled
ORD018367,2025-12-10,CUST02220,PROD0003,B004,2,706.64,0.1,635.98,500.77,135.21,Cancelled
ORD018371,2025-03-28,CUST00408,PROD0115,B005,5,3490.94,0.0,3490.94,2154.07,1336.87,Cancelled
ORD018374,2025-10-09,CUST00698,PROD0052,B005,4,2471.55,0.05,2347.97,1695.93,652.04,Cancelled
ORD018377,2025-06-13,CUST00900,PROD0005,B003,3,3429.64,0.05,3258.16,2114.72,1143.44,Cancelled
ORD018379,2025-01-12,CUST01094,PROD0004,B002,3,839.39,0.15,713.48,536.17,177.31,Cancelled
ORD018395,2025-06-07,CUST01604,PROD0094,B001,5,913.16,0.05,867.5,547.19,320.31,Cancelled
ORD018400,2025-08-23,CUST01414,PROD0070,B003,2,375.07,0.0,375.07,257.36,117.71,Cancelled
ORD018405,2025-08-11,CUST02019,PROD0058,B001,2,585.0,0.1,526.49,326.55,199.94,Cancelled
ORD018414,2025-10-25,CUST00756,PROD0057,B004,2,1879.99,0.15,1597.99,1213.83,384.16,Cancelled
ORD018415,2025-01-14,CUST02274,PROD0107,B003,2,3326.04,0.05,3159.74,2034.43,1125.31,Cancelled
ORD018421,2025-01-15,CUST01857,PROD0077,B005,1,284.33,0.1,255.9,230.11,25.79,Cancelled
ORD018423,2025-03-27,CUST02439,PROD0046,B005,4,835.47,0.1,751.93,630.54,121.39,Cancelled
ORD018424,2025-06-28,CUST02292,PROD0079,B004,5,810.39,0.0,810.39,545.1,265.29,Cancelled
ORD018426,2025-12-05,CUST01136,PROD0086,B003,4,1974.7,0.05,1875.96,1499.14,376.82,Cancelled
ORD018429,2025-03-12,CUST01835,PROD0030,B003,4,3813.41,0.0,3813.41,3043.57,769.84,Cancelled
ORD018438,2025-05-14,CUST00066,PROD0083,B004,1,1547.04,0.0,1547.04,1048.83,498.21,Cancelled
ORD018439,2025-07-14,CUST00525,PROD0076,B004,2,561.09,0.1,504.98,449.0,55.98,Cancelled
ORD018445,2025-09-07,CUST01857,PROD0080,B005,2,760.52,0.05,722.5,527.46,195.04,Cancelled
ORD018452,2025-09-14,CUST01277,PROD0064,B003,2,1730.59,0.1,1557.53,1315.46,242.07,Cancelled
ORD018453,2025-01-26,CUST02327,PROD0120,B004,3,1596.89,0.05,1517.05,1029.53,487.52,Cancelled
ORD018457,2025-01-12,CUST00884,PROD0035,B004,2,1085.63,0.0,1085.63,814.8,270.83,Cancelled
ORD018462,2025-03-01,CUST01964,PROD0061,B003,1,419.17,0.15,356.29,294.62,61.67,Cancelled
ORD018464,2025-05-21,CUST00846,PROD0025,B005,3,2777.74,0.05,2638.86,1657.36,981.5,Cancelled
ORD018469,2025-01-20,CUST02373,PROD0093,B003,2,1620.47,0.05,1539.45,1188.99,350.46,Cancelled
ORD018471,2025-05-19,CUST01564,PROD0079,B001,2,324.15,0.15,275.53,218.04,57.49,Cancelled
ORD018474,2025-02-15,CUST02108,PROD0090,B001,2,598.32,0.05,568.4,374.43,193.97,Cancelled
ORD018476,2025-09-28,CUST01968,PROD0070,B005,3,562.61,0.05,534.48,386.04,148.44,Cancelled
ORD018477,2025-04-18,CUST02433,PROD0046,B003,5,1044.34,0.05,992.13,788.18,203.95,Cancelled
ORD018480,2025-02-15,CUST01352,PROD0095,B004,5,1660.66,0.0,1660.66,1252.66,408.0,Cancelled
ORD018482,2025-05-06,CUST02130,PROD0058,B004,1,292.5,0.0,292.5,163.27,129.23,Cancelled
ORD018484,2025-02-01,CUST01163,PROD0089,B002,1,321.09,0.0,321.09,210.97,110.12,Cancelled
ORD018487,2025-08-23,CUST01251,PROD0032,B001,5,3443.66,0.15,2927.11,1895.23,1031.88,Cancelled
ORD018493,2025-11-02,CUST00993,PROD0002,B003,3,1908.25,0.05,1812.83,1153.86,658.97,Cancelled
ORD018494,2025-08-19,CUST02154,PROD0030,B001,1,953.35,0.1,858.02,760.89,97.13,Cancelled
ORD018496,2025-02-20,CUST00982,PROD0079,B003,1,162.08,0.1,145.87,109.02,36.85,Cancelled
ORD018499,2025-04-16,CUST00892,PROD0094,B004,3,547.89,0.15,465.71,328.31,137.4,Cancelled
ORD018503,2025-01-09,CUST00552,PROD0010,B003,5,8616.01,0.15,7323.61,5012.78,2310.83,Cancelled
ORD018505,2025-07-13,CUST00770,PROD0014,B001,5,6457.15,0.2,5165.72,3696.95,1468.77,Cancelled
ORD018510,2025-09-17,CUST00317,PROD0041,B003,1,107.62,0.1,96.86,58.44,38.42,Cancelled
ORD018513,2025-12-06,CUST00215,PROD0060,B003,1,83.73,0.05,79.54,54.97,24.57,Cancelled
ORD018514,2025-01-20,CUST00338,PROD0033,B004,2,1122.91,0.05,1066.76,716.84,349.92,Cancelled
ORD018516,2025-07-06,CUST02024,PROD0048,B001,1,830.82,0.1,747.74,575.63,172.11,Cancelled
ORD018519,2025-08-26,CUST00278,PROD0096,B001,5,8309.1,0.15,7062.74,4837.33,2225.41,Cancelled
ORD018522,2025-02-21,CUST00041,PROD0107,B002,4,6652.07,0.05,6319.47,4068.86,2250.61,Cancelled
ORD018529,2025-11-25,CUST02444,PROD0109,B004,4,5072.16,0.05,4818.55,3647.79,1170.76,Cancelled
ORD018530,2025-01-03,CUST01301,PROD0072,B005,2,870.05,0.0,870.05,610.93,259.12,Cancelled
ORD018535,2025-05-24,CUST01684,PROD0112,B003,2,1620.49,0.1,1458.44,1268.78,189.66,Cancelled
ORD018541,2025-05-31,CUST01104,PROD0090,B002,5,1495.79,0.1,1346.21,936.07,410.14,Cancelled
ORD018542,2025-11-04,CUST02376,PROD0031,B001,2,1247.65,0.15,1060.51,1024.06,36.45,Cancelled
ORD018547,2025-10-04,CUST00708,PROD0033,B001,2,1122.91,0.05,1066.76,716.84,349.92,Cancelled
ORD018550,2025-01-31,CUST01703,PROD0034,B005,3,3022.97,0.2,2418.37,2010.51,407.86,Cancelled
ORD018552,2025-04-01,CUST01591,PROD0036,B004,4,1060.02,0.15,901.02,573.17,327.85,Cancelled
ORD018554,2025-02-16,CUST01582,PROD0118,B003,3,813.32,0.1,731.99,544.77,187.22,Cancelled
ORD018555,2025-01-03,CUST01908,PROD0015,B001,3,3987.05,0.0,3987.05,2479.45,1507.6,Cancelled
ORD018557,2025-03-02,CUST00012,PROD0018,B005,1,1609.81,0.1,1448.83,1002.47,446.36,Cancelled
ORD018558,2025-02-21,CUST00423,PROD0078,B001,3,2614.76,0.1,2353.28,1610.39,742.89,Cancelled
ORD018563,2025-08-03,CUST01401,PROD0070,B002,1,187.54,0.15,159.41,128.68,30.73,Cancelled
ORD018564,2025-11-16,CUST01511,PROD0037,B001,4,2168.5,0.0,2168.5,1805.2,363.3,Cancelled
ORD018571,2025-02-27,CUST01378,PROD0094,B002,4,730.53,0.1,657.47,437.75,219.72,Cancelled
ORD018572,2025-05-02,CUST01897,PROD0029,B001,4,1713.35,0.0,1713.35,994.52,718.83,Cancelled
ORD018574,2025-04-04,CUST01026,PROD0029,B002,1,428.34,0.1,385.51,248.63,136.88,Cancelled
ORD018591,2025-10-21,CUST00088,PROD0090,B004,1,299.16,0.1,269.24,187.21,82.03,Cancelled
ORD018593,2025-04-07,CUST01721,PROD0107,B001,5,8315.09,0.1,7483.58,5086.08,2397.5,Cancelled
ORD018596,2025-10-06,CUST02250,PROD0021,B001,4,3161.66,0.15,2687.41,1921.24,766.17,Cancelled
ORD018607,2025-11-18,CUST00869,PROD0005,B004,3,3429.64,0.05,3258.16,2114.72,1143.44,Cancelled
ORD018617,2025-09-30,CUST00515,PROD0019,B004,4,3324.52,0.2,2659.61,2073.17,586.44,Cancelled
ORD018618,2025-02-04,CUST00131,PROD0068,B001,5,4792.72,0.05,4553.08,3850.15,702.93,Cancelled
ORD018625,2025-01-22,CUST01092,PROD0069,B003,1,1183.09,0.05,1123.94,641.97,481.97,Cancelled
ORD018627,2025-02-13,CUST02356,PROD0066,B001,2,2615.29,0.2,2092.23,1878.85,213.38,Cancelled
ORD018628,2025-04-06,CUST00251,PROD0046,B001,1,208.87,0.05,198.42,157.64,40.78,Cancelled
ORD018629,2025-05-29,CUST00802,PROD0091,B002,4,1547.51,0.1,1392.76,1179.47,213.29,Cancelled
ORD018630,2025-08-25,CUST00917,PROD0054,B002,1,1054.63,0.1,949.17,712.67,236.5,Cancelled
ORD018636,2025-09-09,CUST00240,PROD0001,B002,3,5441.31,0.1,4897.18,2982.93,1914.25,Cancelled
ORD018637,2025-03-09,CUST00761,PROD0043,B001,3,817.57,0.0,817.57,501.22,316.35,Cancelled
ORD018639,2025-02-26,CUST01094,PROD0117,B005,5,3611.21,0.05,3430.65,2226.41,1204.24,Cancelled
ORD018640,2025-08-03,CUST01930,PROD0032,B001,4,2754.92,0.2,2203.94,1516.18,687.76,Cancelled
ORD018642,2025-07-08,CUST00369,PROD0064,B003,3,2595.89,0.15,2206.5,1973.19,233.31,Cancelled
ORD018645,2025-09-21,CUST01447,PROD0015,B005,3,3987.05,0.15,3388.99,2479.45,909.54,Cancelled
ORD018650,2025-06-20,CUST01666,PROD0010,B001,2,3446.4,0.1,3101.76,2005.11,1096.65,Cancelled
ORD018651,2025-11-28,CUST01507,PROD0024,B005,4,4795.96,0.05,4556.16,2630.21,1925.95,Cancelled
ORD018656,2025-03-31,CUST01396,PROD0079,B005,3,486.23,0.05,461.92,327.06,134.86,Cancelled
ORD018659,2025-05-25,CUST00016,PROD0042,B002,1,1359.37,0.05,1291.41,995.44,295.97,Cancelled
ORD018660,2025-06-16,CUST00095,PROD0083,B005,2,3094.07,0.05,2939.37,2097.67,841.7,Cancelled
ORD018668,2025-01-12,CUST00089,PROD0038,B001,1,56.05,0.05,53.25,38.07,15.18,Cancelled
ORD018673,2025-08-08,CUST00468,PROD0049,B005,2,2492.79,0.0,2492.79,1442.26,1050.53,Cancelled
ORD018674,2025-03-01,CUST00771,PROD0100,B005,3,2275.37,0.1,2047.83,1776.78,271.05,Cancelled
ORD018678,2025-10-13,CUST01202,PROD0043,B001,4,1090.09,0.1,981.08,668.29,312.79,Cancelled
ORD018681,2025-06-27,CUST00421,PROD0009,B002,2,597.21,0.2,477.77,365.72,112.05,Cancelled
ORD018682,2025-08-07,CUST02120,PROD0074,B004,1,610.56,0.15,518.97,472.14,46.83,Cancelled
ORD018684,2025-09-25,CUST00210,PROD0093,B002,5,4051.17,0.2,3240.94,2972.48,268.46,Cancelled
ORD018695,2025-07-01,CUST02012,PROD0018,B005,5,8049.05,0.15,6841.69,5012.37,1829.32,Cancelled
ORD018705,2025-11-18,CUST02500,PROD0111,B004,2,3431.94,0.15,2917.15,2070.7,846.45,Cancelled
ORD018707,2025-09-08,CUST01434,PROD0019,B004,1,831.13,0.2,664.9,518.29,146.61,Cancelled
ORD018723,2025-08-14,CUST00715,PROD0079,B003,4,648.31,0.1,583.48,436.08,147.4,Cancelled
ORD018730,2025-12-19,CUST01733,PROD0062,B005,3,2046.83,0.1,1842.14,1623.7,218.44,Cancelled
ORD018732,2025-01-02,CUST00559,PROD0085,B004,3,120.79,0.1,108.71,95.71,13.0,Cancelled
ORD018746,2025-08-26,CUST01559,PROD0091,B005,5,1934.39,0.15,1644.23,1474.33,169.9,Cancelled
ORD018750,2025-12-09,CUST00240,PROD0116,B004,2,490.38,0.0,490.38,402.31,88.07,Cancelled
ORD018751,2025-04-12,CUST01794,PROD0101,B003,3,1813.55,0.1,1632.2,1292.02,340.18,Cancelled
ORD018758,2025-04-18,CUST01135,PROD0039,B005,3,4159.94,0.05,3951.94,2318.18,1633.76,Cancelled
ORD018761,2025-02-14,CUST00134,PROD0072,B002,3,1305.08,0.2,1044.06,916.39,127.67,Cancelled
ORD018764,2025-12-15,CUST01303,PROD0052,B004,5,3089.44,0.1,2780.49,2119.92,660.57,Cancelled
ORD018765,2025-06-08,CUST02376,PROD0027,B002,1,640.05,0.15,544.04,463.63,80.41,Cancelled
ORD018767,2025-03-19,CUST00878,PROD0040,B003,1,926.5,0.15,787.53,505.35,282.18,Cancelled
ORD018772,2025-09-25,CUST01700,PROD0102,B004,1,721.43,0.0,721.43,416.05,305.38,Cancelled
ORD018773,2025-04-27,CUST01598,PROD0085,B005,4,161.05,0.15,136.89,127.62,9.27,Cancelled
ORD018777,2025-02-19,CUST01252,PROD0041,B002,2,215.25,0.05,204.49,116.89,87.6,Cancelled
ORD018779,2025-06-07,CUST00777,PROD0116,B001,4,980.76,0.0,980.76,804.63,176.13,Cancelled
ORD018781,2025-07-08,CUST01916,PROD0081,B005,4,497.94,0.15,423.25,370.75,52.5,Cancelled
ORD018783,2025-02-21,CUST00656,PROD0053,B003,1,519.83,0.05,493.84,338.18,155.66,Cancelled
ORD018785,2025-09-28,CUST01843,PROD0081,B003,1,124.49,0.05,118.26,92.69,25.57,Cancelled
ORD018786,2025-04-22,CUST01724,PROD0040,B001,3,2779.51,0.05,2640.53,1516.05,1124.48,Cancelled
ORD018792,2025-04-20,CUST02285,PROD0036,B001,2,530.01,0.0,530.01,286.59,243.42,Cancelled
ORD018794,2025-10-07,CUST01411,PROD0044,B003,1,1023.09,0.1,920.78,568.06,352.72,Cancelled
ORD018796,2025-12-14,CUST00045,PROD0064,B001,2,1730.59,0.0,1730.59,1315.46,415.13,Cancelled
ORD018816,2025-04-07,CUST02353,PROD0106,B003,3,2016.1,0.1,1814.49,1209.86,604.63,Cancelled
ORD018817,2025-08-20,CUST01171,PROD0113,B004,2,2345.89,0.2,1876.71,1696.41,180.3,Cancelled
ORD018821,2025-08-31,CUST02478,PROD0103,B003,2,1632.26,0.1,1469.04,965.96,503.08,Cancelled
ORD018831,2025-03-07,CUST01186,PROD0106,B002,5,3360.17,0.05,3192.17,2016.44,1175.73,Cancelled
ORD018840,2025-06-11,CUST00138,PROD0048,B001,5,4154.11,0.05,3946.41,2878.13,1068.28,Cancelled
ORD018857,2025-08-22,CUST01886,PROD0058,B004,3,877.49,0.1,789.74,489.82,299.92,Cancelled
ORD018865,2025-03-08,CUST00143,PROD0031,B002,5,3119.14,0.0,3119.14,2560.15,558.99,Cancelled
ORD018867,2025-12-01,CUST01023,PROD0089,B002,2,642.19,0.2,513.75,421.95,91.8,Cancelled
ORD018871,2025-07-25,CUST00945,PROD0117,B005,4,2888.96,0.1,2600.07,1781.13,818.94,Cancelled
ORD018873,2025-11-02,CUST01567,PROD0007,B003,5,223.08,0.05,211.93,167.19,44.74,Cancelled
ORD018875,2025-05-08,CUST02315,PROD0049,B001,4,4985.58,0.1,4487.02,2884.53,1602.49,Cancelled
ORD018883,2025-02-21,CUST02414,PROD0108,B004,5,4254.72,0.2,3403.78,2447.6,956.18,Cancelled
ORD018886,2025-07-04,CUST01323,PROD0090,B005,2,598.32,0.15,508.57,374.43,134.14,Cancelled
ORD018888,2025-07-09,CUST01827,PROD0016,B004,4,332.43,0.2,265.95,199.08,66.87,Cancelled
ORD018890,2025-01-20,CUST01246,PROD0043,B005,5,1362.61,0.0,1362.61,835.37,527.24,Cancelled
ORD018894,2025-08-15,CUST02470,PROD0072,B005,1,435.03,0.2,348.02,305.46,42.56,Cancelled
ORD018896,2025-07-25,CUST00357,PROD0049,B004,2,2492.79,0.0,2492.79,1442.26,1050.53,Cancelled
ORD018898,2025-04-14,CUST00470,PROD0009,B002,1,298.6,0.15,253.81,182.86,70.95,Cancelled
ORD018899,2025-02-08,CUST01744,PROD0068,B001,5,4792.72,0.1,4313.45,3850.15,463.3,Cancelled
ORD018914,2025-12-20,CUST00178,PROD0092,B003,4,390.72,0.0,390.72,249.28,141.44,Cancelled
ORD018918,2025-10-02,CUST02312,PROD0039,B005,4,5546.59,0.05,5269.26,3090.9,2178.36,Cancelled
ORD018923,2025-07-31,CUST01908,PROD0112,B004,3,2430.73,0.1,2187.66,1903.17,284.49,Cancelled
ORD018926,2025-08-07,CUST02214,PROD0020,B005,4,2845.47,0.1,2560.92,2049.02,511.9,Cancelled
ORD018927,2025-05-06,CUST00323,PROD0004,B004,4,1119.18,0.1,1007.26,714.9,292.36,Cancelled
ORD018932,2025-12-21,CUST00712,PROD0027,B004,4,2560.19,0.2,2048.15,1854.53,193.62,Cancelled
ORD018933,2025-06-29,CUST01502,PROD0046,B005,4,835.47,0.05,793.7,630.54,163.16,Cancelled
ORD018934,2025-05-26,CUST01878,PROD0023,B005,3,3571.78,0.05,3393.19,2207.84,1185.35,Cancelled
ORD018935,2025-05-31,CUST02497,PROD0085,B002,2,80.53,0.1,72.47,63.81,8.66,Cancelled
ORD018938,2025-03-08,CUST01094,PROD0101,B002,2,1209.04,0.05,1148.58,861.35,287.23,Cancelled
ORD018946,2025-12-14,CUST02209,PROD0088,B004,1,419.79,0.2,335.83,270.84,64.99,Cancelled
ORD018948,2025-07-19,CUST01488,PROD0100,B002,3,2275.37,0.0,2275.37,1776.78,498.59,Cancelled
ORD018955,2025-12-06,CUST00110,PROD0081,B001,4,497.94,0.0,497.94,370.75,127.19,Cancelled
ORD018957,2025-08-24,CUST00460,PROD0049,B003,5,6231.97,0.2,4985.58,3605.66,1379.92,Cancelled
ORD018965,2025-01-06,CUST00586,PROD0090,B005,3,897.47,0.05,852.6,561.64,290.96,Cancelled
ORD018972,2025-06-02,CUST02174,PROD0060,B001,1,83.73,0.15,71.17,54.97,16.2,Cancelled
ORD018975,2025-09-15,CUST00768,PROD0049,B002,3,3739.18,0.2,2991.35,2163.4,827.95,Cancelled
ORD018978,2025-01-30,CUST01877,PROD0107,B001,1,1663.02,0.05,1579.87,1017.22,562.65,Cancelled
ORD018983,2025-12-24,CUST01654,PROD0100,B004,3,2275.37,0.2,1820.29,1776.78,43.51,Cancelled
ORD018984,2025-09-15,CUST00936,PROD0043,B004,3,817.57,0.1,735.81,501.22,234.59,Cancelled
ORD018986,2025-06-30,CUST01698,PROD0061,B003,5,2095.84,0.2,1676.67,1473.09,203.58,Cancelled
ORD018994,2025-07-02,CUST01614,PROD0072,B002,1,435.03,0.05,413.28,305.46,107.82,Cancelled
ORD018996,2025-05-02,CUST01241,PROD0113,B002,4,4691.77,0.15,3988.01,3392.82,595.19,Cancelled
DUP007497,2025-05-13,CUST02072,PROD0008,B003,5,1250.92,0.05,1188.38,1031.19,157.19,Completed
DUP009211,2025-08-21,CUST01277,PROD0052,B001,5,3112.23,0.2,2489.78,2135.56,354.22,Completed
DUP006384,2025-08-07,CUST00460,PROD0109,B004,3,3832.18,0.05,3640.57,2756.02,884.55,Completed
DUP005895,2025-08-30,CUST00794,PROD0103,B005,4,3288.6,0.05,3124.17,1946.18,1177.99,Completed
DUP010313,2025-07-10,CUST02123,PROD0012,B005,2,244.23,0.05,232.02,165.01,67.01,Completed
DUP004316,2025-03-01,CUST01233,PROD0083,B003,3,4675.34,0.1,4207.81,3169.71,1038.1,Completed
DUP014462,2025-11-18,CUST01570,PROD0038,B001,2,112.93,0.0,112.93,76.71,36.22,Completed
DUP012177,2025-04-28,CUST01865,PROD0098,B003,3,2824.65,0.05,2683.42,1579.46,1103.96,Completed
DUP016128,2025-03-08,CUST02279,PROD0031,B003,5,3142.15,0.0,3142.15,2579.04,563.11,Completed
DUP015189,2025-04-13,CUST00692,PROD0105,B005,2,794.66,0.05,754.93,585.62,169.31,Completed
DUP011683,2025-04-01,CUST02380,PROD0001,B003,2,3654.3,0.0,3654.3,2003.29,1651.01,Completed
DUP009709,2025-12-26,CUST00563,PROD0007,B002,2,89.89,0.1,80.9,67.37,13.53,Completed
DUP012170,2025-01-06,CUST00548,PROD0027,B002,2,1289.54,0.15,1096.1,934.11,161.99,Completed
DUP007841,2025-11-20,CUST00058,PROD0018,B001,5,8108.42,0.05,7703.0,5049.34,2653.66,Completed
DUP007392,2025-01-28,CUST01783,PROD0067,B002,5,4271.63,0.0,4271.63,2342.72,1928.91,Completed
DUP002910,2025-09-09,CUST00045,PROD0053,B004,5,2618.34,0.25,1963.76,1703.37,260.39,Completed
DUP013303,2025-01-08,CUST01932,PROD0065,B003,4,5092.5,0.15,4328.62,3810.76,517.86,Completed
DUP008584,2025-03-05,CUST01559,PROD0066,B003,2,2634.58,0.1,2371.13,1892.71,478.42,Completed
DUP009771,2025-01-24,CUST01078,PROD0118,B001,3,819.32,0.05,778.35,548.79,229.56,Completed
DUP013695,2025-11-13,CUST01626,PROD0113,B003,2,2363.19,0.25,1772.39,1708.92,63.47,Completed
DUP008133,2025-02-18,CUST01046,PROD0115,B005,5,3516.69,0.15,2989.19,2169.96,819.23,Completed
DUP004280,2025-07-14,CUST00004,PROD0020,B004,5,3583.08,0.2,2866.46,2580.16,286.3,Completed
DUP004825,2025-10-22,CUST02075,PROD0008,B002,4,1000.74,0.25,750.55,824.95,-74.4,Completed
DUP007677,2025-03-01,CUST01439,PROD0005,B002,1,1151.65,0.25,863.73,710.11,153.62,Completed
DUP007982,2025-01-28,CUST01834,PROD0079,B003,4,653.09,0.1,587.78,439.29,148.49,Completed
DUP011901,2025-06-18,CUST01303,PROD0020,B004,1,716.62,0.05,680.79,516.03,164.76,Completed
DUP015309,2025-10-11,CUST00846,PROD0050,B001,4,4142.1,0.15,3520.79,2390.23,1130.56,Completed
DUP017008,2025-09-09,CUST01981,PROD0058,B004,2,589.31,0.25,441.99,328.96,113.03,Completed
DUP009725,2025-11-22,CUST02068,PROD0009,B003,2,601.61,0.1,541.45,368.42,173.03,Completed
DUP011941,2025-01-07,CUST02176,PROD0119,B001,5,2819.69,0.1,2537.73,2045.87,491.86,Completed
DUP016729,2025-09-07,CUST01800,PROD0023,B003,1,1199.38,0.0,1199.38,741.37,458.01,Completed
DUP012799,2025-03-14,CUST00310,PROD0026,B001,2,741.46,0.1,667.32,535.68,131.64,Completed
DUP002233,2025-06-03,CUST00652,PROD0040,B001,4,3733.35,0.15,3173.34,2036.31,1137.03,Completed
DUP011848,2025-08-29,CUST01137,PROD0023,B002,3,3598.13,0.0,3598.13,2224.12,1374.01,Completed
DUP003572,2025-02-01,CUST00870,PROD0048,B003,2,1673.9,0.25,1255.43,1159.74,95.69,Completed
DUP010101,2025-01-30,CUST01861,PROD0118,B002,3,819.32,0.05,778.35,548.79,229.56,Completed
DUP001262,2025-06-10,CUST01624,PROD0026,B001,1,370.73,0.1,333.66,267.84,65.82,Completed
DUP003604,2025-10-13,CUST01604,PROD0072,B005,2,876.47,0.05,832.65,615.43,217.22,Completed
DUP012485,2025-02-03,CUST01320,PROD0021,B001,3,2388.73,0.05,2269.3,1451.56,817.74,Completed
DUP016763,2025-03-30,CUST00537,PROD0118,B004,1,273.11,0.25,204.83,182.93,21.9,Completed
DUP011631,2025-12-06,CUST00845,PROD0034,B002,5,5075.44,0.05,4821.67,3375.57,1446.1,Completed
DUP005084,2025-01-16,CUST00726,PROD0068,B003,4,3862.46,0.2,3089.97,3102.84,-12.87,Completed
DUP003080,2025-04-09,CUST00694,PROD0114,B004,1,1294.98,0.1,1165.48,982.79,182.69,Completed
DUP007915,2025-09-05,CUST01261,PROD0054,B003,2,2124.82,0.0,2124.82,1435.86,688.96,Completed
DUP017647,2025-11-29,CUST01920,PROD0115,B001,2,792.68,0.0,792.68,867.98,-75.3,Completed
DUP001891,2025-06-08,CUST00454,PROD0025,B003,2,1865.49,0.05,1772.21,1113.06,659.15,Completed
DUP015242,2025-11-04,CUST00064,PROD0014,B001,5,6504.78,0.0,6504.78,3724.22,2780.56,Completed
DUP007793,2025-02-09,CUST00587,PROD0042,B001,2,2738.8,0.1,2464.92,2005.56,459.36,Completed
DUP004450,2025-11-23,CUST00863,PROD0117,B004,5,3637.84,0.05,3455.95,2242.84,1213.11,Completed
DUP013595,2025-03-27,CUST00348,PROD0076,B001,2,565.23,0.25,423.92,452.31,-28.39,Completed
DUP016465,2025-06-16,CUST01858,PROD0090,B002,5,1506.82,0.15,1280.8,942.98,337.82,Completed
DUP013151,2025-01-22,CUST00286,PROD0056,B004,5,6650.07,0.25,4987.55,4982.15,5.4,Completed
DUP017036,2025-02-08,CUST01272,PROD0007,B003,5,224.73,0.15,191.02,168.42,22.6,Completed
DUP010528,2025-10-18,CUST01545,PROD0040,B002,1,933.34,0.1,840.0,509.08,330.92,Completed
DUP014935,2025-04-26,CUST02060,PROD0049,B004,3,3766.77,0.15,3201.75,2179.35,1022.4,Completed
DUP006212,2025-10-15,CUST00185,PROD0007,B001,4,179.78,0.15,152.81,134.73,18.08,Completed
DUP017534,2025-11-30,CUST01025,PROD0001,B004,4,7308.59,0.1,6577.74,4006.58,2571.16,Completed
DUP011205,2025-11-07,CUST00002,PROD0006,B001,1,630.72,0.15,536.11,457.78,78.33,Completed
DUP014543,2025-08-24,CUST02037,PROD0090,B002,4,1205.46,0.1,1084.91,754.38,330.53,Completed
DUP006065,2025-02-04,CUST01885,PROD0063,B002,1,125.0,0.0,125.0,94.65,30.35,Completed
DUP008984,2025-06-08,CUST00360,PROD0010,B003,1,1735.91,0.05,1649.12,1009.95,639.17,Completed
DUP004683,2025-09-06,CUST01652,PROD0078,B005,1,878.02,0.05,834.11,540.76,293.35,Completed
DUP004246,2025-04-12,CUST01814,PROD0112,B001,5,4081.1,0.05,3877.05,3195.34,681.71,Completed
DUP012638,2025-04-17,CUST01882,PROD0106,B003,1,676.99,0.05,643.14,406.26,236.88,Completed
DUP017599,2025-10-23,CUST01726,PROD0028,B005,2,1375.86,0.1,1238.27,863.96,374.31,Completed
DUP007086,2025-05-23,CUST00355,PROD0048,B001,2,1673.9,0.05,1590.21,1159.74,430.47,Completed
DUP005565,2025-01-30,CUST02297,PROD0099,B002,5,4000.58,0.15,3400.49,2796.07,604.42,Completed
DUP003270,2025-05-02,CUST01587,PROD0002,B002,1,640.77,0.15,544.66,387.46,157.2,Completed
DUP005849,2025-12-08,CUST01107,PROD0033,B001,5,2827.98,0.2,2262.38,1805.31,457.07,Completed
DUP005000,2025-01-30,CUST02253,PROD0105,B003,1,397.33,0.05,377.46,292.81,84.65,Completed
DUP017335,2025-11-09,CUST00481,PROD0033,B001,3,1696.79,0.05,1611.95,1083.19,528.76,Completed
DUP004154,2025-03-04,CUST01029,PROD0020,B005,4,2866.46,0.2,2293.17,2064.13,229.04,Completed
DUP000971,2025-11-03,CUST02036,PROD0018,B003,3,4865.05,0.0,4865.05,3029.61,1835.44,Completed
DUP009797,2025-11-09,CUST00303,PROD0051,B001,4,3376.92,0.1,3039.23,2238.68,800.55,Completed
DUP002021,2025-11-16,CUST00203,PROD0059,B002,5,4592.85,0.05,4363.21,2905.09,1458.12,Completed
DUP015129,2025-01-17,CUST00584,PROD0013,B003,4,2549.59,0.15,2167.15,1724.93,442.22,Completed
DUP004904,2025-04-26,CUST01846,PROD0043,B003,3,492.81,0.05,468.17,504.92,-36.75,Completed
DUP016063,2025-01-16,CUST00790,PROD0103,B003,2,1644.3,0.1,1479.87,973.09,506.78,Completed
DUP015387,2025-09-05,CUST01357,PROD0101,B001,1,608.98,0.05,578.53,433.85,144.68,Completed
DUP009125,2025-03-23,CUST01553,PROD0011,B004,2,1597.74,0.05,1517.85,1239.13,278.72,Completed
DUP002929,2025-09-30,CUST01793,PROD0009,B001,2,601.61,0.15,511.37,368.42,142.95,Completed
DUP006686,2025-12-03,CUST01879,PROD0025,B002,4,3730.98,0.0,3730.98,2226.11,1504.87,Completed
DUP003014,2025-11-04,CUST00539,PROD0087,B001,2,2225.42,0.1,2002.87,1553.93,448.94,Completed
DUP007223,2025-02-02,CUST01291,PROD0028,B001,5,3439.65,0.15,2923.7,2159.89,763.81,Completed
DUP009573,2025-06-20,CUST00906,PROD0041,B004,3,325.25,0.1,292.72,176.62,116.1,Completed
DUP007663,2025-01-07,CUST01180,PROD0082,B005,4,7893.21,0.15,6709.23,4272.21,2437.02,Completed
DUP009403,2025-12-19,CUST01468,PROD0111,B002,3,5185.88,0.15,4408.0,3128.97,1279.03,Completed
DUP015595,2025-05-11,CUST01392,PROD0022,B001,3,3573.49,0.15,3037.46,2582.12,455.34,Completed
DUP014362,2025-08-24,CUST01454,PROD0103,B004,2,1644.3,0.2,1315.44,973.09,342.35,Completed
DUP014120,2025-02-22,CUST02105,PROD0035,B002,1,546.82,0.0,546.82,410.4,136.42,Completed
DUP009190,2025-07-21,CUST02115,PROD0078,B001,4,3512.06,0.05,3336.46,2163.03,1173.43,Completed
DUP014569,2025-05-05,CUST01262,PROD0092,B001,3,295.2,0.2,236.16,188.34,47.82,Completed
DUP003976,2025-01-25,CUST01096,PROD0089,B004,4,1293.85,0.1,1164.47,850.12,314.35,Completed
DUP007145,2025-04-20,CUST00548,PROD0101,B005,4,2435.91,0.2,1948.73,1735.4,213.33,Completed
DUP000089,2025-04-08,CUST00591,PROD0047,B002,2,584.49,0.0,584.49,338.5,245.99,Completed
DUP008831,2025-07-18,CUST00247,PROD0047,B001,1,181.45,0.1,163.3,169.25,-5.95,Completed
DUP000929,2025-12-10,CUST02190,PROD0107,B002,1,1675.28,0.05,1591.52,1024.72,566.8,Completed
DUP007935,2025-03-20,CUST02111,PROD0100,B003,2,1528.1,0.1,1375.29,1193.25,182.04,Completed
DUP009256,2025-05-23,CUST00431,PROD0040,B003,5,4666.68,0.1,4200.01,2545.39,1654.62,Completed
DUP016026,2025-07-16,CUST01279,PROD0048,B003,2,1673.9,0.0,1673.9,1159.74,514.16,Completed
DUP016529,2025-10-30,CUST02204,PROD0101,B001,3,1826.93,0.2,1461.55,1301.55,160.0,Completed
DUP004082,2025-10-31,CUST00981,PROD0036,B001,2,533.92,0.1,480.53,288.7,191.83,Completed
DUP001945,2025-02-16,CUST02489,PROD0118,B004,5,1365.53,0.05,1297.26,914.65,382.61,Completed
DUP003834,2025-09-19,CUST00744,PROD0113,B002,2,2363.19,0.2,1890.55,1708.92,181.63,Completed
DUP017680,2025-12-27,CUST01051,PROD0030,B001,3,2881.15,0.15,2448.98,2299.52,149.46,Completed
DUP008458,2025-08-31,CUST01932,PROD0073,B002,3,516.66,0.25,387.5,339.09,48.41,Completed
DUP013780,2025-12-07,CUST01774,PROD0044,B005,2,2061.27,0.15,1752.08,1144.51,607.57,Completed
DUP009387,2025-12-19,CUST00608,PROD0019,B002,2,1674.52,0.1,1507.07,1044.23,462.84,Completed
DUP007625,2025-06-29,CUST02293,PROD0074,B002,3,1845.18,0.05,1752.92,1426.86,326.06,Completed
DUP012984,2025-05-04,CUST00155,PROD0016,B003,5,418.61,0.15,355.82,250.68,105.14,Completed
DUP003422,2025-05-01,CUST01376,PROD0084,B005,4,1953.1,0.15,1660.13,1441.92,218.21,Completed
DUP014062,2025-02-02,CUST01564,PROD0107,B004,4,6701.14,0.25,5025.85,4098.87,926.98,Completed
DUP000968,2025-06-15,CUST00147,PROD0005,B004,5,5758.23,0.05,5470.32,3550.54,1919.78,Completed
DUP009893,2025-02-20,CUST01710,PROD0099,B004,4,3200.47,0.0,3200.47,2236.86,963.61,Completed
DUP008171,2025-08-25,CUST01525,PROD0054,B001,5,5312.06,0.05,5046.45,3589.64,1456.81,Completed
DUP002813,2025-09-24,CUST01415,PROD0034,B001,5,5075.44,0.1,4567.9,3375.57,1192.33,Completed
DUP013726,2025-01-28,CUST01087,PROD0085,B002,3,121.68,0.1,109.51,96.42,13.09,Completed
DUP006073,2025-12-28,CUST01543,PROD0014,B002,2,2601.91,0.15,2211.63,1489.69,721.94,Completed
DUP016193,2025-10-30,CUST01314,PROD0063,B004,2,250.0,0.0,250.0,189.3,60.7,Completed
DUP003669,2025-07-28,CUST00743,PROD0050,B001,2,2071.05,0.1,1863.94,1195.12,668.82,Completed
DUP007018,2025-04-21,CUST00273,PROD0072,B003,4,1752.94,0.0,1752.94,1230.86,522.08,Completed
DUP003214,2025-05-20,CUST01430,PROD0032,B004,4,2775.25,0.2,2220.2,1527.37,692.83,Completed
DUP013345,2025-07-31,CUST01773,PROD0115,B001,3,2110.02,0.1,1899.01,1301.98,597.03,Completed
DUP016288,2025-07-16,CUST00902,PROD0079,B004,4,653.09,0.15,555.13,439.29,115.84,Completed
DUP017596,2025-01-02,CUST01793,PROD0055,B004,3,1313.53,0.2,1050.83,744.86,305.97,Completed
DUP001571,2025-09-19,CUST00548,PROD0092,B004,2,196.8,0.1,177.12,125.56,51.56,Completed
DUP016211,2025-06-22,CUST02089,PROD0065,B002,1,1273.12,0.05,1209.47,952.69,256.78,Completed
DUP005432,2025-01-03,CUST01354,PROD0100,B001,3,2292.15,0.1,2062.94,1789.88,273.06,Completed
DUP009737,2025-06-07,CUST00030,PROD0039,B001,5,6984.38,0.25,5238.29,3892.13,1346.16,Completed
DUP015465,2025-07-07,CUST01154,PROD0028,B003,2,1375.86,0.05,1307.07,863.96,443.11,Completed
DUP010227,2025-04-03,CUST02429,PROD0104,B004,2,3019.42,0.1,2717.48,1996.49,720.99,Completed
DUP005095,2025-10-30,CUST00117,PROD0025,B002,5,4663.72,0.0,4663.72,2782.64,1881.08,Completed
DUP012291,2025-04-25,CUST00390,PROD0052,B004,5,3112.23,0.05,2956.61,2135.56,821.05,Completed
DUP009661,2025-07-07,CUST01219,PROD0014,B005,3,3902.87,0.1,3512.58,2234.53,1278.05,Completed
DUP011991,2025-09-25,CUST00575,PROD0020,B004,3,2149.85,0.1,1934.86,1548.1,386.76,Completed
DUP008908,2025-09-25,CUST02164,PROD0111,B003,4,3547.26,0.05,3369.89,4171.96,-802.07,Completed
DUP016734,2025-11-06,CUST01360,PROD0012,B005,2,244.23,0.0,244.23,165.01,79.22,Completed
DUP017672,2025-05-28,CUST00455,PROD0040,B001,1,933.34,0.25,700.0,509.08,190.92,Completed
DUP014350,2025-06-18,CUST02400,PROD0036,B003,5,1334.8,0.0,1334.8,721.75,613.05,Completed
DUP010334,2025-06-23,CUST00181,PROD0040,B002,2,1866.67,0.2,1493.34,1018.16,475.18,Completed
DUP004129,2025-04-21,CUST01208,PROD0071,B004,4,1808.07,0.15,1536.86,1407.81,129.05,Completed
DUP002705,2025-05-29,CUST01007,PROD0118,B001,5,1365.53,0.05,1297.26,914.65,382.61,Completed
DUP012934,2025-02-04,CUST01972,PROD0087,B004,2,2225.42,0.0,2225.42,1553.93,671.49,Completed
DUP007454,2025-10-29,CUST02326,PROD0021,B001,5,3981.22,0.0,3981.22,2419.27,1561.95,Completed
DUP013677,2025-11-16,CUST02125,PROD0030,B001,2,1920.77,0.1,1728.69,1533.01,195.68,Completed
DUP017863,2025-10-09,CUST02229,PROD0073,B004,4,688.89,0.0,688.89,452.12,236.77,Completed
DUP013370,2025-05-07,CUST00995,PROD0029,B003,4,1725.99,0.15,1467.09,1001.86,465.23,Completed
DUP015193,2025-05-21,CUST01755,PROD0106,B005,2,1353.98,0.1,1218.59,812.53,406.06,Completed
DUP011420,2025-04-02,CUST00737,PROD0001,B002,5,9135.74,0.05,8678.96,5008.23,3670.73,Completed
DUP002974,2025-07-04,CUST02194,PROD0003,B001,4,1423.7,0.0,1423.7,1008.93,414.77,Completed
DUP005228,2025-12-05,CUST00045,PROD0106,B001,4,2707.97,0.1,2437.17,1625.05,812.12,Completed
DUP014321,2025-01-23,CUST00390,PROD0052,B001,2,1244.89,0.25,933.67,854.22,79.45,Completed
DUP017653,2025-09-05,CUST00571,PROD0018,B003,2,3243.37,0.2,2594.69,2019.74,574.95,Completed
DUP015654,2025-08-28,CUST00765,PROD0051,B002,3,2532.69,0.2,2026.15,1679.01,347.14,Completed
DUP006581,2025-11-09,CUST00340,PROD0077,B001,2,572.85,0.15,486.93,463.62,23.31,Completed
DUP003595,2025-01-29,CUST00965,PROD0070,B002,1,188.92,0.15,160.58,129.63,30.95,Completed
DUP013858,2025-11-23,CUST02343,PROD0058,B005,2,589.31,0.25,441.99,328.96,113.03,Completed
DUP011575,2025-11-20,CUST00408,PROD0056,B004,1,1330.01,0.2,1064.01,996.43,67.58,Completed
DUP016528,2025-12-13,CUST00988,PROD0101,B003,2,1217.96,0.0,1217.96,867.7,350.26,Completed
DUP015972,2025-05-27,CUST00840,PROD0110,B001,1,750.6,0.1,675.54,436.38,239.16,Completed
DUP012790,2025-06-27,CUST00061,PROD0034,B001,2,2030.18,0.1,1827.16,1350.23,476.93,Completed
DUP001329,2025-09-05,CUST02159,PROD0105,B004,5,1986.64,0.15,1688.64,1464.04,224.6,Completed
DUP005909,2025-10-27,CUST01850,PROD0094,B001,5,919.89,0.15,781.91,551.23,230.68,Completed
DUP002590,2025-10-31,CUST01613,PROD0109,B001,5,6386.96,0.1,5748.27,4593.37,1154.9,Completed
DUP007593,2025-01-19,CUST00621,PROD0099,B001,1,800.12,0.1,720.1,559.21,160.89,Completed
DUP014832,2025-04-09,CUST00275,PROD0083,B001,2,3116.9,0.1,2805.21,2113.14,692.07,Completed
DUP013507,2025-08-13,CUST01573,PROD0101,B003,5,3044.89,0.05,2892.64,2169.25,723.39,Completed
DUP002147,2025-10-15,CUST02230,PROD0042,B001,3,4108.21,0.0,4108.21,3008.35,1099.86,Completed
DUP005099,2025-02-27,CUST01862,PROD0117,B004,3,2182.71,0.2,1746.17,1345.7,400.47,Completed
DUP003571,2025-05-17,CUST00944,PROD0025,B005,2,1865.49,0.0,1865.49,1113.06,752.43,Completed
DUP001163,2025-02-14,CUST01202,PROD0090,B004,1,301.36,0.1,271.23,188.6,82.63,Completed
DUP002831,2025-09-30,CUST02237,PROD0092,B001,4,393.6,0.05,373.92,251.12,122.8,Completed
DUP010217,2025-01-16,CUST01570,PROD0088,B001,4,1019.07,0.05,968.11,1091.37,-123.26,Completed
DUP006657,2025-11-28,CUST00774,PROD0079,B001,2,326.55,0.15,277.56,219.65,57.91,Completed
DUP017530,2025-09-16,CUST00268,PROD0110,B004,4,3002.41,0.0,3002.41,1745.53,1256.88,Completed
DUP014051,2025-06-22,CUST00400,PROD0066,B001,5,6586.45,0.25,4939.84,4731.77,208.07,Completed
DUP003185,2025-08-24,CUST02495,PROD0090,B003,2,602.73,0.0,602.73,377.19,225.54,Completed
DUP009045,2025-02-11,CUST00771,PROD0091,B004,4,1558.93,0.2,1247.14,1188.17,58.97,Completed
DUP009139,2025-09-10,CUST00678,PROD0081,B003,5,627.02,0.25,470.26,466.86,3.4,Completed
DUP004630,2025-08-03,CUST01567,PROD0030,B002,2,1920.77,0.05,1824.73,1533.01,291.72,Completed
DUP012494,2025-10-07,CUST01348,PROD0086,B002,5,2486.58,0.2,1989.26,1887.74,101.52,Completed
DUP011103,2025-06-26,CUST01617,PROD0021,B005,4,3184.98,0.1,2866.48,1935.41,931.07,Completed
DUP011069,2025-01-13,CUST01493,PROD0030,B001,5,4801.92,0.25,3601.44,3832.53,-231.09,Completed
DUP016324,2025-02-04,CUST00245,PROD0072,B004,5,2191.18,0.0,2191.18,1538.58,652.6,Completed
DUP010946,2025-03-07,CUST02387,PROD0044,B003,2,2061.27,0.1,1855.14,1144.51,710.63,Completed
DUP016952,2025-06-10,CUST02112,PROD0031,B001,1,628.43,0.2,502.74,515.81,-13.07,Completed
DUP002639,2025-07-31,CUST01395,PROD0072,B002,3,1314.71,0.15,1117.5,923.15,194.35,Completed
DUP008251,2025-05-31,CUST00975,PROD0068,B004,2,1931.23,0.0,1931.23,1551.42,379.81,Completed
DUP008290,2025-03-07,CUST00499,PROD0120,B003,1,536.22,0.05,509.41,345.71,163.7,Completed
DUP002630,2025-12-20,CUST02174,PROD0109,B003,1,1277.39,0.2,1021.92,918.67,103.25,Completed
DUP013181,2025-07-22,CUST02431,PROD0003,B001,2,711.85,0.1,640.67,504.47,136.2,Completed
DUP007753,2025-06-16,CUST01867,PROD0056,B003,3,3990.04,0.1,3591.04,2989.29,601.75,Completed
DUP012247,2025-08-20,CUST02060,PROD0049,B003,5,6277.94,0.1,5650.15,3632.26,2017.89,Completed
DUP012166,2025-12-30,CUST01666,PROD0003,B001,3,706.06,0.0,706.06,756.7,-50.64,Completed
DUP005129,2025-09-09,CUST01826,PROD0061,B002,2,844.52,0.05,802.29,593.58,208.71,Completed
DUP007239,2025-06-05,CUST00568,PROD0024,B002,4,4831.34,0.1,4348.21,2649.61,1698.6,Completed
DUP002815,2025-04-17,CUST02448,PROD0009,B003,4,1203.22,0.1,1082.9,736.84,346.06,Completed
DUP008725,2025-09-15,CUST00333,PROD0064,B003,3,2615.04,0.0,2615.04,1987.75,627.29,Completed
DUP011393,2025-09-25,CUST02424,PROD0004,B002,5,1409.29,0.15,1197.9,900.22,297.68,Completed
DUP013422,2025-09-26,CUST00535,PROD0041,B004,5,542.09,0.1,487.88,294.37,193.51,Completed
DUP003121,2025-01-13,CUST01697,PROD0068,B001,1,965.61,0.2,772.49,775.71,-3.22,Completed
DUP012628,2025-11-19,CUST00084,PROD0110,B001,5,3753.01,0.1,3377.71,2181.92,1195.79,Completed
DUP012296,2025-12-07,CUST01309,PROD0117,B002,1,727.57,0.0,727.57,448.57,279.0,Completed
DUP013923,2025-09-13,CUST02435,PROD0112,B002,1,816.22,0.15,693.79,639.07,54.72,Completed
