OrderID,OrderDate,CustomerID,ProductID,BranchID,Quantity,GrossSales,DiscountPct,Amount,Cost,Profit,OrderStatus
ORD000004,2024-04-17,CUST01555,PROD0018,B003,3,5163.92,0.05,4905.72,3215.72,1690.0,Completed
ORD000006,2024-03-22,CUST00239,PROD0082,B004,1,2094.53,0.2,1675.62,1133.66,541.96,Completed
ORD000009,2024-01-27,CUST02163,PROD0043,B002,3,874.19,0.25,655.64,535.94,119.7,Completed
ORD000010,2024-12-07,CUST01996,PROD0066,B005,3,4194.64,0.25,3145.98,3013.47,132.51,Completed
ORD000011,2024-07-16,CUST00382,PROD0074,B003,5,3264.22,0.15,2774.59,2524.19,250.4,Completed
ORD000012,2024-12-01,CUST02272,PROD0062,B004,4,2918.12,0.1,2626.31,2314.89,311.42,Completed
ORD000016,2024-07-13,CUST00639,PROD0052,B001,1,660.68,0.1,594.61,453.35,141.26,Completed
ORD000021,2024-08-02,CUST00623,PROD0004,B001,5,1495.87,0.1,1346.28,955.52,390.76,Completed
ORD000022,2024-08-13,CUST01149,PROD0077,B005,2,608.04,0.25,456.03,492.1,-36.07,Completed
ORD000026,2024-12-08,CUST02018,PROD0117,B001,5,3861.32,0.0,3861.32,2380.62,1480.7,Completed
ORD000033,2024-06-05,CUST00284,PROD0032,B003,1,736.43,0.15,625.97,405.3,220.67,Completed
ORD000045,2024-02-12,CUST02220,PROD0088,B002,3,1346.61,0.15,1144.62,868.81,275.81,Completed
ORD000048,2024-11-30,CUST02157,PROD0085,B001,5,215.26,0.1,193.73,170.57,23.16,Completed
ORD000054,2024-08-11,CUST01474,PROD0021,B003,2,1690.32,0.1,1521.29,1027.16,494.13,Completed
ORD000056,2024-05-26,CUST00315,PROD0025,B003,1,990.04,0.2,792.04,590.72,201.32,Completed
ORD000057,2024-05-17,CUST01569,PROD0002,B003,5,3400.69,0.05,3230.66,2056.3,1174.36,Completed
ORD000060,2024-08-02,CUST01378,PROD0109,B003,4,5423.46,0.05,5152.29,3900.44,1251.85,Completed
ORD000076,2024-11-20,CUST02289,PROD0062,B002,3,1834.74,0.15,1559.53,1736.16,-176.63,Completed
ORD000079,2024-10-03,CUST01892,PROD0054,B001,5,5638.39,0.15,4792.63,3810.16,982.47,Completed
ORD000081,2024-02-04,CUST01489,PROD0109,B005,3,4067.6,0.2,3254.08,2925.33,328.75,Completed
ORD000082,2024-07-02,CUST00409,PROD0091,B002,4,1654.7,0.15,1406.49,1261.16,145.33,Completed
ORD000090,2024-03-16,CUST00787,PROD0034,B005,4,4309.79,0.0,4309.79,2866.35,1443.44,Completed
ORD000092,2024-12-15,CUST00051,PROD0089,B004,3,1030.0,0.15,875.5,676.76,198.74,Completed
ORD000094,2024-05-03,CUST01461,PROD0081,B001,4,532.43,0.1,479.19,396.43,82.76,Completed
ORD000098,2024-02-12,CUST00102,PROD0010,B002,1,1842.55,0.1,1658.3,1072.0,586.3,Completed
ORD000104,2024-06-06,CUST01235,PROD0003,B004,1,377.79,0.0,377.79,267.73,110.06,Completed
ORD000106,2024-11-03,CUST00994,PROD0056,B002,5,7058.6,0.15,5999.81,5288.22,711.59,Completed
ORD000109,2024-03-14,CUST00747,PROD0104,B004,5,8012.27,0.0,8012.27,5297.84,2714.43,Completed
ORD000113,2024-04-08,CUST01204,PROD0103,B002,1,872.66,0.15,741.76,516.43,225.33,Completed
ORD000115,2024-06-18,CUST00075,PROD0023,B005,4,5092.22,0.05,4837.62,3147.68,1689.94,Completed
ORD000116,2024-12-21,CUST00688,PROD0063,B005,2,265.36,0.15,225.56,200.93,24.63,Completed
ORD000117,2024-01-04,CUST00710,PROD0056,B001,3,4235.16,0.0,4235.16,3172.93,1062.23,Completed
ORD000128,2024-12-26,CUST00507,PROD0005,B001,1,1222.39,0.1,1100.15,753.73,346.42,Completed
ORD000130,2024-08-03,CUST02308,PROD0041,B005,2,230.15,0.15,195.63,124.98,70.65,Completed
ORD000133,2024-03-19,CUST01168,PROD0087,B002,3,3543.19,0.0,3543.19,2474.09,1069.1,Completed
ORD000134,2024-02-23,CUST01374,PROD0058,B002,4,1251.03,0.05,1188.47,698.33,490.14,Completed
ORD000137,2024-04-28,CUST00663,PROD0022,B001,1,1264.34,0.05,1201.12,913.58,287.54,Completed
ORD000138,2024-10-15,CUST00679,PROD0065,B003,5,6756.67,0.05,6418.84,5056.08,1362.76,Completed
ORD000147,2024-05-12,CUST00685,PROD0084,B001,3,1554.81,0.0,1554.81,1147.87,406.94,Completed
ORD000148,2024-03-23,CUST00704,PROD0103,B003,4,3490.63,0.0,3490.63,2065.73,1424.9,Completed
ORD000152,2024-10-23,CUST01822,PROD0093,B002,4,3465.41,0.15,2945.6,2542.69,402.91,Completed
ORD000156,2024-06-29,CUST00743,PROD0102,B001,3,2314.2,0.0,2314.2,1334.6,979.6,Completed
ORD000157,2024-09-17,CUST00867,PROD0009,B004,3,957.85,0.1,862.07,586.58,275.49,Completed
ORD000162,2024-01-14,CUST01026,PROD0093,B002,3,2599.06,0.05,2469.1,1907.02,562.08,Completed
ORD000166,2024-02-22,CUST00092,PROD0028,B002,3,2190.58,0.2,1752.46,1375.54,376.92,Completed
ORD000173,2024-08-03,CUST01117,PROD0003,B001,4,1511.16,0.1,1360.05,1070.91,289.14,Completed
ORD000181,2024-11-06,CUST01825,PROD0117,B002,4,3089.06,0.1,2780.15,1904.49,875.66,Completed
ORD000187,2024-08-27,CUST02273,PROD0095,B003,1,355.14,0.15,301.87,267.88,33.99,Completed
ORD000188,2024-03-13,CUST01851,PROD0073,B002,4,731.21,0.0,731.21,479.89,251.32,Completed
ORD000191,2024-09-18,CUST00754,PROD0001,B001,1,1939.39,0.0,1939.39,1063.18,876.21,Completed
ORD000195,2024-02-12,CUST02216,PROD0015,B001,5,7105.34,0.15,6039.53,4418.64,1620.89,Completed
ORD000200,2024-06-15,CUST01493,PROD0112,B003,2,1732.73,0.2,1386.18,1356.66,29.52,Completed
ORD000201,2024-05-12,CUST02114,PROD0016,B001,1,88.86,0.1,79.98,53.22,26.76,Completed
ORD000203,2024-02-14,CUST00672,PROD0063,B003,2,265.36,0.05,252.09,200.93,51.16,Completed
ORD000204,2024-12-03,CUST01266,PROD0119,B005,4,2394.33,0.1,2154.89,1737.24,417.65,Completed
ORD000208,2024-11-11,CUST02353,PROD0110,B002,1,796.71,0.15,677.2,463.19,214.01,Completed
ORD000210,2024-08-18,CUST00403,PROD0079,B001,3,519.91,0.1,467.91,349.71,118.2,Completed
ORD000212,2024-12-09,CUST00717,PROD0044,B004,5,5469.74,0.15,4649.28,3037.05,1612.23,Completed
ORD000222,2024-04-09,CUST01554,PROD0075,B003,5,7069.49,0.05,6716.02,5462.28,1253.74,Completed
ORD000224,2024-08-24,CUST00521,PROD0062,B004,2,1459.06,0.2,1167.25,1157.44,9.81,Completed
ORD000234,2024-03-01,CUST01217,PROD0095,B003,5,1775.68,0.2,1420.55,1339.42,81.13,Completed
ORD000235,2024-10-01,CUST02100,PROD0045,B005,3,3014.25,0.15,2562.11,2149.67,412.44,Completed
ORD000237,2024-04-15,CUST00064,PROD0062,B001,5,3647.66,0.0,3647.66,2893.61,754.05,Completed
ORD000241,2024-08-04,CUST02498,PROD0019,B001,5,4443.47,0.0,4443.47,2770.95,1672.52,Completed
ORD000243,2024-09-08,CUST00301,PROD0093,B004,3,2599.06,0.1,2339.15,1907.02,432.13,Completed
ORD000244,2024-02-06,CUST01375,PROD0085,B003,3,129.15,0.0,129.15,102.34,26.81,Completed
ORD000247,2024-06-06,CUST01258,PROD0029,B002,3,1374.02,0.1,1236.62,797.55,439.07,Completed
ORD000248,2024-05-17,CUST01265,PROD0114,B005,4,5498.14,0.1,4948.33,4172.67,775.66,Completed
ORD000252,2024-08-31,CUST00727,PROD0100,B002,1,810.99,0.05,770.44,633.28,137.16,Completed
ORD000257,2024-02-25,CUST02092,PROD0083,B001,3,4962.56,0.15,4218.18,3364.43,853.75,Completed
ORD000264,2024-12-31,CUST00100,PROD0029,B001,2,916.01,0.15,778.61,531.7,246.91,Completed
ORD000267,2024-12-07,CUST00693,PROD0093,B003,1,866.35,0.1,779.72,635.67,144.05,Completed
ORD000270,2024-03-16,CUST02349,PROD0059,B001,5,4875.0,0.15,4143.75,3083.56,1060.19,Completed
ORD000271,2024-08-29,CUST01834,PROD0037,B002,2,1159.35,0.0,1159.35,965.12,194.23,Completed
ORD000281,2024-11-01,CUST00050,PROD0077,B001,2,608.04,0.0,608.04,492.1,115.94,Completed
ORD000284,2024-10-17,CUST00095,PROD0074,B002,1,652.84,0.0,652.84,504.84,148.0,Completed
ORD000291,2024-01-17,CUST01633,PROD0104,B002,3,4807.36,0.0,4807.36,3178.71,1628.65,Completed
ORD000301,2024-07-06,CUST00281,PROD0094,B004,4,781.12,0.05,742.07,468.07,274.0,Completed
ORD000303,2024-10-17,CUST01671,PROD0048,B004,5,4441.84,0.25,3331.38,3077.47,253.91,Completed
ORD000306,2024-05-05,CUST01581,PROD0044,B005,3,3281.84,0.05,3117.75,1822.23,1295.52,Completed
ORD000307,2024-03-06,CUST00705,PROD0115,B002,5,3732.73,0.05,3546.1,2303.26,1242.84,Completed
ORD000308,2024-01-02,CUST01596,PROD0035,B002,1,580.41,0.0,580.41,435.62,144.79,Completed
ORD000309,2024-08-01,CUST02295,PROD0010,B002,4,7370.22,0.0,7370.22,4287.98,3082.24,Completed
ORD000310,2024-04-24,CUST01586,PROD0096,B005,2,3553.84,0.0,3553.84,2068.95,1484.89,Completed
ORD000315,2024-02-09,CUST00106,PROD0084,B005,4,2073.08,0.05,1969.42,1530.5,438.92,Completed
ORD000328,2024-07-20,CUST01160,PROD0001,B002,4,7757.58,0.05,7369.7,4252.71,3116.99,Completed
ORD000329,2024-08-24,CUST00815,PROD0036,B003,1,283.36,0.15,240.86,153.22,87.64,Completed
ORD000334,2024-11-15,CUST02400,PROD0016,B001,1,88.86,0.1,79.98,53.22,26.76,Completed
ORD000335,2024-05-31,CUST01224,PROD0120,B004,1,443.0,0.2,354.4,366.95,-12.55,Completed
ORD000338,2024-10-09,CUST01068,PROD0039,B004,2,2965.38,0.2,2372.3,1652.49,719.81,Completed
ORD000342,2024-05-29,CUST01115,PROD0080,B001,1,406.6,0.15,345.61,282.0,63.61,Completed
ORD000351,2024-06-18,CUST02282,PROD0032,B005,5,3682.17,0.1,3313.96,2026.5,1287.46,Completed
ORD000354,2024-01-01,CUST00766,PROD0038,B001,3,179.79,0.0,179.79,122.13,57.66,Completed
ORD000355,2024-01-08,CUST01268,PROD0077,B001,3,912.07,0.2,729.66,738.16,-8.5,Completed
ORD000357,2024-08-07,CUST01479,PROD0020,B001,4,3042.55,0.1,2738.3,2190.93,547.37,Completed
ORD000377,2024-03-06,CUST01535,PROD0113,B002,4,5016.73,0.1,4515.06,3627.81,887.25,Completed
ORD000380,2024-11-24,CUST00169,PROD0050,B005,3,3297.42,0.1,2967.68,1902.8,1064.88,Completed
ORD000391,2024-07-02,CUST00569,PROD0099,B003,5,4246.35,0.1,3821.71,2967.84,853.87,Completed
ORD000393,2024-10-12,CUST00901,PROD0023,B002,5,6365.28,0.2,5092.22,3934.59,1157.63,Completed
ORD000400,2024-06-24,CUST00933,PROD0063,B001,4,530.72,0.1,477.65,401.86,75.79,Completed
ORD000404,2024-03-01,CUST02252,PROD0071,B004,3,1439.36,0.2,1151.49,1120.72,30.77,Completed
ORD000412,2024-04-16,CUST00747,PROD0038,B001,3,179.79,0.15,152.83,122.13,30.7,Completed
ORD000415,2024-07-10,CUST01601,PROD0004,B004,2,598.35,0.15,508.59,382.21,126.38,Completed
ORD000418,2024-07-12,CUST01883,PROD0040,B001,2,1981.35,0.0,1981.35,1080.7,900.65,Completed
ORD000430,2024-08-01,CUST01514,PROD0096,B004,4,7107.69,0.1,6396.92,4137.9,2259.02,Completed
ORD000435,2024-08-22,CUST02114,PROD0037,B004,1,579.67,0.05,550.69,482.56,68.13,Completed
ORD000438,2024-03-11,CUST01634,PROD0041,B003,2,230.15,0.2,184.12,124.98,59.14,Completed
ORD000445,2024-01-04,CUST00077,PROD0069,B003,4,5060.14,0.15,4301.12,2745.75,1555.37,Completed
ORD000448,2024-02-27,CUST00388,PROD0057,B001,1,1005.1,0.1,904.59,648.95,255.64,Completed
ORD000449,2024-11-29,CUST00442,PROD0053,B004,5,2779.19,0.05,2640.23,1808.01,832.22,Completed
ORD000450,2024-02-15,CUST00559,PROD0026,B004,4,1574.03,0.1,1416.62,1137.19,279.43,Completed
ORD000460,2024-03-03,CUST00024,PROD0085,B004,5,215.26,0.1,193.73,170.57,23.16,Completed
ORD000461,2024-03-17,CUST00424,PROD0058,B004,4,1251.03,0.2,1000.82,698.33,302.49,Completed
ORD000468,2024-10-27,CUST00114,PROD0100,B002,2,1621.98,0.1,1459.78,1266.56,193.22,Completed
ORD000470,2024-03-27,CUST00389,PROD0010,B002,1,1842.55,0.15,1566.17,1072.0,494.17,Completed
ORD000471,2024-03-29,CUST00602,PROD0027,B004,1,684.38,0.15,581.72,495.75,85.97,Completed
ORD000472,2024-02-23,CUST01999,PROD0073,B002,2,365.6,0.1,329.04,239.94,89.1,Completed
ORD000476,2024-05-06,CUST00916,PROD0082,B001,3,6283.58,0.25,4712.69,3400.99,1311.7,Completed
ORD000477,2024-07-06,CUST01209,PROD0115,B001,3,2239.64,0.25,1679.73,1381.96,297.77,Completed
ORD000479,2024-07-03,CUST02040,PROD0113,B005,2,2508.37,0.1,2257.53,1813.91,443.62,Completed
ORD000488,2024-10-28,CUST00052,PROD0034,B005,2,2154.89,0.2,1723.91,1433.18,290.73,Completed
ORD000490,2024-09-14,CUST00014,PROD0096,B004,5,8884.61,0.1,7996.15,5172.37,2823.78,Completed
ORD000496,2024-08-09,CUST02176,PROD0115,B002,4,2986.19,0.05,2836.87,1842.61,994.26,Completed
ORD000504,2024-07-01,CUST01344,PROD0007,B003,2,95.41,0.1,85.87,71.51,14.36,Completed
ORD000508,2024-07-13,CUST02381,PROD0025,B002,1,990.04,0.1,891.04,590.72,300.32,Completed
ORD000511,2024-05-14,CUST00795,PROD0030,B001,5,5096.92,0.1,4587.23,4067.97,519.26,Completed
ORD000515,2024-10-12,CUST00392,PROD0091,B001,3,1241.02,0.1,1116.92,945.87,171.05,Completed
ORD000517,2024-04-21,CUST01834,PROD0099,B004,2,1698.54,0.05,1613.61,1187.14,426.47,Completed
ORD000522,2024-11-03,CUST01747,PROD0002,B005,2,1360.28,0.1,1224.25,822.52,401.73,Completed
ORD000523,2024-09-12,CUST01071,PROD0095,B002,2,710.27,0.15,603.73,535.77,67.96,Completed
ORD000525,2024-09-21,CUST01320,PROD0117,B004,4,3089.06,0.05,2934.61,1904.49,1030.12,Completed
ORD000527,2024-01-19,CUST01528,PROD0094,B004,2,390.56,0.05,371.03,234.04,136.99,Completed
ORD000529,2024-08-30,CUST00372,PROD0073,B002,5,914.01,0.1,822.61,599.86,222.75,Completed
ORD000532,2024-02-28,CUST02116,PROD0018,B001,3,5163.92,0.1,4647.53,3215.72,1431.81,Completed
ORD000535,2024-09-29,CUST00540,PROD0110,B003,1,796.71,0.1,717.04,463.19,253.85,Completed
ORD000537,2024-03-31,CUST01085,PROD0057,B005,5,5025.49,0.15,4271.67,3244.76,1026.91,Completed
ORD000538,2024-12-16,CUST00565,PROD0099,B002,1,849.27,0.1,764.34,593.57,170.77,Completed
ORD000564,2024-07-07,CUST00843,PROD0068,B001,3,3074.8,0.2,2459.84,2470.09,-10.25,Completed
ORD000566,2024-10-22,CUST01595,PROD0106,B005,3,2155.74,0.1,1940.17,1293.66,646.51,Completed
ORD000569,2024-12-31,CUST02357,PROD0051,B002,5,4480.46,0.05,4256.44,2970.26,1286.18,Completed
ORD000570,2024-11-20,CUST01599,PROD0017,B003,3,2608.78,0.2,2087.03,1895.94,191.09,Completed
ORD000575,2024-11-07,CUST02180,PROD0017,B003,3,2608.78,0.0,2608.78,1895.94,712.84,Completed
ORD000587,2024-07-31,CUST00342,PROD0112,B002,3,2599.09,0.0,2599.09,2034.98,564.11,Completed
ORD000588,2024-10-07,CUST02292,PROD0072,B003,4,1860.63,0.1,1674.57,1306.48,368.09,Completed
ORD000589,2024-07-21,CUST00786,PROD0105,B004,2,843.47,0.1,759.12,621.59,137.53,Completed
ORD000592,2024-11-15,CUST01902,PROD0044,B002,1,1093.95,0.1,984.55,607.41,377.14,Completed
ORD000593,2024-02-20,CUST00684,PROD0053,B003,5,2779.19,0.1,2501.27,1808.01,693.26,Completed
ORD000596,2024-01-25,CUST02139,PROD0049,B001,5,6663.61,0.25,4997.71,3855.39,1142.32,Completed
ORD000600,2024-05-22,CUST01164,PROD0012,B005,4,518.47,0.25,388.85,350.3,38.55,Completed
ORD000609,2024-11-16,CUST01629,PROD0109,B001,2,2711.73,0.25,2033.8,1950.22,83.58,Completed
ORD000610,2024-03-20,CUST01122,PROD0029,B001,5,2290.03,0.05,2175.53,1329.25,846.28,Completed
ORD000619,2024-07-10,CUST00362,PROD0084,B005,4,2073.08,0.1,1865.77,1530.5,335.27,Completed
ORD000629,2024-05-25,CUST00669,PROD0108,B001,1,909.88,0.0,909.88,523.42,386.46,Completed
ORD000630,2024-07-29,CUST00286,PROD0102,B001,2,1542.8,0.15,1311.38,889.73,421.65,Completed
ORD000633,2024-01-10,CUST00280,PROD0020,B005,4,3042.55,0.1,2738.3,2190.93,547.37,Completed
ORD000635,2024-01-26,CUST00684,PROD0041,B001,1,115.08,0.0,115.08,62.49,52.59,Completed
ORD000636,2024-09-17,CUST02275,PROD0025,B003,3,2970.13,0.05,2821.63,1772.15,1049.48,Completed
ORD000639,2024-01-20,CUST01757,PROD0112,B004,1,866.36,0.0,866.36,678.33,188.03,Completed
ORD000640,2024-07-17,CUST02046,PROD0086,B001,4,2111.47,0.15,1794.75,1602.97,191.78,Completed
ORD000641,2024-05-10,CUST00250,PROD0012,B001,2,259.23,0.2,207.39,175.15,32.24,Completed
ORD000644,2024-07-04,CUST02397,PROD0095,B004,2,710.27,0.05,674.76,535.77,138.99,Completed
ORD000645,2024-09-11,CUST02209,PROD0086,B001,5,2639.34,0.05,2507.37,2003.71,503.66,Completed
ORD000647,2024-11-27,CUST02112,PROD0107,B002,2,3556.4,0.1,3200.76,2175.34,1025.42,Completed
ORD000648,2024-04-13,CUST01088,PROD0058,B003,1,312.76,0.1,281.48,174.58,106.9,Completed
ORD000650,2024-10-30,CUST02220,PROD0018,B003,1,1721.31,0.05,1635.24,1071.91,563.33,Completed
ORD000654,2024-02-13,CUST00308,PROD0058,B004,3,938.27,0.05,891.36,523.75,367.61,Completed
ORD000660,2024-10-18,CUST00948,PROD0003,B002,1,377.79,0.1,340.01,267.73,72.28,Completed
ORD000662,2024-02-06,CUST01445,PROD0009,B004,3,957.85,0.2,766.28,586.58,179.7,Completed
ORD000665,2024-04-29,CUST00906,PROD0017,B001,4,3478.37,0.0,3478.37,2527.92,950.45,Completed
ORD000668,2024-01-31,CUST02275,PROD0072,B002,5,2325.79,0.15,1976.92,1633.1,343.82,Completed
ORD000672,2024-11-26,CUST00980,PROD0033,B002,1,600.34,0.1,540.31,383.24,157.07,Completed
ORD000674,2024-07-16,CUST01370,PROD0007,B002,3,143.12,0.1,128.81,107.26,21.55,Completed
ORD000678,2024-04-22,CUST01455,PROD0080,B003,1,406.6,0.15,345.61,282.0,63.61,Completed
ORD000681,2024-07-08,CUST01933,PROD0033,B003,1,600.34,0.1,540.31,383.24,157.07,Completed
ORD000683,2024-02-22,CUST00265,PROD0013,B002,2,1353.11,0.15,1150.14,915.45,234.69,Completed
ORD000691,2024-05-10,CUST00200,PROD0095,B001,1,355.14,0.05,337.38,267.88,69.5,Completed
ORD000692,2024-09-02,CUST02384,PROD0047,B005,5,1550.99,0.15,1318.34,898.25,420.09,Completed
ORD000693,2024-06-25,CUST01020,PROD0056,B001,1,1411.72,0.05,1341.13,1057.64,283.49,Completed
ORD000694,2024-05-07,CUST00821,PROD0022,B001,2,2528.68,0.05,2402.24,1827.16,575.08,Completed
ORD000696,2024-04-19,CUST00887,PROD0037,B003,4,2318.69,0.15,1970.89,1930.23,40.66,Completed
ORD000699,2024-12-31,CUST00821,PROD0108,B003,5,4549.41,0.0,4549.41,2617.12,1932.29,Completed
ORD000702,2024-01-22,CUST01571,PROD0053,B003,3,1667.51,0.0,1667.51,1084.81,582.7,Completed
ORD000703,2024-04-15,CUST00526,PROD0091,B001,1,413.67,0.2,330.94,315.29,15.65,Completed
ORD000706,2024-04-08,CUST02043,PROD0078,B004,5,4659.77,0.25,3494.83,2869.89,624.94,Completed
ORD000715,2024-01-31,CUST01236,PROD0113,B003,2,2508.37,0.1,2257.53,1813.91,443.62,Completed
ORD000719,2024-11-28,CUST01376,PROD0117,B002,2,1544.53,0.05,1467.3,952.25,515.05,Completed
ORD000721,2024-08-01,CUST01413,PROD0112,B003,5,4331.81,0.1,3898.63,3391.64,506.99,Completed
ORD000723,2024-06-12,CUST02379,PROD0102,B003,5,3857.01,0.2,3085.61,2224.33,861.28,Completed
ORD000728,2024-01-12,CUST01297,PROD0031,B004,1,667.03,0.15,566.98,547.49,19.49,Completed
ORD000736,2024-12-06,CUST01306,PROD0026,B003,1,393.51,0.1,354.15,284.3,69.85,Completed
ORD000737,2024-01-02,CUST02250,PROD0119,B001,4,2394.33,0.05,2274.61,1737.24,537.37,Completed
ORD000742,2024-04-20,CUST00730,PROD0059,B005,2,1950.0,0.05,1852.5,1233.42,619.08,Completed
ORD000744,2024-07-13,CUST00351,PROD0107,B003,2,3556.4,0.0,3556.4,2175.34,1381.06,Completed
ORD000745,2024-08-17,CUST00031,PROD0105,B001,1,421.74,0.05,400.65,310.8,89.85,Completed
ORD000749,2024-11-05,CUST02484,PROD0055,B001,2,929.48,0.15,790.06,527.08,262.98,Completed
ORD000752,2024-02-01,CUST00821,PROD0118,B002,4,1159.53,0.2,927.63,776.67,150.96,Completed
ORD000754,2024-01-20,CUST00839,PROD0035,B001,4,2321.65,0.05,2205.57,1742.46,463.11,Completed
ORD000762,2024-11-01,CUST00762,PROD0053,B002,3,1667.51,0.0,1667.51,1084.81,582.7,Completed
ORD000775,2024-04-19,CUST01092,PROD0101,B003,2,1292.78,0.0,1292.78,921.0,371.78,Completed
ORD000776,2024-06-05,CUST01007,PROD0005,B001,4,4889.58,0.0,4889.58,3014.92,1874.66,Completed
ORD000777,2024-04-19,CUST01648,PROD0068,B003,3,3074.8,0.1,2767.32,2470.09,297.23,Completed
ORD000778,2024-01-31,CUST01232,PROD0008,B004,2,386.63,0.0,386.63,437.82,-51.19,Completed
ORD000787,2024-04-11,CUST02472,PROD0094,B002,1,195.28,0.05,185.52,117.02,68.5,Completed
ORD000803,2024-01-26,CUST00362,PROD0096,B003,4,7107.69,0.15,6041.53,4137.9,1903.63,Completed
ORD000806,2024-11-28,CUST01132,PROD0097,B001,5,8805.85,0.0,8805.85,5423.08,3382.77,Completed
ORD000808,2024-02-14,CUST01546,PROD0087,B002,3,3543.19,0.2,2834.55,2474.09,360.46,Completed
ORD000810,2024-04-22,CUST00093,PROD0088,B002,5,2244.35,0.15,1907.7,1448.01,459.69,Completed
ORD000812,2024-09-18,CUST01066,PROD0077,B001,1,304.02,0.05,288.82,246.05,42.77,Completed
ORD000817,2024-11-27,CUST00326,PROD0039,B001,4,5930.76,0.25,4448.07,3304.98,1143.09,Completed
ORD000819,2024-07-15,CUST00354,PROD0033,B001,2,1200.68,0.1,1080.62,766.49,314.13,Completed
ORD000825,2024-05-27,CUST00948,PROD0074,B005,2,1305.69,0.0,1305.69,1009.68,296.01,Completed
ORD000836,2024-12-26,CUST00467,PROD0059,B005,3,2925.0,0.1,2632.5,1850.13,782.37,Completed
ORD000839,2024-09-26,CUST00895,PROD0058,B001,3,938.27,0.2,750.61,523.75,226.86,Completed
ORD000842,2024-06-23,CUST01223,PROD0041,B001,4,460.31,0.1,414.28,249.96,164.32,Completed
ORD000843,2024-04-03,CUST01508,PROD0013,B005,2,1353.11,0.15,1150.14,915.45,234.69,Completed
ORD000856,2024-10-10,CUST01839,PROD0077,B005,4,1216.09,0.15,1033.68,984.21,49.47,Completed
ORD000865,2024-01-27,CUST00959,PROD0079,B003,2,346.61,0.1,311.94,233.14,78.8,Completed
ORD000871,2024-10-04,CUST02210,PROD0118,B001,4,1159.53,0.2,927.63,776.67,150.96,Completed
ORD000875,2024-06-20,CUST02118,PROD0083,B001,5,8270.93,0.1,7443.84,5607.38,1836.46,Completed
ORD000890,2024-06-28,CUST02288,PROD0087,B002,4,4724.26,0.15,4015.62,3298.78,716.84,Completed
ORD000892,2024-07-16,CUST01751,PROD0117,B004,5,3861.32,0.1,3475.19,2380.62,1094.57,Completed
ORD000897,2024-06-21,CUST01280,PROD0077,B005,2,608.04,0.2,486.43,492.1,-5.67,Completed
ORD000903,2024-09-11,CUST00562,PROD0115,B001,2,1493.09,0.05,1418.44,921.31,497.13,Completed
ORD000907,2024-11-07,CUST01666,PROD0041,B002,2,230.15,0.1,207.14,124.98,82.16,Completed
ORD000910,2024-10-01,CUST02159,PROD0069,B001,3,3795.1,0.2,3036.08,2059.31,976.77,Completed
ORD000911,2024-08-06,CUST00983,PROD0115,B001,2,1493.09,0.1,1343.78,921.31,422.47,Completed
ORD000912,2024-01-24,CUST00381,PROD0044,B003,5,5469.74,0.05,5196.25,3037.05,2159.2,Completed
ORD000913,2024-10-02,CUST00603,PROD0075,B004,3,4241.7,0.15,3605.44,3277.37,328.07,Completed
ORD000914,2024-08-02,CUST01101,PROD0001,B001,1,1939.39,0.1,1745.46,1063.18,682.28,Completed
ORD000915,2024-10-05,CUST01145,PROD0094,B004,4,437.92,0.15,372.23,468.07,-95.84,Completed
ORD000918,2024-01-26,CUST02122,PROD0071,B002,1,479.79,0.0,479.79,373.57,106.22,Completed
ORD000921,2024-02-15,CUST00010,PROD0036,B004,1,191.64,0.25,143.73,153.22,-9.49,Completed
ORD000922,2024-07-05,CUST01729,PROD0114,B001,2,2749.07,0.0,2749.07,2086.33,662.74,Completed
ORD000924,2024-09-16,CUST02185,PROD0052,B001,3,1982.05,0.15,1684.74,1360.05,324.69,Completed
ORD000930,2024-02-01,CUST02011,PROD0077,B002,4,1216.09,0.05,1155.28,984.21,171.07,Completed
ORD000931,2024-12-07,CUST01716,PROD0090,B004,4,1279.51,0.25,959.63,800.72,158.91,Completed
ORD000932,2024-05-10,CUST00077,PROD0117,B001,5,3861.32,0.15,3282.12,2380.62,901.5,Completed
ORD000934,2024-04-10,CUST01649,PROD0042,B005,4,5814.11,0.15,4941.99,4257.54,684.45,Completed
ORD000935,2024-10-27,CUST01446,PROD0075,B002,3,4241.7,0.25,3181.27,3277.37,-96.1,Completed
ORD000936,2024-01-05,CUST00518,PROD0074,B004,3,1285.64,0.15,1092.79,1514.51,-421.72,Completed
ORD000939,2024-05-08,CUST01797,PROD0031,B004,2,1334.07,0.2,1067.26,1094.99,-27.73,Completed
ORD000940,2024-04-23,CUST00673,PROD0049,B001,3,3998.17,0.0,3998.17,2313.24,1684.93,Completed
ORD000942,2024-02-23,CUST01758,PROD0006,B003,4,2677.86,0.1,2410.07,1943.61,466.46,Completed
ORD000946,2024-12-31,CUST01161,PROD0090,B001,5,1599.39,0.1,1439.45,1000.91,438.54,Completed
ORD000955,2024-03-21,CUST01560,PROD0085,B005,2,86.1,0.25,64.58,68.23,-3.65,Completed
ORD000960,2024-09-17,CUST00986,PROD0081,B004,5,665.54,0.2,532.43,495.54,36.89,Completed
ORD000962,2024-10-05,CUST01733,PROD0026,B002,1,393.51,0.0,393.51,284.3,109.21,Completed
ORD000964,2024-03-22,CUST00573,PROD0093,B001,1,866.35,0.0,866.35,635.67,230.68,Completed
ORD000967,2024-08-27,CUST02261,PROD0054,B003,4,4510.71,0.2,3608.57,3048.13,560.44,Completed
ORD000975,2024-10-10,CUST02241,PROD0018,B005,2,3442.62,0.15,2926.22,2143.81,782.41,Completed
ORD000979,2024-05-10,CUST01198,PROD0060,B001,4,358.1,0.1,322.29,235.11,87.18,Completed
ORD000986,2024-08-26,CUST01218,PROD0095,B002,5,1775.68,0.25,1331.76,1339.42,-7.66,Completed
ORD000988,2024-06-17,CUST00799,PROD0097,B001,4,7044.68,0.1,6340.21,4338.46,2001.75,Completed
ORD000991,2024-10-30,CUST00524,PROD0094,B004,2,390.56,0.1,351.51,234.04,117.47,Completed
ORD000997,2024-08-26,CUST02452,PROD0032,B002,1,736.43,0.05,699.61,405.3,294.31,Completed
ORD000999,2024-12-14,CUST00607,PROD0097,B005,4,7044.68,0.05,6692.45,4338.46,2353.99,Completed
ORD001008,2024-01-16,CUST01820,PROD0020,B001,4,3042.55,0.1,2738.3,2190.93,547.37,Completed
ORD001014,2024-09-04,CUST00111,PROD0010,B004,2,3685.11,0.05,3500.86,2143.99,1356.87,Completed
ORD001015,2024-04-17,CUST00649,PROD0036,B002,4,1133.44,0.1,1020.1,612.87,407.23,Completed
ORD001016,2024-05-08,CUST01459,PROD0077,B001,5,1520.11,0.2,1216.09,1230.26,-14.17,Completed
ORD001020,2024-05-18,CUST01383,PROD0069,B001,2,2530.07,0.1,2277.06,1372.88,904.18,Completed
ORD001025,2024-07-26,CUST01889,PROD0116,B002,2,524.35,0.1,471.91,430.18,41.73,Completed
ORD001027,2024-08-26,CUST02005,PROD0050,B003,5,5495.7,0.0,5495.7,3171.34,2324.36,Completed
ORD001032,2024-05-04,CUST02403,PROD0035,B002,1,580.41,0.15,493.35,435.62,57.73,Completed
ORD001040,2024-06-28,CUST02395,PROD0004,B005,2,598.35,0.25,448.76,382.21,66.55,Completed
ORD001041,2024-06-16,CUST00420,PROD0044,B001,4,4375.79,0.1,3938.21,2429.64,1508.57,Completed
ORD001049,2024-06-26,CUST01869,PROD0103,B005,4,3490.63,0.1,3141.57,2065.73,1075.84,Completed
ORD001050,2024-04-14,CUST01484,PROD0008,B002,1,265.55,0.0,265.55,218.91,46.64,Completed
ORD001054,2024-08-29,CUST00695,PROD0006,B001,1,669.46,0.15,569.05,485.9,83.15,Completed
ORD001055,2024-05-18,CUST00983,PROD0018,B001,3,5163.92,0.15,4389.33,3215.72,1173.61,Completed
ORD001056,2024-11-08,CUST00299,PROD0100,B003,3,2432.96,0.05,2311.32,1899.84,411.48,Completed
ORD001058,2024-04-06,CUST00771,PROD0021,B001,3,2535.48,0.2,2028.38,1540.73,487.65,Completed
ORD001060,2024-09-18,CUST01361,PROD0004,B001,4,1196.7,0.2,957.36,764.42,192.94,Completed
ORD001066,2024-06-02,CUST01277,PROD0026,B003,4,1574.03,0.0,1574.03,1137.19,436.84,Completed
ORD001071,2024-06-28,CUST02454,PROD0108,B001,2,1819.76,0.05,1728.78,1046.85,681.93,Completed
ORD001075,2024-09-09,CUST01416,PROD0016,B001,5,444.32,0.0,444.32,266.08,178.24,Completed
ORD001076,2024-04-01,CUST00965,PROD0041,B005,2,230.15,0.1,207.14,124.98,82.16,Completed
ORD001078,2024-09-27,CUST01754,PROD0009,B001,1,319.28,0.1,287.36,195.53,91.83,Completed
ORD001083,2024-12-31,CUST00736,PROD0077,B001,2,608.04,0.25,456.03,492.1,-36.07,Completed
ORD001091,2024-08-26,CUST00056,PROD0094,B002,4,781.12,0.0,781.12,468.07,313.05,Completed
ORD001111,2024-08-29,CUST02085,PROD0007,B004,2,95.41,0.15,81.1,71.51,9.59,Completed
ORD001115,2024-01-11,CUST00019,PROD0069,B002,5,6325.17,0.05,6008.92,3432.19,2576.73,Completed
ORD001122,2024-10-27,CUST01986,PROD0024,B003,4,5128.14,0.15,4358.92,2812.38,1546.54,Completed
ORD001127,2024-10-01,CUST01594,PROD0116,B003,3,786.52,0.2,629.22,645.27,-16.05,Completed
ORD001130,2024-08-22,CUST00127,PROD0092,B002,2,208.89,0.15,177.56,133.27,44.29,Completed
ORD001139,2024-11-30,CUST00981,PROD0090,B003,1,319.88,0.05,303.88,200.18,103.7,Completed
ORD001141,2024-04-11,CUST00949,PROD0117,B003,1,772.26,0.1,695.04,476.12,218.92,Completed
ORD001145,2024-09-13,CUST00697,PROD0046,B005,2,446.67,0.0,446.67,337.11,109.56,Completed
ORD001148,2024-05-25,CUST00456,PROD0055,B001,3,1394.23,0.15,1185.09,790.62,394.47,Completed
ORD001152,2024-01-10,CUST02064,PROD0011,B002,3,2543.84,0.0,2543.84,1972.87,570.97,Completed
ORD001153,2024-04-22,CUST00089,PROD0081,B004,3,399.32,0.0,399.32,297.32,102.0,Completed
ORD001154,2024-12-16,CUST00897,PROD0056,B001,2,2823.44,0.05,2682.27,2115.29,566.98,Completed
ORD001156,2024-05-17,CUST01051,PROD0017,B001,3,2608.78,0.0,2608.78,1895.94,712.84,Completed
ORD001162,2024-06-08,CUST00909,PROD0115,B001,1,746.55,0.05,709.22,460.65,248.57,Completed
ORD001164,2024-02-05,CUST00838,PROD0091,B004,4,1654.7,0.0,1654.7,1261.16,393.54,Completed
ORD001168,2024-08-27,CUST02073,PROD0025,B001,5,4950.22,0.05,4702.71,2953.59,1749.12,Completed
ORD001176,2024-01-04,CUST00578,PROD0017,B003,1,869.59,0.05,826.12,631.98,194.14,Completed
ORD001180,2024-08-20,CUST00701,PROD0115,B001,5,3732.73,0.15,3172.82,2303.26,869.56,Completed
ORD001184,2024-04-02,CUST01982,PROD0066,B004,4,5592.86,0.1,5033.57,4017.96,1015.61,Completed
ORD001197,2024-08-16,CUST01621,PROD0060,B003,1,89.53,0.0,89.53,58.78,30.75,Completed
ORD001199,2024-03-20,CUST01727,PROD0006,B001,2,1338.93,0.15,1138.09,971.81,166.28,Completed
ORD001200,2024-12-18,CUST02344,PROD0034,B003,1,1077.45,0.1,969.7,716.59,253.11,Completed
ORD001206,2024-05-18,CUST00598,PROD0086,B002,1,527.87,0.1,475.08,400.74,74.34,Completed
ORD001209,2024-01-21,CUST00549,PROD0114,B005,5,6872.68,0.1,6185.41,5215.83,969.58,Completed
ORD001211,2024-05-18,CUST01175,PROD0075,B004,4,5655.6,0.05,5372.82,4369.82,1003.0,Completed
ORD001213,2024-02-15,CUST02404,PROD0064,B004,3,2775.68,0.05,2636.9,2109.86,527.04,Completed
ORD001219,2024-06-27,CUST01627,PROD0093,B001,4,3465.41,0.05,3292.14,2542.69,749.45,Completed
ORD001222,2024-04-11,CUST01336,PROD0093,B005,5,4331.76,0.2,3465.41,3178.36,287.05,Completed
ORD001223,2024-07-24,CUST00142,PROD0102,B002,4,3085.61,0.0,3085.61,1779.46,1306.15,Completed
ORD001236,2024-12-10,CUST01311,PROD0025,B004,1,446.72,0.0,446.72,590.72,-144.0,Completed
ORD001239,2024-02-27,CUST01402,PROD0040,B002,2,1981.35,0.0,1981.35,1080.7,900.65,Completed
ORD001242,2024-08-20,CUST00983,PROD0080,B001,2,813.2,0.2,650.56,563.99,86.57,Completed
ORD001248,2024-04-14,CUST01693,PROD0016,B004,3,266.59,0.15,226.61,159.65,66.96,Completed
ORD001250,2024-05-05,CUST00902,PROD0070,B001,5,1002.62,0.0,1002.62,687.96,314.66,Completed
ORD001257,2024-10-18,CUST00954,PROD0110,B005,1,796.71,0.1,717.04,463.19,253.85,Completed
ORD001258,2024-06-16,CUST01187,PROD0096,B002,3,5330.76,0.0,5330.76,3103.42,2227.34,Completed
ORD001261,2024-05-24,CUST02397,PROD0057,B001,2,2010.2,0.05,1909.69,1297.91,611.78,Completed
ORD001267,2024-10-21,CUST00283,PROD0027,B002,2,1368.76,0.1,1231.88,991.49,240.39,Completed
ORD001268,2024-05-26,CUST02431,PROD0024,B002,1,1282.03,0.1,1153.83,703.09,450.74,Completed
ORD001270,2024-08-18,CUST02165,PROD0105,B003,5,2108.69,0.1,1897.82,1553.98,343.84,Completed
ORD001278,2024-03-03,CUST00647,PROD0077,B002,2,608.04,0.1,547.24,492.1,55.14,Completed
ORD001280,2024-12-30,CUST02406,PROD0066,B002,2,2796.43,0.0,2796.43,2008.98,787.45,Completed
ORD001281,2024-05-29,CUST02109,PROD0094,B003,5,976.4,0.05,927.58,585.09,342.49,Completed
ORD001282,2024-08-31,CUST01863,PROD0029,B005,4,1832.02,0.0,1832.02,1063.4,768.62,Completed
ORD001283,2024-07-10,CUST00273,PROD0052,B001,4,2642.73,0.25,1982.05,1813.4,168.65,Completed
ORD001289,2024-03-21,CUST01709,PROD0027,B004,4,2737.51,0.05,2600.64,1982.98,617.66,Completed
ORD001291,2024-01-05,CUST01485,PROD0023,B002,5,6365.28,0.15,5410.49,3934.59,1475.9,Completed
ORD001292,2024-06-16,CUST02072,PROD0021,B001,1,845.16,0.15,718.38,513.58,204.8,Completed
ORD001293,2024-05-15,CUST01945,PROD0108,B004,1,909.88,0.1,818.9,523.42,295.48,Completed
ORD001295,2024-09-20,CUST00283,PROD0053,B004,2,1111.68,0.0,1111.68,723.21,388.47,Completed
ORD001304,2024-07-27,CUST02336,PROD0088,B003,3,1346.61,0.15,1144.62,868.81,275.81,Completed
ORD001315,2024-03-31,CUST00011,PROD0102,B004,2,1542.8,0.15,1311.38,889.73,421.65,Completed
ORD001319,2024-03-29,CUST01622,PROD0008,B003,4,1062.22,0.05,1009.1,875.63,133.47,Completed
ORD001331,2024-11-08,CUST01527,PROD0037,B002,4,2318.69,0.15,1970.89,1930.23,40.66,Completed
ORD001333,2024-06-04,CUST02405,PROD0074,B005,4,2611.38,0.1,2350.24,2019.35,330.89,Completed
ORD001337,2024-10-05,CUST02085,PROD0044,B002,4,4375.79,0.1,3938.21,2429.64,1508.57,Completed
ORD001341,2024-03-12,CUST00707,PROD0048,B003,4,3553.47,0.05,3375.8,2461.98,913.82,Completed
ORD001343,2024-01-02,CUST01669,PROD0056,B003,1,1411.72,0.05,1341.13,1057.64,283.49,Completed
ORD001358,2024-09-29,CUST02019,PROD0003,B001,3,1133.37,0.2,906.7,803.19,103.51,Completed
ORD001364,2024-06-02,CUST00590,PROD0036,B004,2,566.72,0.25,425.04,306.44,118.6,Completed
ORD001379,2024-12-09,CUST00865,PROD0098,B004,3,2998.18,0.1,2698.36,1676.49,1021.87,Completed
ORD001381,2024-07-26,CUST02360,PROD0069,B002,1,1265.03,0.25,948.78,686.44,262.34,Completed
ORD001384,2024-10-01,CUST00178,PROD0084,B003,5,2591.35,0.0,2591.35,1913.12,678.23,Completed
ORD001387,2024-06-11,CUST01654,PROD0054,B004,4,4510.71,0.05,4285.17,3048.13,1237.04,Completed
ORD001390,2024-03-07,CUST00366,PROD0022,B005,5,6321.69,0.2,5057.35,4567.91,489.44,Completed
ORD001395,2024-08-01,CUST01899,PROD0044,B001,3,3281.84,0.0,3281.84,1822.23,1459.61,Completed
ORD001400,2024-08-16,CUST00070,PROD0033,B005,5,3001.7,0.0,3001.7,1916.21,1085.49,Completed
ORD001401,2024-02-28,CUST00014,PROD0109,B004,4,5423.46,0.0,5423.46,3900.44,1523.02,Completed
ORD001404,2024-07-13,CUST01062,PROD0030,B001,2,2038.77,0.0,2038.77,1627.19,411.58,Completed
ORD001406,2024-02-13,CUST00318,PROD0039,B004,3,4448.07,0.15,3780.86,2478.74,1302.12,Completed
ORD001408,2024-08-13,CUST01997,PROD0053,B001,4,2223.35,0.05,2112.19,1446.41,665.78,Completed
ORD001409,2024-12-13,CUST00216,PROD0077,B004,1,304.02,0.15,258.42,246.05,12.37,Completed
ORD001411,2024-06-26,CUST02012,PROD0110,B001,2,1593.43,0.1,1434.09,926.38,507.71,Completed
ORD001412,2024-01-02,CUST02350,PROD0089,B002,1,343.33,0.25,257.5,225.59,31.91,Completed
ORD001413,2024-07-04,CUST00441,PROD0048,B001,4,3553.47,0.0,3553.47,2461.98,1091.49,Completed
ORD001419,2024-10-02,CUST01312,PROD0007,B001,4,190.83,0.2,152.66,143.01,9.65,Completed
ORD001421,2024-03-02,CUST01328,PROD0008,B001,5,1327.77,0.15,1128.6,1094.54,34.06,Completed
ORD001427,2024-07-02,CUST02258,PROD0082,B001,5,10472.63,0.0,10472.63,5668.32,4804.31,Completed
ORD001430,2024-08-12,CUST01519,PROD0065,B003,1,1351.33,0.05,1283.77,1011.22,272.55,Completed
ORD001433,2024-07-11,CUST00139,PROD0079,B005,2,346.61,0.0,346.61,233.14,113.47,Completed
ORD001436,2024-10-17,CUST00117,PROD0057,B005,3,3015.3,0.1,2713.77,1946.86,766.91,Completed
ORD001437,2024-12-25,CUST01288,PROD0083,B004,1,1654.19,0.15,1406.06,1121.48,284.58,Completed
ORD001442,2024-07-23,CUST00091,PROD0002,B001,3,2040.42,0.05,1938.4,1233.78,704.62,Completed
ORD001445,2024-12-31,CUST01252,PROD0071,B001,3,1439.36,0.0,1439.36,1120.72,318.64,Completed
ORD001449,2024-06-06,CUST02155,PROD0081,B001,2,266.21,0.05,252.9,198.21,54.69,Completed
ORD001450,2024-05-31,CUST00307,PROD0084,B003,3,1554.81,0.05,1477.07,1147.87,329.2,Completed
ORD001451,2024-05-20,CUST02165,PROD0072,B004,3,1395.47,0.0,1395.47,979.86,415.61,Completed
ORD001459,2024-03-22,CUST01033,PROD0036,B001,4,1133.44,0.05,1076.77,612.87,463.9,Completed
ORD001464,2024-03-01,CUST00682,PROD0002,B004,2,1360.28,0.2,1088.22,822.52,265.7,Completed
ORD001469,2024-11-27,CUST00336,PROD0026,B002,1,393.51,0.1,354.15,284.3,69.85,Completed
ORD001470,2024-05-05,CUST01127,PROD0094,B001,1,195.28,0.0,195.28,117.02,78.26,Completed
ORD001478,2024-05-21,CUST00351,PROD0059,B002,5,4875.0,0.05,4631.25,3083.56,1547.69,Completed
ORD001479,2024-10-14,CUST00414,PROD0088,B002,2,897.74,0.15,763.08,579.21,183.87,Completed
ORD001480,2024-12-03,CUST01779,PROD0026,B001,3,1180.52,0.05,1121.49,852.89,268.6,Completed
ORD001492,2024-09-17,CUST01764,PROD0005,B001,4,4889.58,0.15,4156.14,3014.92,1141.22,Completed
ORD001508,2024-03-10,CUST02152,PROD0053,B001,1,555.84,0.25,416.88,361.6,55.28,Completed
ORD001509,2024-09-29,CUST01357,PROD0016,B002,3,266.59,0.0,266.59,159.65,106.94,Completed
ORD001510,2024-04-01,CUST00562,PROD0063,B001,1,132.68,0.0,132.68,100.47,32.21,Completed
ORD001519,2024-05-11,CUST01977,PROD0010,B002,5,9212.77,0.0,9212.77,5359.98,3852.79,Completed
ORD001523,2024-04-09,CUST00474,PROD0116,B001,4,1048.69,0.0,1048.69,860.36,188.33,Completed
ORD001527,2024-05-23,CUST00549,PROD0065,B005,4,5405.34,0.05,5135.07,4044.87,1090.2,Completed
ORD001531,2024-12-14,CUST01422,PROD0013,B003,3,2029.66,0.05,1928.18,1373.17,555.01,Completed
ORD001533,2024-09-01,CUST01413,PROD0003,B004,2,755.58,0.15,642.24,535.46,106.78,Completed
ORD001540,2024-08-08,CUST00009,PROD0044,B001,4,4375.79,0.05,4157.0,2429.64,1727.36,Completed
ORD001541,2024-05-08,CUST01964,PROD0068,B001,5,5124.67,0.0,5124.67,4116.82,1007.85,Completed
ORD001542,2024-07-22,CUST02327,PROD0076,B004,1,299.98,0.2,239.98,240.05,-0.07,Completed
ORD001544,2024-03-23,CUST01027,PROD0030,B002,4,4077.53,0.2,3262.02,3254.38,7.64,Completed
ORD001547,2024-03-01,CUST00559,PROD0071,B003,2,959.57,0.1,863.62,747.14,116.48,Completed
ORD001558,2024-12-14,CUST02498,PROD0065,B004,1,1351.33,0.05,1283.77,1011.22,272.55,Completed
ORD001560,2024-09-01,CUST01315,PROD0092,B001,5,522.22,0.05,496.11,333.18,162.93,Completed
ORD001568,2024-12-20,CUST01857,PROD0104,B002,3,4807.36,0.1,4326.62,3178.71,1147.91,Completed
ORD001572,2024-09-27,CUST02469,PROD0007,B001,5,238.54,0.0,238.54,178.76,59.78,Completed
ORD001579,2024-10-05,CUST00992,PROD0051,B005,4,3584.37,0.2,2867.49,2376.21,491.28,Completed
ORD001586,2024-01-21,CUST01215,PROD0053,B001,4,2223.35,0.1,2001.02,1446.41,554.61,Completed
ORD001590,2024-09-07,CUST00953,PROD0066,B005,2,2796.43,0.1,2516.79,2008.98,507.81,Completed
ORD001603,2024-10-19,CUST01097,PROD0079,B005,4,693.21,0.05,658.55,466.28,192.27,Completed
ORD001611,2024-12-02,CUST01085,PROD0040,B005,5,4953.37,0.0,4953.37,2701.76,2251.61,Completed
ORD001614,2024-05-23,CUST01939,PROD0027,B003,3,2053.13,0.2,1642.51,1487.24,155.27,Completed
ORD001617,2024-07-29,CUST01333,PROD0066,B005,1,1398.21,0.2,1118.57,1004.49,114.08,Completed
ORD001626,2024-11-16,CUST01710,PROD0031,B003,1,667.03,0.0,667.03,547.49,119.54,Completed
ORD001629,2024-10-26,CUST01182,PROD0037,B001,2,1159.35,0.15,985.45,965.12,20.33,Completed
ORD001634,2024-07-06,CUST01694,PROD0022,B005,1,1264.34,0.1,1137.9,913.58,224.32,Completed
ORD001638,2024-03-11,CUST01587,PROD0029,B003,3,1374.02,0.25,1030.51,797.55,232.96,Completed
ORD001640,2024-03-28,CUST02084,PROD0070,B004,3,601.57,0.15,511.34,412.77,98.57,Completed
ORD001643,2024-10-11,CUST00360,PROD0063,B002,5,663.4,0.15,563.89,502.33,61.56,Completed
ORD001644,2024-01-27,CUST01899,PROD0017,B002,1,545.76,0.0,545.76,631.98,-86.22,Completed
ORD001645,2024-11-29,CUST01755,PROD0041,B005,2,230.15,0.05,218.65,124.98,93.67,Completed
ORD001650,2024-09-17,CUST02078,PROD0056,B004,5,5277.96,0.15,4486.27,5288.22,-801.95,Completed
ORD001658,2024-09-27,CUST00440,PROD0099,B003,4,3397.08,0.1,3057.37,2374.27,683.1,Completed
ORD001659,2024-03-08,CUST01917,PROD0077,B001,2,608.04,0.0,608.04,492.1,115.94,Completed
ORD001664,2024-11-08,CUST00977,PROD0105,B004,4,1686.95,0.25,1265.21,1243.18,22.03,Completed
ORD001665,2024-07-06,CUST01975,PROD0111,B001,3,5504.46,0.15,4678.79,3321.19,1357.6,Completed
ORD001668,2024-01-23,CUST00448,PROD0067,B003,3,2720.42,0.2,2176.34,1491.98,684.36,Completed
ORD001669,2024-11-11,CUST01213,PROD0087,B005,2,2362.13,0.05,2244.02,1649.39,594.63,Completed
ORD001672,2024-09-19,CUST01991,PROD0019,B001,3,2666.08,0.1,2399.47,1662.57,736.9,Completed
ORD001673,2024-03-17,CUST01464,PROD0105,B001,1,421.74,0.2,337.39,310.8,26.59,Completed
ORD001674,2024-05-04,CUST01192,PROD0013,B004,2,1353.11,0.1,1217.8,915.45,302.35,Completed
ORD001675,2024-12-09,CUST01555,PROD0094,B001,5,976.4,0.25,732.3,585.09,147.21,Completed
ORD001682,2024-03-04,CUST02340,PROD0076,B002,3,899.93,0.05,854.93,720.15,134.78,Completed
ORD001685,2024-06-02,CUST00261,PROD0119,B001,3,1795.75,0.05,1705.96,1302.93,403.03,Completed
ORD001686,2024-09-20,CUST01623,PROD0024,B003,2,2564.07,0.1,2307.66,1406.19,901.47,Completed
ORD001693,2024-09-06,CUST01812,PROD0030,B005,2,2038.77,0.15,1732.95,1627.19,105.76,Completed
ORD001694,2024-02-03,CUST01716,PROD0013,B003,1,676.55,0.1,608.9,457.72,151.18,Completed
ORD001695,2024-12-21,CUST01906,PROD0056,B002,2,2823.44,0.1,2541.09,2115.29,425.8,Completed
ORD001706,2024-11-27,CUST00166,PROD0027,B003,4,2737.51,0.15,2326.89,1982.98,343.91,Completed
ORD001711,2024-06-22,CUST00456,PROD0075,B003,4,5655.6,0.2,4524.47,4369.82,154.65,Completed
ORD001716,2024-10-26,CUST02400,PROD0035,B005,4,2321.65,0.1,2089.49,1742.46,347.03,Completed
ORD001724,2024-02-12,CUST00550,PROD0114,B003,5,6872.68,0.05,6529.04,5215.83,1313.21,Completed
ORD001738,2024-01-20,CUST01327,PROD0103,B005,2,1745.31,0.1,1570.78,1032.87,537.91,Completed
ORD001741,2024-02-21,CUST02012,PROD0068,B005,4,4099.74,0.05,3894.75,3293.45,601.3,Completed
ORD001742,2024-10-17,CUST00634,PROD0085,B001,1,43.05,0.2,34.44,34.11,0.33,Completed
ORD001743,2024-06-17,CUST01048,PROD0046,B002,5,1116.68,0.05,1060.84,842.77,218.07,Completed
ORD001746,2024-02-15,CUST00863,PROD0007,B005,5,238.54,0.1,214.68,178.76,35.92,Completed
ORD001747,2024-09-22,CUST00967,PROD0073,B005,3,548.4,0.2,438.72,359.92,78.8,Completed
ORD001749,2024-04-05,CUST01301,PROD0102,B001,4,3085.61,0.15,2622.76,1779.46,843.3,Completed
ORD001755,2024-09-23,CUST00237,PROD0066,B003,5,6991.07,0.2,5592.86,5022.45,570.41,Completed
ORD001757,2024-10-19,CUST00905,PROD0008,B002,4,1062.22,0.0,1062.22,875.63,186.59,Completed
ORD001759,2024-12-28,CUST00908,PROD0115,B002,5,3732.73,0.2,2986.19,2303.26,682.93,Completed
ORD001763,2024-02-18,CUST02438,PROD0029,B004,2,916.01,0.2,732.81,531.7,201.11,Completed
ORD001770,2024-01-23,CUST01799,PROD0022,B001,5,6321.69,0.2,5057.35,4567.91,489.44,Completed
ORD001786,2024-12-03,CUST00621,PROD0041,B002,5,575.39,0.15,489.08,312.45,176.63,Completed
ORD001792,2024-12-17,CUST01322,PROD0111,B002,1,1834.82,0.05,1743.08,1107.06,636.02,Completed
ORD001795,2024-01-29,CUST02197,PROD0086,B003,1,527.87,0.0,527.87,400.74,127.13,Completed
ORD001796,2024-02-24,CUST00342,PROD0044,B003,4,4375.79,0.0,4375.79,2429.64,1946.15,Completed
ORD001798,2024-04-12,CUST00510,PROD0006,B001,5,3347.32,0.0,3347.32,2429.52,917.8,Completed
ORD001799,2024-05-30,CUST00317,PROD0063,B002,5,663.4,0.0,663.4,502.33,161.07,Completed
ORD001800,2024-03-23,CUST01511,PROD0031,B002,4,2668.14,0.2,2134.51,2189.98,-55.47,Completed
ORD001803,2024-06-11,CUST01380,PROD0080,B002,3,1219.8,0.15,1036.83,845.99,190.84,Completed
ORD001818,2024-09-03,CUST00367,PROD0051,B002,4,3584.37,0.1,3225.93,2376.21,849.72,Completed
ORD001821,2024-03-23,CUST02309,PROD0082,B001,1,2094.53,0.15,1780.35,1133.66,646.69,Completed
ORD001823,2024-09-26,CUST02401,PROD0033,B001,5,3001.7,0.2,2401.36,1916.21,485.15,Completed
ORD001825,2024-02-25,CUST00482,PROD0060,B002,2,179.05,0.05,170.1,117.55,52.55,Completed
ORD001828,2024-10-25,CUST01070,PROD0099,B005,3,2547.81,0.2,2038.25,1780.7,257.55,Completed
ORD001832,2024-06-28,CUST00470,PROD0010,B001,1,1842.55,0.15,1566.17,1072.0,494.17,Completed
ORD001842,2024-01-09,CUST01358,PROD0056,B004,4,5646.88,0.05,5364.53,4230.57,1133.96,Completed
ORD001846,2024-02-28,CUST01836,PROD0006,B002,4,2677.86,0.15,2276.18,1943.61,332.57,Completed
ORD001847,2024-06-07,CUST01893,PROD0038,B002,4,239.73,0.0,239.73,162.84,76.89,Completed
ORD001848,2024-05-13,CUST00205,PROD0002,B001,2,1360.28,0.0,1360.28,822.52,537.76,Completed
ORD001854,2024-06-14,CUST02471,PROD0057,B003,3,3015.3,0.1,2713.77,1946.86,766.91,Completed
ORD001855,2024-07-29,CUST01300,PROD0086,B002,4,2111.47,0.2,1689.18,1602.97,86.21,Completed
ORD001859,2024-05-31,CUST01077,PROD0072,B001,3,1395.47,0.1,1255.93,979.86,276.07,Completed
ORD001867,2024-05-22,CUST01632,PROD0031,B001,1,667.03,0.1,600.33,547.49,52.84,Completed
ORD001869,2024-09-21,CUST02403,PROD0037,B004,5,2898.37,0.2,2318.69,2412.79,-94.1,Completed
ORD001876,2024-07-13,CUST02431,PROD0020,B004,3,2281.92,0.0,2281.92,1643.2,638.72,Completed
ORD001879,2024-02-05,CUST01191,PROD0041,B004,4,460.31,0.2,368.25,249.96,118.29,Completed
ORD001882,2024-07-28,CUST00010,PROD0045,B001,2,2009.5,0.05,1909.03,1433.11,475.92,Completed
ORD001892,2024-05-25,CUST02086,PROD0049,B002,4,5330.89,0.1,4797.8,3084.32,1713.48,Completed
ORD001896,2024-07-20,CUST01639,PROD0092,B004,4,417.78,0.1,376.0,266.55,109.45,Completed
ORD001900,2024-06-16,CUST01130,PROD0114,B005,5,6872.68,0.2,5498.14,5215.83,282.31,Completed
ORD001902,2024-01-28,CUST01641,PROD0050,B001,1,1099.14,0.05,1044.18,634.27,409.91,Completed
ORD001911,2024-03-25,CUST00131,PROD0091,B002,5,2068.37,0.15,1758.12,1576.45,181.67,Completed
ORD001913,2024-07-05,CUST00296,PROD0068,B004,5,5124.67,0.2,4099.74,4116.82,-17.08,Completed
ORD001916,2024-02-29,CUST02258,PROD0024,B002,1,1282.03,0.05,1217.93,703.09,514.84,Completed
ORD001927,2024-04-16,CUST00471,PROD0019,B004,5,4443.47,0.15,3776.95,2770.95,1006.0,Completed
ORD001930,2024-02-28,CUST01024,PROD0107,B004,5,8891.01,0.15,7557.35,5438.35,2119.0,Completed
ORD001933,2024-11-12,CUST02495,PROD0013,B002,5,3382.77,0.15,2875.35,2288.62,586.73,Completed
ORD001935,2024-10-24,CUST00813,PROD0006,B004,2,1338.93,0.15,1138.09,971.81,166.28,Completed
ORD001943,2024-01-03,CUST02232,PROD0087,B001,3,3543.19,0.05,3366.04,2474.09,891.95,Completed
ORD001944,2024-04-11,CUST01365,PROD0049,B003,4,5330.89,0.25,3998.17,3084.32,913.85,Completed
ORD001949,2024-07-04,CUST00098,PROD0022,B001,4,5057.35,0.1,4551.62,3654.32,897.3,Completed
ORD001956,2024-02-14,CUST01787,PROD0056,B003,5,7058.6,0.1,6352.74,5288.22,1064.52,Completed
ORD001960,2024-10-07,CUST01748,PROD0119,B004,5,2992.91,0.05,2843.27,2171.55,671.72,Completed
ORD001967,2024-09-22,CUST01096,PROD0061,B004,5,2241.0,0.0,2241.0,1575.12,665.88,Completed
ORD001968,2024-10-09,CUST02481,PROD0054,B004,4,4510.71,0.15,3834.1,3048.13,785.97,Completed
ORD001972,2024-03-08,CUST00831,PROD0024,B004,4,5128.14,0.25,3846.1,2812.38,1033.72,Completed
ORD001978,2024-01-11,CUST00906,PROD0081,B001,2,266.21,0.0,266.21,198.21,68.0,Completed
ORD001987,2024-11-27,CUST01279,PROD0117,B001,3,2316.79,0.15,1969.27,1428.37,540.9,Completed
ORD001992,2024-07-12,CUST01759,PROD0070,B002,3,601.57,0.0,601.57,412.77,188.8,Completed
ORD002000,2024-07-27,CUST02192,PROD0033,B002,1,600.34,0.2,480.27,383.24,97.03,Completed
ORD002004,2024-07-24,CUST00290,PROD0079,B005,3,519.91,0.0,519.91,349.71,170.2,Completed
ORD002008,2024-09-19,CUST00418,PROD0035,B003,5,2902.06,0.1,2611.85,2178.08,433.77,Completed
ORD002009,2024-03-24,CUST01799,PROD0040,B001,3,2972.02,0.1,2674.82,1621.06,1053.76,Completed
ORD002010,2024-05-15,CUST01790,PROD0065,B001,4,5405.34,0.25,4054.0,4044.87,9.13,Completed
ORD002024,2024-04-30,CUST02223,PROD0006,B002,3,2008.39,0.05,1907.97,1457.71,450.26,Completed
ORD002025,2024-07-10,CUST02024,PROD0013,B005,1,676.55,0.15,575.07,457.72,117.35,Completed
ORD002032,2024-04-23,CUST00371,PROD0047,B004,3,930.59,0.15,791.0,538.95,252.05,Completed
ORD002049,2024-10-12,CUST01661,PROD0083,B003,5,8270.93,0.0,8270.93,5607.38,2663.55,Completed
ORD002051,2024-02-08,CUST00505,PROD0018,B003,1,1721.31,0.2,1377.05,1071.91,305.14,Completed
ORD002056,2024-10-17,CUST00942,PROD0017,B002,1,869.59,0.15,739.15,631.98,107.17,Completed
ORD002058,2024-12-29,CUST01209,PROD0002,B003,5,3400.69,0.2,2720.55,2056.3,664.25,Completed
ORD002059,2024-06-20,CUST01333,PROD0092,B002,4,417.78,0.1,376.0,266.55,109.45,Completed
ORD002061,2024-06-13,CUST00452,PROD0120,B003,5,2845.83,0.05,2703.54,1834.73,868.81,Completed
ORD002064,2024-12-16,CUST01289,PROD0106,B004,1,718.58,0.1,646.72,431.22,215.5,Completed
ORD002069,2024-09-17,CUST00596,PROD0002,B005,2,1360.28,0.0,1360.28,822.52,537.76,Completed
ORD002075,2024-01-07,CUST01056,PROD0003,B004,5,1888.96,0.1,1700.06,1338.64,361.42,Completed
ORD002076,2024-04-16,CUST00955,PROD0061,B001,2,896.4,0.15,761.94,630.05,131.89,Completed
ORD002079,2024-07-03,CUST00937,PROD0066,B001,4,5592.86,0.15,4753.93,4017.96,735.97,Completed
ORD002081,2024-08-02,CUST01816,PROD0106,B003,5,3592.9,0.15,3053.97,2156.1,897.87,Completed
ORD002090,2024-08-27,CUST01606,PROD0039,B002,4,5930.76,0.1,5337.68,3304.98,2032.7,Completed
ORD002100,2024-11-21,CUST01616,PROD0116,B001,4,1048.69,0.1,943.82,860.36,83.46,Completed
ORD002102,2024-10-01,CUST00539,PROD0102,B001,5,3857.01,0.1,3471.31,2224.33,1246.98,Completed
ORD002103,2024-01-12,CUST02054,PROD0109,B003,1,1355.87,0.1,1220.28,975.11,245.17,Completed
ORD002118,2024-07-04,CUST01265,PROD0069,B005,5,6325.17,0.0,6325.17,3432.19,2892.98,Completed
ORD002119,2024-08-21,CUST00755,PROD0039,B003,3,2070.19,0.05,1966.68,2478.74,-512.06,Completed
ORD002120,2024-01-10,CUST00849,PROD0060,B004,1,89.53,0.05,85.05,58.78,26.27,Completed
ORD002122,2024-05-29,CUST01160,PROD0119,B003,4,2394.33,0.15,2035.18,1737.24,297.94,Completed
ORD002124,2024-08-10,CUST02449,PROD0019,B001,1,888.69,0.0,888.69,554.19,334.5,Completed
ORD002125,2024-11-16,CUST00447,PROD0030,B003,2,2038.77,0.15,1732.95,1627.19,105.76,Completed
ORD002127,2024-11-18,CUST01927,PROD0096,B003,5,8884.61,0.15,7551.92,5172.37,2379.55,Completed
ORD002130,2024-07-27,CUST02280,PROD0115,B005,4,2986.19,0.05,2836.87,1842.61,994.26,Completed
ORD002137,2024-02-04,CUST01843,PROD0017,B002,4,3478.37,0.25,2608.78,2527.92,80.86,Completed
ORD002140,2024-12-16,CUST01292,PROD0069,B002,4,5060.14,0.1,4554.13,2745.75,1808.38,Completed
ORD002141,2024-02-16,CUST02238,PROD0086,B001,4,2111.47,0.05,2005.9,1602.97,402.93,Completed
ORD002142,2024-04-19,CUST01068,PROD0120,B001,4,2276.66,0.0,2276.66,1467.78,808.88,Completed
ORD002144,2024-11-20,CUST01826,PROD0014,B005,2,2761.75,0.25,2071.32,1581.2,490.12,Completed
ORD002152,2024-03-09,CUST01602,PROD0090,B002,5,1599.39,0.2,1279.51,1000.91,278.6,Completed
ORD002159,2024-01-13,CUST01833,PROD0106,B002,3,2155.74,0.05,2047.95,1293.66,754.29,Completed
ORD002167,2024-05-16,CUST00850,PROD0020,B005,1,760.64,0.1,684.58,547.73,136.85,Completed
ORD002170,2024-08-15,CUST01412,PROD0067,B002,5,4534.04,0.1,4080.63,2486.63,1594.0,Completed
ORD002172,2024-04-21,CUST00338,PROD0048,B003,1,888.37,0.15,755.11,615.49,139.62,Completed
ORD002173,2024-01-29,CUST00071,PROD0030,B002,4,4077.53,0.05,3873.66,3254.38,619.28,Completed
ORD002184,2024-06-25,CUST02115,PROD0093,B002,5,4331.76,0.05,4115.17,3178.36,936.81,Completed
ORD002199,2024-08-02,CUST00450,PROD0025,B003,4,3960.18,0.0,3960.18,2362.87,1597.31,Completed
ORD002200,2024-04-03,CUST01719,PROD0055,B002,3,1394.23,0.2,1115.38,790.62,324.76,Completed
ORD002205,2024-05-26,CUST01813,PROD0002,B004,3,2040.42,0.0,2040.42,1233.78,806.64,Completed
ORD002208,2024-02-22,CUST02318,PROD0109,B001,2,2711.73,0.1,2440.56,1950.22,490.34,Completed
ORD002214,2024-02-07,CUST00808,PROD0043,B004,5,1456.99,0.15,1238.44,893.23,345.21,Completed
ORD002215,2024-05-23,CUST01115,PROD0008,B003,1,265.55,0.1,239.0,218.91,20.09,Completed
ORD002219,2024-03-15,CUST01017,PROD0046,B005,4,893.34,0.0,893.34,674.21,219.13,Completed
ORD002223,2024-07-31,CUST02111,PROD0072,B001,5,2325.79,0.15,1976.92,1633.1,343.82,Completed
ORD002228,2024-09-11,CUST00476,PROD0019,B004,3,2666.08,0.2,2132.87,1662.57,470.3,Completed
ORD002229,2024-07-08,CUST00887,PROD0029,B004,4,966.79,0.1,870.11,1063.4,-193.29,Completed
ORD002231,2024-12-06,CUST01444,PROD0101,B003,2,1292.78,0.15,1098.86,921.0,177.86,Completed
ORD002232,2024-09-13,CUST01000,PROD0074,B002,5,3264.22,0.25,2448.16,2524.19,-76.03,Completed
ORD002237,2024-11-21,CUST00875,PROD0107,B001,2,3556.4,0.0,3556.4,2175.34,1381.06,Completed
ORD002238,2024-05-27,CUST00321,PROD0112,B001,5,4331.81,0.2,3465.45,3391.64,73.81,Completed
ORD002255,2024-07-11,CUST00420,PROD0091,B002,1,413.67,0.05,392.99,315.29,77.7,Completed
ORD002257,2024-05-13,CUST00318,PROD0080,B002,2,813.2,0.0,813.2,563.99,249.21,Completed
ORD002272,2024-03-18,CUST00571,PROD0084,B005,1,518.27,0.2,414.62,382.62,32.0,Completed
ORD002279,2024-12-31,CUST02087,PROD0057,B001,2,2010.2,0.2,1608.16,1297.91,310.25,Completed
ORD002280,2024-08-20,CUST00001,PROD0018,B003,4,6885.23,0.1,6196.71,4287.63,1909.08,Completed
ORD002281,2024-01-15,CUST01051,PROD0041,B002,3,345.23,0.1,310.71,187.47,123.24,Completed
ORD002283,2024-05-27,CUST00975,PROD0079,B004,2,346.61,0.2,277.28,233.14,44.14,Completed
ORD002296,2024-05-10,CUST01277,PROD0012,B003,4,518.47,0.1,466.62,350.3,116.32,Completed
ORD002297,2024-09-25,CUST01955,PROD0119,B002,3,1795.75,0.2,1436.6,1302.93,133.67,Completed
ORD002304,2024-01-11,CUST00571,PROD0041,B003,3,345.23,0.15,293.45,187.47,105.98,Completed
ORD002309,2024-03-09,CUST00832,PROD0115,B004,4,2986.19,0.05,2836.87,1842.61,994.26,Completed
ORD002312,2024-01-08,CUST01275,PROD0096,B001,5,8884.61,0.1,7996.15,5172.37,2823.78,Completed
ORD002313,2024-10-21,CUST00798,PROD0036,B002,3,850.08,0.0,850.08,459.65,390.43,Completed
ORD002314,2024-07-09,CUST02167,PROD0110,B004,2,1593.43,0.0,1593.43,926.38,667.05,Completed
ORD002322,2024-03-16,CUST01587,PROD0070,B001,5,1002.62,0.0,1002.62,687.96,314.66,Completed
ORD002334,2024-03-13,CUST00993,PROD0114,B001,2,2749.07,0.1,2474.16,2086.33,387.83,Completed
ORD002337,2024-12-07,CUST02424,PROD0047,B005,5,1550.99,0.05,1473.44,898.25,575.19,Completed
ORD002338,2024-09-28,CUST01702,PROD0061,B004,1,448.2,0.05,425.79,315.02,110.77,Completed
ORD002339,2024-12-29,CUST00754,PROD0105,B002,4,1686.95,0.15,1433.91,1243.18,190.73,Completed
ORD002345,2024-12-05,CUST01250,PROD0018,B003,4,6885.23,0.15,5852.45,4287.63,1564.82,Completed
ORD002346,2024-01-24,CUST00192,PROD0024,B001,1,1282.03,0.0,1282.03,703.09,578.94,Completed
ORD002354,2024-09-23,CUST01066,PROD0063,B001,5,663.4,0.2,530.72,502.33,28.39,Completed
ORD002358,2024-06-22,CUST01276,PROD0040,B001,1,990.67,0.05,941.14,540.35,400.79,Completed
ORD002364,2024-10-30,CUST02257,PROD0009,B001,5,1596.42,0.0,1596.42,977.63,618.79,Completed
ORD002366,2024-01-24,CUST02010,PROD0077,B005,5,1520.11,0.05,1444.11,1230.26,213.85,Completed
ORD002367,2024-03-09,CUST00698,PROD0032,B001,2,1472.87,0.0,1472.87,810.6,662.27,Completed
ORD002371,2024-07-03,CUST01848,PROD0115,B002,1,746.55,0.1,671.89,460.65,211.24,Completed
ORD002375,2024-02-14,CUST00690,PROD0041,B003,2,230.15,0.1,207.14,124.98,82.16,Completed
ORD002379,2024-11-13,CUST02060,PROD0053,B002,3,1667.51,0.1,1500.76,1084.81,415.95,Completed
ORD002383,2024-12-12,CUST01740,PROD0036,B005,1,283.36,0.0,283.36,153.22,130.14,Completed
ORD002387,2024-03-22,CUST01143,PROD0064,B001,2,1850.46,0.25,1387.84,1406.57,-18.73,Completed
ORD002393,2024-01-24,CUST00955,PROD0011,B002,3,2543.84,0.25,1907.89,1972.87,-64.98,Completed
ORD002396,2024-08-25,CUST00761,PROD0068,B003,3,3074.8,0.15,2613.58,2470.09,143.49,Completed
ORD002402,2024-04-17,CUST00789,PROD0016,B001,3,266.59,0.0,266.59,159.65,106.94,Completed
ORD002404,2024-04-29,CUST00868,PROD0080,B001,1,406.6,0.2,325.28,282.0,43.28,Completed
ORD002407,2024-11-09,CUST00398,PROD0065,B001,5,6756.67,0.25,5067.5,5056.08,11.42,Completed
ORD002413,2024-09-07,CUST01895,PROD0076,B004,1,299.98,0.1,269.98,240.05,29.93,Completed
ORD002417,2024-10-08,CUST01442,PROD0084,B003,3,1554.81,0.2,1243.85,1147.87,95.98,Completed
ORD002420,2024-09-06,CUST01299,PROD0026,B001,3,1180.52,0.15,1003.44,852.89,150.55,Completed
ORD002421,2024-04-01,CUST01555,PROD0045,B003,1,1004.75,0.05,954.52,716.56,237.96,Completed
ORD002422,2024-07-05,CUST00879,PROD0084,B005,5,2591.35,0.1,2332.21,1913.12,419.09,Completed
ORD002423,2024-07-31,CUST01308,PROD0099,B005,4,3397.08,0.1,3057.37,2374.27,683.1,Completed
ORD002424,2024-06-23,CUST02107,PROD0070,B001,2,401.05,0.1,360.94,275.18,85.76,Completed
ORD002432,2024-03-26,CUST02407,PROD0045,B001,4,4019.0,0.15,3416.15,2866.23,549.92,Completed
ORD002443,2024-12-12,CUST00905,PROD0088,B001,1,448.87,0.2,359.1,289.6,69.5,Completed
ORD002446,2024-10-05,CUST00313,PROD0073,B003,2,365.6,0.0,365.6,239.94,125.66,Completed
ORD002448,2024-09-13,CUST02241,PROD0079,B003,1,173.3,0.0,173.3,116.57,56.73,Completed
ORD002449,2024-02-09,CUST00679,PROD0116,B004,1,262.17,0.15,222.85,215.09,7.76,Completed
ORD002450,2024-04-19,CUST00489,PROD0102,B002,4,3085.61,0.1,2777.05,1779.46,997.59,Completed
ORD002451,2024-05-29,CUST01425,PROD0002,B005,3,2040.42,0.15,1734.35,1233.78,500.57,Completed
ORD002457,2024-10-18,CUST00913,PROD0092,B003,2,208.89,0.2,167.11,133.27,33.84,Completed
ORD002462,2024-04-19,CUST01470,PROD0038,B004,5,299.66,0.1,269.69,203.55,66.14,Completed
ORD002464,2024-08-29,CUST00818,PROD0059,B003,5,4875.0,0.15,4143.75,3083.56,1060.19,Completed
ORD002471,2024-12-07,CUST02396,PROD0068,B002,3,3074.8,0.05,2921.06,2470.09,450.97,Completed
ORD002473,2024-03-07,CUST01079,PROD0031,B001,5,3335.17,0.05,3168.42,2737.47,430.95,Completed
ORD002480,2024-11-12,CUST01778,PROD0116,B003,5,1310.86,0.0,1310.86,1075.45,235.41,Completed
ORD002483,2024-10-16,CUST02389,PROD0088,B004,3,1346.61,0.05,1279.28,868.81,410.47,Completed
ORD002484,2024-08-30,CUST00729,PROD0075,B002,2,2827.8,0.15,2403.63,2184.91,218.72,Completed
ORD002486,2024-07-08,CUST00926,PROD0119,B003,5,2992.91,0.15,2543.97,2171.55,372.42,Completed
ORD002490,2024-03-30,CUST02071,PROD0062,B004,3,2188.59,0.15,1860.3,1736.16,124.14,Completed
ORD002496,2024-07-11,CUST01496,PROD0035,B005,3,1741.24,0.15,1480.05,1306.85,173.2,Completed
ORD002499,2024-07-31,CUST00889,PROD0064,B002,2,1850.46,0.1,1665.41,1406.57,258.84,Completed
ORD002501,2024-07-03,CUST00833,PROD0049,B001,1,1332.72,0.1,1199.45,771.08,428.37,Completed
ORD002504,2024-07-10,CUST00652,PROD0006,B005,3,2008.39,0.0,2008.39,1457.71,550.68,Completed
ORD002508,2024-10-03,CUST00551,PROD0055,B002,1,464.74,0.2,371.79,263.54,108.25,Completed
ORD002510,2024-02-04,CUST00704,PROD0017,B002,2,1739.19,0.15,1478.31,1263.96,214.35,Completed
ORD002514,2024-12-03,CUST02437,PROD0057,B001,5,5025.49,0.1,4522.94,3244.76,1278.18,Completed
ORD002518,2024-10-13,CUST00128,PROD0111,B002,4,7339.28,0.15,6238.38,4428.25,1810.13,Completed
ORD002523,2024-01-23,CUST01393,PROD0066,B001,2,2796.43,0.1,2516.79,2008.98,507.81,Completed
ORD002524,2024-12-16,CUST02044,PROD0088,B002,3,1346.61,0.1,1211.95,868.81,343.14,Completed
ORD002526,2024-04-10,CUST00390,PROD0066,B002,2,2796.43,0.15,2376.97,2008.98,367.99,Completed
ORD002527,2024-09-30,CUST02090,PROD0111,B001,1,1834.82,0.15,1559.59,1107.06,452.53,Completed
ORD002534,2024-04-14,CUST01656,PROD0014,B004,5,6904.38,0.1,6213.95,3953.01,2260.94,Completed
ORD002537,2024-04-20,CUST00901,PROD0024,B005,4,5128.14,0.15,4358.92,2812.38,1546.54,Completed
ORD002539,2024-10-13,CUST01464,PROD0079,B003,5,866.51,0.0,866.51,582.85,283.66,Completed
ORD002542,2024-08-22,CUST01125,PROD0005,B004,1,1222.39,0.15,1039.04,753.73,285.31,Completed
ORD002550,2024-09-17,CUST00451,PROD0023,B004,2,2546.11,0.1,2291.5,1573.84,717.66,Completed
ORD002553,2024-08-30,CUST02187,PROD0034,B002,1,1077.45,0.0,1077.45,716.59,360.86,Completed
ORD002556,2024-02-11,CUST01179,PROD0065,B001,2,2702.67,0.1,2432.4,2022.43,409.97,Completed
ORD002561,2024-05-06,CUST01590,PROD0089,B002,2,686.67,0.25,515.0,451.18,63.82,Completed
ORD002565,2024-09-16,CUST00756,PROD0087,B002,1,1181.06,0.05,1122.01,824.7,297.31,Completed
ORD002566,2024-07-18,CUST00971,PROD0110,B001,2,1593.43,0.25,1195.07,926.38,268.69,Completed
ORD002570,2024-10-26,CUST00376,PROD0113,B005,2,2508.37,0.05,2382.95,1813.91,569.04,Completed
ORD002573,2024-05-15,CUST00307,PROD0077,B001,3,912.07,0.05,866.46,738.16,128.3,Completed
ORD002574,2024-09-25,CUST01540,PROD0020,B005,1,760.64,0.1,684.58,547.73,136.85,Completed
ORD002575,2024-12-18,CUST01058,PROD0097,B004,3,5283.51,0.0,5283.51,3253.85,2029.66,Completed
ORD002577,2024-08-18,CUST00130,PROD0103,B003,4,1816.48,0.1,1634.84,2065.73,-430.89,Completed
ORD002578,2024-09-07,CUST02234,PROD0072,B004,5,2325.79,0.15,1976.92,1633.1,343.82,Completed
ORD002595,2024-06-18,CUST01526,PROD0093,B003,3,2599.06,0.15,2209.2,1907.02,302.18,Completed
ORD002596,2024-01-04,CUST01661,PROD0112,B001,4,3465.45,0.05,3292.18,2713.31,578.87,Completed
ORD002600,2024-11-17,CUST01687,PROD0085,B004,4,172.21,0.1,154.99,136.46,18.53,Completed
ORD002601,2024-02-05,CUST01693,PROD0042,B001,2,2907.05,0.05,2761.7,2128.77,632.93,Completed
ORD002620,2024-03-18,CUST02325,PROD0084,B005,1,518.27,0.15,440.53,382.62,57.91,Completed
ORD002623,2024-04-16,CUST00574,PROD0022,B002,1,1264.34,0.15,1074.69,913.58,161.11,Completed
ORD002625,2024-02-09,CUST00809,PROD0039,B002,3,4448.07,0.15,3780.86,2478.74,1302.12,Completed
ORD002627,2024-02-22,CUST01128,PROD0016,B005,3,266.59,0.15,226.61,159.65,66.96,Completed
ORD002633,2024-04-22,CUST00722,PROD0118,B004,2,579.77,0.05,550.78,388.34,162.44,Completed
ORD002645,2024-01-03,CUST01183,PROD0044,B004,1,1093.95,0.0,1093.95,607.41,486.54,Completed
ORD002657,2024-05-18,CUST01725,PROD0078,B001,5,4659.77,0.2,3727.82,2869.89,857.93,Completed
ORD002660,2024-05-02,CUST00564,PROD0105,B004,5,2108.69,0.0,2108.69,1553.98,554.71,Completed
ORD002664,2024-02-05,CUST01263,PROD0097,B002,3,5283.51,0.1,4755.16,3253.85,1501.31,Completed
ORD002667,2024-11-10,CUST02239,PROD0106,B001,1,718.58,0.05,682.65,431.22,251.43,Completed
ORD002668,2024-02-05,CUST02200,PROD0079,B005,3,519.91,0.05,493.91,349.71,144.2,Completed
ORD002670,2024-09-09,CUST01339,PROD0107,B003,2,3556.4,0.05,3378.58,2175.34,1203.24,Completed
ORD002672,2024-12-21,CUST00799,PROD0093,B001,5,4331.76,0.1,3898.59,3178.36,720.23,Completed
ORD002683,2024-01-26,CUST00031,PROD0071,B001,3,1439.36,0.15,1223.46,1120.72,102.74,Completed
ORD002684,2024-10-21,CUST02357,PROD0014,B003,2,2761.75,0.0,2761.75,1581.2,1180.55,Completed
ORD002685,2024-06-03,CUST01460,PROD0058,B002,2,625.51,0.1,562.96,349.16,213.8,Completed
ORD002689,2024-08-03,CUST00821,PROD0033,B003,1,600.34,0.0,600.34,383.24,217.1,Completed
ORD002692,2024-10-05,CUST00345,PROD0051,B003,1,896.09,0.15,761.68,594.05,167.63,Completed
ORD002695,2024-11-24,CUST01721,PROD0038,B002,5,299.66,0.0,299.66,203.55,96.11,Completed
ORD002703,2024-06-06,CUST02115,PROD0047,B002,2,620.39,0.0,620.39,359.3,261.09,Completed
ORD002706,2024-06-29,CUST01609,PROD0091,B003,2,827.35,0.1,744.61,630.58,114.03,Completed
ORD002708,2024-08-17,CUST01008,PROD0044,B001,5,5469.74,0.15,4649.28,3037.05,1612.23,Completed
ORD002710,2024-11-13,CUST01927,PROD0107,B002,1,1778.2,0.0,1778.2,1087.67,690.53,Completed
ORD002717,2024-12-12,CUST01075,PROD0012,B004,3,388.85,0.1,349.97,262.72,87.25,Completed
ORD002719,2024-06-22,CUST00803,PROD0091,B005,4,1654.7,0.05,1571.96,1261.16,310.8,Completed
ORD002720,2024-02-19,CUST00334,PROD0051,B001,3,2688.28,0.1,2419.45,1782.15,637.3,Completed
ORD002722,2024-05-29,CUST02404,PROD0049,B004,3,3998.17,0.1,3598.35,2313.24,1285.11,Completed
ORD002727,2024-05-17,CUST02121,PROD0002,B005,1,680.14,0.05,646.13,411.26,234.87,Completed
ORD002733,2024-03-20,CUST01966,PROD0026,B002,5,1967.53,0.1,1770.78,1421.48,349.3,Completed
ORD002735,2024-05-22,CUST02254,PROD0013,B004,2,1353.11,0.15,1150.14,915.45,234.69,Completed
ORD002737,2024-11-12,CUST01470,PROD0039,B005,5,7413.45,0.0,7413.45,4131.23,3282.22,Completed
ORD002738,2024-11-23,CUST00537,PROD0120,B004,1,569.17,0.2,455.33,366.95,88.38,Completed
ORD002742,2024-05-09,CUST02450,PROD0115,B004,2,1493.09,0.1,1343.78,921.31,422.47,Completed
ORD002758,2024-06-20,CUST02283,PROD0074,B001,5,3264.22,0.0,3264.22,2524.19,740.03,Completed
ORD002760,2024-09-03,CUST01423,PROD0016,B001,2,177.73,0.1,159.95,106.43,53.52,Completed
ORD002765,2024-08-25,CUST02363,PROD0075,B001,2,2827.8,0.05,2686.41,2184.91,501.5,Completed
ORD002766,2024-10-18,CUST00267,PROD0023,B005,2,2546.11,0.05,2418.81,1573.84,844.97,Completed
ORD002771,2024-06-19,CUST00489,PROD0057,B001,1,1005.1,0.0,1005.1,648.95,356.15,Completed
ORD002778,2024-04-24,CUST00757,PROD0115,B003,5,3732.73,0.2,2986.19,2303.26,682.93,Completed
ORD002784,2024-10-22,CUST01934,PROD0036,B001,4,1133.44,0.05,1076.77,612.87,463.9,Completed
ORD002790,2024-02-20,CUST02003,PROD0101,B001,2,1292.78,0.2,1034.22,921.0,113.22,Completed
ORD002792,2024-03-05,CUST00301,PROD0087,B004,5,5905.32,0.2,4724.26,4123.48,600.78,Completed
ORD002796,2024-01-17,CUST00048,PROD0058,B002,2,625.51,0.0,625.51,349.16,276.35,Completed
ORD002817,2024-09-13,CUST00701,PROD0085,B001,4,172.21,0.2,137.76,136.46,1.3,Completed
ORD002819,2024-08-08,CUST00770,PROD0061,B003,4,1792.8,0.2,1434.24,1260.1,174.14,Completed
ORD002820,2024-02-29,CUST01194,PROD0095,B003,1,355.14,0.15,301.87,267.88,33.99,Completed
ORD002824,2024-04-27,CUST00092,PROD0082,B002,3,2823.41,0.05,2682.24,3400.99,-718.75,Completed
ORD002828,2024-01-09,CUST01387,PROD0102,B001,2,1542.8,0.2,1234.24,889.73,344.51,Completed
ORD002830,2024-01-27,CUST00965,PROD0024,B001,3,3846.1,0.1,3461.49,2109.28,1352.21,Completed
ORD002839,2024-07-11,CUST01263,PROD0013,B005,5,3382.77,0.05,3213.63,2288.62,925.01,Completed
ORD002841,2024-01-24,CUST00861,PROD0111,B003,4,7339.28,0.2,5871.42,4428.25,1443.17,Completed
ORD002842,2024-12-01,CUST00665,PROD0045,B002,3,3014.25,0.2,2411.4,2149.67,261.73,Completed
ORD002845,2024-11-16,CUST01403,PROD0023,B004,2,2546.11,0.15,2164.2,1573.84,590.36,Completed
ORD002848,2024-08-09,CUST02232,PROD0072,B003,2,930.32,0.05,883.8,653.24,230.56,Completed
ORD002850,2024-03-15,CUST00536,PROD0035,B003,5,2902.06,0.0,2902.06,2178.08,723.98,Completed
ORD002859,2024-01-28,CUST01423,PROD0016,B001,3,266.59,0.0,266.59,159.65,106.94,Completed
ORD002867,2024-06-02,CUST01756,PROD0077,B003,4,1216.09,0.1,1094.48,984.21,110.27,Completed
ORD002868,2024-07-05,CUST01628,PROD0102,B003,3,2314.2,0.2,1851.36,1334.6,516.76,Completed
ORD002874,2024-03-26,CUST00118,PROD0027,B003,2,1368.76,0.0,1368.76,991.49,377.27,Completed
ORD002875,2024-11-05,CUST00536,PROD0021,B003,1,845.16,0.15,718.38,513.58,204.8,Completed
ORD002877,2024-02-24,CUST01995,PROD0081,B003,4,532.43,0.1,479.19,396.43,82.76,Completed
ORD002883,2024-08-15,CUST00080,PROD0084,B003,2,1036.54,0.25,777.4,765.25,12.15,Completed
ORD002885,2024-03-21,CUST01018,PROD0025,B002,3,2970.13,0.0,2970.13,1772.15,1197.98,Completed
ORD002890,2024-07-19,CUST01027,PROD0058,B002,3,938.27,0.2,750.61,523.75,226.86,Completed
ORD002902,2024-03-17,CUST02434,PROD0029,B001,5,2290.03,0.1,2061.03,1329.25,731.78,Completed
ORD002908,2024-08-27,CUST01782,PROD0079,B003,4,693.21,0.0,693.21,466.28,226.93,Completed
ORD002909,2024-03-17,CUST02069,PROD0014,B002,4,5523.51,0.2,4418.81,3162.41,1256.4,Completed
ORD002915,2024-12-22,CUST01342,PROD0108,B004,5,4549.41,0.0,4549.41,2617.12,1932.29,Completed
ORD002919,2024-01-23,CUST00159,PROD0062,B004,4,2918.12,0.05,2772.22,2314.89,457.33,Completed
ORD002920,2024-02-02,CUST02484,PROD0034,B002,3,3232.34,0.1,2909.11,2149.77,759.34,Completed
ORD002925,2024-07-31,CUST01468,PROD0029,B002,4,1832.02,0.1,1648.82,1063.4,585.42,Completed
ORD002927,2024-04-30,CUST01962,PROD0047,B004,2,620.39,0.25,465.29,359.3,105.99,Completed
ORD002938,2024-05-08,CUST01509,PROD0120,B001,5,2845.83,0.0,2845.83,1834.73,1011.1,Completed
ORD002943,2024-01-15,CUST01057,PROD0067,B005,2,1813.62,0.15,1541.58,994.65,546.93,Completed
ORD002955,2024-12-18,CUST00797,PROD0074,B004,1,652.84,0.2,522.28,504.84,17.44,Completed
ORD002963,2024-12-27,CUST02389,PROD0105,B002,4,1686.95,0.2,1349.56,1243.18,106.38,Completed
ORD002967,2024-02-16,CUST01911,PROD0052,B003,1,660.68,0.1,594.61,453.35,141.26,Completed
ORD002980,2024-10-15,CUST00915,PROD0110,B001,5,3983.57,0.0,3983.57,2315.96,1667.61,Completed
ORD002983,2024-10-04,CUST00569,PROD0024,B003,4,5128.14,0.0,5128.14,2812.38,2315.76,Completed
ORD002991,2024-01-31,CUST01586,PROD0099,B002,2,1698.54,0.2,1358.83,1187.14,171.69,Completed
ORD002992,2024-04-29,CUST01932,PROD0073,B004,2,365.6,0.25,274.2,239.94,34.26,Completed
ORD002993,2024-10-13,CUST01776,PROD0067,B002,5,4534.04,0.2,3627.23,2486.63,1140.6,Completed
ORD002995,2024-09-10,CUST00479,PROD0096,B003,3,5330.76,0.05,5064.23,3103.42,1960.81,Completed
ORD002996,2024-06-24,CUST02371,PROD0004,B001,2,598.35,0.05,568.43,382.21,186.22,Completed
ORD002998,2024-09-19,CUST00801,PROD0022,B003,5,6321.69,0.0,6321.69,4567.91,1753.78,Completed
ORD002999,2024-12-10,CUST00871,PROD0100,B001,4,3243.95,0.05,3081.76,2533.12,548.64,Completed
ORD003004,2024-03-23,CUST00203,PROD0066,B002,2,2796.43,0.15,2376.97,2008.98,367.99,Completed
ORD003006,2024-06-18,CUST00637,PROD0043,B001,1,291.4,0.2,233.12,178.65,54.47,Completed
ORD003009,2024-08-25,CUST02492,PROD0009,B005,1,319.28,0.05,303.32,195.53,107.79,Completed
ORD003012,2024-03-15,CUST01138,PROD0086,B001,4,2111.47,0.05,2005.9,1602.97,402.93,Completed
ORD003030,2024-03-09,CUST01394,PROD0069,B002,3,3795.1,0.1,3415.59,2059.31,1356.28,Completed
ORD003032,2024-04-16,CUST00001,PROD0052,B004,5,3303.42,0.05,3138.24,2266.75,871.49,Completed
ORD003051,2024-11-18,CUST01691,PROD0088,B002,2,897.74,0.0,897.74,579.21,318.53,Completed
ORD003053,2024-02-21,CUST01623,PROD0119,B002,4,2394.33,0.0,2394.33,1737.24,657.09,Completed
ORD003054,2024-09-14,CUST02405,PROD0099,B001,5,4246.35,0.05,4034.03,2967.84,1066.19,Completed
ORD003055,2024-08-16,CUST01758,PROD0052,B002,1,660.68,0.2,528.55,453.35,75.2,Completed
ORD003056,2024-08-27,CUST01899,PROD0101,B003,3,1939.17,0.25,1454.38,1381.51,72.87,Completed
ORD003057,2024-11-15,CUST02392,PROD0026,B004,2,787.01,0.2,629.61,568.59,61.02,Completed
ORD003060,2024-05-06,CUST01637,PROD0027,B001,5,3421.89,0.0,3421.89,2478.73,943.16,Completed
ORD003064,2024-04-27,CUST02230,PROD0037,B002,2,1159.35,0.1,1043.41,965.12,78.29,Completed
ORD003068,2024-12-21,CUST02232,PROD0007,B004,3,143.12,0.15,121.65,107.26,14.39,Completed
ORD003069,2024-08-13,CUST00854,PROD0028,B003,5,3650.96,0.05,3468.41,2292.57,1175.84,Completed
ORD003071,2024-11-05,CUST00094,PROD0075,B002,4,5655.6,0.1,5090.03,4369.82,720.21,Completed
ORD003075,2024-05-25,CUST00824,PROD0032,B004,1,736.43,0.1,662.79,405.3,257.49,Completed
ORD003077,2024-06-28,CUST01226,PROD0074,B004,1,652.84,0.1,587.56,504.84,82.72,Completed
ORD003079,2024-02-08,CUST01457,PROD0039,B003,2,2965.38,0.2,2372.3,1652.49,719.81,Completed
ORD003082,2024-07-21,CUST01192,PROD0017,B001,1,869.59,0.15,739.15,631.98,107.17,Completed
ORD003086,2024-12-04,CUST00317,PROD0063,B002,2,265.36,0.0,265.36,200.93,64.43,Completed
ORD003090,2024-07-07,CUST02260,PROD0090,B001,2,639.76,0.05,607.77,400.36,207.41,Completed
ORD003095,2024-05-08,CUST02242,PROD0058,B001,1,312.76,0.05,297.12,174.58,122.54,Completed
ORD003100,2024-06-16,CUST02060,PROD0011,B003,5,4239.74,0.25,3179.8,3288.12,-108.32,Completed
ORD003104,2024-01-09,CUST01984,PROD0058,B005,3,938.27,0.2,750.61,523.75,226.86,Completed
ORD003105,2024-01-05,CUST00431,PROD0086,B001,2,1055.73,0.1,950.16,801.48,148.68,Completed
ORD003117,2024-12-06,CUST01196,PROD0042,B001,2,2907.05,0.15,2471.0,2128.77,342.23,Completed
ORD003124,2024-04-15,CUST00209,PROD0114,B002,2,2749.07,0.15,2336.71,2086.33,250.38,Completed
ORD003129,2024-06-28,CUST00445,PROD0119,B004,3,1795.75,0.05,1705.96,1302.93,403.03,Completed
ORD003132,2024-02-12,CUST02139,PROD0025,B002,1,990.04,0.0,990.04,590.72,399.32,Completed
ORD003133,2024-05-16,CUST01652,PROD0073,B002,2,365.6,0.15,310.76,239.94,70.82,Completed
ORD003139,2024-08-07,CUST02022,PROD0072,B001,2,930.32,0.1,837.28,653.24,184.04,Completed
ORD003140,2024-08-31,CUST00906,PROD0112,B002,1,731.15,0.15,621.48,678.33,-56.85,Completed
ORD003142,2024-02-27,CUST02411,PROD0120,B002,4,2276.66,0.15,1935.16,1467.78,467.38,Completed
ORD003145,2024-09-30,CUST02460,PROD0090,B001,4,1279.51,0.15,1087.59,800.72,286.87,Completed
ORD003150,2024-07-06,CUST01525,PROD0017,B002,4,3478.37,0.1,3130.54,2527.92,602.62,Completed
ORD003152,2024-01-30,CUST01812,PROD0095,B001,4,1420.55,0.1,1278.49,1071.54,206.95,Completed
ORD003154,2024-09-15,CUST00489,PROD0072,B004,1,465.16,0.05,441.9,326.62,115.28,Completed
ORD003157,2024-11-11,CUST01353,PROD0067,B001,5,4534.04,0.1,4080.63,2486.63,1594.0,Completed
ORD003158,2024-12-18,CUST01365,PROD0072,B001,3,1395.47,0.1,1255.93,979.86,276.07,Completed
ORD003160,2024-06-28,CUST01641,PROD0016,B002,2,177.73,0.15,151.07,106.43,44.64,Completed
ORD003169,2024-12-30,CUST01315,PROD0021,B002,5,4225.8,0.2,3380.64,2567.89,812.75,Completed
ORD003180,2024-12-18,CUST01098,PROD0089,B001,5,1716.67,0.0,1716.67,1127.94,588.73,Completed
ORD003189,2024-12-10,CUST01006,PROD0017,B002,3,2608.78,0.05,2478.34,1895.94,582.4,Completed
ORD003194,2024-07-28,CUST01910,PROD0095,B001,4,1420.55,0.15,1207.46,1071.54,135.92,Completed
ORD003201,2024-02-22,CUST00653,PROD0107,B003,1,1778.2,0.0,1778.2,1087.67,690.53,Completed
ORD003203,2024-04-26,CUST00516,PROD0081,B001,1,133.11,0.15,113.14,99.11,14.03,Completed
ORD003205,2024-09-27,CUST00027,PROD0062,B003,3,2188.59,0.05,2079.16,1736.16,343.0,Completed
ORD003208,2024-06-28,CUST01922,PROD0008,B004,5,1327.77,0.05,1261.38,1094.54,166.84,Completed
ORD003209,2024-09-22,CUST00348,PROD0103,B001,2,1745.31,0.0,1745.31,1032.87,712.44,Completed
ORD003212,2024-01-28,CUST00384,PROD0057,B005,5,5025.49,0.05,4774.22,3244.76,1529.46,Completed
ORD003217,2024-07-12,CUST00458,PROD0017,B005,2,1739.19,0.25,1304.39,1263.96,40.43,Completed
ORD003222,2024-07-28,CUST01345,PROD0023,B004,3,3819.17,0.2,3055.34,2360.76,694.58,Completed
ORD003227,2024-11-10,CUST01808,PROD0045,B002,5,5023.75,0.15,4270.19,3582.79,687.4,Completed
ORD003228,2024-04-10,CUST01711,PROD0004,B001,5,1495.87,0.25,1121.9,955.52,166.38,Completed
ORD003232,2024-11-18,CUST00744,PROD0059,B001,5,4875.0,0.25,3656.25,3083.56,572.69,Completed
ORD003235,2024-06-07,CUST00090,PROD0089,B001,2,686.67,0.0,686.67,451.18,235.49,Completed
ORD003237,2024-01-23,CUST02098,PROD0063,B004,3,398.04,0.1,358.24,301.4,56.84,Completed
ORD003243,2024-02-12,CUST00720,PROD0018,B002,2,3442.62,0.2,2754.09,2143.81,610.28,Completed
ORD003245,2024-10-17,CUST00356,PROD0095,B004,5,1775.68,0.2,1420.55,1339.42,81.13,Completed
ORD003247,2024-04-21,CUST00425,PROD0044,B005,4,4375.79,0.0,4375.79,2429.64,1946.15,Completed
ORD003252,2024-02-23,CUST01705,PROD0068,B001,3,3074.8,0.15,2613.58,2470.09,143.49,Completed
ORD003267,2024-06-27,CUST00303,PROD0087,B005,4,4724.26,0.15,4015.62,3298.78,716.84,Completed
ORD003274,2024-06-08,CUST01860,PROD0058,B005,5,1563.78,0.15,1329.22,872.91,456.31,Completed
ORD003285,2024-09-25,CUST00781,PROD0042,B001,3,4360.58,0.15,3706.49,3193.16,513.33,Completed
ORD003286,2024-01-19,CUST00717,PROD0095,B002,1,355.14,0.25,266.36,267.88,-1.52,Completed
ORD003294,2024-11-12,CUST00814,PROD0058,B002,2,625.51,0.15,531.69,349.16,182.53,Completed
ORD003297,2024-02-17,CUST01857,PROD0045,B001,1,1004.75,0.1,904.27,716.56,187.71,Completed
ORD003298,2024-11-18,CUST01631,PROD0116,B001,3,786.52,0.25,589.89,645.27,-55.38,Completed
ORD003306,2024-10-30,CUST02279,PROD0103,B002,3,2617.97,0.2,2094.38,1549.3,545.08,Completed
ORD003313,2024-04-16,CUST02101,PROD0042,B001,2,2907.05,0.2,2325.64,2128.77,196.87,Completed
ORD003317,2024-10-26,CUST00004,PROD0104,B001,4,6409.81,0.1,5768.83,4238.27,1530.56,Completed
ORD003323,2024-10-07,CUST01242,PROD0105,B002,4,1686.95,0.2,1349.56,1243.18,106.38,Completed
ORD003325,2024-12-13,CUST01216,PROD0028,B005,2,1460.38,0.0,1460.38,917.03,543.35,Completed
ORD003328,2024-05-23,CUST00072,PROD0100,B003,3,2432.96,0.0,2432.96,1899.84,533.12,Completed
ORD003332,2024-04-20,CUST01824,PROD0112,B004,1,866.36,0.0,866.36,678.33,188.03,Completed
ORD003334,2024-10-02,CUST01954,PROD0026,B001,4,1574.03,0.1,1416.62,1137.19,279.43,Completed
ORD003342,2024-02-26,CUST00872,PROD0033,B002,1,600.34,0.25,450.25,383.24,67.01,Completed
ORD003347,2024-06-14,CUST00532,PROD0042,B005,3,4360.58,0.15,3706.49,3193.16,513.33,Completed
ORD003348,2024-03-07,CUST01548,PROD0074,B002,4,2611.38,0.15,2219.67,2019.35,200.32,Completed
ORD003352,2024-01-04,CUST01875,PROD0081,B004,5,665.54,0.15,565.71,495.54,70.17,Completed
ORD003354,2024-01-18,CUST01958,PROD0035,B001,1,580.41,0.1,522.37,435.62,86.75,Completed
ORD003359,2024-01-26,CUST00021,PROD0061,B002,5,2241.0,0.1,2016.9,1575.12,441.78,Completed
ORD003361,2024-09-26,CUST01009,PROD0081,B005,4,322.01,0.1,289.81,396.43,-106.62,Completed
ORD003366,2024-05-23,CUST00342,PROD0025,B001,1,990.04,0.1,891.04,590.72,300.32,Completed
ORD003372,2024-12-30,CUST01681,PROD0119,B002,1,598.58,0.1,538.72,434.31,104.41,Completed
ORD003375,2024-08-21,CUST02449,PROD0001,B002,1,1939.39,0.0,1939.39,1063.18,876.21,Completed
ORD003376,2024-05-04,CUST02495,PROD0080,B004,5,2033.0,0.1,1829.7,1409.99,419.71,Completed
ORD003378,2024-12-08,CUST01393,PROD0070,B005,1,200.52,0.0,200.52,137.59,62.93,Completed
ORD003379,2024-05-13,CUST02364,PROD0100,B001,4,3243.95,0.1,2919.56,2533.12,386.44,Completed
ORD003380,2024-11-25,CUST00593,PROD0079,B001,1,173.3,0.0,173.3,116.57,56.73,Completed
ORD003392,2024-04-30,CUST01996,PROD0112,B001,4,3465.45,0.0,3465.45,2713.31,752.14,Completed
ORD003397,2024-11-06,CUST01662,PROD0042,B003,3,4360.58,0.1,3924.52,3193.16,731.36,Completed
ORD003398,2024-12-04,CUST00665,PROD0116,B004,3,786.52,0.2,629.22,645.27,-16.05,Completed
ORD003399,2024-04-08,CUST01466,PROD0022,B003,1,1264.34,0.2,1011.47,913.58,97.89,Completed
ORD003405,2024-11-28,CUST02415,PROD0108,B001,4,3639.53,0.2,2911.62,2093.7,817.92,Completed
ORD003408,2024-11-25,CUST01278,PROD0097,B003,2,3522.34,0.1,3170.11,2169.23,1000.88,Completed
ORD003410,2024-06-13,CUST00098,PROD0022,B004,4,5057.35,0.05,4804.48,3654.32,1150.16,Completed
ORD003411,2024-03-19,CUST01734,PROD0066,B001,2,2796.43,0.25,2097.32,2008.98,88.34,Completed
ORD003418,2024-05-14,CUST00633,PROD0019,B002,2,1777.39,0.05,1688.52,1108.38,580.14,Completed
ORD003421,2024-09-10,CUST00825,PROD0058,B002,4,1251.03,0.05,1188.47,698.33,490.14,Completed
ORD003423,2024-09-11,CUST00573,PROD0097,B004,1,1761.17,0.1,1585.05,1084.62,500.43,Completed
ORD003424,2024-01-29,CUST00751,PROD0026,B001,3,1180.52,0.05,1121.49,852.89,268.6,Completed
ORD003425,2024-04-12,CUST02232,PROD0035,B001,1,580.41,0.1,522.37,435.62,86.75,Completed
ORD003435,2024-06-23,CUST00492,PROD0108,B002,3,2729.65,0.1,2456.68,1570.27,886.41,Completed
ORD003437,2024-10-04,CUST01002,PROD0027,B003,1,684.38,0.1,615.94,495.75,120.19,Completed
ORD003444,2024-03-02,CUST01602,PROD0029,B001,5,2290.03,0.2,1832.02,1329.25,502.77,Completed
ORD003450,2024-12-05,CUST00812,PROD0064,B003,2,1850.46,0.1,1665.41,1406.57,258.84,Completed
ORD003453,2024-08-08,CUST00536,PROD0013,B001,3,2029.66,0.25,1522.24,1373.17,149.07,Completed
ORD003455,2024-09-19,CUST01247,PROD0113,B005,3,3762.55,0.15,3198.17,2720.86,477.31,Completed
ORD003459,2024-09-01,CUST00986,PROD0029,B003,1,458.01,0.05,435.11,265.85,169.26,Completed
ORD003460,2024-05-25,CUST02320,PROD0009,B005,4,1277.14,0.25,957.85,782.1,175.75,Completed
ORD003461,2024-12-26,CUST01040,PROD0111,B002,2,3669.64,0.15,3119.19,2214.12,905.07,Completed
ORD003463,2024-08-17,CUST02417,PROD0003,B001,4,1511.16,0.0,1511.16,1070.91,440.25,Completed
ORD003464,2024-12-23,CUST01618,PROD0047,B002,4,1240.79,0.1,1116.71,718.6,398.11,Completed
ORD003477,2024-02-09,CUST02158,PROD0085,B001,5,215.26,0.15,182.97,170.57,12.4,Completed
ORD003480,2024-04-04,CUST01998,PROD0043,B005,4,1165.59,0.2,932.47,714.58,217.89,Completed
ORD003481,2024-06-10,CUST01907,PROD0076,B005,2,599.95,0.0,599.95,480.1,119.85,Completed
ORD003482,2024-09-12,CUST00296,PROD0074,B004,2,1305.69,0.1,1175.12,1009.68,165.44,Completed
ORD003491,2024-02-01,CUST00303,PROD0056,B001,5,7058.6,0.15,5999.81,5288.22,711.59,Completed
ORD003493,2024-01-19,CUST00049,PROD0078,B001,1,931.95,0.0,931.95,573.98,357.97,Completed
ORD003496,2024-08-02,CUST01818,PROD0075,B001,5,7069.49,0.2,5655.6,5462.28,193.32,Completed
ORD003505,2024-09-04,CUST01627,PROD0112,B001,2,1732.73,0.05,1646.09,1356.66,289.43,Completed
ORD003506,2024-07-10,CUST01630,PROD0120,B001,3,1707.5,0.1,1536.75,1100.84,435.91,Completed
ORD003507,2024-10-16,CUST02085,PROD0077,B004,2,608.04,0.15,516.84,492.1,24.74,Completed
ORD003512,2024-01-15,CUST01343,PROD0010,B003,2,3685.11,0.05,3500.86,2143.99,1356.87,Completed
ORD003515,2024-04-10,CUST01241,PROD0112,B005,2,1732.73,0.15,1472.82,1356.66,116.16,Completed
ORD003519,2024-03-18,CUST01807,PROD0027,B005,2,1368.76,0.15,1163.44,991.49,171.95,Completed
ORD003520,2024-08-08,CUST01853,PROD0016,B005,4,355.46,0.05,337.68,212.86,124.82,Completed
ORD003529,2024-08-19,CUST00166,PROD0055,B004,5,2323.71,0.2,1858.97,1317.7,541.27,Completed
ORD003537,2024-06-10,CUST01797,PROD0023,B001,1,1273.06,0.15,1082.1,786.92,295.18,Completed
ORD003538,2024-05-09,CUST01873,PROD0081,B003,3,399.32,0.15,339.42,297.32,42.1,Completed
ORD003541,2024-11-09,CUST01961,PROD0114,B004,1,1374.54,0.2,1099.63,1043.17,56.46,Completed
ORD003544,2024-03-20,CUST01324,PROD0031,B002,2,1334.07,0.15,1133.96,1094.99,38.97,Completed
ORD003546,2024-11-03,CUST01792,PROD0073,B002,4,731.21,0.0,731.21,479.89,251.32,Completed
ORD003547,2024-09-30,CUST01700,PROD0032,B001,2,1472.87,0.0,1472.87,810.6,662.27,Completed
ORD003549,2024-02-29,CUST01796,PROD0031,B001,3,2001.1,0.0,2001.1,1642.48,358.62,Completed
ORD003550,2024-01-21,CUST00829,PROD0050,B005,3,3297.42,0.15,2802.81,1902.8,900.01,Completed
ORD003551,2024-07-09,CUST01155,PROD0018,B002,2,3442.62,0.0,3442.62,2143.81,1298.81,Completed
ORD003553,2024-05-27,CUST00850,PROD0013,B005,5,3382.77,0.05,3213.63,2288.62,925.01,Completed
ORD003557,2024-02-02,CUST00616,PROD0095,B001,1,355.14,0.1,319.62,267.88,51.74,Completed
ORD003558,2024-04-17,CUST00519,PROD0018,B001,3,5163.92,0.0,5163.92,3215.72,1948.2,Completed
ORD003561,2024-09-27,CUST01638,PROD0070,B002,2,401.05,0.05,381.0,275.18,105.82,Completed
ORD003564,2024-11-25,CUST01735,PROD0016,B004,2,177.73,0.05,168.84,106.43,62.41,Completed
ORD003565,2024-12-12,CUST01862,PROD0004,B001,4,749.02,0.15,636.67,764.42,-127.75,Completed
ORD003577,2024-03-25,CUST02080,PROD0064,B001,3,2775.68,0.05,2636.9,2109.86,527.04,Completed
ORD003580,2024-10-06,CUST01061,PROD0042,B001,5,7267.64,0.05,6904.25,5321.93,1582.32,Completed
ORD003582,2024-10-25,CUST01558,PROD0033,B004,2,1200.68,0.25,900.51,766.49,134.02,Completed
ORD003584,2024-12-31,CUST01717,PROD0042,B004,1,1453.53,0.2,1162.82,1064.39,98.43,Completed
ORD003586,2024-07-15,CUST00245,PROD0027,B005,4,2737.51,0.1,2463.76,1982.98,480.78,Completed
ORD003596,2024-11-12,CUST01213,PROD0014,B001,2,2761.75,0.2,2209.4,1581.2,628.2,Completed
ORD003607,2024-04-07,CUST02401,PROD0089,B003,3,1030.0,0.25,772.5,676.76,95.74,Completed
ORD003610,2024-04-02,CUST00225,PROD0082,B005,4,8378.11,0.1,7540.3,4534.66,3005.64,Completed
ORD003612,2024-03-04,CUST00079,PROD0033,B005,1,600.34,0.0,600.34,383.24,217.1,Completed
ORD003618,2024-05-05,CUST01738,PROD0096,B004,4,7107.69,0.15,6041.53,4137.9,1903.63,Completed
ORD003622,2024-01-27,CUST01219,PROD0080,B004,2,813.2,0.1,731.88,563.99,167.89,Completed
ORD003625,2024-05-04,CUST01930,PROD0047,B001,5,1550.99,0.1,1395.88,898.25,497.63,Completed
ORD003628,2024-03-29,CUST00583,PROD0098,B001,2,1998.78,0.05,1898.84,1117.66,781.18,Completed
ORD003630,2024-06-17,CUST00655,PROD0056,B001,5,7058.6,0.1,6352.74,5288.22,1064.52,Completed
ORD003634,2024-04-20,CUST01467,PROD0039,B003,2,2965.38,0.05,2817.11,1652.49,1164.62,Completed
ORD003641,2024-03-05,CUST00980,PROD0044,B002,5,5469.74,0.0,5469.74,3037.05,2432.69,Completed
ORD003653,2024-04-22,CUST01180,PROD0089,B002,3,1030.0,0.05,978.5,676.76,301.74,Completed
ORD003655,2024-09-03,CUST01740,PROD0024,B005,3,3846.1,0.0,3846.1,2109.28,1736.82,Completed
ORD003656,2024-01-29,CUST01072,PROD0081,B003,4,532.43,0.2,425.95,396.43,29.52,Completed
ORD003658,2024-10-19,CUST01343,PROD0100,B003,3,2432.96,0.1,2189.67,1899.84,289.83,Completed
ORD003667,2024-05-21,CUST00896,PROD0033,B002,1,600.34,0.2,480.27,383.24,97.03,Completed
ORD003671,2024-03-14,CUST01318,PROD0002,B001,1,680.14,0.15,578.12,411.26,166.86,Completed
ORD003673,2024-09-23,CUST01363,PROD0112,B003,2,1732.73,0.0,1732.73,1356.66,376.07,Completed
ORD003674,2024-09-05,CUST00683,PROD0115,B001,4,2986.19,0.1,2687.57,1842.61,844.96,Completed
ORD003675,2024-04-11,CUST02390,PROD0077,B001,4,1216.09,0.05,1155.28,984.21,171.07,Completed
ORD003680,2024-06-25,CUST00149,PROD0065,B001,5,6756.67,0.1,6081.01,5056.08,1024.93,Completed
ORD003681,2024-06-02,CUST01357,PROD0002,B004,2,1360.28,0.2,1088.22,822.52,265.7,Completed
ORD003687,2024-08-11,CUST01084,PROD0117,B005,4,3089.06,0.15,2625.7,1904.49,721.21,Completed
ORD003693,2024-11-07,CUST01757,PROD0061,B004,1,448.2,0.1,403.38,315.02,88.36,Completed
ORD003694,2024-12-25,CUST02402,PROD0117,B001,3,2316.79,0.15,1969.27,1428.37,540.9,Completed
ORD003700,2024-12-31,CUST01555,PROD0005,B002,5,6111.97,0.05,5806.37,3768.65,2037.72,Completed
ORD003704,2024-08-29,CUST02248,PROD0073,B005,2,365.6,0.15,310.76,239.94,70.82,Completed
ORD003708,2024-05-17,CUST01986,PROD0007,B004,2,95.41,0.05,90.64,71.51,19.13,Completed
ORD003710,2024-09-26,CUST00206,PROD0096,B005,4,7107.69,0.05,6752.3,4137.9,2614.4,Completed
ORD003718,2024-07-31,CUST00090,PROD0087,B003,1,1181.06,0.1,1062.96,824.7,238.26,Completed
ORD003720,2024-05-15,CUST00393,PROD0006,B004,4,2677.86,0.1,2410.07,1943.61,466.46,Completed
ORD003727,2024-05-16,CUST00339,PROD0106,B003,3,2155.74,0.1,1940.17,1293.66,646.51,Completed
ORD003731,2024-02-15,CUST01927,PROD0075,B005,5,7069.49,0.0,7069.49,5462.28,1607.21,Completed
ORD003734,2024-12-22,CUST00751,PROD0090,B001,5,1599.39,0.2,1279.51,1000.91,278.6,Completed
ORD003741,2024-10-16,CUST02103,PROD0029,B003,1,458.01,0.05,435.11,265.85,169.26,Completed
ORD003742,2024-02-19,CUST01430,PROD0101,B002,4,2585.55,0.1,2327.0,1842.01,484.99,Completed
ORD003745,2024-04-09,CUST02030,PROD0003,B002,5,1888.96,0.05,1794.51,1338.64,455.87,Completed
ORD003750,2024-06-29,CUST00532,PROD0054,B004,2,2255.35,0.2,1804.28,1524.07,280.21,Completed
ORD003754,2024-12-11,CUST01217,PROD0007,B001,4,190.83,0.0,190.83,143.01,47.82,Completed
ORD003755,2024-02-02,CUST01038,PROD0002,B003,1,680.14,0.0,680.14,411.26,268.88,Completed
ORD003758,2024-06-12,CUST01215,PROD0066,B001,3,4194.64,0.15,3565.45,3013.47,551.98,Completed
ORD003760,2024-03-06,CUST00525,PROD0077,B005,2,608.04,0.0,608.04,492.1,115.94,Completed
ORD003762,2024-02-15,CUST01743,PROD0070,B002,4,802.1,0.15,681.78,550.37,131.41,Completed
ORD003770,2024-12-29,CUST01957,PROD0038,B002,4,239.73,0.15,203.77,162.84,40.93,Completed
ORD003772,2024-12-04,CUST01270,PROD0069,B004,2,2530.07,0.05,2403.56,1372.88,1030.68,Completed
ORD003776,2024-12-18,CUST01702,PROD0034,B005,5,5387.24,0.15,4579.15,3582.94,996.21,Completed
ORD003779,2024-11-30,CUST01521,PROD0120,B004,5,2845.83,0.15,2418.96,1834.73,584.23,Completed
ORD003780,2024-06-29,CUST01328,PROD0018,B002,2,3442.62,0.1,3098.36,2143.81,954.55,Completed
ORD003785,2024-04-25,CUST00074,PROD0097,B002,1,1761.17,0.05,1673.11,1084.62,588.49,Completed
ORD003787,2024-06-01,CUST00261,PROD0074,B004,1,652.84,0.1,587.56,504.84,82.72,Completed
ORD003793,2024-01-10,CUST00977,PROD0079,B001,5,866.51,0.05,823.19,582.85,240.34,Completed
ORD003796,2024-04-25,CUST02304,PROD0066,B005,5,6991.07,0.1,6291.96,5022.45,1269.51,Completed
ORD003797,2024-10-02,CUST00073,PROD0103,B001,4,3490.63,0.15,2967.03,2065.73,901.3,Completed
ORD003801,2024-02-28,CUST02136,PROD0094,B003,2,390.56,0.05,371.03,234.04,136.99,Completed
ORD003802,2024-11-27,CUST00342,PROD0039,B001,5,7413.45,0.1,6672.1,4131.23,2540.87,Completed
ORD003804,2024-02-13,CUST01371,PROD0016,B002,2,177.73,0.15,151.07,106.43,44.64,Completed
ORD003810,2024-03-28,CUST01103,PROD0092,B003,1,104.44,0.25,78.34,66.64,11.7,Completed
ORD003811,2024-06-20,CUST00015,PROD0051,B005,1,896.09,0.05,851.29,594.05,257.24,Completed
ORD003824,2024-12-08,CUST02366,PROD0116,B003,2,524.35,0.0,524.35,430.18,94.17,Completed
ORD003827,2024-10-30,CUST00778,PROD0011,B002,3,2543.84,0.1,2289.46,1972.87,316.59,Completed
ORD003830,2024-09-13,CUST02325,PROD0008,B004,5,1327.77,0.1,1194.99,1094.54,100.45,Completed
ORD003842,2024-01-07,CUST02481,PROD0019,B004,3,2666.08,0.15,2266.17,1662.57,603.6,Completed
ORD003845,2024-03-15,CUST02039,PROD0100,B002,2,1621.98,0.0,1621.98,1266.56,355.42,Completed
ORD003850,2024-11-24,CUST00204,PROD0113,B005,1,1254.18,0.05,1191.47,906.95,284.52,Completed
ORD003854,2024-12-26,CUST02090,PROD0007,B001,3,115.51,0.2,92.41,107.26,-14.85,Completed
ORD003858,2024-05-08,CUST02131,PROD0042,B001,4,5814.11,0.0,5814.11,4257.54,1556.57,Completed
ORD003859,2024-01-02,CUST00388,PROD0080,B005,4,1626.4,0.05,1545.08,1127.99,417.09,Completed
ORD003860,2024-09-25,CUST02415,PROD0066,B001,3,4194.64,0.15,3565.45,3013.47,551.98,Completed
ORD003861,2024-12-08,CUST01933,PROD0041,B001,4,460.31,0.15,391.26,249.96,141.3,Completed
ORD003871,2024-11-16,CUST01480,PROD0037,B005,3,1739.02,0.25,1304.26,1447.68,-143.42,Completed
ORD003875,2024-03-02,CUST01013,PROD0039,B001,4,5930.76,0.05,5634.22,3304.98,2329.24,Completed
ORD003876,2024-02-06,CUST01500,PROD0042,B001,1,1453.53,0.05,1380.85,1064.39,316.46,Completed
ORD003880,2024-12-06,CUST02460,PROD0086,B005,3,1583.6,0.0,1583.6,1202.23,381.37,Completed
ORD003884,2024-02-07,CUST01025,PROD0022,B001,5,6321.69,0.15,5373.44,4567.91,805.53,Completed
ORD003892,2024-04-04,CUST00009,PROD0116,B002,5,1310.86,0.1,1179.77,1075.45,104.32,Completed
ORD003893,2024-02-16,CUST02272,PROD0024,B002,4,5128.14,0.15,4358.92,2812.38,1546.54,Completed
ORD003896,2024-10-28,CUST00776,PROD0076,B005,3,899.93,0.15,764.94,720.15,44.79,Completed
ORD003897,2024-03-18,CUST00106,PROD0073,B001,5,914.01,0.2,731.21,599.86,131.35,Completed
ORD003898,2024-03-31,CUST00549,PROD0119,B004,4,2394.33,0.1,2154.89,1737.24,417.65,Completed
ORD003900,2024-02-23,CUST02217,PROD0110,B003,2,1593.43,0.1,1434.09,926.38,507.71,Completed
ORD003902,2024-09-11,CUST01111,PROD0103,B003,4,3490.63,0.15,2967.03,2065.73,901.3,Completed
ORD003904,2024-02-13,CUST00013,PROD0102,B001,4,3085.61,0.05,2931.33,1779.46,1151.87,Completed
ORD003909,2024-01-13,CUST02286,PROD0058,B005,2,625.51,0.1,562.96,349.16,213.8,Completed
ORD003910,2024-03-18,CUST02007,PROD0090,B002,3,959.63,0.05,911.65,600.54,311.11,Completed
ORD003911,2024-07-16,CUST01431,PROD0110,B003,2,1593.43,0.0,1593.43,926.38,667.05,Completed
ORD003912,2024-04-10,CUST01840,PROD0036,B003,1,283.36,0.05,269.19,153.22,115.97,Completed
ORD003915,2024-02-15,CUST02003,PROD0099,B001,4,3397.08,0.05,3227.22,2374.27,852.95,Completed
ORD003917,2024-06-27,CUST01887,PROD0106,B001,5,3592.9,0.05,3413.26,2156.1,1257.16,Completed
ORD003922,2024-04-25,CUST00029,PROD0027,B001,2,1368.76,0.1,1231.88,991.49,240.39,Completed
ORD003926,2024-01-20,CUST00873,PROD0061,B002,5,2241.0,0.15,1904.85,1575.12,329.73,Completed
ORD003940,2024-04-18,CUST02492,PROD0092,B005,1,104.44,0.25,78.34,66.64,11.7,Completed
ORD003945,2024-02-06,CUST01269,PROD0033,B005,3,1801.02,0.2,1440.82,1149.73,291.09,Completed
ORD003951,2024-12-13,CUST00244,PROD0064,B002,4,3700.91,0.05,3515.87,2813.15,702.72,Completed
ORD003955,2024-02-28,CUST00988,PROD0038,B005,2,119.86,0.1,107.88,81.42,26.46,Completed
ORD003958,2024-09-22,CUST02048,PROD0039,B001,1,795.78,0.0,795.78,826.25,-30.47,Completed
ORD003965,2024-07-16,CUST01717,PROD0046,B001,3,670.01,0.0,670.01,505.66,164.35,Completed
ORD003966,2024-05-07,CUST01633,PROD0078,B003,4,3727.82,0.05,3541.43,2295.91,1245.52,Completed
ORD003974,2024-06-10,CUST00809,PROD0093,B004,1,866.35,0.0,866.35,635.67,230.68,Completed
ORD003975,2024-05-06,CUST01296,PROD0115,B003,3,2239.64,0.15,1903.69,1381.96,521.73,Completed
ORD003989,2024-11-05,CUST00899,PROD0105,B001,1,421.74,0.2,337.39,310.8,26.59,Completed
ORD003990,2024-04-30,CUST00256,PROD0041,B005,5,575.39,0.05,546.62,312.45,234.17,Completed
ORD004005,2024-06-01,CUST02448,PROD0102,B002,4,3085.61,0.15,2622.76,1779.46,843.3,Completed
ORD004008,2024-06-21,CUST01017,PROD0101,B003,1,646.39,0.05,614.07,460.5,153.57,Completed
ORD004009,2024-07-03,CUST00159,PROD0054,B002,2,2255.35,0.2,1804.28,1524.07,280.21,Completed
ORD004015,2024-12-27,CUST00017,PROD0067,B003,1,906.81,0.0,906.81,497.33,409.48,Completed
ORD004017,2024-12-01,CUST02309,PROD0112,B002,2,1732.73,0.2,1386.18,1356.66,29.52,Completed
ORD004018,2024-08-06,CUST02114,PROD0084,B004,1,518.27,0.0,518.27,382.62,135.65,Completed
ORD004027,2024-11-29,CUST01211,PROD0008,B002,4,1062.22,0.15,902.89,875.63,27.26,Completed
ORD004034,2024-08-10,CUST01805,PROD0088,B004,4,1795.48,0.0,1795.48,1158.41,637.07,Completed
ORD004054,2024-01-03,CUST02319,PROD0106,B005,1,718.58,0.25,538.94,431.22,107.72,Completed
ORD004058,2024-01-24,CUST00955,PROD0069,B005,5,6325.17,0.2,5060.14,3432.19,1627.95,Completed
ORD004059,2024-09-03,CUST01487,PROD0076,B003,2,599.95,0.05,569.95,480.1,89.85,Completed
ORD004061,2024-10-15,CUST02048,PROD0041,B001,3,345.23,0.15,293.45,187.47,105.98,Completed
ORD004068,2024-12-18,CUST00139,PROD0111,B001,5,9174.1,0.05,8715.39,5535.31,3180.08,Completed
ORD004074,2024-03-04,CUST01953,PROD0004,B003,5,1495.87,0.1,1346.28,955.52,390.76,Completed
ORD004075,2024-11-01,CUST01830,PROD0070,B001,3,601.57,0.1,541.42,412.77,128.65,Completed
ORD004093,2024-11-23,CUST00904,PROD0082,B001,1,2094.53,0.2,1675.62,1133.66,541.96,Completed
ORD004096,2024-08-30,CUST01764,PROD0087,B004,2,2362.13,0.25,1771.59,1649.39,122.2,Completed
ORD004101,2024-07-06,CUST02364,PROD0004,B005,3,897.52,0.1,807.77,573.31,234.46,Completed
ORD004105,2024-01-16,CUST00190,PROD0010,B001,1,1842.55,0.15,1566.17,1072.0,494.17,Completed
ORD004107,2024-12-15,CUST00823,PROD0037,B001,5,2898.37,0.15,2463.61,2412.79,50.82,Completed
ORD004109,2024-02-19,CUST02402,PROD0070,B005,4,802.1,0.2,641.68,550.37,91.31,Completed
ORD004113,2024-03-08,CUST00807,PROD0081,B002,4,341.95,0.1,307.76,396.43,-88.67,Completed
ORD004114,2024-10-11,CUST01162,PROD0083,B003,2,3308.37,0.0,3308.37,2242.95,1065.42,Completed
ORD004117,2024-12-04,CUST02494,PROD0061,B001,1,448.2,0.1,403.38,315.02,88.36,Completed
ORD004120,2024-04-27,CUST02072,PROD0025,B003,1,990.04,0.2,792.04,590.72,201.32,Completed
ORD004125,2024-07-03,CUST01190,PROD0087,B001,4,4724.26,0.15,4015.62,3298.78,716.84,Completed
ORD004128,2024-06-17,CUST02484,PROD0041,B002,4,460.31,0.2,368.25,249.96,118.29,Completed
ORD004132,2024-01-17,CUST02363,PROD0101,B003,3,1939.17,0.05,1842.21,1381.51,460.7,Completed
ORD004135,2024-12-24,CUST01530,PROD0028,B003,3,2190.58,0.1,1971.52,1375.54,595.98,Completed
ORD004143,2024-06-24,CUST01597,PROD0091,B003,1,413.67,0.15,351.63,315.29,36.34,Completed
ORD004144,2024-12-14,CUST00810,PROD0042,B001,5,7267.64,0.05,6904.25,5321.93,1582.32,Completed
ORD004150,2024-03-14,CUST01875,PROD0008,B003,5,1327.77,0.0,1327.77,1094.54,233.23,Completed
ORD004152,2024-04-17,CUST01300,PROD0105,B005,5,2108.69,0.05,2003.25,1553.98,449.27,Completed
ORD004158,2024-09-12,CUST01723,PROD0071,B004,3,1439.36,0.1,1295.42,1120.72,174.7,Completed
ORD004162,2024-06-24,CUST01194,PROD0017,B004,5,4347.97,0.2,3478.37,3159.89,318.48,Completed
ORD004163,2024-02-24,CUST02060,PROD0101,B001,2,1292.78,0.15,1098.86,921.0,177.86,Completed
ORD004165,2024-03-24,CUST02476,PROD0075,B001,5,7069.49,0.0,7069.49,5462.28,1607.21,Completed
ORD004169,2024-04-14,CUST01383,PROD0034,B001,3,3232.34,0.0,3232.34,2149.77,1082.57,Completed
ORD004173,2024-01-19,CUST02269,PROD0065,B004,1,1351.33,0.1,1216.2,1011.22,204.98,Completed
ORD004176,2024-11-17,CUST01275,PROD0015,B001,3,4263.2,0.25,3197.4,2651.18,546.22,Completed
ORD004177,2024-04-27,CUST00981,PROD0072,B003,1,465.16,0.2,372.13,326.62,45.51,Completed
ORD004179,2024-06-03,CUST00404,PROD0048,B002,2,1776.73,0.0,1776.73,1230.99,545.74,Completed
ORD004180,2024-04-09,CUST02493,PROD0073,B005,4,731.21,0.05,694.65,479.89,214.76,Completed
ORD004199,2024-08-08,CUST02320,PROD0065,B004,5,6756.67,0.1,6081.01,5056.08,1024.93,Completed
ORD004202,2024-04-16,CUST01686,PROD0032,B003,3,2209.3,0.0,2209.3,1215.9,993.4,Completed
ORD004209,2024-05-27,CUST00097,PROD0078,B001,4,3727.82,0.1,3355.04,2295.91,1059.13,Completed
ORD004210,2024-08-25,CUST00013,PROD0077,B003,3,912.07,0.15,775.26,738.16,37.1,Completed
ORD004211,2024-07-06,CUST02268,PROD0044,B002,1,1093.95,0.1,984.55,607.41,377.14,Completed
ORD004215,2024-01-18,CUST01467,PROD0097,B005,4,7044.68,0.2,5635.74,4338.46,1297.28,Completed
ORD004222,2024-10-01,CUST00164,PROD0035,B005,1,580.41,0.1,522.37,435.62,86.75,Completed
ORD004223,2024-08-31,CUST00940,PROD0092,B005,3,313.33,0.0,313.33,199.91,113.42,Completed
ORD004230,2024-01-17,CUST01832,PROD0119,B004,3,1795.75,0.15,1526.39,1302.93,223.46,Completed
ORD004234,2024-03-14,CUST02129,PROD0034,B002,2,2154.89,0.15,1831.66,1433.18,398.48,Completed
ORD004235,2024-02-29,CUST02500,PROD0019,B001,2,1777.39,0.1,1599.65,1108.38,491.27,Completed
ORD004240,2024-09-27,CUST01033,PROD0075,B005,3,4241.7,0.15,3605.44,3277.37,328.07,Completed
ORD004244,2024-06-06,CUST00694,PROD0093,B004,1,866.35,0.2,693.08,635.67,57.41,Completed
ORD004252,2024-01-15,CUST01090,PROD0112,B005,5,4331.81,0.1,3898.63,3391.64,506.99,Completed
ORD004257,2024-10-19,CUST00749,PROD0081,B001,4,532.43,0.05,505.81,396.43,109.38,Completed
ORD004261,2024-11-26,CUST02110,PROD0004,B004,5,1495.87,0.1,1346.28,955.52,390.76,Completed
ORD004263,2024-09-21,CUST01517,PROD0059,B004,5,4875.0,0.0,4875.0,3083.56,1791.44,Completed
ORD004266,2024-08-16,CUST00225,PROD0034,B001,4,4309.79,0.1,3878.81,2866.35,1012.46,Completed
ORD004267,2024-06-04,CUST00024,PROD0005,B003,1,1222.39,0.2,977.91,753.73,224.18,Completed
ORD004279,2024-10-31,CUST02019,PROD0117,B003,5,3861.32,0.0,3861.32,2380.62,1480.7,Completed
ORD004285,2024-08-21,CUST00701,PROD0038,B001,2,119.86,0.15,101.89,81.42,20.47,Completed
ORD004287,2024-01-25,CUST00806,PROD0112,B001,5,4331.81,0.05,4115.22,3391.64,723.58,Completed
ORD004291,2024-07-02,CUST01900,PROD0105,B005,5,2108.69,0.05,2003.25,1553.98,449.27,Completed
ORD004292,2024-12-22,CUST01979,PROD0025,B001,4,3960.18,0.2,3168.14,2362.87,805.27,Completed
ORD004295,2024-05-05,CUST00937,PROD0059,B001,2,1950.0,0.1,1755.0,1233.42,521.58,Completed
ORD004297,2024-03-31,CUST00708,PROD0112,B002,4,3465.45,0.2,2772.36,2713.31,59.05,Completed
ORD004303,2024-11-20,CUST00142,PROD0050,B003,2,2198.28,0.1,1978.45,1268.54,709.91,Completed
ORD004305,2024-03-20,CUST01025,PROD0032,B003,4,2945.74,0.1,2651.16,1621.2,1029.96,Completed
ORD004307,2024-03-01,CUST00814,PROD0043,B005,1,291.4,0.2,233.12,178.65,54.47,Completed
ORD004315,2024-02-18,CUST00503,PROD0065,B005,2,2702.67,0.2,2162.14,2022.43,139.71,Completed
ORD004322,2024-04-15,CUST02475,PROD0069,B003,1,1265.03,0.15,1075.28,686.44,388.84,Completed
ORD004340,2024-11-13,CUST01578,PROD0012,B001,1,129.62,0.15,110.17,87.57,22.6,Completed
ORD004351,2024-01-08,CUST01577,PROD0003,B004,1,377.79,0.0,377.79,267.73,110.06,Completed
ORD004364,2024-05-10,CUST00943,PROD0021,B001,2,1690.32,0.15,1436.77,1027.16,409.61,Completed
ORD004371,2024-04-30,CUST01535,PROD0101,B003,5,3231.94,0.15,2747.15,2302.51,444.64,Completed
ORD004373,2024-08-09,CUST00649,PROD0082,B004,5,10472.63,0.1,9425.37,5668.32,3757.05,Completed
ORD004374,2024-02-14,CUST01848,PROD0032,B003,1,736.43,0.1,662.79,405.3,257.49,Completed
ORD004376,2024-11-12,CUST00916,PROD0050,B002,4,4396.56,0.2,3517.25,2537.07,980.18,Completed
ORD004378,2024-08-03,CUST01298,PROD0073,B002,1,182.8,0.15,155.38,119.97,35.41,Completed
ORD004379,2024-05-20,CUST01028,PROD0072,B003,1,465.16,0.05,441.9,326.62,115.28,Completed
ORD004381,2024-06-07,CUST02003,PROD0032,B003,4,2945.74,0.1,2651.16,1621.2,1029.96,Completed
ORD004384,2024-02-18,CUST01188,PROD0037,B003,4,2318.69,0.15,1970.89,1930.23,40.66,Completed
ORD004385,2024-05-09,CUST00366,PROD0026,B001,5,1967.53,0.2,1574.03,1421.48,152.55,Completed
ORD004391,2024-10-01,CUST01219,PROD0064,B004,3,2775.68,0.1,2498.11,2109.86,388.25,Completed
ORD004393,2024-12-21,CUST02122,PROD0105,B001,1,421.74,0.0,421.74,310.8,110.94,Completed
ORD004394,2024-02-09,CUST01148,PROD0005,B003,4,4889.58,0.1,4400.62,3014.92,1385.7,Completed
ORD004398,2024-10-03,CUST00352,PROD0099,B002,1,849.27,0.15,721.88,593.57,128.31,Completed
ORD004400,2024-12-21,CUST02059,PROD0031,B002,2,1334.07,0.0,1334.07,1094.99,239.08,Completed
ORD004403,2024-12-26,CUST02149,PROD0032,B002,3,2209.3,0.05,2098.84,1215.9,882.94,Completed
ORD004405,2024-09-08,CUST01904,PROD0012,B003,3,388.85,0.05,369.41,262.72,106.69,Completed
ORD004409,2024-12-02,CUST01006,PROD0027,B002,3,2053.13,0.2,1642.51,1487.24,155.27,Completed
ORD004418,2024-12-25,CUST00091,PROD0066,B003,5,6991.07,0.2,5592.86,5022.45,570.41,Completed
ORD004422,2024-04-13,CUST01430,PROD0101,B005,3,1939.17,0.1,1745.25,1381.51,363.74,Completed
ORD004423,2024-05-16,CUST00530,PROD0107,B002,5,8891.01,0.0,8891.01,5438.35,3452.66,Completed
ORD004425,2024-09-30,CUST01115,PROD0004,B003,4,1196.7,0.15,1017.19,764.42,252.77,Completed
ORD004427,2024-10-30,CUST02355,PROD0020,B003,3,2281.92,0.15,1939.63,1643.2,296.43,Completed
ORD004428,2024-12-21,CUST02480,PROD0067,B002,3,2720.42,0.2,2176.34,1491.98,684.36,Completed
ORD004430,2024-04-17,CUST01829,PROD0091,B004,2,827.35,0.05,785.98,630.58,155.4,Completed
ORD004432,2024-12-28,CUST00849,PROD0079,B004,5,866.51,0.15,736.54,582.85,153.69,Completed
ORD004436,2024-08-19,CUST00485,PROD0069,B001,2,2530.07,0.15,2150.56,1372.88,777.68,Completed
ORD004439,2024-12-15,CUST02144,PROD0065,B003,5,6756.67,0.15,5743.18,5056.08,687.1,Completed
ORD004457,2024-11-29,CUST00047,PROD0108,B003,1,909.88,0.1,818.9,523.42,295.48,Completed
ORD004468,2024-04-13,CUST00466,PROD0100,B001,5,4054.94,0.1,3649.45,3166.4,483.05,Completed
ORD004479,2024-07-10,CUST01188,PROD0074,B003,3,1958.53,0.1,1762.68,1514.51,248.17,Completed
ORD004480,2024-09-05,CUST00850,PROD0008,B002,2,531.11,0.15,451.44,437.82,13.62,Completed
ORD004483,2024-11-28,CUST00540,PROD0063,B001,2,265.36,0.0,265.36,200.93,64.43,Completed
ORD004485,2024-11-08,CUST00152,PROD0046,B005,1,223.34,0.15,189.83,168.55,21.28,Completed
ORD004487,2024-03-22,CUST01343,PROD0077,B004,4,1216.09,0.2,972.87,984.21,-11.34,Completed
ORD004488,2024-06-10,CUST01073,PROD0017,B002,5,4347.97,0.1,3913.17,3159.89,753.28,Completed
ORD004489,2024-12-15,CUST02236,PROD0034,B002,4,4309.79,0.1,3878.81,2866.35,1012.46,Completed
ORD004492,2024-01-01,CUST02332,PROD0022,B004,1,1264.34,0.1,1137.9,913.58,224.32,Completed
ORD004493,2024-04-12,CUST00618,PROD0012,B005,3,388.85,0.25,291.64,262.72,28.92,Completed
ORD004499,2024-11-17,CUST01515,PROD0080,B005,4,1626.4,0.15,1382.44,1127.99,254.45,Completed
ORD004501,2024-03-22,CUST01157,PROD0040,B002,1,990.67,0.05,941.14,540.35,400.79,Completed
ORD004512,2024-03-03,CUST01986,PROD0120,B005,3,1707.5,0.1,1536.75,1100.84,435.91,Completed
ORD004513,2024-09-09,CUST00384,PROD0005,B001,3,3667.18,0.25,2750.39,2261.19,489.2,Completed
ORD004515,2024-04-09,CUST02182,PROD0105,B005,1,421.74,0.2,337.39,310.8,26.59,Completed
ORD004527,2024-10-24,CUST01660,PROD0118,B003,2,579.77,0.0,579.77,388.34,191.43,Completed
ORD004535,2024-05-18,CUST01583,PROD0068,B001,2,2049.87,0.05,1947.37,1646.73,300.64,Completed
ORD004538,2024-08-11,CUST01546,PROD0014,B003,5,6904.38,0.15,5868.73,3953.01,1915.72,Completed
ORD004539,2024-04-02,CUST00350,PROD0064,B003,4,3700.91,0.1,3330.82,2813.15,517.67,Completed
ORD004542,2024-04-28,CUST01735,PROD0058,B003,2,625.51,0.15,531.69,349.16,182.53,Completed
ORD004547,2024-01-13,CUST01011,PROD0066,B001,3,4194.64,0.05,3984.91,3013.47,971.44,Completed
ORD004554,2024-12-17,CUST02189,PROD0087,B001,3,3543.19,0.2,2834.55,2474.09,360.46,Completed
ORD004555,2024-05-08,CUST00225,PROD0107,B001,2,3556.4,0.15,3022.94,2175.34,847.6,Completed
ORD004556,2024-12-01,CUST00840,PROD0120,B001,1,569.17,0.2,455.33,366.95,88.38,Completed
ORD004563,2024-04-14,CUST01350,PROD0083,B003,2,3308.37,0.05,3142.96,2242.95,900.01,Completed
ORD004564,2024-08-24,CUST00826,PROD0029,B001,4,1832.02,0.0,1832.02,1063.4,768.62,Completed
ORD004565,2024-10-02,CUST02254,PROD0025,B001,5,4950.22,0.05,4702.71,2953.59,1749.12,Completed
ORD004569,2024-04-03,CUST00846,PROD0114,B003,4,5498.14,0.1,4948.33,4172.67,775.66,Completed
ORD004580,2024-02-01,CUST01321,PROD0087,B003,5,5905.32,0.1,5314.79,4123.48,1191.31,Completed
ORD004589,2024-02-16,CUST00331,PROD0104,B001,5,8012.27,0.0,8012.27,5297.84,2714.43,Completed
ORD004590,2024-08-28,CUST02202,PROD0111,B003,2,3669.64,0.1,3302.67,2214.12,1088.55,Completed
ORD004593,2024-05-30,CUST01198,PROD0019,B001,2,1777.39,0.0,1777.39,1108.38,669.01,Completed
ORD004598,2024-02-17,CUST00394,PROD0034,B004,5,5387.24,0.15,4579.15,3582.94,996.21,Completed
ORD004599,2024-12-24,CUST01186,PROD0064,B002,4,3700.91,0.2,2960.73,2813.15,147.58,Completed
ORD004600,2024-12-20,CUST00991,PROD0056,B003,2,2823.44,0.15,2399.92,2115.29,284.63,Completed
ORD004605,2024-05-07,CUST00511,PROD0097,B001,4,7044.68,0.1,6340.21,4338.46,2001.75,Completed
ORD004610,2024-07-12,CUST02468,PROD0119,B003,3,1795.75,0.15,1526.39,1302.93,223.46,Completed
ORD004614,2024-10-03,CUST00681,PROD0012,B004,3,388.85,0.05,369.41,262.72,106.69,Completed
ORD004616,2024-02-03,CUST01830,PROD0120,B002,1,569.17,0.2,455.33,366.95,88.38,Completed
ORD004619,2024-03-31,CUST02360,PROD0059,B002,1,975.0,0.15,828.75,616.71,212.04,Completed
ORD004623,2024-07-02,CUST00882,PROD0069,B004,2,2530.07,0.1,2277.06,1372.88,904.18,Completed
ORD004628,2024-12-26,CUST01611,PROD0034,B002,4,4309.79,0.0,4309.79,2866.35,1443.44,Completed
ORD004637,2024-11-27,CUST00499,PROD0045,B003,5,5023.75,0.05,4772.57,3582.79,1189.78,Completed
ORD004642,2024-01-22,CUST00398,PROD0117,B004,3,2316.79,0.15,1969.27,1428.37,540.9,Completed
ORD004643,2024-03-24,CUST01351,PROD0081,B004,4,532.43,0.0,532.43,396.43,136.0,Completed
ORD004646,2024-09-27,CUST02177,PROD0049,B003,2,2665.44,0.1,2398.9,1542.16,856.74,Completed
ORD004648,2024-08-21,CUST01855,PROD0058,B002,4,1251.03,0.05,1188.47,698.33,490.14,Completed
ORD004649,2024-03-16,CUST01081,PROD0081,B003,4,532.43,0.15,452.56,396.43,56.13,Completed
ORD004654,2024-12-31,CUST00128,PROD0117,B001,3,2316.79,0.05,2200.95,1428.37,772.58,Completed
ORD004657,2024-02-07,CUST00666,PROD0060,B003,1,89.53,0.0,89.53,58.78,30.75,Completed
ORD004660,2024-12-06,CUST01774,PROD0075,B001,1,1413.9,0.25,1060.42,1092.46,-32.04,Completed
ORD004661,2024-12-25,CUST01330,PROD0068,B001,3,3074.8,0.05,2921.06,2470.09,450.97,Completed
ORD004665,2024-02-06,CUST01213,PROD0115,B005,2,1493.09,0.2,1194.48,921.31,273.17,Completed
ORD004670,2024-08-24,CUST02263,PROD0017,B004,1,869.59,0.05,826.12,631.98,194.14,Completed
ORD004671,2024-12-24,CUST01656,PROD0062,B004,2,1459.06,0.1,1313.16,1157.44,155.72,Completed
ORD004674,2024-06-29,CUST01539,PROD0020,B001,4,3042.55,0.05,2890.43,2190.93,699.5,Completed
ORD004677,2024-07-10,CUST01506,PROD0081,B003,5,665.54,0.0,665.54,495.54,170.0,Completed
ORD004680,2024-08-10,CUST01713,PROD0096,B002,5,8884.61,0.05,8440.38,5172.37,3268.01,Completed
ORD004685,2024-12-20,CUST01666,PROD0023,B002,2,2546.11,0.05,2418.81,1573.84,844.97,Completed
ORD004689,2024-02-20,CUST00378,PROD0044,B001,2,2187.9,0.05,2078.5,1214.82,863.68,Completed
ORD004693,2024-11-13,CUST00832,PROD0114,B002,2,2749.07,0.0,2749.07,2086.33,662.74,Completed
ORD004694,2024-07-16,CUST02077,PROD0081,B004,4,532.43,0.25,399.32,396.43,2.89,Completed
ORD004695,2024-05-08,CUST02374,PROD0024,B004,2,2564.07,0.05,2435.87,1406.19,1029.68,Completed
ORD004700,2024-09-18,CUST02378,PROD0115,B002,1,746.55,0.0,746.55,460.65,285.9,Completed
ORD004704,2024-05-08,CUST00274,PROD0053,B001,3,1667.51,0.0,1667.51,1084.81,582.7,Completed
ORD004705,2024-12-25,CUST00559,PROD0064,B001,3,2775.68,0.1,2498.11,2109.86,388.25,Completed
ORD004707,2024-08-02,CUST00957,PROD0083,B003,2,3308.37,0.0,3308.37,2242.95,1065.42,Completed
ORD004708,2024-06-07,CUST02285,PROD0035,B004,3,1741.24,0.2,1392.99,1306.85,86.14,Completed
ORD004714,2024-05-07,CUST00172,PROD0058,B003,2,625.51,0.0,625.51,349.16,276.35,Completed
ORD004722,2024-12-17,CUST01113,PROD0087,B001,2,2362.13,0.15,2007.81,1649.39,358.42,Completed
ORD004723,2024-08-14,CUST00315,PROD0051,B005,1,896.09,0.05,851.29,594.05,257.24,Completed
ORD004728,2024-01-25,CUST00019,PROD0081,B004,1,133.11,0.0,133.11,99.11,34.0,Completed
ORD004729,2024-07-28,CUST02118,PROD0086,B002,1,527.87,0.2,422.29,400.74,21.55,Completed
ORD004732,2024-06-16,CUST02299,PROD0045,B001,1,1004.75,0.2,803.8,716.56,87.24,Completed
ORD004734,2024-12-16,CUST01507,PROD0081,B003,1,110.36,0.15,93.81,99.11,-5.3,Completed
ORD004735,2024-02-09,CUST01184,PROD0017,B004,5,4347.97,0.1,3913.17,3159.89,753.28,Completed
ORD004740,2024-10-09,CUST01227,PROD0053,B001,4,2223.35,0.15,1889.85,1446.41,443.44,Completed
ORD004742,2024-07-17,CUST00935,PROD0065,B002,5,6756.67,0.15,5743.18,5056.08,687.1,Completed
ORD004747,2024-01-16,CUST01575,PROD0032,B004,2,1472.87,0.05,1399.22,810.6,588.62,Completed
ORD004753,2024-08-16,CUST00988,PROD0061,B001,5,2241.0,0.2,1792.8,1575.12,217.68,Completed
ORD004755,2024-06-15,CUST01624,PROD0034,B004,2,2154.89,0.0,2154.89,1433.18,721.71,Completed
ORD004758,2024-06-06,CUST00825,PROD0105,B001,3,1265.21,0.2,1012.17,932.39,79.78,Completed
ORD004762,2024-08-29,CUST00723,PROD0101,B004,5,3231.94,0.15,2747.15,2302.51,444.64,Completed
ORD004764,2024-05-27,CUST00291,PROD0003,B001,4,1511.16,0.15,1284.49,1070.91,213.58,Completed
ORD004766,2024-11-26,CUST00305,PROD0030,B002,1,1019.38,0.15,866.48,813.59,52.89,Completed
ORD004770,2024-02-05,CUST00974,PROD0056,B002,1,1411.72,0.05,1341.13,1057.64,283.49,Completed
ORD004778,2024-05-24,CUST01205,PROD0101,B002,3,1939.17,0.05,1842.21,1381.51,460.7,Completed
ORD004785,2024-03-24,CUST02393,PROD0109,B001,3,4067.6,0.0,4067.6,2925.33,1142.27,Completed
ORD004787,2024-03-10,CUST00439,PROD0088,B001,4,1795.48,0.25,1346.61,1158.41,188.2,Completed
ORD004795,2024-06-21,CUST01703,PROD0060,B002,3,268.58,0.05,255.14,176.33,78.81,Completed
ORD004796,2024-05-16,CUST00159,PROD0102,B003,2,1542.8,0.1,1388.52,889.73,498.79,Completed
ORD004809,2024-11-28,CUST01439,PROD0046,B001,1,223.34,0.1,201.0,168.55,32.45,Completed
ORD004810,2024-03-25,CUST00636,PROD0120,B001,1,569.17,0.1,512.25,366.95,145.3,Completed
ORD004814,2024-06-09,CUST00144,PROD0014,B004,3,4142.63,0.15,3521.24,2371.81,1149.43,Completed
ORD004820,2024-07-02,CUST02393,PROD0101,B004,2,1292.78,0.15,1098.86,921.0,177.86,Completed
ORD004822,2024-10-24,CUST00108,PROD0007,B001,2,95.41,0.1,85.87,71.51,14.36,Completed
ORD004823,2024-12-17,CUST01096,PROD0054,B003,2,2255.35,0.2,1804.28,1524.07,280.21,Completed
ORD004827,2024-04-15,CUST02096,PROD0114,B002,4,5498.14,0.15,4673.42,4172.67,500.75,Completed
ORD004830,2024-07-24,CUST02219,PROD0093,B001,4,3465.41,0.05,3292.14,2542.69,749.45,Completed
ORD004832,2024-07-21,CUST02260,PROD0041,B004,4,460.31,0.15,391.26,249.96,141.3,Completed
ORD004841,2024-02-03,CUST00899,PROD0093,B002,5,4331.76,0.15,3682.0,3178.36,503.64,Completed
ORD004842,2024-09-08,CUST01508,PROD0115,B003,1,746.55,0.0,746.55,460.65,285.9,Completed
ORD004844,2024-04-06,CUST01791,PROD0115,B001,5,3732.73,0.05,3546.1,2303.26,1242.84,Completed
ORD004848,2024-01-15,CUST02314,PROD0010,B001,5,9212.77,0.0,9212.77,5359.98,3852.79,Completed
ORD004851,2024-02-16,CUST01324,PROD0068,B001,1,1024.93,0.1,922.44,823.36,99.08,Completed
ORD004853,2024-03-17,CUST02455,PROD0058,B001,2,625.51,0.05,594.24,349.16,245.08,Completed
ORD004856,2024-07-16,CUST01938,PROD0030,B004,1,1019.38,0.1,917.45,813.59,103.86,Completed
ORD004857,2024-03-20,CUST02112,PROD0004,B005,2,598.35,0.1,538.52,382.21,156.31,Completed
ORD004862,2024-07-11,CUST01205,PROD0084,B003,2,1036.54,0.1,932.89,765.25,167.64,Completed
ORD004870,2024-04-09,CUST02048,PROD0026,B002,1,393.51,0.2,314.81,284.3,30.51,Completed
ORD004872,2024-11-24,CUST00443,PROD0058,B005,4,1251.03,0.15,1063.37,698.33,365.04,Completed
ORD004876,2024-11-08,CUST01414,PROD0054,B001,1,1127.68,0.05,1071.29,762.03,309.26,Completed
ORD004880,2024-10-03,CUST01632,PROD0037,B003,3,1739.02,0.1,1565.12,1447.68,117.44,Completed
ORD004881,2024-03-02,CUST00329,PROD0027,B002,2,898.8,0.15,763.98,991.49,-227.51,Completed
ORD004882,2024-02-20,CUST01910,PROD0114,B005,5,6872.68,0.2,5498.14,5215.83,282.31,Completed
ORD004896,2024-09-22,CUST01347,PROD0080,B003,1,406.6,0.1,365.94,282.0,83.94,Completed
ORD004901,2024-07-05,CUST00552,PROD0085,B005,1,43.05,0.2,34.44,34.11,0.33,Completed
ORD004902,2024-04-28,CUST01474,PROD0117,B002,3,2316.79,0.1,2085.12,1428.37,656.75,Completed
ORD004905,2024-06-19,CUST00628,PROD0080,B003,5,2033.0,0.0,2033.0,1409.99,623.01,Completed
ORD004906,2024-03-14,CUST01957,PROD0060,B001,5,447.63,0.2,358.1,293.88,64.22,Completed
ORD004908,2024-05-26,CUST02331,PROD0026,B002,2,787.01,0.0,787.01,568.59,218.42,Completed
ORD004910,2024-12-18,CUST02401,PROD0020,B002,2,1051.83,0.25,788.87,1095.47,-306.6,Completed
ORD004921,2024-01-28,CUST02071,PROD0075,B002,4,5655.6,0.1,5090.03,4369.82,720.21,Completed
ORD004922,2024-02-05,CUST02302,PROD0060,B001,2,179.05,0.05,170.1,117.55,52.55,Completed
ORD004925,2024-07-05,CUST00080,PROD0004,B001,3,897.52,0.1,807.77,573.31,234.46,Completed
ORD004930,2024-03-06,CUST00059,PROD0008,B003,5,1327.77,0.05,1261.38,1094.54,166.84,Completed
ORD004932,2024-07-12,CUST02406,PROD0096,B001,2,1882.49,0.0,1882.49,2068.95,-186.46,Completed
ORD004937,2024-10-05,CUST00117,PROD0113,B001,2,2508.37,0.05,2382.95,1813.91,569.04,Completed
ORD004938,2024-09-13,CUST00112,PROD0043,B003,1,291.4,0.1,262.26,178.65,83.61,Completed
ORD004939,2024-11-09,CUST01961,PROD0035,B003,4,2321.65,0.15,1973.4,1742.46,230.94,Completed
ORD004943,2024-12-21,CUST01086,PROD0048,B001,3,2665.1,0.1,2398.59,1846.48,552.11,Completed
ORD004944,2024-08-10,CUST01166,PROD0066,B004,4,5592.86,0.0,5592.86,4017.96,1574.9,Completed
ORD004951,2024-09-28,CUST01133,PROD0116,B003,5,1310.86,0.15,1114.24,1075.45,38.79,Completed
ORD004952,2024-06-07,CUST00383,PROD0075,B003,1,1413.9,0.1,1272.51,1092.46,180.05,Completed
ORD004960,2024-12-25,CUST02023,PROD0075,B002,2,2827.8,0.05,2686.41,2184.91,501.5,Completed
ORD004961,2024-09-04,CUST01450,PROD0025,B004,1,990.04,0.2,792.04,590.72,201.32,Completed
ORD004964,2024-12-11,CUST00770,PROD0065,B004,4,5405.34,0.1,4864.81,4044.87,819.94,Completed
ORD004965,2024-06-01,CUST02095,PROD0095,B001,5,1775.68,0.1,1598.12,1339.42,258.7,Completed
ORD004969,2024-04-01,CUST01422,PROD0047,B003,5,1550.99,0.05,1473.44,898.25,575.19,Completed
ORD004970,2024-01-27,CUST01239,PROD0029,B003,1,458.01,0.1,412.21,265.85,146.36,Completed
ORD004973,2024-05-19,CUST01403,PROD0019,B004,4,3554.78,0.2,2843.82,2216.76,627.06,Completed
ORD004980,2024-10-09,CUST01347,PROD0040,B001,3,2972.02,0.05,2823.42,1621.06,1202.36,Completed
ORD004983,2024-04-29,CUST00479,PROD0099,B003,1,849.27,0.15,721.88,593.57,128.31,Completed
ORD004985,2024-01-19,CUST00614,PROD0074,B002,3,1958.53,0.05,1860.61,1514.51,346.1,Completed
ORD004986,2024-05-26,CUST01021,PROD0107,B002,3,5334.6,0.1,4801.14,3263.01,1538.13,Completed
ORD004988,2024-06-04,CUST01259,PROD0032,B002,3,2209.3,0.0,2209.3,1215.9,993.4,Completed
ORD004998,2024-09-09,CUST01905,PROD0098,B001,3,2998.18,0.15,2548.45,1676.49,871.96,Completed
ORD005006,2024-08-19,CUST01343,PROD0036,B001,2,566.72,0.15,481.71,306.44,175.27,Completed
ORD005007,2024-06-04,CUST00134,PROD0084,B002,5,2591.35,0.2,2073.08,1913.12,159.96,Completed
ORD005014,2024-09-14,CUST01998,PROD0028,B001,5,3650.96,0.15,3103.31,2292.57,810.74,Completed
ORD005021,2024-04-12,CUST00390,PROD0097,B005,5,8805.85,0.05,8365.56,5423.08,2942.48,Completed
ORD005023,2024-07-12,CUST00271,PROD0048,B001,2,1776.73,0.0,1776.73,1230.99,545.74,Completed
ORD005037,2024-09-12,CUST01768,PROD0117,B001,1,772.26,0.1,695.04,476.12,218.92,Completed
ORD005038,2024-08-27,CUST01626,PROD0036,B002,2,566.72,0.1,510.05,306.44,203.61,Completed
ORD005039,2024-10-08,CUST02308,PROD0016,B003,1,88.86,0.2,71.09,53.22,17.87,Completed
ORD005040,2024-01-07,CUST00138,PROD0068,B001,2,2049.87,0.1,1844.88,1646.73,198.15,Completed
ORD005046,2024-11-16,CUST00927,PROD0092,B002,4,417.78,0.1,376.0,266.55,109.45,Completed
ORD005060,2024-01-04,CUST01369,PROD0075,B003,2,2827.8,0.05,2686.41,2184.91,501.5,Completed
ORD005068,2024-08-22,CUST01401,PROD0096,B005,1,1776.92,0.25,1332.69,1034.47,298.22,Completed
ORD005075,2024-08-22,CUST00201,PROD0073,B003,4,731.21,0.15,621.52,479.89,141.63,Completed
ORD005076,2024-12-02,CUST00548,PROD0035,B002,5,2902.06,0.0,2902.06,2178.08,723.98,Completed
ORD005083,2024-07-17,CUST01579,PROD0062,B004,3,2188.59,0.25,1641.45,1736.16,-94.71,Completed
ORD005087,2024-09-07,CUST02028,PROD0034,B002,5,5387.24,0.1,4848.51,3582.94,1265.57,Completed
ORD005100,2024-03-23,CUST00885,PROD0106,B001,1,718.58,0.05,682.65,431.22,251.43,Completed
ORD005101,2024-03-30,CUST00793,PROD0007,B004,5,238.54,0.25,178.9,178.76,0.14,Completed
ORD005109,2024-04-13,CUST01654,PROD0024,B004,3,3846.1,0.0,3846.1,2109.28,1736.82,Completed
ORD005113,2024-07-26,CUST02334,PROD0108,B003,5,4549.41,0.1,4094.47,2617.12,1477.35,Completed
ORD005116,2024-11-13,CUST01709,PROD0020,B001,3,2281.92,0.15,1939.63,1643.2,296.43,Completed
ORD005117,2024-02-26,CUST02270,PROD0072,B001,4,1860.63,0.2,1488.51,1306.48,182.03,Completed
ORD005120,2024-01-08,CUST00591,PROD0032,B003,5,3682.17,0.15,3129.84,2026.5,1103.34,Completed
ORD005130,2024-08-10,CUST00250,PROD0107,B003,2,3556.4,0.0,3556.4,2175.34,1381.06,Completed
ORD005131,2024-11-21,CUST00671,PROD0068,B004,5,5124.67,0.1,4612.2,4116.82,495.38,Completed
ORD005132,2024-01-09,CUST00404,PROD0061,B001,1,448.2,0.0,448.2,315.02,133.18,Completed
ORD005134,2024-11-26,CUST01602,PROD0110,B001,4,3186.86,0.1,2868.17,1852.77,1015.4,Completed
ORD005135,2024-06-23,CUST00577,PROD0072,B001,4,1860.63,0.0,1860.63,1306.48,554.15,Completed
ORD005137,2024-10-18,CUST00068,PROD0069,B004,5,6325.17,0.1,5692.66,3432.19,2260.47,Completed
ORD005140,2024-05-04,CUST02221,PROD0047,B001,5,1550.99,0.05,1473.44,898.25,575.19,Completed
ORD005147,2024-11-06,CUST00348,PROD0020,B004,2,1521.28,0.15,1293.08,1095.47,197.61,Completed
ORD005157,2024-10-17,CUST00220,PROD0027,B004,4,2737.51,0.1,2463.76,1982.98,480.78,Completed
ORD005160,2024-02-06,CUST00398,PROD0065,B001,1,1351.33,0.1,1216.2,1011.22,204.98,Completed
ORD005161,2024-12-02,CUST00599,PROD0113,B001,4,5016.73,0.1,4515.06,3627.81,887.25,Completed
ORD005165,2024-03-02,CUST00275,PROD0065,B004,2,2702.67,0.05,2567.53,2022.43,545.1,Completed
ORD005175,2024-02-21,CUST00608,PROD0109,B002,4,5423.46,0.15,4609.94,3900.44,709.5,Completed
ORD005176,2024-05-03,CUST01898,PROD0054,B002,1,1127.68,0.05,1071.29,762.03,309.26,Completed
ORD005181,2024-06-14,CUST02293,PROD0087,B003,2,2362.13,0.05,2244.02,1649.39,594.63,Completed
ORD005187,2024-02-03,CUST02327,PROD0005,B002,4,4889.58,0.15,4156.14,3014.92,1141.22,Completed
ORD005193,2024-12-23,CUST00900,PROD0074,B005,5,3264.22,0.15,2774.59,2524.19,250.4,Completed
ORD005208,2024-06-20,CUST01504,PROD0024,B002,5,6410.17,0.15,5448.65,3515.47,1933.18,Completed
ORD005213,2024-10-29,CUST02126,PROD0080,B005,4,1626.4,0.15,1382.44,1127.99,254.45,Completed
ORD005215,2024-12-23,CUST01319,PROD0018,B001,2,3442.62,0.05,3270.48,2143.81,1126.67,Completed
ORD005217,2024-11-16,CUST00264,PROD0090,B001,4,1279.51,0.1,1151.56,800.72,350.84,Completed
ORD005223,2024-03-26,CUST00958,PROD0115,B002,5,3732.73,0.1,3359.46,2303.26,1056.2,Completed
ORD005231,2024-10-10,CUST01259,PROD0027,B001,4,2737.51,0.15,2326.89,1982.98,343.91,Completed
ORD005236,2024-04-11,CUST01394,PROD0106,B004,4,2874.32,0.05,2730.61,1724.88,1005.73,Completed
ORD005241,2024-06-13,CUST02454,PROD0113,B001,3,3762.55,0.2,3010.04,2720.86,289.18,Completed
ORD005242,2024-06-02,CUST01632,PROD0050,B002,2,2198.28,0.1,1978.45,1268.54,709.91,Completed
ORD005248,2024-04-18,CUST01341,PROD0068,B002,4,4099.74,0.05,3894.75,3293.45,601.3,Completed
ORD005258,2024-04-14,CUST01693,PROD0084,B001,5,2591.35,0.05,2461.78,1913.12,548.66,Completed
ORD005259,2024-02-13,CUST01445,PROD0102,B001,5,3857.01,0.0,3857.01,2224.33,1632.68,Completed
ORD005262,2024-12-30,CUST01833,PROD0044,B001,2,2187.9,0.05,2078.5,1214.82,863.68,Completed
ORD005267,2024-10-29,CUST00728,PROD0104,B001,3,4807.36,0.1,4326.62,3178.71,1147.91,Completed
ORD005273,2024-08-25,CUST02458,PROD0118,B001,3,869.65,0.1,782.68,582.5,200.18,Completed
ORD005275,2024-09-09,CUST00584,PROD0046,B001,5,1116.68,0.2,893.34,842.77,50.57,Completed
ORD005276,2024-03-05,CUST02020,PROD0055,B001,5,2323.71,0.2,1858.97,1317.7,541.27,Completed
ORD005288,2024-12-30,CUST01350,PROD0105,B001,4,1686.95,0.15,1433.91,1243.18,190.73,Completed
ORD005291,2024-05-22,CUST02055,PROD0116,B004,4,1048.69,0.0,1048.69,860.36,188.33,Completed
ORD005295,2024-05-06,CUST00281,PROD0025,B003,1,990.04,0.1,891.04,590.72,300.32,Completed
ORD005298,2024-03-14,CUST01038,PROD0059,B001,1,975.0,0.2,780.0,616.71,163.29,Completed
ORD005305,2024-12-24,CUST01427,PROD0044,B004,5,5469.74,0.0,5469.74,3037.05,2432.69,Completed
ORD005309,2024-09-22,CUST00539,PROD0107,B005,2,3556.4,0.15,3022.94,2175.34,847.6,Completed
ORD005315,2024-05-28,CUST00562,PROD0081,B001,4,532.43,0.1,479.19,396.43,82.76,Completed
ORD005321,2024-09-21,CUST01602,PROD0069,B005,3,3795.1,0.1,3415.59,2059.31,1356.28,Completed
ORD005324,2024-12-10,CUST02433,PROD0021,B002,1,845.16,0.25,633.87,513.58,120.29,Completed
ORD005336,2024-05-31,CUST00639,PROD0052,B003,5,3303.42,0.0,3303.42,2266.75,1036.67,Completed
ORD005337,2024-06-24,CUST00825,PROD0104,B002,2,3204.91,0.05,3044.66,2119.14,925.52,Completed
ORD005341,2024-06-08,CUST01601,PROD0064,B004,5,4626.14,0.05,4394.83,3516.44,878.39,Completed
ORD005342,2024-07-27,CUST01348,PROD0043,B001,5,1456.99,0.1,1311.29,893.23,418.06,Completed
ORD005348,2024-12-12,CUST00647,PROD0056,B005,4,5646.88,0.05,5364.53,4230.57,1133.96,Completed
ORD005358,2024-11-09,CUST00833,PROD0118,B001,3,869.65,0.2,695.72,582.5,113.22,Completed
ORD005359,2024-04-02,CUST02475,PROD0023,B001,2,2546.11,0.0,2546.11,1573.84,972.27,Completed
ORD005364,2024-07-15,CUST00801,PROD0025,B002,3,2970.13,0.05,2821.63,1772.15,1049.48,Completed
ORD005371,2024-05-15,CUST01297,PROD0015,B001,3,4263.2,0.05,4050.04,2651.18,1398.86,Completed
ORD005372,2024-03-11,CUST00591,PROD0048,B004,1,888.37,0.0,888.37,615.49,272.88,Completed
ORD005373,2024-01-03,CUST02130,PROD0029,B002,1,458.01,0.15,389.3,265.85,123.45,Completed
ORD005383,2024-11-11,CUST01625,PROD0046,B005,2,446.67,0.05,424.34,337.11,87.23,Completed
ORD005392,2024-06-12,CUST00988,PROD0075,B004,3,4241.7,0.05,4029.61,3277.37,752.24,Completed
ORD005399,2024-12-20,CUST01692,PROD0043,B003,5,1456.99,0.05,1384.14,893.23,490.91,Completed
ORD005400,2024-04-21,CUST00082,PROD0039,B003,4,5930.76,0.05,5634.22,3304.98,2329.24,Completed
ORD005401,2024-09-20,CUST00961,PROD0109,B005,4,5423.46,0.1,4881.12,3900.44,980.68,Completed
ORD005403,2024-05-25,CUST02187,PROD0012,B001,2,259.23,0.25,194.42,175.15,19.27,Completed
ORD005416,2024-10-24,CUST01965,PROD0015,B004,1,1421.07,0.05,1350.01,883.73,466.28,Completed
ORD005421,2024-01-13,CUST00564,PROD0099,B004,1,849.27,0.25,636.95,593.57,43.38,Completed
ORD005422,2024-04-01,CUST00677,PROD0057,B003,5,5025.49,0.05,4774.22,3244.76,1529.46,Completed
ORD005430,2024-06-25,CUST01671,PROD0008,B005,1,265.55,0.1,239.0,218.91,20.09,Completed
ORD005440,2024-05-26,CUST01869,PROD0084,B004,4,2073.08,0.2,1658.46,1530.5,127.96,Completed
ORD005441,2024-03-25,CUST00757,PROD0021,B002,2,1690.32,0.25,1267.74,1027.16,240.58,Completed
ORD005443,2024-02-26,CUST02016,PROD0091,B002,1,413.67,0.1,372.31,315.29,57.02,Completed
ORD005446,2024-09-19,CUST02287,PROD0059,B003,5,4875.0,0.1,4387.5,3083.56,1303.94,Completed
ORD005449,2024-02-02,CUST00256,PROD0076,B003,2,599.95,0.15,509.96,480.1,29.86,Completed
ORD005453,2024-03-26,CUST02003,PROD0020,B004,3,2281.92,0.05,2167.82,1643.2,524.62,Completed
ORD005455,2024-11-29,CUST00308,PROD0108,B004,3,2729.65,0.1,2456.68,1570.27,886.41,Completed
ORD005456,2024-11-25,CUST01454,PROD0048,B001,5,4441.84,0.05,4219.74,3077.47,1142.27,Completed
ORD005464,2024-02-08,CUST01769,PROD0053,B004,2,1111.68,0.15,944.92,723.21,221.71,Completed
ORD005465,2024-05-25,CUST01561,PROD0084,B002,4,2073.08,0.15,1762.12,1530.5,231.62,Completed
ORD005472,2024-11-01,CUST02391,PROD0039,B001,2,2965.38,0.05,2817.11,1652.49,1164.62,Completed
ORD005473,2024-01-05,CUST01332,PROD0035,B001,2,1160.82,0.25,870.62,871.23,-0.61,Completed
ORD005483,2024-04-12,CUST02406,PROD0067,B002,4,3627.23,0.05,3445.87,1989.31,1456.56,Completed
ORD005486,2024-10-04,CUST01407,PROD0064,B003,4,3700.91,0.05,3515.87,2813.15,702.72,Completed
ORD005488,2024-03-03,CUST01575,PROD0037,B002,1,579.67,0.05,550.69,482.56,68.13,Completed
ORD005493,2024-10-10,CUST00202,PROD0041,B002,2,230.15,0.15,195.63,124.98,70.65,Completed
ORD005495,2024-11-26,CUST00901,PROD0101,B003,4,2585.55,0.05,2456.27,1842.01,614.26,Completed
ORD005496,2024-05-08,CUST00490,PROD0028,B002,2,1460.38,0.05,1387.36,917.03,470.33,Completed
ORD005499,2024-06-18,CUST00804,PROD0001,B002,4,7757.58,0.05,7369.7,4252.71,3116.99,Completed
ORD005506,2024-10-12,CUST02193,PROD0057,B002,2,2010.2,0.1,1809.18,1297.91,511.27,Completed
ORD005509,2024-04-01,CUST00688,PROD0063,B004,1,132.68,0.2,106.15,100.47,5.68,Completed
ORD005510,2024-11-20,CUST00898,PROD0100,B005,3,2432.96,0.15,2068.02,1899.84,168.18,Completed
ORD005511,2024-08-18,CUST00488,PROD0058,B003,1,312.76,0.0,312.76,174.58,138.18,Completed
ORD005512,2024-03-29,CUST01094,PROD0119,B001,3,1795.75,0.15,1526.39,1302.93,223.46,Completed
ORD005514,2024-01-14,CUST00511,PROD0088,B003,1,448.87,0.05,426.43,289.6,136.83,Completed
ORD005516,2024-11-04,CUST01009,PROD0072,B001,4,1860.63,0.15,1581.54,1306.48,275.06,Completed
ORD005529,2024-05-31,CUST00656,PROD0075,B004,3,4241.7,0.2,3393.36,3277.37,115.99,Completed
ORD005530,2024-12-22,CUST00458,PROD0050,B003,5,5495.7,0.15,4671.35,3171.34,1500.01,Completed
ORD005539,2024-08-20,CUST01395,PROD0080,B002,2,813.2,0.1,731.88,563.99,167.89,Completed
ORD005546,2024-08-19,CUST02445,PROD0086,B005,4,2111.47,0.2,1689.18,1602.97,86.21,Completed
ORD005548,2024-10-19,CUST02297,PROD0056,B004,1,1411.72,0.15,1199.96,1057.64,142.32,Completed
ORD005552,2024-03-14,CUST00483,PROD0074,B002,1,652.84,0.0,652.84,504.84,148.0,Completed
ORD005553,2024-01-16,CUST00650,PROD0041,B004,4,460.31,0.2,368.25,249.96,118.29,Completed
ORD005562,2024-11-21,CUST01183,PROD0094,B005,1,195.28,0.1,175.75,117.02,58.73,Completed
ORD005564,2024-06-22,CUST01265,PROD0017,B003,3,2608.78,0.15,2217.46,1895.94,321.52,Completed
ORD005568,2024-03-16,CUST02178,PROD0082,B002,1,1071.49,0.15,910.76,1133.66,-222.9,Completed
ORD005569,2024-06-22,CUST00754,PROD0018,B004,2,3442.62,0.05,3270.48,2143.81,1126.67,Completed
ORD005571,2024-09-10,CUST00875,PROD0115,B002,1,746.55,0.0,746.55,460.65,285.9,Completed
ORD005572,2024-12-25,CUST00410,PROD0058,B003,2,625.51,0.15,531.69,349.16,182.53,Completed
ORD005574,2024-04-03,CUST01627,PROD0010,B003,3,5527.66,0.1,4974.9,3215.99,1758.91,Completed
ORD005580,2024-09-17,CUST02192,PROD0094,B003,1,195.28,0.2,156.22,117.02,39.2,Completed
ORD005581,2024-10-26,CUST01947,PROD0015,B002,4,5684.27,0.15,4831.63,3534.91,1296.72,Completed
ORD005583,2024-03-03,CUST02343,PROD0042,B002,5,7267.64,0.1,6540.87,5321.93,1218.94,Completed
ORD005586,2024-01-25,CUST01446,PROD0096,B003,1,1776.92,0.1,1599.23,1034.47,564.76,Completed
ORD005587,2024-05-23,CUST01375,PROD0116,B003,3,786.52,0.1,707.86,645.27,62.59,Completed
ORD005589,2024-05-10,CUST01511,PROD0067,B005,3,2720.42,0.05,2584.4,1491.98,1092.42,Completed
ORD005601,2024-02-17,CUST00023,PROD0023,B004,1,1273.06,0.05,1209.41,786.92,422.49,Completed
ORD005603,2024-12-13,CUST01984,PROD0057,B005,3,3015.3,0.2,2412.24,1946.86,465.38,Completed
ORD005607,2024-08-13,CUST02033,PROD0107,B004,1,1778.2,0.05,1689.29,1087.67,601.62,Completed
ORD005608,2024-12-18,CUST00993,PROD0103,B005,3,1640.96,0.2,1312.77,1549.3,-236.53,Completed
ORD005610,2024-10-17,CUST01824,PROD0041,B004,5,575.39,0.0,575.39,312.45,262.94,Completed
ORD005613,2024-03-31,CUST00998,PROD0073,B004,2,365.6,0.2,292.48,239.94,52.54,Completed
ORD005616,2024-03-03,CUST01041,PROD0009,B002,4,1277.14,0.05,1213.28,782.1,431.18,Completed
ORD005621,2024-03-01,CUST00582,PROD0096,B001,1,1776.92,0.05,1688.08,1034.47,653.61,Completed
ORD005629,2024-11-10,CUST00846,PROD0040,B005,3,2972.02,0.15,2526.22,1621.06,905.16,Completed
ORD005637,2024-01-13,CUST02222,PROD0098,B001,2,1998.78,0.2,1599.03,1117.66,481.37,Completed
ORD005639,2024-03-05,CUST02426,PROD0070,B003,1,200.52,0.15,170.45,137.59,32.86,Completed
ORD005640,2024-10-08,CUST01951,PROD0069,B001,5,6325.17,0.2,5060.14,3432.19,1627.95,Completed
ORD005641,2024-09-27,CUST01764,PROD0015,B001,2,2842.13,0.15,2415.81,1767.45,648.36,Completed
ORD005643,2024-04-04,CUST00460,PROD0055,B004,3,1394.23,0.2,1115.38,790.62,324.76,Completed
ORD005649,2024-03-19,CUST01859,PROD0034,B001,3,3232.34,0.25,2424.26,2149.77,274.49,Completed
ORD005651,2024-09-30,CUST01078,PROD0091,B003,4,1654.7,0.05,1571.96,1261.16,310.8,Completed
ORD005653,2024-01-03,CUST01904,PROD0010,B004,2,1805.87,0.0,1805.87,2143.99,-338.12,Completed
ORD005656,2024-06-02,CUST02497,PROD0075,B002,4,5655.6,0.25,4241.7,4369.82,-128.12,Completed
ORD005662,2024-10-01,CUST00695,PROD0063,B002,1,132.68,0.05,126.05,100.47,25.58,Completed
ORD005673,2024-03-10,CUST00703,PROD0031,B002,2,1334.07,0.1,1200.66,1094.99,105.67,Completed
ORD005677,2024-09-29,CUST01156,PROD0024,B003,1,1282.03,0.1,1153.83,703.09,450.74,Completed
ORD005682,2024-09-11,CUST01634,PROD0095,B004,1,355.14,0.0,355.14,267.88,87.26,Completed
ORD005685,2024-12-10,CUST01648,PROD0042,B002,1,1453.53,0.1,1308.17,1064.39,243.78,Completed
ORD005690,2024-07-27,CUST01055,PROD0014,B004,5,6904.38,0.1,6213.95,3953.01,2260.94,Completed
ORD005709,2024-10-09,CUST00501,PROD0028,B003,2,1460.38,0.1,1314.34,917.03,397.31,Completed
ORD005716,2024-08-31,CUST02079,PROD0088,B002,2,897.74,0.05,852.85,579.21,273.64,Completed
ORD005718,2024-01-29,CUST00106,PROD0059,B002,1,975.0,0.15,828.75,616.71,212.04,Completed
ORD005726,2024-08-26,CUST00470,PROD0022,B001,4,5057.35,0.2,4045.88,3654.32,391.56,Completed
ORD005728,2024-09-21,CUST02079,PROD0028,B001,4,2920.77,0.15,2482.65,1834.06,648.59,Completed
ORD005731,2024-03-04,CUST00087,PROD0088,B001,4,1795.48,0.15,1526.16,1158.41,367.75,Completed
ORD005732,2024-12-26,CUST01834,PROD0067,B003,1,906.81,0.1,816.13,497.33,318.8,Completed
ORD005734,2024-04-19,CUST01989,PROD0051,B004,2,1792.18,0.1,1612.97,1188.1,424.87,Completed
ORD005738,2024-12-24,CUST02489,PROD0065,B002,3,4054.0,0.15,3445.9,3033.65,412.25,Completed
ORD005741,2024-11-11,CUST00990,PROD0091,B002,2,827.35,0.25,620.51,630.58,-10.07,Completed
ORD005750,2024-04-09,CUST00899,PROD0086,B002,4,2111.47,0.05,2005.9,1602.97,402.93,Completed
ORD005755,2024-05-10,CUST00324,PROD0039,B004,3,2227.14,0.05,2115.79,2478.74,-362.95,Completed
ORD005759,2024-03-30,CUST02059,PROD0020,B003,5,3803.19,0.05,3613.04,2738.67,874.37,Completed
ORD005761,2024-05-01,CUST01079,PROD0020,B004,5,3803.19,0.2,3042.55,2738.67,303.88,Completed
ORD005766,2024-09-24,CUST00957,PROD0035,B005,2,1160.82,0.25,870.62,871.23,-0.61,Completed
ORD005770,2024-09-22,CUST00368,PROD0020,B001,1,760.64,0.05,722.61,547.73,174.88,Completed
ORD005774,2024-06-13,CUST00418,PROD0022,B004,1,1264.34,0.0,1264.34,913.58,350.76,Completed
ORD005775,2024-08-14,CUST01610,PROD0013,B004,3,2029.66,0.0,2029.66,1373.17,656.49,Completed
ORD005781,2024-03-27,CUST00249,PROD0060,B001,1,89.53,0.15,76.09,58.78,17.31,Completed
ORD005782,2024-08-23,CUST01138,PROD0044,B001,4,4375.79,0.1,3938.21,2429.64,1508.57,Completed
ORD005783,2024-09-06,CUST01818,PROD0102,B005,5,3857.01,0.15,3278.46,2224.33,1054.13,Completed
ORD005784,2024-04-14,CUST01754,PROD0004,B004,1,170.04,0.0,170.04,191.1,-21.06,Completed
ORD005788,2024-01-29,CUST01279,PROD0059,B002,1,975.0,0.1,877.5,616.71,260.79,Completed
ORD005790,2024-03-20,CUST00434,PROD0075,B002,1,1413.9,0.05,1343.2,1092.46,250.74,Completed
ORD005792,2024-09-01,CUST01718,PROD0057,B003,4,4020.4,0.1,3618.36,2595.81,1022.55,Completed
ORD005803,2024-08-29,CUST01105,PROD0024,B003,2,2564.07,0.15,2179.46,1406.19,773.27,Completed
ORD005806,2024-11-09,CUST01584,PROD0117,B003,5,3861.32,0.05,3668.26,2380.62,1287.64,Completed
ORD005810,2024-03-12,CUST01435,PROD0064,B004,5,4626.14,0.25,3469.6,3516.44,-46.84,Completed
ORD005814,2024-07-29,CUST01416,PROD0074,B003,5,3264.22,0.15,2774.59,2524.19,250.4,Completed
ORD005817,2024-12-13,CUST02338,PROD0105,B003,2,843.47,0.0,843.47,621.59,221.88,Completed
ORD005827,2024-10-25,CUST00468,PROD0043,B004,1,291.4,0.0,291.4,178.65,112.75,Completed
ORD005828,2024-03-21,CUST02486,PROD0021,B002,5,4225.8,0.2,3380.64,2567.89,812.75,Completed
ORD005837,2024-02-01,CUST01768,PROD0056,B002,3,4235.16,0.1,3811.64,3172.93,638.71,Completed
ORD005850,2024-05-22,CUST01716,PROD0014,B001,2,2761.75,0.05,2623.67,1581.2,1042.47,Completed
ORD005854,2024-07-01,CUST01668,PROD0050,B003,5,5495.7,0.1,4946.13,3171.34,1774.79,Completed
ORD005855,2024-10-08,CUST00127,PROD0080,B002,1,406.6,0.1,365.94,282.0,83.94,Completed
ORD005861,2024-05-28,CUST01853,PROD0104,B003,3,4807.36,0.0,4807.36,3178.71,1628.65,Completed
ORD005864,2024-03-15,CUST01571,PROD0012,B002,3,388.85,0.2,311.08,262.72,48.36,Completed
ORD005868,2024-03-14,CUST01737,PROD0004,B002,4,1196.7,0.05,1136.86,764.42,372.44,Completed
ORD005869,2024-08-13,CUST00733,PROD0054,B003,5,5638.39,0.05,5356.47,3810.16,1546.31,Completed
ORD005870,2024-05-07,CUST00747,PROD0038,B003,1,59.93,0.1,53.94,40.71,13.23,Completed
ORD005873,2024-02-07,CUST01345,PROD0115,B003,1,746.55,0.1,671.89,460.65,211.24,Completed
ORD005877,2024-11-02,CUST00543,PROD0109,B004,4,5423.46,0.05,5152.29,3900.44,1251.85,Completed
ORD005879,2024-01-23,CUST02237,PROD0114,B002,4,5498.14,0.05,5223.24,4172.67,1050.57,Completed
ORD005881,2024-05-20,CUST00061,PROD0072,B001,4,1860.63,0.0,1860.63,1306.48,554.15,Completed
ORD005882,2024-01-17,CUST00085,PROD0107,B002,1,1778.2,0.0,1778.2,1087.67,690.53,Completed
ORD005885,2024-10-08,CUST01365,PROD0054,B004,4,4510.71,0.05,4285.17,3048.13,1237.04,Completed
ORD005886,2024-03-28,CUST02056,PROD0047,B001,3,930.59,0.1,837.53,538.95,298.58,Completed
ORD005888,2024-06-25,CUST02450,PROD0091,B002,5,2068.37,0.05,1964.95,1576.45,388.5,Completed
ORD005894,2024-05-24,CUST00489,PROD0036,B004,1,283.36,0.2,226.69,153.22,73.47,Completed
ORD005896,2024-06-05,CUST02402,PROD0090,B003,1,319.88,0.15,271.9,200.18,71.72,Completed
ORD005899,2024-08-07,CUST02353,PROD0085,B002,1,43.05,0.0,43.05,34.11,8.94,Completed
ORD005901,2024-10-27,CUST01940,PROD0059,B004,3,2925.0,0.2,2340.0,1850.13,489.87,Completed
ORD005902,2024-06-13,CUST01158,PROD0028,B001,4,2920.77,0.0,2920.77,1834.06,1086.71,Completed
ORD005906,2024-07-23,CUST01301,PROD0096,B004,4,7107.69,0.05,6752.3,4137.9,2614.4,Completed
ORD005908,2024-06-14,CUST02160,PROD0001,B001,3,5818.18,0.2,4654.54,3189.54,1465.0,Completed
ORD005912,2024-08-29,CUST00089,PROD0015,B004,5,7105.34,0.05,6750.07,4418.64,2331.43,Completed
ORD005917,2024-01-04,CUST02370,PROD0047,B004,3,930.59,0.0,930.59,538.95,391.64,Completed
ORD005918,2024-09-25,CUST00349,PROD0043,B004,1,291.4,0.05,276.83,178.65,98.18,Completed
ORD005928,2024-12-02,CUST01389,PROD0049,B001,3,3998.17,0.2,3198.53,2313.24,885.29,Completed
ORD005931,2024-12-05,CUST01426,PROD0034,B004,4,4309.79,0.15,3663.32,2866.35,796.97,Completed
ORD005932,2024-10-22,CUST01215,PROD0038,B003,3,179.79,0.1,161.82,122.13,39.69,Completed
ORD005933,2024-01-20,CUST01170,PROD0065,B002,5,6756.67,0.1,6081.01,5056.08,1024.93,Completed
ORD005935,2024-06-25,CUST02469,PROD0102,B004,1,442.08,0.25,331.56,444.87,-113.31,Completed
ORD005937,2024-03-09,CUST02117,PROD0017,B005,2,1739.19,0.2,1391.35,1263.96,127.39,Completed
ORD005944,2024-12-31,CUST01029,PROD0112,B001,5,4331.81,0.15,3682.04,3391.64,290.4,Completed
ORD005950,2024-05-14,CUST00896,PROD0002,B001,3,2040.42,0.15,1734.35,1233.78,500.57,Completed
ORD005953,2024-07-04,CUST01834,PROD0093,B003,5,4331.76,0.1,3898.59,3178.36,720.23,Completed
ORD005957,2024-06-17,CUST00741,PROD0085,B002,3,129.15,0.2,103.32,102.34,0.98,Completed
ORD005964,2024-03-17,CUST01079,PROD0103,B001,2,1745.31,0.2,1396.25,1032.87,363.38,Completed
ORD005965,2024-06-23,CUST00835,PROD0057,B001,1,1005.1,0.0,1005.1,648.95,356.15,Completed
ORD005967,2024-11-07,CUST00636,PROD0096,B002,3,5330.76,0.2,4264.61,3103.42,1161.19,Completed
ORD005968,2024-04-12,CUST01859,PROD0056,B002,2,2823.44,0.0,2823.44,2115.29,708.15,Completed
ORD005971,2024-06-02,CUST00165,PROD0107,B001,4,7112.81,0.05,6757.16,4350.68,2406.48,Completed
ORD005980,2024-01-11,CUST02191,PROD0077,B003,2,608.04,0.25,456.03,492.1,-36.07,Completed
ORD005981,2024-07-21,CUST02157,PROD0057,B003,2,2010.2,0.15,1708.67,1297.91,410.76,Completed
ORD005982,2024-08-03,CUST01020,PROD0059,B001,5,4875.0,0.15,4143.75,3083.56,1060.19,Completed
ORD005991,2024-12-22,CUST01625,PROD0103,B005,4,3490.63,0.05,3316.1,2065.73,1250.37,Completed
ORD005999,2024-08-04,CUST00224,PROD0038,B004,5,299.66,0.05,284.68,203.55,81.13,Completed
ORD006002,2024-11-20,CUST00635,PROD0085,B004,5,215.26,0.05,204.49,170.57,33.92,Completed
ORD006004,2024-10-16,CUST00828,PROD0097,B004,1,1761.17,0.1,1585.05,1084.62,500.43,Completed
ORD006007,2024-04-28,CUST01128,PROD0104,B001,1,1602.45,0.0,1602.45,1059.57,542.88,Completed
ORD006008,2024-07-25,CUST01344,PROD0045,B001,1,1004.75,0.0,1004.75,716.56,288.19,Completed
ORD006012,2024-08-10,CUST01774,PROD0077,B003,3,912.07,0.15,775.26,738.16,37.1,Completed
ORD006018,2024-08-27,CUST00124,PROD0096,B002,1,1776.92,0.05,1688.08,1034.47,653.61,Completed
ORD006022,2024-09-02,CUST00191,PROD0057,B002,2,2010.2,0.15,1708.67,1297.91,410.76,Completed
ORD006023,2024-06-27,CUST00986,PROD0103,B001,4,3490.63,0.15,2967.03,2065.73,901.3,Completed
ORD006034,2024-06-26,CUST00936,PROD0043,B002,2,582.79,0.1,524.52,357.29,167.23,Completed
ORD006039,2024-01-15,CUST02471,PROD0091,B005,2,827.35,0.0,827.35,630.58,196.77,Completed
ORD006049,2024-11-05,CUST02168,PROD0063,B005,1,132.68,0.1,119.41,100.47,18.94,Completed
ORD006055,2024-10-13,CUST00175,PROD0018,B002,1,1721.31,0.1,1549.18,1071.91,477.27,Completed
ORD006060,2024-05-14,CUST00732,PROD0006,B001,4,2677.86,0.15,2276.18,1943.61,332.57,Completed
ORD006067,2024-05-11,CUST00935,PROD0091,B002,1,413.67,0.1,372.31,315.29,57.02,Completed
ORD006068,2024-09-29,CUST01882,PROD0015,B001,5,7105.34,0.0,7105.34,4418.64,2686.7,Completed
ORD006069,2024-05-27,CUST00071,PROD0030,B003,2,2038.77,0.05,1936.83,1627.19,309.64,Completed
ORD006074,2024-05-01,CUST00619,PROD0058,B002,1,312.76,0.1,281.48,174.58,106.9,Completed
ORD006075,2024-08-15,CUST02131,PROD0017,B003,3,2608.78,0.05,2478.34,1895.94,582.4,Completed
ORD006077,2024-11-07,CUST00450,PROD0086,B005,3,1583.6,0.15,1346.06,1202.23,143.83,Completed
ORD006078,2024-09-01,CUST01175,PROD0102,B004,5,3857.01,0.0,3857.01,2224.33,1632.68,Completed
ORD006080,2024-11-20,CUST00653,PROD0117,B004,5,3861.32,0.15,3282.12,2380.62,901.5,Completed
ORD006081,2024-08-23,CUST00686,PROD0087,B004,3,3543.19,0.25,2657.4,2474.09,183.31,Completed
ORD006085,2024-11-21,CUST00581,PROD0062,B001,2,1459.06,0.1,1313.16,1157.44,155.72,Completed
ORD006090,2024-11-06,CUST01064,PROD0018,B004,2,3442.62,0.0,3442.62,2143.81,1298.81,Completed
ORD006092,2024-02-09,CUST01509,PROD0014,B002,5,6904.38,0.0,6904.38,3953.01,2951.37,Completed
ORD006093,2024-01-31,CUST00600,PROD0026,B001,3,1180.52,0.2,944.41,852.89,91.52,Completed
ORD006094,2024-01-17,CUST00719,PROD0065,B005,2,2702.67,0.1,2432.4,2022.43,409.97,Completed
ORD006099,2024-12-10,CUST00272,PROD0007,B004,2,95.41,0.05,90.64,71.51,19.13,Completed
ORD006103,2024-05-27,CUST01986,PROD0038,B001,1,59.93,0.15,50.94,40.71,10.23,Completed
ORD006104,2024-03-16,CUST01911,PROD0021,B001,1,845.16,0.0,845.16,513.58,331.58,Completed
ORD006107,2024-12-25,CUST00227,PROD0066,B003,2,2796.43,0.1,2516.79,2008.98,507.81,Completed
ORD006111,2024-09-29,CUST01906,PROD0010,B001,5,9212.77,0.05,8752.14,5359.98,3392.16,Completed
ORD006114,2024-10-07,CUST02486,PROD0047,B002,2,620.39,0.0,620.39,359.3,261.09,Completed
ORD006119,2024-03-17,CUST01236,PROD0049,B005,3,3998.17,0.1,3598.35,2313.24,1285.11,Completed
ORD006125,2024-12-05,CUST01035,PROD0032,B001,2,1472.87,0.15,1251.94,810.6,441.34,Completed
ORD006126,2024-09-05,CUST01189,PROD0019,B004,2,1777.39,0.1,1599.65,1108.38,491.27,Completed
ORD006130,2024-08-18,CUST01855,PROD0080,B003,3,1219.8,0.05,1158.81,845.99,312.82,Completed
ORD006142,2024-09-21,CUST00543,PROD0055,B005,5,2323.71,0.0,2323.71,1317.7,1006.01,Completed
ORD006148,2024-08-21,CUST02145,PROD0098,B003,5,4996.96,0.25,3747.72,2794.15,953.57,Completed
ORD006150,2024-03-13,CUST01236,PROD0017,B001,4,3478.37,0.15,2956.62,2527.92,428.7,Completed
ORD006153,2024-04-13,CUST00257,PROD0048,B005,5,4441.84,0.05,4219.74,3077.47,1142.27,Completed
ORD006157,2024-08-26,CUST01576,PROD0076,B001,1,299.98,0.1,269.98,240.05,29.93,Completed
ORD006159,2024-03-03,CUST01602,PROD0077,B004,5,1520.11,0.1,1368.1,1230.26,137.84,Completed
ORD006160,2024-08-26,CUST00309,PROD0069,B002,5,6325.17,0.0,6325.17,3432.19,2892.98,Completed
ORD006162,2024-04-20,CUST01418,PROD0102,B001,4,3085.61,0.0,3085.61,1779.46,1306.15,Completed
ORD006163,2024-10-22,CUST00934,PROD0037,B004,3,1739.02,0.1,1565.12,1447.68,117.44,Completed
ORD006164,2024-01-13,CUST01251,PROD0094,B004,1,195.28,0.1,175.75,117.02,58.73,Completed
ORD006167,2024-09-16,CUST00555,PROD0035,B002,4,2321.65,0.05,2205.57,1742.46,463.11,Completed
ORD006174,2024-01-31,CUST01028,PROD0009,B001,2,638.57,0.1,574.71,391.05,183.66,Completed
ORD006176,2024-10-16,CUST00578,PROD0073,B001,3,548.4,0.05,520.99,359.92,161.07,Completed
ORD006189,2024-03-15,CUST00295,PROD0039,B001,5,7413.45,0.25,5560.09,4131.23,1428.86,Completed
ORD006194,2024-03-16,CUST00893,PROD0111,B003,4,7339.28,0.05,6972.31,4428.25,2544.06,Completed
ORD006197,2024-07-02,CUST00120,PROD0080,B004,3,1219.8,0.2,975.84,845.99,129.85,Completed
ORD006198,2024-07-14,CUST01147,PROD0012,B001,1,129.62,0.1,116.65,87.57,29.08,Completed
ORD006204,2024-11-14,CUST00006,PROD0046,B002,4,893.34,0.2,714.67,674.21,40.46,Completed
ORD006206,2024-11-18,CUST01996,PROD0115,B001,5,3732.73,0.05,3546.1,2303.26,1242.84,Completed
ORD006216,2024-07-27,CUST00428,PROD0085,B001,3,129.15,0.15,109.78,102.34,7.44,Completed
ORD006217,2024-07-03,CUST01961,PROD0022,B003,4,5057.35,0.1,4551.62,3654.32,897.3,Completed
ORD006218,2024-09-13,CUST00565,PROD0073,B001,3,548.4,0.2,438.72,359.92,78.8,Completed
ORD006228,2024-03-12,CUST01626,PROD0078,B001,3,2795.86,0.0,2795.86,1721.93,1073.93,Completed
ORD006234,2024-07-20,CUST02288,PROD0074,B001,4,2611.38,0.15,2219.67,2019.35,200.32,Completed
ORD006235,2024-03-30,CUST02084,PROD0023,B003,3,3819.17,0.0,3819.17,2360.76,1458.41,Completed
ORD006237,2024-06-12,CUST00894,PROD0087,B002,4,4724.26,0.15,4015.62,3298.78,716.84,Completed
ORD006238,2024-08-14,CUST01138,PROD0008,B003,5,1327.77,0.2,1062.22,1094.54,-32.32,Completed
ORD006239,2024-10-08,CUST00447,PROD0088,B001,2,897.74,0.25,673.31,579.21,94.1,Completed
ORD006240,2024-08-18,CUST01750,PROD0090,B003,5,1599.39,0.05,1519.42,1000.91,518.51,Completed
ORD006241,2024-07-24,CUST02392,PROD0028,B002,1,730.19,0.15,620.66,458.51,162.15,Completed
ORD006243,2024-02-25,CUST02424,PROD0114,B004,2,2749.07,0.2,2199.26,2086.33,112.93,Completed
ORD006244,2024-08-13,CUST00385,PROD0093,B001,4,3465.41,0.2,2772.33,2542.69,229.64,Completed
ORD006255,2024-03-26,CUST00360,PROD0041,B003,2,230.15,0.2,184.12,124.98,59.14,Completed
ORD006257,2024-08-14,CUST00603,PROD0023,B005,5,6365.28,0.2,5092.22,3934.59,1157.63,Completed
ORD006258,2024-10-27,CUST00060,PROD0069,B005,5,6325.17,0.15,5376.4,3432.19,1944.21,Completed
ORD006264,2024-02-06,CUST02221,PROD0022,B002,1,1264.34,0.25,948.25,913.58,34.67,Completed
ORD006265,2024-10-10,CUST02144,PROD0094,B003,5,976.4,0.15,829.94,585.09,244.85,Completed
ORD006266,2024-03-20,CUST01606,PROD0055,B002,5,2323.71,0.05,2207.52,1317.7,889.82,Completed
ORD006269,2024-10-21,CUST02338,PROD0066,B005,5,6991.07,0.1,6291.96,5022.45,1269.51,Completed
ORD006274,2024-02-11,CUST01280,PROD0008,B004,2,531.11,0.0,531.11,437.82,93.29,Completed
ORD006281,2024-03-26,CUST00377,PROD0012,B005,3,388.85,0.15,330.52,262.72,67.8,Completed
ORD006282,2024-05-12,CUST01564,PROD0063,B001,4,530.72,0.05,504.19,401.86,102.33,Completed
ORD006287,2024-06-11,CUST01777,PROD0064,B003,3,2775.68,0.15,2359.33,2109.86,249.47,Completed
ORD006290,2024-12-16,CUST02177,PROD0052,B001,4,2642.73,0.15,2246.32,1813.4,432.92,Completed
ORD006292,2024-05-26,CUST00126,PROD0005,B002,2,2444.79,0.15,2078.07,1507.46,570.61,Completed
ORD006293,2024-12-04,CUST02091,PROD0039,B001,5,7413.45,0.0,7413.45,4131.23,3282.22,Completed
ORD006299,2024-06-08,CUST00582,PROD0027,B002,1,684.38,0.0,684.38,495.75,188.63,Completed
ORD006316,2024-02-04,CUST01759,PROD0052,B002,2,1321.37,0.05,1255.3,906.7,348.6,Completed
ORD006317,2024-02-26,CUST00464,PROD0091,B002,3,1241.02,0.15,1054.87,945.87,109.0,Completed
ORD006323,2024-10-28,CUST01623,PROD0070,B001,4,802.1,0.1,721.89,550.37,171.52,Completed
ORD006324,2024-04-11,CUST01416,PROD0002,B005,4,2720.55,0.1,2448.5,1645.04,803.46,Completed
ORD006325,2024-05-29,CUST02307,PROD0089,B004,5,1716.67,0.1,1545.0,1127.94,417.06,Completed
ORD006326,2024-04-24,CUST02197,PROD0045,B002,3,3014.25,0.1,2712.82,2149.67,563.15,Completed
ORD006327,2024-01-04,CUST00465,PROD0021,B003,5,4225.8,0.25,3169.35,2567.89,601.46,Completed
ORD006338,2024-12-29,CUST00790,PROD0039,B002,2,2965.38,0.1,2668.84,1652.49,1016.35,Completed
ORD006340,2024-06-20,CUST00707,PROD0017,B003,4,3478.37,0.0,3478.37,2527.92,950.45,Completed
ORD006344,2024-01-27,CUST02378,PROD0082,B002,2,4189.05,0.2,3351.24,2267.33,1083.91,Completed
ORD006349,2024-12-17,CUST00117,PROD0046,B001,5,1116.68,0.05,1060.84,842.77,218.07,Completed
ORD006356,2024-09-28,CUST01595,PROD0016,B002,1,88.86,0.15,75.54,53.22,22.32,Completed
ORD006357,2024-03-22,CUST00947,PROD0037,B001,5,2898.37,0.05,2753.45,2412.79,340.66,Completed
ORD006358,2024-12-07,CUST01834,PROD0011,B001,5,4239.74,0.1,3815.77,3288.12,527.65,Completed
ORD006361,2024-04-12,CUST01626,PROD0010,B004,5,9212.77,0.25,6909.58,5359.98,1549.6,Completed
ORD006362,2024-09-05,CUST01518,PROD0088,B005,3,1346.61,0.1,1211.95,868.81,343.14,Completed
ORD006365,2024-04-12,CUST00628,PROD0100,B004,5,4054.94,0.25,3041.21,3166.4,-125.19,Completed
ORD006369,2024-03-25,CUST00844,PROD0030,B002,3,3058.15,0.1,2752.33,2440.78,311.55,Completed
ORD006371,2024-01-22,CUST02396,PROD0016,B003,2,118.05,0.2,94.44,106.43,-11.99,Completed
ORD006373,2024-12-02,CUST01134,PROD0010,B004,5,9212.77,0.25,6909.58,5359.98,1549.6,Completed
ORD006377,2024-02-16,CUST00759,PROD0001,B004,3,5818.18,0.15,4945.46,3189.54,1755.92,Completed
ORD006378,2024-11-09,CUST02182,PROD0120,B002,4,2276.66,0.2,1821.33,1467.78,353.55,Completed
ORD006385,2024-01-01,CUST00009,PROD0099,B004,2,1698.54,0.05,1613.61,1187.14,426.47,Completed
ORD006388,2024-07-08,CUST01683,PROD0039,B002,4,5930.76,0.1,5337.68,3304.98,2032.7,Completed
ORD006389,2024-09-25,CUST01216,PROD0072,B002,1,465.16,0.05,441.9,326.62,115.28,Completed
ORD006390,2024-01-10,CUST01195,PROD0051,B002,2,1792.18,0.15,1523.36,1188.1,335.26,Completed
ORD006396,2024-01-08,CUST01887,PROD0050,B005,2,2198.28,0.15,1868.54,1268.54,600.0,Completed
ORD006403,2024-02-22,CUST00009,PROD0016,B001,2,177.73,0.0,177.73,106.43,71.3,Completed
ORD006407,2024-06-01,CUST02148,PROD0084,B003,3,1554.81,0.15,1321.59,1147.87,173.72,Completed
ORD006409,2024-08-16,CUST01018,PROD0022,B002,4,5057.35,0.15,4298.75,3654.32,644.43,Completed
ORD006411,2024-11-14,CUST01319,PROD0070,B001,5,1002.62,0.15,852.23,687.96,164.27,Completed
ORD006412,2024-12-18,CUST00785,PROD0089,B003,4,1373.33,0.05,1304.67,902.35,402.32,Completed
ORD006413,2024-01-24,CUST02269,PROD0110,B001,2,1593.43,0.2,1274.74,926.38,348.36,Completed
ORD006414,2024-02-03,CUST00368,PROD0056,B002,1,1411.72,0.15,1199.96,1057.64,142.32,Completed
ORD006415,2024-10-25,CUST01530,PROD0028,B003,5,3650.96,0.1,3285.87,2292.57,993.3,Completed
ORD006424,2024-12-03,CUST00675,PROD0057,B002,3,3015.3,0.15,2563.0,1946.86,616.14,Completed
ORD006432,2024-06-14,CUST01908,PROD0025,B003,4,3960.18,0.25,2970.13,2362.87,607.26,Completed
ORD006433,2024-02-24,CUST01615,PROD0014,B001,5,6904.38,0.15,5868.73,3953.01,1915.72,Completed
ORD006439,2024-08-16,CUST01381,PROD0028,B005,5,3650.96,0.0,3650.96,2292.57,1358.39,Completed
ORD006442,2024-04-10,CUST00626,PROD0105,B001,3,1265.21,0.05,1201.95,932.39,269.56,Completed
ORD006443,2024-01-28,CUST02148,PROD0109,B001,4,5423.46,0.2,4338.77,3900.44,438.33,Completed
ORD006445,2024-04-10,CUST01775,PROD0031,B003,3,2001.1,0.2,1600.88,1642.48,-41.6,Completed
ORD006446,2024-11-05,CUST01819,PROD0087,B002,1,1181.06,0.2,944.85,824.7,120.15,Completed
ORD006452,2024-06-06,CUST02158,PROD0075,B004,5,7069.49,0.15,6009.07,5462.28,546.79,Completed
ORD006454,2024-03-17,CUST01920,PROD0009,B003,4,1277.14,0.15,1085.57,782.1,303.47,Completed
ORD006456,2024-04-17,CUST00042,PROD0108,B005,4,3639.53,0.0,3639.53,2093.7,1545.83,Completed
ORD006459,2024-07-21,CUST00541,PROD0049,B003,5,6663.61,0.0,6663.61,3855.39,2808.22,Completed
ORD006460,2024-09-07,CUST01817,PROD0033,B003,2,1200.68,0.15,1020.58,766.49,254.09,Completed
ORD006477,2024-06-17,CUST01922,PROD0042,B002,1,1453.53,0.1,1308.17,1064.39,243.78,Completed
ORD006483,2024-11-18,CUST00253,PROD0002,B003,1,680.14,0.05,646.13,411.26,234.87,Completed
ORD006494,2024-01-16,CUST01610,PROD0102,B001,2,1542.8,0.1,1388.52,889.73,498.79,Completed
ORD006495,2024-03-23,CUST02205,PROD0047,B004,4,1240.79,0.15,1054.67,718.6,336.07,Completed
ORD006496,2024-03-17,CUST00005,PROD0119,B002,4,2394.33,0.0,2394.33,1737.24,657.09,Completed
ORD006513,2024-03-22,CUST01871,PROD0046,B003,5,1116.68,0.1,1005.01,842.77,162.24,Completed
ORD006514,2024-06-09,CUST01050,PROD0022,B002,5,6321.69,0.1,5689.52,4567.91,1121.61,Completed
ORD006521,2024-11-11,CUST00790,PROD0066,B001,3,4194.64,0.15,3565.45,3013.47,551.98,Completed
ORD006524,2024-03-03,CUST01235,PROD0042,B001,3,4360.58,0.05,4142.55,3193.16,949.39,Completed
ORD006527,2024-06-28,CUST02408,PROD0045,B004,5,5023.75,0.2,4019.0,3582.79,436.21,Completed
ORD006532,2024-09-25,CUST01834,PROD0036,B003,2,566.72,0.1,510.05,306.44,203.61,Completed
ORD006533,2024-04-11,CUST01364,PROD0016,B004,5,444.32,0.1,399.89,266.08,133.81,Completed
ORD006535,2024-05-06,CUST01981,PROD0038,B005,5,299.66,0.15,254.71,203.55,51.16,Completed
ORD006540,2024-04-30,CUST00039,PROD0081,B002,2,266.21,0.25,199.66,198.21,1.45,Completed
ORD006543,2024-10-02,CUST01664,PROD0044,B001,3,3281.84,0.2,2625.47,1822.23,803.24,Completed
ORD006550,2024-08-16,CUST01360,PROD0061,B005,1,448.2,0.0,448.2,315.02,133.18,Completed
ORD006568,2024-11-25,CUST00782,PROD0072,B002,1,465.16,0.05,441.9,326.62,115.28,Completed
ORD006574,2024-03-28,CUST02256,PROD0106,B001,1,718.58,0.05,682.65,431.22,251.43,Completed
ORD006583,2024-04-26,CUST00572,PROD0069,B004,1,1265.03,0.1,1138.53,686.44,452.09,Completed
ORD006584,2024-07-24,CUST00342,PROD0059,B001,2,1950.0,0.1,1755.0,1233.42,521.58,Completed
ORD006589,2024-09-18,CUST00681,PROD0053,B004,1,555.84,0.1,500.26,361.6,138.66,Completed
ORD006594,2024-01-22,CUST01152,PROD0049,B001,4,5330.89,0.15,4531.26,3084.32,1446.94,Completed
ORD006596,2024-08-22,CUST01538,PROD0060,B003,5,447.63,0.05,425.24,293.88,131.36,Completed
ORD006604,2024-11-03,CUST01948,PROD0046,B003,2,446.67,0.1,402.0,337.11,64.89,Completed
ORD006605,2024-06-14,CUST00515,PROD0012,B003,3,388.85,0.05,369.41,262.72,106.69,Completed
ORD006606,2024-01-04,CUST00171,PROD0039,B001,2,2965.38,0.15,2520.57,1652.49,868.08,Completed
ORD006608,2024-07-19,CUST02211,PROD0050,B003,5,5495.7,0.15,4671.35,3171.34,1500.01,Completed
ORD006625,2024-10-30,CUST01272,PROD0075,B001,5,7069.49,0.25,5302.12,5462.28,-160.16,Completed
ORD006627,2024-07-02,CUST02189,PROD0008,B005,2,531.11,0.05,504.55,437.82,66.73,Completed
ORD006628,2024-05-26,CUST00230,PROD0092,B003,4,417.78,0.1,376.0,266.55,109.45,Completed
ORD006636,2024-05-24,CUST01363,PROD0097,B001,4,7044.68,0.1,6340.21,4338.46,2001.75,Completed
ORD006639,2024-08-11,CUST00076,PROD0070,B001,3,601.57,0.2,481.26,412.77,68.49,Completed
ORD006650,2024-11-06,CUST00690,PROD0049,B005,3,3998.17,0.05,3798.26,2313.24,1485.02,Completed
ORD006656,2024-05-24,CUST02298,PROD0010,B002,4,7370.22,0.2,5896.17,4287.98,1608.19,Completed
ORD006658,2024-05-06,CUST01250,PROD0031,B001,1,667.03,0.15,566.98,547.49,19.49,Completed
ORD006662,2024-09-02,CUST00976,PROD0113,B002,2,2508.37,0.0,2508.37,1813.91,694.46,Completed
ORD006663,2024-10-27,CUST00726,PROD0006,B001,4,2677.86,0.1,2410.07,1943.61,466.46,Completed
ORD006665,2024-05-18,CUST00231,PROD0024,B004,3,3846.1,0.0,3846.1,2109.28,1736.82,Completed
ORD006668,2024-12-28,CUST01166,PROD0013,B001,5,3382.77,0.0,3382.77,2288.62,1094.15,Completed
ORD006678,2024-08-22,CUST00026,PROD0072,B001,4,1860.63,0.2,1488.51,1306.48,182.03,Completed
ORD006681,2024-11-30,CUST01969,PROD0053,B003,5,2779.19,0.25,2084.39,1808.01,276.38,Completed
ORD006691,2024-01-29,CUST00159,PROD0038,B001,3,179.79,0.15,152.83,122.13,30.7,Completed
ORD006693,2024-06-01,CUST01116,PROD0119,B001,5,2992.91,0.1,2693.62,2171.55,522.07,Completed
ORD006697,2024-12-03,CUST01711,PROD0112,B002,3,2599.09,0.1,2339.18,2034.98,304.2,Completed
ORD006698,2024-09-07,CUST00943,PROD0067,B004,4,3627.23,0.15,3083.15,1989.31,1093.84,Completed
ORD006703,2024-07-07,CUST00036,PROD0091,B004,4,1654.7,0.05,1571.96,1261.16,310.8,Completed
ORD006705,2024-02-25,CUST01869,PROD0026,B005,5,1967.53,0.1,1770.78,1421.48,349.3,Completed
ORD006707,2024-01-06,CUST00906,PROD0092,B003,2,208.89,0.15,177.56,133.27,44.29,Completed
ORD006708,2024-08-24,CUST00131,PROD0039,B005,2,2965.38,0.05,2817.11,1652.49,1164.62,Completed
ORD006713,2024-09-19,CUST01599,PROD0050,B005,5,5495.7,0.05,5220.92,3171.34,2049.58,Completed
ORD006717,2024-02-22,CUST01316,PROD0012,B004,2,259.23,0.2,207.39,175.15,32.24,Completed
ORD006719,2024-03-19,CUST01345,PROD0120,B003,3,1707.5,0.0,1707.5,1100.84,606.66,Completed
ORD006725,2024-08-27,CUST01804,PROD0118,B003,5,1449.42,0.15,1232.01,970.84,261.17,Completed
ORD006729,2024-11-19,CUST01176,PROD0033,B003,2,1200.68,0.2,960.54,766.49,194.05,Completed
ORD006733,2024-08-07,CUST00456,PROD0100,B003,4,3243.95,0.0,3243.95,2533.12,710.83,Completed
ORD006737,2024-06-29,CUST01322,PROD0073,B005,2,365.6,0.2,292.48,239.94,52.54,Completed
ORD006742,2024-12-01,CUST01843,PROD0058,B001,3,938.27,0.15,797.53,523.75,273.78,Completed
ORD006744,2024-12-22,CUST02254,PROD0040,B001,2,1981.35,0.15,1684.14,1080.7,603.44,Completed
ORD006749,2024-03-23,CUST01841,PROD0048,B003,3,2665.1,0.15,2265.34,1846.48,418.86,Completed
ORD006750,2024-05-28,CUST01336,PROD0064,B004,4,3700.91,0.1,3330.82,2813.15,517.67,Completed
ORD006759,2024-08-20,CUST00069,PROD0112,B002,5,4331.81,0.0,4331.81,3391.64,940.17,Completed
ORD006761,2024-01-26,CUST01245,PROD0058,B001,1,312.76,0.05,297.12,174.58,122.54,Completed
ORD006764,2024-03-04,CUST02352,PROD0113,B001,4,5016.73,0.0,5016.73,3627.81,1388.92,Completed
ORD006774,2024-07-17,CUST02330,PROD0028,B005,3,2190.58,0.1,1971.52,1375.54,595.98,Completed
ORD006778,2024-08-21,CUST02419,PROD0108,B002,2,1819.76,0.1,1637.79,1046.85,590.94,Completed
ORD006786,2024-01-12,CUST01130,PROD0062,B001,3,2188.59,0.0,2188.59,1736.16,452.43,Completed
ORD006789,2024-11-06,CUST00636,PROD0098,B003,3,2998.18,0.25,2248.63,1676.49,572.14,Completed
ORD006790,2024-10-17,CUST00430,PROD0026,B001,4,1574.03,0.05,1495.32,1137.19,358.13,Completed
ORD006791,2024-05-28,CUST02480,PROD0085,B003,4,172.21,0.15,146.37,136.46,9.91,Completed
ORD006792,2024-06-09,CUST01133,PROD0003,B001,3,1133.37,0.05,1076.7,803.19,273.51,Completed
ORD006793,2024-07-30,CUST01594,PROD0108,B004,1,909.88,0.15,773.4,523.42,249.98,Completed
ORD006794,2024-01-19,CUST01772,PROD0042,B002,2,2907.05,0.05,2761.7,2128.77,632.93,Completed
ORD006795,2024-12-13,CUST00933,PROD0042,B002,3,4360.58,0.1,3924.52,3193.16,731.36,Completed
ORD006796,2024-03-07,CUST01881,PROD0028,B002,3,2190.58,0.05,2081.05,1375.54,705.51,Completed
ORD006801,2024-04-08,CUST01846,PROD0027,B001,5,3421.89,0.15,2908.6,2478.73,429.87,Completed
ORD006802,2024-03-21,CUST02295,PROD0015,B002,4,5684.27,0.1,5115.84,3534.91,1580.93,Completed
ORD006806,2024-05-13,CUST01612,PROD0095,B003,5,1775.68,0.05,1686.9,1339.42,347.48,Completed
ORD006814,2024-11-07,CUST00125,PROD0052,B003,2,1321.37,0.15,1123.16,906.7,216.46,Completed
ORD006819,2024-07-08,CUST00653,PROD0032,B001,1,736.43,0.0,736.43,405.3,331.13,Completed
ORD006830,2024-07-22,CUST00222,PROD0092,B002,3,313.33,0.2,250.67,199.91,50.76,Completed
ORD006835,2024-02-23,CUST02116,PROD0048,B004,5,4441.84,0.15,3775.56,3077.47,698.09,Completed
ORD006837,2024-10-26,CUST01841,PROD0101,B002,5,3231.94,0.25,2423.96,2302.51,121.45,Completed
ORD006851,2024-08-18,CUST01949,PROD0079,B002,2,346.61,0.15,294.61,233.14,61.47,Completed
ORD006852,2024-05-16,CUST02352,PROD0059,B003,5,4875.0,0.25,3656.25,3083.56,572.69,Completed
ORD006858,2024-01-23,CUST00729,PROD0044,B002,5,5469.74,0.1,4922.77,3037.05,1885.72,Completed
ORD006864,2024-01-17,CUST00891,PROD0083,B001,1,1654.19,0.1,1488.77,1121.48,367.29,Completed
ORD006867,2024-09-15,CUST01025,PROD0112,B004,3,2599.09,0.2,2079.27,2034.98,44.29,Completed
ORD006871,2024-07-12,CUST02443,PROD0085,B001,3,129.15,0.0,129.15,102.34,26.81,Completed
ORD006872,2024-04-27,CUST02393,PROD0065,B003,1,1351.33,0.1,1216.2,1011.22,204.98,Completed
ORD006877,2024-05-01,CUST00736,PROD0025,B004,2,1980.09,0.0,1980.09,1181.43,798.66,Completed
ORD006884,2024-05-11,CUST01451,PROD0037,B001,2,1159.35,0.0,1159.35,965.12,194.23,Completed
ORD006886,2024-10-02,CUST01731,PROD0120,B005,5,2845.83,0.0,2845.83,1834.73,1011.1,Completed
ORD006887,2024-05-28,CUST02154,PROD0105,B004,3,1265.21,0.0,1265.21,932.39,332.82,Completed
ORD006896,2024-06-28,CUST00855,PROD0055,B002,2,929.48,0.15,790.06,527.08,262.98,Completed
ORD006898,2024-04-27,CUST01325,PROD0047,B002,4,1240.79,0.0,1240.79,718.6,522.19,Completed
ORD006900,2024-11-06,CUST00539,PROD0051,B001,3,2688.28,0.05,2553.86,1782.15,771.71,Completed
ORD006907,2024-11-02,CUST00614,PROD0104,B002,3,4807.36,0.2,3845.89,3178.71,667.18,Completed
ORD006908,2024-12-09,CUST00547,PROD0036,B001,1,283.36,0.1,255.03,153.22,101.81,Completed
ORD006911,2024-02-06,CUST01345,PROD0028,B001,4,2920.77,0.0,2920.77,1834.06,1086.71,Completed
ORD006918,2024-01-04,CUST01576,PROD0107,B001,1,1778.2,0.05,1689.29,1087.67,601.62,Completed
ORD006922,2024-07-08,CUST01081,PROD0080,B001,3,1219.8,0.1,1097.82,845.99,251.83,Completed
ORD006928,2024-07-04,CUST00902,PROD0041,B004,1,115.08,0.0,115.08,62.49,52.59,Completed
ORD006931,2024-01-12,CUST00052,PROD0084,B005,1,518.27,0.1,466.44,382.62,83.82,Completed
ORD006935,2024-08-10,CUST00064,PROD0003,B002,4,1511.16,0.1,1360.05,1070.91,289.14,Completed
ORD006936,2024-08-20,CUST00939,PROD0108,B001,2,1819.76,0.25,1364.82,1046.85,317.97,Completed
ORD006946,2024-08-04,CUST00721,PROD0014,B001,2,2761.75,0.15,2347.49,1581.2,766.29,Completed
ORD006948,2024-05-14,CUST00029,PROD0100,B001,2,1621.98,0.25,1216.48,1266.56,-50.08,Completed
ORD006953,2024-12-07,CUST00942,PROD0037,B001,3,1739.02,0.1,1565.12,1447.68,117.44,Completed
ORD006956,2024-12-03,CUST00433,PROD0114,B001,4,5498.14,0.05,5223.24,4172.67,1050.57,Completed
ORD006959,2024-02-23,CUST02414,PROD0114,B002,2,2749.07,0.1,2474.16,2086.33,387.83,Completed
ORD006961,2024-04-19,CUST00637,PROD0071,B003,2,959.57,0.05,911.59,747.14,164.45,Completed
ORD006963,2024-10-09,CUST01707,PROD0086,B002,3,1583.6,0.15,1346.06,1202.23,143.83,Completed
ORD006967,2024-11-25,CUST02386,PROD0029,B001,1,458.01,0.0,458.01,265.85,192.16,Completed
ORD006968,2024-06-06,CUST00500,PROD0097,B005,2,3522.34,0.05,3346.22,2169.23,1176.99,Completed
ORD006977,2024-02-29,CUST00647,PROD0052,B005,2,1321.37,0.15,1123.16,906.7,216.46,Completed
ORD006983,2024-08-07,CUST00695,PROD0011,B001,3,1609.51,0.05,1529.04,1972.87,-443.83,Completed
ORD006987,2024-10-11,CUST00823,PROD0026,B001,2,787.01,0.05,747.66,568.59,179.07,Completed
ORD006989,2024-02-09,CUST00617,PROD0061,B003,5,2241.0,0.0,2241.0,1575.12,665.88,Completed
ORD006995,2024-09-06,CUST00368,PROD0037,B003,2,1159.35,0.1,1043.41,965.12,78.29,Completed
ORD006999,2024-01-12,CUST00087,PROD0042,B003,3,4360.58,0.1,3924.52,3193.16,731.36,Completed
ORD007012,2024-12-06,CUST01147,PROD0093,B001,4,3465.41,0.0,3465.41,2542.69,922.72,Completed
ORD007013,2024-03-22,CUST00222,PROD0099,B002,5,4246.35,0.1,3821.71,2967.84,853.87,Completed
ORD007015,2024-09-09,CUST01296,PROD0029,B001,2,916.01,0.15,778.61,531.7,246.91,Completed
ORD007017,2024-01-24,CUST02187,PROD0025,B004,5,4950.22,0.15,4207.69,2953.59,1254.1,Completed
ORD007022,2024-12-29,CUST00992,PROD0047,B003,1,310.2,0.05,294.68,179.65,115.03,Completed
ORD007023,2024-07-07,CUST00748,PROD0065,B001,4,5405.34,0.25,4054.0,4044.87,9.13,Completed
ORD007026,2024-05-30,CUST02252,PROD0051,B003,2,1792.18,0.05,1702.58,1188.1,514.48,Completed
ORD007030,2024-12-01,CUST02238,PROD0046,B001,5,1116.68,0.15,949.17,842.77,106.4,Completed
ORD007034,2024-10-21,CUST01235,PROD0023,B003,5,6365.28,0.2,5092.22,3934.59,1157.63,Completed
ORD007051,2024-07-15,CUST00137,PROD0043,B001,2,582.79,0.0,582.79,357.29,225.5,Completed
ORD007060,2024-11-11,CUST00322,PROD0007,B003,3,143.12,0.05,135.96,107.26,28.7,Completed
ORD007068,2024-10-05,CUST02118,PROD0093,B001,2,1732.71,0.05,1646.07,1271.34,374.73,Completed
ORD007070,2024-07-18,CUST01913,PROD0003,B003,2,755.58,0.05,717.81,535.46,182.35,Completed
ORD007073,2024-06-03,CUST00609,PROD0078,B001,3,2795.86,0.15,2376.48,1721.93,654.55,Completed
ORD007081,2024-05-20,CUST02402,PROD0024,B004,1,1282.03,0.1,1153.83,703.09,450.74,Completed
ORD007096,2024-08-30,CUST01363,PROD0016,B003,5,444.32,0.0,444.32,266.08,178.24,Completed
ORD007098,2024-04-07,CUST01901,PROD0007,B004,4,190.83,0.05,181.29,143.01,38.28,Completed
ORD007100,2024-07-09,CUST01879,PROD0005,B004,3,3667.18,0.1,3300.47,2261.19,1039.28,Completed
ORD007109,2024-08-26,CUST02405,PROD0019,B003,3,2666.08,0.2,2132.87,1662.57,470.3,Completed
ORD007111,2024-07-18,CUST00412,PROD0013,B001,2,1353.11,0.0,1353.11,915.45,437.66,Completed
ORD007123,2024-07-11,CUST02382,PROD0109,B001,3,4067.6,0.0,4067.6,2925.33,1142.27,Completed
ORD007127,2024-05-01,CUST00061,PROD0114,B002,2,2749.07,0.15,2336.71,2086.33,250.38,Completed
ORD007131,2024-12-13,CUST00187,PROD0114,B002,4,5498.14,0.1,4948.33,4172.67,775.66,Completed
ORD007139,2024-07-05,CUST01452,PROD0017,B001,5,4347.97,0.0,4347.97,3159.89,1188.08,Completed
ORD007143,2024-12-25,CUST01601,PROD0096,B002,2,3553.84,0.2,2843.08,2068.95,774.13,Completed
ORD007146,2024-10-16,CUST02018,PROD0105,B004,3,1265.21,0.0,1265.21,932.39,332.82,Completed
ORD007147,2024-11-03,CUST00789,PROD0100,B003,2,1621.98,0.0,1621.98,1266.56,355.42,Completed
ORD007148,2024-04-28,CUST01295,PROD0106,B001,5,3592.9,0.1,3233.61,2156.1,1077.51,Completed
ORD007149,2024-03-23,CUST00291,PROD0090,B001,4,1279.51,0.1,1151.56,800.72,350.84,Completed
ORD007155,2024-03-12,CUST01254,PROD0078,B003,2,1863.91,0.1,1677.52,1147.95,529.57,Completed
ORD007157,2024-07-30,CUST00543,PROD0094,B001,1,195.28,0.05,185.52,117.02,68.5,Completed
ORD007159,2024-12-09,CUST02196,PROD0062,B002,1,729.53,0.05,693.05,578.72,114.33,Completed
ORD007183,2024-09-22,CUST00284,PROD0063,B002,1,132.68,0.05,126.05,100.47,25.58,Completed
ORD007186,2024-11-18,CUST01854,PROD0102,B003,5,3857.01,0.1,3471.31,2224.33,1246.98,Completed
ORD007191,2024-11-17,CUST02177,PROD0052,B002,3,1982.05,0.0,1982.05,1360.05,622.0,Completed
ORD007196,2024-02-02,CUST01997,PROD0054,B002,5,5638.39,0.1,5074.55,3810.16,1264.39,Completed
ORD007198,2024-12-11,CUST00293,PROD0085,B001,4,172.21,0.15,146.37,136.46,9.91,Completed
ORD007199,2024-01-13,CUST01908,PROD0095,B004,5,1775.68,0.1,1598.12,1339.42,258.7,Completed
ORD007201,2024-08-21,CUST00351,PROD0003,B002,4,1511.16,0.0,1511.16,1070.91,440.25,Completed
ORD007202,2024-11-21,CUST02487,PROD0008,B001,3,796.66,0.0,796.66,656.72,139.94,Completed
ORD007206,2024-09-06,CUST01397,PROD0088,B001,1,448.87,0.05,426.43,289.6,136.83,Completed
ORD007216,2024-09-09,CUST00331,PROD0016,B005,1,88.86,0.2,71.09,53.22,17.87,Completed
ORD007218,2024-09-08,CUST02057,PROD0039,B004,5,7413.45,0.15,6301.43,4131.23,2170.2,Completed
ORD007224,2024-10-13,CUST00137,PROD0018,B001,2,3442.62,0.0,3442.62,2143.81,1298.81,Completed
ORD007229,2024-12-20,CUST00046,PROD0015,B001,2,2842.13,0.0,2842.13,1767.45,1074.68,Completed
ORD007231,2024-09-12,CUST00082,PROD0036,B005,5,1416.8,0.05,1345.96,766.09,579.87,Completed
ORD007233,2024-08-27,CUST01005,PROD0017,B001,4,3478.37,0.2,2782.7,2527.92,254.78,Completed
ORD007238,2024-10-01,CUST02058,PROD0042,B001,2,2907.05,0.2,2325.64,2128.77,196.87,Completed
ORD007240,2024-07-30,CUST01405,PROD0071,B001,2,959.57,0.0,959.57,747.14,212.43,Completed
ORD007251,2024-08-25,CUST02109,PROD0044,B001,2,2187.9,0.25,1640.92,1214.82,426.1,Completed
ORD007254,2024-02-29,CUST01688,PROD0115,B004,1,746.55,0.05,709.22,460.65,248.57,Completed
ORD007256,2024-02-23,CUST01886,PROD0020,B001,5,3803.19,0.1,3422.87,2738.67,684.2,Completed
ORD007257,2024-03-17,CUST00016,PROD0092,B005,1,104.44,0.15,88.78,66.64,22.14,Completed
ORD007261,2024-01-10,CUST01146,PROD0061,B005,2,896.4,0.0,896.4,630.05,266.35,Completed
ORD007262,2024-05-05,CUST01311,PROD0119,B002,4,2394.33,0.05,2274.61,1737.24,537.37,Completed
ORD007265,2024-08-03,CUST01792,PROD0044,B002,1,1093.95,0.2,875.16,607.41,267.75,Completed
ORD007271,2024-03-25,CUST00461,PROD0059,B001,5,4875.0,0.1,4387.5,3083.56,1303.94,Completed
ORD007274,2024-11-28,CUST01359,PROD0039,B001,4,5930.76,0.0,5930.76,3304.98,2625.78,Completed
ORD007280,2024-01-20,CUST01194,PROD0005,B002,2,2444.79,0.0,2444.79,1507.46,937.33,Completed
ORD007290,2024-03-09,CUST01313,PROD0050,B002,1,1099.14,0.1,989.23,634.27,354.96,Completed
ORD007291,2024-08-25,CUST01904,PROD0103,B003,5,4363.29,0.0,4363.29,2582.17,1781.12,Completed
ORD007293,2024-07-26,CUST00741,PROD0027,B002,3,2053.13,0.15,1745.16,1487.24,257.92,Completed
ORD007295,2024-12-18,CUST01942,PROD0104,B001,1,1602.45,0.0,1602.45,1059.57,542.88,Completed
ORD007301,2024-01-01,CUST01062,PROD0077,B001,2,608.04,0.1,547.24,492.1,55.14,Completed
ORD007310,2024-07-16,CUST00178,PROD0089,B002,2,686.67,0.1,618.0,451.18,166.82,Completed
ORD007311,2024-12-12,CUST00282,PROD0082,B001,4,8378.11,0.15,7121.39,4534.66,2586.73,Completed
ORD007323,2024-06-06,CUST01079,PROD0048,B002,4,3553.47,0.1,3198.12,2461.98,736.14,Completed
ORD007325,2024-07-02,CUST01888,PROD0075,B001,3,4241.7,0.1,3817.52,3277.37,540.15,Completed
ORD007333,2024-02-20,CUST00777,PROD0111,B005,1,1834.82,0.15,1559.59,1107.06,452.53,Completed
ORD007335,2024-12-31,CUST00958,PROD0042,B002,3,4360.58,0.05,4142.55,3193.16,949.39,Completed
ORD007338,2024-03-11,CUST00901,PROD0064,B001,5,4626.14,0.25,3469.6,3516.44,-46.84,Completed
ORD007346,2024-01-02,CUST01837,PROD0112,B003,2,1732.73,0.2,1386.18,1356.66,29.52,Completed
ORD007349,2024-03-14,CUST00419,PROD0105,B002,4,1686.95,0.1,1518.25,1243.18,275.07,Completed
ORD007355,2024-11-05,CUST00602,PROD0098,B002,2,1998.78,0.15,1698.97,1117.66,581.31,Completed
ORD007357,2024-12-11,CUST01727,PROD0045,B004,4,4019.0,0.05,3818.05,2866.23,951.82,Completed
ORD007359,2024-11-10,CUST01425,PROD0020,B003,3,2281.92,0.05,2167.82,1643.2,524.62,Completed
ORD007380,2024-11-18,CUST02350,PROD0074,B003,2,1305.69,0.15,1109.83,1009.68,100.15,Completed
ORD007381,2024-02-23,CUST01317,PROD0059,B005,1,975.0,0.2,780.0,616.71,163.29,Completed
ORD007383,2024-05-21,CUST02356,PROD0114,B003,5,6872.68,0.0,6872.68,5215.83,1656.85,Completed
ORD007385,2024-09-21,CUST01821,PROD0078,B003,1,931.95,0.0,931.95,573.98,357.97,Completed
ORD007390,2024-02-19,CUST01354,PROD0023,B004,5,6365.28,0.1,5728.76,3934.59,1794.17,Completed
ORD007395,2024-09-07,CUST00626,PROD0106,B003,2,1437.16,0.0,1437.16,862.44,574.72,Completed
ORD007399,2024-12-24,CUST00673,PROD0079,B004,3,519.91,0.2,415.93,349.71,66.22,Completed
ORD007403,2024-05-22,CUST01667,PROD0109,B001,3,4067.6,0.05,3864.22,2925.33,938.89,Completed
ORD007404,2024-09-27,CUST01948,PROD0069,B001,1,1265.03,0.15,1075.28,686.44,388.84,Completed
ORD007407,2024-07-29,CUST01093,PROD0022,B001,2,2528.68,0.05,2402.24,1827.16,575.08,Completed
ORD007410,2024-05-23,CUST00929,PROD0026,B005,3,829.03,0.1,746.13,852.89,-106.76,Completed
ORD007412,2024-05-10,CUST02321,PROD0095,B001,5,1775.68,0.05,1686.9,1339.42,347.48,Completed
ORD007415,2024-07-31,CUST00166,PROD0004,B001,3,897.52,0.1,807.77,573.31,234.46,Completed
ORD007417,2024-05-14,CUST02131,PROD0069,B003,3,3795.1,0.15,3225.84,2059.31,1166.53,Completed
ORD007431,2024-08-25,CUST00549,PROD0036,B002,4,1133.44,0.0,1133.44,612.87,520.57,Completed
ORD007438,2024-05-05,CUST00528,PROD0093,B001,4,3465.41,0.0,3465.41,2542.69,922.72,Completed
ORD007439,2024-10-29,CUST00403,PROD0045,B001,5,5023.75,0.25,3767.81,3582.79,185.02,Completed
ORD007443,2024-08-30,CUST00543,PROD0068,B004,4,4099.74,0.05,3894.75,3293.45,601.3,Completed
ORD007445,2024-11-27,CUST01142,PROD0018,B001,5,8606.54,0.1,7745.88,5359.54,2386.34,Completed
ORD007451,2024-12-27,CUST02404,PROD0043,B005,5,1456.99,0.15,1238.44,893.23,345.21,Completed
ORD007452,2024-07-13,CUST00052,PROD0107,B001,5,8891.01,0.15,7557.35,5438.35,2119.0,Completed
ORD007453,2024-04-10,CUST02314,PROD0095,B003,4,1420.55,0.0,1420.55,1071.54,349.01,Completed
ORD007457,2024-03-03,CUST01466,PROD0111,B001,2,3669.64,0.15,3119.19,2214.12,905.07,Completed
ORD007458,2024-10-04,CUST02215,PROD0026,B002,2,787.01,0.1,708.31,568.59,139.72,Completed
ORD007463,2024-10-29,CUST00118,PROD0010,B002,5,9212.77,0.15,7830.86,5359.98,2470.88,Completed
ORD007472,2024-04-16,CUST01647,PROD0092,B002,2,208.89,0.0,208.89,133.27,75.62,Completed
ORD007473,2024-08-05,CUST01741,PROD0004,B005,4,1196.7,0.15,1017.19,764.42,252.77,Completed
ORD007478,2024-05-28,CUST01773,PROD0067,B001,1,906.81,0.15,770.79,497.33,273.46,Completed
ORD007479,2024-02-26,CUST02319,PROD0118,B005,4,1159.53,0.1,1043.58,776.67,266.91,Completed
ORD007482,2024-04-02,CUST01047,PROD0113,B001,4,5016.73,0.1,4515.06,3627.81,887.25,Completed
ORD007483,2024-09-29,CUST00067,PROD0074,B002,5,3264.22,0.25,2448.16,2524.19,-76.03,Completed
ORD007485,2024-08-10,CUST02136,PROD0007,B003,2,95.41,0.0,95.41,71.51,23.9,Completed
ORD007487,2024-09-26,CUST01010,PROD0077,B002,2,608.04,0.1,547.24,492.1,55.14,Completed
ORD007491,2024-12-20,CUST00501,PROD0067,B001,3,2720.42,0.0,2720.42,1491.98,1228.44,Completed
ORD007499,2024-06-03,CUST00859,PROD0025,B001,2,1980.09,0.0,1980.09,1181.43,798.66,Completed
ORD007505,2024-03-16,CUST00326,PROD0011,B005,3,2543.84,0.1,2289.46,1972.87,316.59,Completed
ORD007510,2024-08-02,CUST00458,PROD0048,B002,5,4441.84,0.15,3775.56,3077.47,698.09,Completed
ORD007518,2024-02-11,CUST00517,PROD0020,B005,1,760.64,0.2,608.51,547.73,60.78,Completed
ORD007520,2024-08-11,CUST02127,PROD0021,B002,5,4225.8,0.25,3169.35,2567.89,601.46,Completed
ORD007521,2024-12-12,CUST00886,PROD0104,B004,3,4807.36,0.0,4807.36,3178.71,1628.65,Completed
ORD007522,2024-02-09,CUST01484,PROD0106,B002,1,359.11,0.0,359.11,431.22,-72.11,Completed
ORD007524,2024-12-03,CUST00563,PROD0012,B005,1,129.62,0.1,116.65,87.57,29.08,Completed
ORD007532,2024-12-02,CUST00967,PROD0087,B002,1,1181.06,0.1,1062.96,824.7,238.26,Completed
ORD007536,2024-03-12,CUST00707,PROD0036,B004,2,566.72,0.1,510.05,306.44,203.61,Completed
ORD007539,2024-08-02,CUST00678,PROD0084,B003,5,2591.35,0.2,2073.08,1913.12,159.96,Completed
ORD007542,2024-10-31,CUST00794,PROD0084,B002,2,1036.54,0.0,1036.54,765.25,271.29,Completed
ORD007549,2024-08-10,CUST01346,PROD0009,B002,4,1277.14,0.2,1021.71,782.1,239.61,Completed
ORD007552,2024-08-03,CUST02156,PROD0108,B002,5,4549.41,0.15,3867.0,2617.12,1249.88,Completed
ORD007556,2024-07-15,CUST01840,PROD0036,B001,2,566.72,0.2,453.38,306.44,146.94,Completed
ORD007560,2024-09-02,CUST01985,PROD0114,B002,3,4123.61,0.1,3711.24,3129.5,581.74,Completed
ORD007569,2024-04-21,CUST02383,PROD0047,B004,5,1550.99,0.2,1240.79,898.25,342.54,Completed
ORD007573,2024-02-08,CUST02436,PROD0069,B002,3,3795.1,0.1,3415.59,2059.31,1356.28,Completed
ORD007590,2024-01-19,CUST02305,PROD0107,B001,1,1778.2,0.15,1511.47,1087.67,423.8,Completed
ORD007592,2024-07-02,CUST00693,PROD0012,B002,3,388.85,0.0,388.85,262.72,126.13,Completed
ORD007599,2024-11-30,CUST02002,PROD0092,B005,1,104.44,0.1,94.0,66.64,27.36,Completed
ORD007603,2024-09-16,CUST00373,PROD0063,B005,5,663.4,0.0,663.4,502.33,161.07,Completed
ORD007606,2024-02-20,CUST01265,PROD0111,B002,1,1834.82,0.0,1834.82,1107.06,727.76,Completed
ORD007607,2024-11-22,CUST00549,PROD0017,B005,5,4347.97,0.05,4130.57,3159.89,970.68,Completed
ORD007613,2024-03-23,CUST02256,PROD0011,B005,2,1695.9,0.15,1441.51,1315.25,126.26,Completed
ORD007616,2024-02-12,CUST01990,PROD0059,B004,1,975.0,0.2,780.0,616.71,163.29,Completed
ORD007622,2024-05-26,CUST00590,PROD0078,B003,5,4659.77,0.0,4659.77,2869.89,1789.88,Completed
ORD007623,2024-03-01,CUST00977,PROD0084,B003,2,1036.54,0.05,984.71,765.25,219.46,Completed
ORD007629,2024-11-15,CUST00329,PROD0064,B001,1,925.23,0.05,878.97,703.29,175.68,Completed
ORD007636,2024-11-20,CUST01161,PROD0044,B004,4,4375.79,0.05,4157.0,2429.64,1727.36,Completed
ORD007642,2024-05-20,CUST00729,PROD0055,B005,1,464.74,0.0,464.74,263.54,201.2,Completed
ORD007643,2024-04-12,CUST00590,PROD0117,B003,2,1544.53,0.05,1467.3,952.25,515.05,Completed
ORD007647,2024-12-17,CUST01458,PROD0073,B002,2,365.6,0.1,329.04,239.94,89.1,Completed
ORD007651,2024-10-08,CUST00339,PROD0028,B002,4,2920.77,0.05,2774.73,1834.06,940.67,Completed
ORD007652,2024-01-06,CUST01609,PROD0023,B004,3,3819.17,0.05,3628.21,2360.76,1267.45,Completed
ORD007656,2024-04-02,CUST01197,PROD0045,B001,4,4019.0,0.1,3617.1,2866.23,750.87,Completed
ORD007657,2024-06-02,CUST02199,PROD0048,B004,1,888.37,0.1,799.53,615.49,184.04,Completed
ORD007661,2024-04-26,CUST00052,PROD0064,B002,1,925.23,0.0,925.23,703.29,221.94,Completed
ORD007664,2024-12-23,CUST01619,PROD0112,B003,5,4331.81,0.2,3465.45,3391.64,73.81,Completed
ORD007665,2024-03-21,CUST01096,PROD0026,B003,2,787.01,0.2,629.61,568.59,61.02,Completed
ORD007667,2024-11-03,CUST00825,PROD0083,B005,3,4962.56,0.0,4962.56,3364.43,1598.13,Completed
ORD007669,2024-02-11,CUST00544,PROD0053,B001,3,1667.51,0.15,1417.39,1084.81,332.58,Completed
ORD007670,2024-11-30,CUST01650,PROD0025,B001,1,990.04,0.05,940.54,590.72,349.82,Completed
ORD007679,2024-11-10,CUST01816,PROD0092,B001,5,522.22,0.2,417.78,333.18,84.6,Completed
ORD007691,2024-08-18,CUST01912,PROD0031,B005,4,2668.14,0.05,2534.73,2189.98,344.75,Completed
ORD007693,2024-07-03,CUST00630,PROD0102,B005,5,3857.01,0.0,3857.01,2224.33,1632.68,Completed
ORD007705,2024-08-24,CUST01194,PROD0007,B001,1,47.71,0.0,47.71,35.75,11.96,Completed
ORD007706,2024-07-09,CUST01940,PROD0040,B003,1,990.67,0.1,891.61,540.35,351.26,Completed
ORD007709,2024-08-07,CUST00979,PROD0019,B003,1,888.69,0.0,888.69,554.19,334.5,Completed
ORD007711,2024-05-28,CUST00212,PROD0119,B004,4,2394.33,0.1,2154.89,1737.24,417.65,Completed
ORD007719,2024-11-27,CUST00451,PROD0080,B001,3,1219.8,0.05,1158.81,845.99,312.82,Completed
ORD007720,2024-08-25,CUST02414,PROD0070,B004,3,601.57,0.15,511.34,412.77,98.57,Completed
ORD007730,2024-02-15,CUST00364,PROD0037,B002,5,2898.37,0.1,2608.53,2412.79,195.74,Completed
ORD007733,2024-02-07,CUST01658,PROD0055,B004,5,2323.71,0.1,2091.34,1317.7,773.64,Completed
ORD007736,2024-12-17,CUST02030,PROD0118,B005,4,1159.53,0.05,1101.56,776.67,324.89,Completed
ORD007744,2024-08-14,CUST00746,PROD0110,B002,2,1593.43,0.15,1354.41,926.38,428.03,Completed
ORD007747,2024-09-13,CUST01250,PROD0116,B004,4,1048.69,0.1,943.82,860.36,83.46,Completed
ORD007750,2024-08-10,CUST00785,PROD0113,B003,2,2508.37,0.0,2508.37,1813.91,694.46,Completed
ORD007751,2024-04-23,CUST01854,PROD0049,B003,4,5330.89,0.15,4531.26,3084.32,1446.94,Completed
ORD007758,2024-10-22,CUST01478,PROD0030,B001,3,3058.15,0.0,3058.15,2440.78,617.37,Completed
ORD007764,2024-04-21,CUST00312,PROD0069,B004,3,3795.1,0.05,3605.35,2059.31,1546.04,Completed
ORD007766,2024-09-08,CUST01998,PROD0071,B001,5,2398.93,0.05,2278.98,1867.86,411.12,Completed
ORD007773,2024-12-04,CUST02055,PROD0022,B004,3,3793.01,0.0,3793.01,2740.74,1052.27,Completed
ORD007786,2024-02-26,CUST01949,PROD0029,B002,3,1374.02,0.2,1099.21,797.55,301.66,Completed
ORD007787,2024-04-28,CUST01439,PROD0065,B002,3,4054.0,0.05,3851.31,3033.65,817.66,Completed
ORD007796,2024-11-14,CUST02008,PROD0074,B001,3,1958.53,0.15,1664.75,1514.51,150.24,Completed
ORD007799,2024-07-04,CUST00718,PROD0015,B002,1,1421.07,0.1,1278.96,883.73,395.23,Completed
ORD007806,2024-11-05,CUST01774,PROD0015,B001,1,1421.07,0.05,1350.01,883.73,466.28,Completed
ORD007807,2024-01-13,CUST01970,PROD0084,B002,1,518.27,0.05,492.35,382.62,109.73,Completed
ORD007811,2024-12-08,CUST01022,PROD0002,B003,5,3400.69,0.05,3230.66,2056.3,1174.36,Completed
ORD007812,2024-01-07,CUST01329,PROD0054,B001,1,1127.68,0.0,1127.68,762.03,365.65,Completed
ORD007818,2024-01-22,CUST02383,PROD0062,B002,2,1459.06,0.0,1459.06,1157.44,301.62,Completed
ORD007819,2024-01-18,CUST02253,PROD0001,B001,3,5818.18,0.1,5236.37,3189.54,2046.83,Completed
ORD007823,2024-12-26,CUST01370,PROD0094,B001,2,390.56,0.25,292.92,234.04,58.88,Completed
ORD007827,2024-04-05,CUST01398,PROD0026,B001,3,1180.52,0.2,944.41,852.89,91.52,Completed
ORD007829,2024-04-23,CUST00997,PROD0058,B001,1,312.76,0.1,281.48,174.58,106.9,Completed
ORD007830,2024-10-30,CUST01081,PROD0042,B004,2,2907.05,0.2,2325.64,2128.77,196.87,Completed
ORD007831,2024-05-29,CUST00186,PROD0066,B004,5,6991.07,0.1,6291.96,5022.45,1269.51,Completed
ORD007834,2024-08-20,CUST00733,PROD0003,B005,5,1888.96,0.15,1605.61,1338.64,266.97,Completed
ORD007837,2024-11-27,CUST02298,PROD0039,B002,5,7413.45,0.05,7042.78,4131.23,2911.55,Completed
ORD007838,2024-07-13,CUST00822,PROD0041,B003,5,575.39,0.1,517.85,312.45,205.4,Completed
ORD007847,2024-04-16,CUST01063,PROD0079,B003,1,173.3,0.0,173.3,116.57,56.73,Completed
ORD007849,2024-10-17,CUST00740,PROD0008,B003,3,796.66,0.25,597.5,656.72,-59.22,Completed
ORD007857,2024-08-06,CUST01197,PROD0070,B003,3,601.57,0.0,601.57,412.77,188.8,Completed
ORD007859,2024-12-16,CUST00101,PROD0118,B005,5,1449.42,0.05,1376.95,970.84,406.11,Completed
ORD007869,2024-02-09,CUST02339,PROD0102,B002,3,2314.2,0.1,2082.79,1334.6,748.19,Completed
ORD007878,2024-03-13,CUST00341,PROD0042,B002,4,5814.11,0.15,4941.99,4257.54,684.45,Completed
ORD007881,2024-03-13,CUST02252,PROD0069,B002,4,5060.14,0.0,5060.14,2745.75,2314.39,Completed
ORD007882,2024-02-27,CUST01754,PROD0102,B001,5,3857.01,0.05,3664.16,2224.33,1439.83,Completed
ORD007885,2024-09-17,CUST02468,PROD0065,B004,2,2702.67,0.0,2702.67,2022.43,680.24,Completed
ORD007891,2024-01-07,CUST01250,PROD0052,B002,5,3303.42,0.25,2477.56,2266.75,210.81,Completed
ORD007892,2024-09-17,CUST01978,PROD0103,B004,1,872.66,0.1,785.39,516.43,268.96,Completed
ORD007898,2024-10-30,CUST00249,PROD0010,B005,4,7370.22,0.1,6633.2,4287.98,2345.22,Completed
ORD007899,2024-05-03,CUST01660,PROD0005,B004,2,2444.79,0.0,2444.79,1507.46,937.33,Completed
ORD007900,2024-07-06,CUST00519,PROD0029,B001,1,458.01,0.1,412.21,265.85,146.36,Completed
ORD007912,2024-04-14,CUST01816,PROD0058,B001,2,625.51,0.05,594.24,349.16,245.08,Completed
ORD007918,2024-06-21,CUST02292,PROD0105,B004,2,843.47,0.2,674.78,621.59,53.19,Completed
ORD007925,2024-02-10,CUST01532,PROD0070,B004,5,1002.62,0.2,802.1,687.96,114.14,Completed
ORD007926,2024-08-07,CUST02324,PROD0058,B004,4,1251.03,0.1,1125.92,698.33,427.59,Completed
ORD007932,2024-05-14,CUST00017,PROD0051,B001,4,3584.37,0.1,3225.93,2376.21,849.72,Completed
ORD007934,2024-04-19,CUST02485,PROD0029,B004,3,1374.02,0.1,1236.62,797.55,439.07,Completed
ORD007936,2024-05-10,CUST00459,PROD0030,B005,2,2038.77,0.1,1834.89,1627.19,207.7,Completed
ORD007938,2024-06-10,CUST02089,PROD0085,B005,1,43.05,0.15,36.6,34.11,2.49,Completed
ORD007939,2024-06-29,CUST00818,PROD0027,B005,3,1234.73,0.1,1111.25,1487.24,-375.99,Completed
ORD007942,2024-04-19,CUST02301,PROD0105,B003,5,2108.69,0.2,1686.95,1553.98,132.97,Completed
ORD007949,2024-11-13,CUST01122,PROD0023,B005,3,3819.17,0.1,3437.25,2360.76,1076.49,Completed
ORD007959,2024-05-23,CUST01946,PROD0063,B001,4,530.72,0.2,424.58,401.86,22.72,Completed
ORD007960,2024-08-15,CUST00295,PROD0052,B003,2,1321.37,0.0,1321.37,906.7,414.67,Completed
ORD007967,2024-04-27,CUST01385,PROD0022,B002,2,2528.68,0.25,1896.51,1827.16,69.35,Completed
ORD007972,2024-03-21,CUST02171,PROD0083,B005,2,2437.93,0.15,2072.24,2242.95,-170.71,Completed
ORD007974,2024-12-14,CUST00559,PROD0112,B001,5,4331.81,0.1,3898.63,3391.64,506.99,Completed
ORD007978,2024-01-09,CUST00619,PROD0044,B001,4,4375.79,0.0,4375.79,2429.64,1946.15,Completed
ORD007979,2024-10-21,CUST00215,PROD0112,B005,1,866.36,0.15,736.41,678.33,58.08,Completed
ORD007980,2024-11-26,CUST00427,PROD0027,B002,2,1368.76,0.1,1231.88,991.49,240.39,Completed
ORD007983,2024-11-18,CUST01234,PROD0018,B002,2,3442.62,0.0,3442.62,2143.81,1298.81,Completed
ORD007985,2024-09-06,CUST01555,PROD0006,B002,4,2677.86,0.05,2543.96,1943.61,600.35,Completed
ORD007988,2024-07-11,CUST02485,PROD0009,B003,3,957.85,0.05,909.96,586.58,323.38,Completed
ORD007990,2024-08-28,CUST00761,PROD0054,B005,1,1127.68,0.2,902.14,762.03,140.11,Completed
ORD007993,2024-06-16,CUST01492,PROD0008,B003,2,531.11,0.1,478.0,437.82,40.18,Completed
ORD007994,2024-02-11,CUST00624,PROD0009,B003,3,957.85,0.1,862.07,586.58,275.49,Completed
ORD008004,2024-02-05,CUST01288,PROD0002,B002,3,2040.42,0.15,1734.35,1233.78,500.57,Completed
ORD008011,2024-04-30,CUST00944,PROD0079,B001,1,173.3,0.2,138.64,116.57,22.07,Completed
ORD008014,2024-06-22,CUST00484,PROD0027,B004,2,1368.76,0.1,1231.88,991.49,240.39,Completed
ORD008022,2024-06-08,CUST00081,PROD0015,B001,1,1421.07,0.2,1136.85,883.73,253.12,Completed
ORD008025,2024-01-19,CUST02274,PROD0118,B001,5,1449.42,0.1,1304.48,970.84,333.64,Completed
ORD008026,2024-05-23,CUST01851,PROD0043,B005,1,291.4,0.2,233.12,178.65,54.47,Completed
ORD008027,2024-11-15,CUST01543,PROD0099,B001,2,1698.54,0.05,1613.61,1187.14,426.47,Completed
ORD008029,2024-01-20,CUST02272,PROD0039,B002,2,2965.38,0.25,2224.03,1652.49,571.54,Completed
ORD008031,2024-01-06,CUST00254,PROD0071,B004,4,1919.14,0.1,1727.23,1494.29,232.94,Completed
ORD008040,2024-11-08,CUST01829,PROD0119,B001,5,2992.91,0.1,2693.62,2171.55,522.07,Completed
ORD008043,2024-07-28,CUST00036,PROD0005,B004,2,2444.79,0.05,2322.55,1507.46,815.09,Completed
ORD008047,2024-06-17,CUST02485,PROD0061,B004,3,1344.6,0.25,1008.45,945.07,63.38,Completed
ORD008053,2024-04-06,CUST01070,PROD0027,B001,1,684.38,0.1,615.94,495.75,120.19,Completed
ORD008064,2024-02-06,CUST02199,PROD0024,B001,5,6410.17,0.05,6089.67,3515.47,2574.2,Completed
ORD008068,2024-11-20,CUST01730,PROD0047,B001,4,1240.79,0.05,1178.75,718.6,460.15,Completed
ORD008069,2024-09-10,CUST00912,PROD0100,B004,2,1621.98,0.15,1378.68,1266.56,112.12,Completed
ORD008070,2024-06-14,CUST02430,PROD0111,B005,4,7339.28,0.2,5871.42,4428.25,1443.17,Completed
ORD008077,2024-11-05,CUST00354,PROD0011,B001,1,847.95,0.15,720.76,657.62,63.14,Completed
ORD008081,2024-12-31,CUST00005,PROD0071,B004,5,2398.93,0.2,1919.14,1867.86,51.28,Completed
ORD008106,2024-09-25,CUST02495,PROD0082,B001,2,4189.05,0.1,3770.15,2267.33,1502.82,Completed
ORD008107,2024-04-01,CUST02119,PROD0063,B002,4,530.72,0.1,477.65,401.86,75.79,Completed
ORD008108,2024-03-01,CUST00743,PROD0060,B003,3,268.58,0.1,241.72,176.33,65.39,Completed
ORD008115,2024-06-20,CUST01803,PROD0010,B005,1,1842.55,0.1,1658.3,1072.0,586.3,Completed
ORD008117,2024-10-21,CUST01517,PROD0109,B002,3,4067.6,0.0,4067.6,2925.33,1142.27,Completed
ORD008122,2024-10-13,CUST01665,PROD0050,B004,4,4396.56,0.15,3737.08,2537.07,1200.01,Completed
ORD008123,2024-06-18,CUST00157,PROD0002,B002,1,680.14,0.1,612.12,411.26,200.86,Completed
ORD008124,2024-07-03,CUST00229,PROD0064,B001,2,1850.46,0.05,1757.93,1406.57,351.36,Completed
ORD008125,2024-03-04,CUST00963,PROD0098,B002,1,999.39,0.1,899.45,558.83,340.62,Completed
ORD008132,2024-02-29,CUST02433,PROD0014,B002,4,5523.51,0.05,5247.33,3162.41,2084.92,Completed
ORD008142,2024-01-25,CUST01469,PROD0067,B002,2,1813.62,0.05,1722.94,994.65,728.29,Completed
ORD008144,2024-06-03,CUST01807,PROD0050,B002,4,4396.56,0.0,4396.56,2537.07,1859.49,Completed
ORD008145,2024-04-15,CUST02152,PROD0096,B003,5,8884.61,0.1,7996.15,5172.37,2823.78,Completed
ORD008147,2024-09-01,CUST01371,PROD0019,B003,5,4443.47,0.05,4221.3,2770.95,1450.35,Completed
ORD008150,2024-05-26,CUST01662,PROD0012,B003,1,129.62,0.2,103.7,87.57,16.13,Completed
ORD008151,2024-07-09,CUST02362,PROD0086,B001,3,1249.95,0.2,999.96,1202.23,-202.27,Completed
ORD008170,2024-08-22,CUST00284,PROD0017,B001,2,1739.19,0.1,1565.27,1263.96,301.31,Completed
ORD008173,2024-11-15,CUST00276,PROD0096,B001,2,2486.59,0.25,1864.94,2068.95,-204.01,Completed
ORD008175,2024-10-15,CUST02053,PROD0074,B001,1,652.84,0.2,522.28,504.84,17.44,Completed
ORD008176,2024-02-03,CUST00644,PROD0075,B004,3,4241.7,0.2,3393.36,3277.37,115.99,Completed
ORD008183,2024-08-26,CUST00348,PROD0111,B002,5,9174.1,0.2,7339.28,5535.31,1803.97,Completed
ORD008184,2024-02-12,CUST02201,PROD0110,B003,4,3186.86,0.1,2868.17,1852.77,1015.4,Completed
ORD008185,2024-04-11,CUST01428,PROD0097,B003,1,1761.17,0.0,1761.17,1084.62,676.55,Completed
ORD008186,2024-01-09,CUST02270,PROD0082,B003,4,8378.11,0.25,6283.58,4534.66,1748.92,Completed
ORD008198,2024-01-12,CUST01048,PROD0110,B002,5,3983.57,0.1,3585.21,2315.96,1269.25,Completed
ORD008199,2024-09-12,CUST00462,PROD0036,B002,1,283.36,0.0,283.36,153.22,130.14,Completed
ORD008204,2024-05-17,CUST01567,PROD0094,B005,3,585.84,0.15,497.97,351.05,146.92,Completed
ORD008209,2024-09-04,CUST01444,PROD0092,B004,5,522.22,0.0,522.22,333.18,189.04,Completed
ORD008212,2024-11-17,CUST02237,PROD0051,B005,3,2688.28,0.2,2150.62,1782.15,368.47,Completed
ORD008213,2024-12-11,CUST02136,PROD0080,B005,3,1219.8,0.05,1158.81,845.99,312.82,Completed
ORD008214,2024-06-12,CUST02360,PROD0039,B003,3,4448.07,0.1,4003.26,2478.74,1524.52,Completed
ORD008215,2024-11-12,CUST00212,PROD0058,B001,2,625.51,0.1,562.96,349.16,213.8,Completed
ORD008216,2024-03-02,CUST01292,PROD0001,B003,1,1939.39,0.0,1939.39,1063.18,876.21,Completed
ORD008220,2024-07-19,CUST01423,PROD0048,B003,4,3553.47,0.1,3198.12,2461.98,736.14,Completed
ORD008222,2024-11-30,CUST01110,PROD0099,B002,2,1698.54,0.1,1528.68,1187.14,341.54,Completed
ORD008224,2024-11-26,CUST00044,PROD0094,B001,3,585.84,0.0,585.84,351.05,234.79,Completed
ORD008225,2024-02-15,CUST01673,PROD0099,B002,4,3397.08,0.1,3057.37,2374.27,683.1,Completed
ORD008233,2024-01-12,CUST01770,PROD0068,B003,2,2049.87,0.0,2049.87,1646.73,403.14,Completed
ORD008235,2024-05-16,CUST00742,PROD0023,B001,5,6365.28,0.1,5728.76,3934.59,1794.17,Completed
ORD008241,2024-06-11,CUST00959,PROD0119,B004,2,1197.16,0.0,1197.16,868.62,328.54,Completed
ORD008243,2024-01-01,CUST02203,PROD0095,B002,3,1065.41,0.0,1065.41,803.65,261.76,Completed
ORD008246,2024-03-05,CUST02407,PROD0080,B003,5,2033.0,0.2,1626.4,1409.99,216.41,Completed
ORD008255,2024-09-24,CUST01883,PROD0055,B003,2,929.48,0.15,790.06,527.08,262.98,Completed
ORD008257,2024-03-11,CUST01081,PROD0107,B005,5,8891.01,0.1,8001.91,5438.35,2563.56,Completed
ORD008259,2024-12-01,CUST01495,PROD0089,B001,3,1030.0,0.2,824.0,676.76,147.24,Completed
ORD008263,2024-01-21,CUST01604,PROD0042,B001,3,4360.58,0.15,3706.49,3193.16,513.33,Completed
ORD008266,2024-11-23,CUST01041,PROD0113,B005,1,1254.18,0.2,1003.35,906.95,96.4,Completed
ORD008267,2024-12-02,CUST01625,PROD0074,B005,1,652.84,0.2,522.28,504.84,17.44,Completed
ORD008268,2024-12-24,CUST00835,PROD0033,B003,1,600.34,0.1,540.31,383.24,157.07,Completed
ORD008274,2024-05-31,CUST01463,PROD0071,B001,4,1919.14,0.1,1727.23,1494.29,232.94,Completed
ORD008275,2024-01-24,CUST01157,PROD0116,B002,4,1048.69,0.05,996.26,860.36,135.9,Completed
ORD008276,2024-02-20,CUST01726,PROD0010,B002,2,3685.11,0.15,3132.35,2143.99,988.36,Completed
ORD008281,2024-06-10,CUST00350,PROD0039,B005,2,2965.38,0.1,2668.84,1652.49,1016.35,Completed
ORD008285,2024-05-03,CUST00923,PROD0110,B003,3,2390.14,0.2,1912.11,1389.57,522.54,Completed
ORD008289,2024-02-21,CUST00057,PROD0005,B003,4,4889.58,0.0,4889.58,3014.92,1874.66,Completed
ORD008291,2024-09-29,CUST01515,PROD0075,B001,1,1413.9,0.05,1343.2,1092.46,250.74,Completed
ORD008295,2024-01-28,CUST01098,PROD0100,B001,3,2432.96,0.05,2311.32,1899.84,411.48,Completed
ORD008297,2024-02-20,CUST00685,PROD0117,B001,1,772.26,0.0,772.26,476.12,296.14,Completed
ORD008313,2024-04-08,CUST00147,PROD0057,B001,1,1005.1,0.1,904.59,648.95,255.64,Completed
ORD008315,2024-08-19,CUST02474,PROD0006,B005,2,1338.93,0.05,1271.98,971.81,300.17,Completed
ORD008316,2024-09-01,CUST01704,PROD0108,B002,5,4549.41,0.1,4094.47,2617.12,1477.35,Completed
ORD008319,2024-12-05,CUST01491,PROD0038,B001,3,179.79,0.0,179.79,122.13,57.66,Completed
ORD008322,2024-05-04,CUST01465,PROD0083,B002,1,1654.19,0.05,1571.48,1121.48,450.0,Completed
ORD008324,2024-04-22,CUST00541,PROD0049,B005,1,1332.72,0.15,1132.81,771.08,361.73,Completed
ORD008327,2024-10-24,CUST01587,PROD0061,B003,3,1344.6,0.05,1277.37,945.07,332.3,Completed
ORD008329,2024-11-09,CUST01534,PROD0052,B004,4,2642.73,0.0,2642.73,1813.4,829.33,Completed
ORD008331,2024-04-18,CUST01217,PROD0016,B001,1,88.86,0.0,88.86,53.22,35.64,Completed
ORD008344,2024-09-19,CUST00419,PROD0010,B002,3,5527.66,0.15,4698.52,3215.99,1482.53,Completed
ORD008347,2024-10-01,CUST00741,PROD0099,B001,2,1698.54,0.15,1443.76,1187.14,256.62,Completed
ORD008348,2024-01-16,CUST00762,PROD0085,B002,4,172.21,0.25,129.15,136.46,-7.31,Completed
ORD008349,2024-01-23,CUST01936,PROD0010,B002,5,9212.77,0.05,8752.14,5359.98,3392.16,Completed
ORD008357,2024-05-26,CUST01160,PROD0085,B004,3,129.15,0.25,96.87,102.34,-5.47,Completed
ORD008363,2024-01-05,CUST01295,PROD0046,B004,1,223.34,0.05,212.17,168.55,43.62,Completed
ORD008365,2024-04-19,CUST02252,PROD0076,B001,3,899.93,0.1,809.93,720.15,89.78,Completed
ORD008369,2024-08-25,CUST01630,PROD0046,B001,5,1116.68,0.0,1116.68,842.77,273.91,Completed
ORD008373,2024-10-12,CUST01628,PROD0095,B002,4,1420.55,0.15,1207.46,1071.54,135.92,Completed
ORD008380,2024-01-02,CUST00450,PROD0036,B001,2,566.72,0.15,481.71,306.44,175.27,Completed
ORD008385,2024-07-13,CUST01969,PROD0066,B003,1,1398.21,0.0,1398.21,1004.49,393.72,Completed
ORD008386,2024-09-30,CUST01033,PROD0049,B003,5,6663.61,0.25,4997.71,3855.39,1142.32,Completed
ORD008389,2024-08-06,CUST00260,PROD0085,B004,4,172.21,0.2,137.76,136.46,1.3,Completed
ORD008394,2024-05-23,CUST00247,PROD0117,B004,5,3861.32,0.0,3861.32,2380.62,1480.7,Completed
ORD008397,2024-10-05,CUST01510,PROD0097,B001,5,8805.85,0.1,7925.27,5423.08,2502.19,Completed
ORD008404,2024-05-01,CUST02398,PROD0069,B003,1,1265.03,0.15,1075.28,686.44,388.84,Completed
ORD008407,2024-02-13,CUST02170,PROD0001,B005,4,7757.58,0.0,7757.58,4252.71,3504.87,Completed
ORD008411,2024-04-02,CUST01999,PROD0074,B001,3,1958.53,0.1,1762.68,1514.51,248.17,Completed
ORD008423,2024-06-22,CUST00692,PROD0094,B005,2,390.56,0.05,371.03,234.04,136.99,Completed
ORD008431,2024-08-18,CUST01544,PROD0109,B001,2,2711.73,0.15,2304.97,1950.22,354.75,Completed
ORD008434,2024-08-09,CUST00345,PROD0077,B003,3,912.07,0.2,729.66,738.16,-8.5,Completed
ORD008435,2024-07-14,CUST01278,PROD0111,B002,5,9174.1,0.15,7797.98,5535.31,2262.67,Completed
ORD008440,2024-01-05,CUST00189,PROD0106,B004,2,1437.16,0.05,1365.3,862.44,502.86,Completed
ORD008453,2024-06-19,CUST01354,PROD0008,B004,5,1327.77,0.2,1062.22,1094.54,-32.32,Completed
ORD008457,2024-10-26,CUST00113,PROD0028,B005,3,2190.58,0.0,2190.58,1375.54,815.04,Completed
ORD008462,2024-04-09,CUST02428,PROD0057,B004,3,3015.3,0.0,3015.3,1946.86,1068.44,Completed
ORD008465,2024-12-16,CUST01262,PROD0117,B001,2,1544.53,0.25,1158.4,952.25,206.15,Completed
ORD008467,2024-03-03,CUST02312,PROD0083,B004,3,3793.01,0.25,2844.76,3364.43,-519.67,Completed
ORD008469,2024-11-14,CUST02252,PROD0054,B002,2,2255.35,0.05,2142.59,1524.07,618.52,Completed
ORD008471,2024-07-21,CUST00218,PROD0070,B005,5,1002.62,0.0,1002.62,687.96,314.66,Completed
ORD008473,2024-08-22,CUST00297,PROD0096,B002,2,3553.84,0.1,3198.46,2068.95,1129.51,Completed
ORD008477,2024-12-27,CUST02103,PROD0029,B005,5,2290.03,0.2,1832.02,1329.25,502.77,Completed
ORD008478,2024-07-06,CUST01773,PROD0106,B003,1,718.58,0.0,718.58,431.22,287.36,Completed
ORD008493,2024-07-05,CUST02430,PROD0020,B004,3,2281.92,0.1,2053.72,1643.2,410.52,Completed
ORD008494,2024-08-16,CUST00392,PROD0016,B003,2,177.73,0.2,142.18,106.43,35.75,Completed
ORD008495,2024-10-15,CUST01631,PROD0009,B001,1,319.28,0.15,271.39,195.53,75.86,Completed
ORD008496,2024-08-23,CUST02145,PROD0040,B002,2,1981.35,0.0,1981.35,1080.7,900.65,Completed
ORD008502,2024-05-24,CUST01841,PROD0035,B001,3,1741.24,0.1,1567.11,1306.85,260.26,Completed
ORD008503,2024-10-30,CUST00578,PROD0029,B005,3,684.36,0.05,650.14,797.55,-147.41,Completed
ORD008505,2024-07-03,CUST00843,PROD0094,B002,1,195.28,0.25,146.46,117.02,29.44,Completed
ORD008512,2024-12-12,CUST02298,PROD0113,B003,3,3762.55,0.15,3198.17,2720.86,477.31,Completed
ORD008514,2024-02-06,CUST02424,PROD0084,B002,4,2073.08,0.05,1969.42,1530.5,438.92,Completed
ORD008518,2024-07-22,CUST02109,PROD0048,B004,3,2665.1,0.15,2265.34,1846.48,418.86,Completed
ORD008520,2024-06-20,CUST02344,PROD0046,B002,3,670.01,0.15,569.5,505.66,63.84,Completed
ORD008522,2024-04-11,CUST00209,PROD0056,B004,1,1411.72,0.1,1270.55,1057.64,212.91,Completed
ORD008531,2024-12-02,CUST00504,PROD0047,B001,1,310.2,0.05,294.68,179.65,115.03,Completed
ORD008537,2024-12-20,CUST00977,PROD0077,B001,1,304.02,0.15,258.42,246.05,12.37,Completed
ORD008540,2024-03-22,CUST00812,PROD0021,B004,5,4225.8,0.0,4225.8,2567.89,1657.91,Completed
ORD008543,2024-07-01,CUST00210,PROD0044,B005,1,1093.95,0.0,1093.95,607.41,486.54,Completed
ORD008545,2024-05-31,CUST01271,PROD0093,B003,5,4331.76,0.15,3682.0,3178.36,503.64,Completed
ORD008550,2024-01-04,CUST00013,PROD0058,B004,1,312.76,0.2,250.2,174.58,75.62,Completed
ORD008557,2024-12-19,CUST01091,PROD0056,B002,5,7058.6,0.15,5999.81,5288.22,711.59,Completed
ORD008561,2024-04-08,CUST00711,PROD0028,B003,5,3650.96,0.0,3650.96,2292.57,1358.39,Completed
ORD008565,2024-07-24,CUST00838,PROD0049,B003,4,5330.89,0.25,3998.17,3084.32,913.85,Completed
ORD008566,2024-07-01,CUST01508,PROD0079,B002,1,173.3,0.15,147.31,116.57,30.74,Completed
ORD008575,2024-11-10,CUST01461,PROD0089,B004,4,1373.33,0.05,1304.67,902.35,402.32,Completed
ORD008576,2024-03-06,CUST00293,PROD0110,B002,4,3186.86,0.1,2868.17,1852.77,1015.4,Completed
ORD008578,2024-07-13,CUST00211,PROD0106,B001,3,2155.74,0.15,1832.38,1293.66,538.72,Completed
ORD008580,2024-01-05,CUST00421,PROD0047,B001,4,1240.79,0.15,1054.67,718.6,336.07,Completed
ORD008581,2024-06-25,CUST02085,PROD0102,B002,2,1542.8,0.2,1234.24,889.73,344.51,Completed
ORD008582,2024-08-04,CUST01951,PROD0030,B003,5,5096.92,0.05,4842.07,4067.97,774.1,Completed
ORD008583,2024-08-17,CUST01809,PROD0031,B001,2,1334.07,0.0,1334.07,1094.99,239.08,Completed
ORD008598,2024-10-30,CUST00910,PROD0094,B002,3,585.84,0.0,585.84,351.05,234.79,Completed
ORD008604,2024-08-08,CUST01860,PROD0094,B002,5,976.4,0.05,927.58,585.09,342.49,Completed
ORD008607,2024-04-02,CUST02500,PROD0100,B005,2,1621.98,0.1,1459.78,1266.56,193.22,Completed
ORD008611,2024-04-09,CUST02465,PROD0084,B001,3,1554.81,0.05,1477.07,1147.87,329.2,Completed
ORD008612,2024-04-28,CUST00279,PROD0105,B001,2,843.47,0.15,716.95,621.59,95.36,Completed
ORD008618,2024-08-28,CUST01453,PROD0038,B005,4,239.73,0.25,179.79,162.84,16.95,Completed
ORD008619,2024-02-15,CUST01949,PROD0092,B001,3,313.33,0.2,250.67,199.91,50.76,Completed
ORD008620,2024-02-14,CUST02004,PROD0042,B001,1,1453.53,0.05,1380.85,1064.39,316.46,Completed
ORD008622,2024-05-29,CUST01345,PROD0068,B001,3,3074.8,0.15,2613.58,2470.09,143.49,Completed
ORD008628,2024-01-18,CUST02347,PROD0019,B002,2,1777.39,0.1,1599.65,1108.38,491.27,Completed
ORD008642,2024-08-16,CUST02374,PROD0069,B001,2,2530.07,0.0,2530.07,1372.88,1157.19,Completed
ORD008644,2024-02-08,CUST00287,PROD0075,B004,1,902.03,0.0,902.03,1092.46,-190.43,Completed
ORD008649,2024-04-16,CUST01278,PROD0064,B001,5,4626.14,0.05,4394.83,3516.44,878.39,Completed
ORD008652,2024-09-03,CUST00813,PROD0087,B001,1,1181.06,0.05,1122.01,824.7,297.31,Completed
ORD008655,2024-06-04,CUST01871,PROD0090,B004,1,319.88,0.2,255.9,200.18,55.72,Completed
ORD008657,2024-12-26,CUST01495,PROD0102,B002,4,3085.61,0.1,2777.05,1779.46,997.59,Completed
ORD008659,2024-10-10,CUST00815,PROD0098,B002,5,4996.96,0.25,3747.72,2794.15,953.57,Completed
ORD008670,2024-01-27,CUST00532,PROD0040,B001,1,990.67,0.05,941.14,540.35,400.79,Completed
ORD008677,2024-08-10,CUST00803,PROD0005,B003,2,2444.79,0.15,2078.07,1507.46,570.61,Completed
ORD008685,2024-05-17,CUST00683,PROD0046,B004,3,670.01,0.1,603.0,505.66,97.34,Completed
ORD008686,2024-07-06,CUST00012,PROD0072,B003,1,465.16,0.2,372.13,326.62,45.51,Completed
ORD008687,2024-01-02,CUST01958,PROD0113,B005,4,5016.73,0.15,4264.23,3627.81,636.42,Completed
ORD008688,2024-07-23,CUST01130,PROD0050,B005,4,4396.56,0.05,4176.73,2537.07,1639.66,Completed
ORD008689,2024-04-18,CUST00915,PROD0051,B002,4,3584.37,0.05,3405.15,2376.21,1028.94,Completed
ORD008692,2024-08-07,CUST01628,PROD0035,B003,1,580.41,0.0,580.41,435.62,144.79,Completed
ORD008698,2024-09-08,CUST01443,PROD0101,B004,5,3231.94,0.15,2747.15,2302.51,444.64,Completed
ORD008705,2024-09-29,CUST01020,PROD0052,B002,3,1982.05,0.1,1783.85,1360.05,423.8,Completed
ORD008710,2024-11-05,CUST00310,PROD0097,B005,1,1761.17,0.2,1408.94,1084.62,324.32,Completed
ORD008718,2024-01-19,CUST02331,PROD0087,B002,3,3543.19,0.1,3188.87,2474.09,714.78,Completed
ORD008728,2024-04-10,CUST01490,PROD0038,B004,4,239.73,0.2,191.78,162.84,28.94,Completed
ORD008743,2024-03-21,CUST01864,PROD0104,B004,5,8012.27,0.0,8012.27,5297.84,2714.43,Completed
ORD008748,2024-08-16,CUST00617,PROD0013,B003,4,2706.22,0.1,2435.6,1830.9,604.7,Completed
ORD008749,2024-06-09,CUST01814,PROD0010,B004,4,7370.22,0.0,7370.22,4287.98,3082.24,Completed
ORD008751,2024-04-18,CUST02082,PROD0049,B004,1,1332.72,0.05,1266.09,771.08,495.01,Completed
ORD008754,2024-01-29,CUST00619,PROD0075,B005,4,5655.6,0.2,4524.47,4369.82,154.65,Completed
ORD008757,2024-08-09,CUST01921,PROD0073,B002,1,182.8,0.15,155.38,119.97,35.41,Completed
ORD008760,2024-09-19,CUST02136,PROD0001,B001,4,7757.58,0.2,6206.06,4252.71,1953.35,Completed
ORD008762,2024-07-11,CUST00170,PROD0079,B005,2,346.61,0.0,346.61,233.14,113.47,Completed
ORD008776,2024-06-11,CUST01660,PROD0064,B002,1,925.23,0.1,832.71,703.29,129.42,Completed
ORD008777,2024-05-19,CUST01146,PROD0050,B004,4,4396.56,0.15,3737.08,2537.07,1200.01,Completed
ORD008780,2024-10-16,CUST01496,PROD0070,B002,5,1002.62,0.05,952.49,687.96,264.53,Completed
ORD008782,2024-12-07,CUST02215,PROD0040,B001,4,3962.7,0.2,3170.16,2161.41,1008.75,Completed
ORD008783,2024-10-17,CUST02472,PROD0077,B004,3,912.07,0.2,729.66,738.16,-8.5,Completed
ORD008784,2024-12-22,CUST01767,PROD0045,B001,1,1004.75,0.2,803.8,716.56,87.24,Completed
ORD008787,2024-05-24,CUST01139,PROD0033,B005,2,1200.68,0.05,1140.65,766.49,374.16,Completed
ORD008791,2024-05-12,CUST01177,PROD0039,B001,1,1482.69,0.25,1112.02,826.25,285.77,Completed
ORD008792,2024-11-03,CUST01871,PROD0106,B003,4,2874.32,0.2,2299.46,1724.88,574.58,Completed
ORD008799,2024-08-26,CUST01251,PROD0071,B001,4,1919.14,0.15,1631.27,1494.29,136.98,Completed
ORD008806,2024-01-12,CUST01090,PROD0017,B001,2,1739.19,0.0,1739.19,1263.96,475.23,Completed
ORD008807,2024-02-19,CUST01312,PROD0022,B003,5,6321.69,0.2,5057.35,4567.91,489.44,Completed
ORD008810,2024-05-13,CUST01133,PROD0050,B001,4,4396.56,0.1,3956.9,2537.07,1419.83,Completed
ORD008821,2024-11-15,CUST01871,PROD0012,B001,4,518.47,0.1,466.62,350.3,116.32,Completed
ORD008824,2024-10-03,CUST02183,PROD0108,B003,4,3639.53,0.15,3093.6,2093.7,999.9,Completed
ORD008826,2024-01-10,CUST02196,PROD0115,B001,2,1493.09,0.05,1418.44,921.31,497.13,Completed
ORD008837,2024-12-13,CUST00210,PROD0101,B002,4,2585.55,0.0,2585.55,1842.01,743.54,Completed
ORD008838,2024-02-13,CUST01298,PROD0036,B002,5,595.05,0.0,595.05,766.09,-171.04,Completed
ORD008839,2024-09-22,CUST01265,PROD0112,B001,4,3465.45,0.15,2945.63,2713.31,232.32,Completed
ORD008845,2024-04-28,CUST00217,PROD0032,B001,5,3682.17,0.05,3498.06,2026.5,1471.56,Completed
ORD008850,2024-04-16,CUST02495,PROD0059,B004,1,975.0,0.1,877.5,616.71,260.79,Completed
ORD008855,2024-11-28,CUST00958,PROD0108,B003,5,4549.41,0.2,3639.53,2617.12,1022.41,Completed
ORD008858,2024-08-15,CUST01031,PROD0042,B001,4,5814.11,0.05,5523.4,4257.54,1265.86,Completed
ORD008874,2024-09-11,CUST00480,PROD0120,B002,1,569.17,0.1,512.25,366.95,145.3,Completed
ORD008881,2024-01-07,CUST02244,PROD0038,B002,1,59.93,0.05,56.94,40.71,16.23,Completed
ORD008885,2024-06-21,CUST02492,PROD0054,B002,1,1127.68,0.2,902.14,762.03,140.11,Completed
ORD008889,2024-04-23,CUST00165,PROD0093,B002,3,2599.06,0.15,2209.2,1907.02,302.18,Completed
ORD008893,2024-01-27,CUST00566,PROD0041,B003,2,230.15,0.15,195.63,124.98,70.65,Completed
ORD008894,2024-06-29,CUST01899,PROD0001,B005,1,1939.39,0.25,1454.55,1063.18,391.37,Completed
ORD008899,2024-05-31,CUST02333,PROD0092,B002,5,522.22,0.25,391.66,333.18,58.48,Completed
ORD008902,2024-05-20,CUST01947,PROD0007,B005,3,143.12,0.0,143.12,107.26,35.86,Completed
ORD008903,2024-01-03,CUST02441,PROD0085,B003,1,43.05,0.1,38.74,34.11,4.63,Completed
ORD008905,2024-04-20,CUST01147,PROD0040,B002,1,990.67,0.05,941.14,540.35,400.79,Completed
ORD008913,2024-06-11,CUST02481,PROD0028,B001,1,730.19,0.2,584.15,458.51,125.64,Completed
ORD008916,2024-07-30,CUST00228,PROD0056,B004,3,4235.16,0.25,3176.37,3172.93,3.44,Completed
ORD008922,2024-12-02,CUST01195,PROD0076,B002,3,899.93,0.2,719.94,720.15,-0.21,Completed
ORD008937,2024-04-04,CUST02221,PROD0016,B001,2,177.73,0.15,151.07,106.43,44.64,Completed
ORD008938,2024-05-25,CUST01480,PROD0069,B005,2,2530.07,0.0,2530.07,1372.88,1157.19,Completed
ORD008944,2024-01-21,CUST01618,PROD0064,B002,1,925.23,0.1,832.71,703.29,129.42,Completed
ORD008947,2024-11-11,CUST01417,PROD0070,B001,5,1002.62,0.1,902.36,687.96,214.4,Completed
ORD008948,2024-01-05,CUST00803,PROD0020,B001,4,3042.55,0.1,2738.3,2190.93,547.37,Completed
ORD008952,2024-05-04,CUST00343,PROD0047,B003,5,1550.99,0.0,1550.99,898.25,652.74,Completed
ORD008957,2024-07-31,CUST01814,PROD0014,B001,1,1380.88,0.05,1311.83,790.6,521.23,Completed
ORD008958,2024-03-17,CUST02292,PROD0088,B001,5,2244.35,0.25,1683.27,1448.01,235.26,Completed
ORD008959,2024-06-26,CUST02088,PROD0108,B003,2,1819.76,0.2,1455.81,1046.85,408.96,Completed
ORD008969,2024-07-10,CUST01868,PROD0100,B001,4,3243.95,0.15,2757.36,2533.12,224.24,Completed
ORD008970,2024-10-02,CUST01396,PROD0098,B002,3,2998.18,0.05,2848.27,1676.49,1171.78,Completed
ORD008978,2024-04-22,CUST02421,PROD0112,B001,4,3465.45,0.25,2599.09,2713.31,-114.22,Completed
ORD008985,2024-05-31,CUST02200,PROD0026,B002,1,393.51,0.05,373.83,284.3,89.53,Completed
ORD008988,2024-10-01,CUST02205,PROD0090,B003,3,959.63,0.05,911.65,600.54,311.11,Completed
ORD008992,2024-01-30,CUST01546,PROD0007,B002,1,47.71,0.1,42.94,35.75,7.19,Completed
ORD008993,2024-05-28,CUST02014,PROD0073,B002,4,731.21,0.1,658.09,479.89,178.2,Completed
ORD008994,2024-12-18,CUST01064,PROD0115,B004,5,3732.73,0.1,3359.46,2303.26,1056.2,Completed
ORD008996,2024-12-11,CUST00983,PROD0058,B002,5,1563.78,0.0,1563.78,872.91,690.87,Completed
ORD008998,2024-11-15,CUST00443,PROD0100,B001,3,2432.96,0.0,2432.96,1899.84,533.12,Completed
ORD009001,2024-02-01,CUST00355,PROD0061,B005,2,896.4,0.0,896.4,630.05,266.35,Completed
ORD009010,2024-09-14,CUST00106,PROD0048,B004,1,888.37,0.1,799.53,615.49,184.04,Completed
ORD009011,2024-05-29,CUST02119,PROD0099,B003,5,4246.35,0.0,4246.35,2967.84,1278.51,Completed
ORD009016,2024-12-07,CUST00710,PROD0108,B003,2,1819.76,0.1,1637.79,1046.85,590.94,Completed
ORD009024,2024-11-27,CUST00535,PROD0111,B004,4,7339.28,0.1,6605.35,4428.25,2177.1,Completed
ORD009026,2024-06-15,CUST00341,PROD0079,B005,5,866.51,0.1,779.86,582.85,197.01,Completed
ORD009029,2024-01-20,CUST01139,PROD0046,B001,4,893.34,0.05,848.67,674.21,174.46,Completed
ORD009031,2024-10-04,CUST00793,PROD0083,B004,1,1654.19,0.05,1571.48,1121.48,450.0,Completed
ORD009032,2024-09-14,CUST00759,PROD0091,B002,1,413.67,0.05,392.99,315.29,77.7,Completed
ORD009034,2024-08-09,CUST00541,PROD0068,B004,3,3074.8,0.1,2767.32,2470.09,297.23,Completed
ORD009035,2024-01-31,CUST00137,PROD0029,B004,5,2290.03,0.1,2061.03,1329.25,731.78,Completed
ORD009036,2024-06-18,CUST02319,PROD0032,B001,1,736.43,0.1,662.79,405.3,257.49,Completed
ORD009040,2024-04-26,CUST01666,PROD0056,B001,3,4235.16,0.05,4023.4,3172.93,850.47,Completed
ORD009051,2024-04-16,CUST01816,PROD0036,B003,1,283.36,0.0,283.36,153.22,130.14,Completed
ORD009055,2024-01-07,CUST01992,PROD0084,B004,4,2073.08,0.2,1658.46,1530.5,127.96,Completed
ORD009061,2024-05-30,CUST00419,PROD0020,B002,5,3803.19,0.05,3613.04,2738.67,874.37,Completed
ORD009063,2024-05-20,CUST02392,PROD0117,B003,4,3089.06,0.2,2471.25,1904.49,566.76,Completed
ORD009068,2024-02-25,CUST00079,PROD0107,B003,5,8891.01,0.1,8001.91,5438.35,2563.56,Completed
ORD009069,2024-01-21,CUST00448,PROD0077,B005,5,1520.11,0.1,1368.1,1230.26,137.84,Completed
ORD009074,2024-05-22,CUST01552,PROD0053,B002,5,2779.19,0.1,2501.27,1808.01,693.26,Completed
ORD009084,2024-12-23,CUST01139,PROD0008,B005,3,796.66,0.05,756.83,656.72,100.11,Completed
ORD009088,2024-12-22,CUST00731,PROD0046,B002,2,446.67,0.1,402.0,337.11,64.89,Completed
ORD009093,2024-01-10,CUST00637,PROD0111,B002,4,7339.28,0.1,6605.35,4428.25,2177.1,Completed
ORD009097,2024-11-19,CUST02353,PROD0035,B002,2,1160.82,0.1,1044.74,871.23,173.51,Completed
ORD009099,2024-01-22,CUST01604,PROD0029,B001,3,1374.02,0.05,1305.31,797.55,507.76,Completed
ORD009100,2024-12-14,CUST01422,PROD0082,B002,5,10472.63,0.1,9425.37,5668.32,3757.05,Completed
ORD009103,2024-04-22,CUST01635,PROD0116,B002,4,1048.69,0.15,891.39,860.36,31.03,Completed
ORD009108,2024-01-29,CUST00071,PROD0003,B003,2,755.58,0.15,642.24,535.46,106.78,Completed
ORD009110,2024-08-30,CUST01090,PROD0009,B004,3,957.85,0.2,766.28,586.58,179.7,Completed
ORD009114,2024-12-02,CUST01386,PROD0098,B002,3,2998.18,0.1,2698.36,1676.49,1021.87,Completed
ORD009118,2024-11-13,CUST01374,PROD0024,B001,1,1282.03,0.1,1153.83,703.09,450.74,Completed
ORD009121,2024-09-21,CUST00347,PROD0014,B004,4,5523.51,0.0,5523.51,3162.41,2361.1,Completed
ORD009126,2024-05-17,CUST01894,PROD0089,B002,4,1373.33,0.05,1304.67,902.35,402.32,Completed
ORD009138,2024-12-24,CUST02474,PROD0026,B005,5,1967.53,0.1,1770.78,1421.48,349.3,Completed
ORD009143,2024-04-09,CUST00405,PROD0050,B002,1,1099.14,0.1,989.23,634.27,354.96,Completed
ORD009146,2024-03-05,CUST00137,PROD0043,B005,5,1456.99,0.05,1384.14,893.23,490.91,Completed
ORD009150,2024-08-29,CUST01170,PROD0006,B005,2,1338.93,0.1,1205.04,971.81,233.23,Completed
ORD009152,2024-02-26,CUST01518,PROD0056,B001,4,5646.88,0.05,5364.53,4230.57,1133.96,Completed
ORD009159,2024-04-04,CUST01500,PROD0013,B001,3,2029.66,0.15,1725.21,1373.17,352.04,Completed
ORD009161,2024-06-16,CUST01915,PROD0019,B004,3,2666.08,0.05,2532.78,1662.57,870.21,Completed
ORD009169,2024-08-29,CUST01627,PROD0042,B002,1,1453.53,0.2,1162.82,1064.39,98.43,Completed
ORD009172,2024-04-05,CUST00369,PROD0067,B001,3,2720.42,0.05,2584.4,1491.98,1092.42,Completed
ORD009178,2024-09-05,CUST02222,PROD0090,B005,3,959.63,0.2,767.71,600.54,167.17,Completed
ORD009183,2024-10-20,CUST01348,PROD0090,B002,4,1279.51,0.05,1215.54,800.72,414.82,Completed
ORD009188,2024-01-19,CUST00852,PROD0040,B001,2,1981.35,0.0,1981.35,1080.7,900.65,Completed
ORD009192,2024-04-22,CUST01778,PROD0067,B003,4,3627.23,0.15,3083.15,1989.31,1093.84,Completed
ORD009195,2024-04-30,CUST01311,PROD0040,B005,2,1981.35,0.2,1585.08,1080.7,504.38,Completed
ORD009196,2024-07-19,CUST00180,PROD0004,B002,3,897.52,0.1,807.77,573.31,234.46,Completed
ORD009202,2024-11-05,CUST01445,PROD0024,B002,5,6410.17,0.05,6089.67,3515.47,2574.2,Completed
ORD009206,2024-12-16,CUST02278,PROD0106,B005,1,718.58,0.1,646.72,431.22,215.5,Completed
ORD009207,2024-08-07,CUST02065,PROD0005,B001,1,1222.39,0.2,977.91,753.73,224.18,Completed
ORD009210,2024-09-23,CUST01228,PROD0091,B004,2,827.35,0.1,744.61,630.58,114.03,Completed
ORD009212,2024-08-11,CUST02052,PROD0054,B001,5,5638.39,0.2,4510.71,3810.16,700.55,Completed
ORD009220,2024-06-04,CUST02073,PROD0009,B003,5,1596.42,0.1,1436.78,977.63,459.15,Completed
ORD009223,2024-06-05,CUST01715,PROD0104,B003,3,4807.36,0.0,4807.36,3178.71,1628.65,Completed
ORD009228,2024-08-02,CUST00684,PROD0062,B001,5,3647.66,0.05,3465.27,2893.61,571.66,Completed
ORD009234,2024-12-15,CUST00523,PROD0111,B003,5,9174.1,0.0,9174.1,5535.31,3638.79,Completed
ORD009235,2024-01-17,CUST01383,PROD0047,B001,5,1550.99,0.15,1318.34,898.25,420.09,Completed
ORD009237,2024-05-21,CUST00669,PROD0037,B001,1,579.67,0.2,463.74,482.56,-18.82,Completed
ORD009248,2024-03-29,CUST01779,PROD0045,B004,2,2009.5,0.05,1909.03,1433.11,475.92,Completed
ORD009249,2024-06-03,CUST01367,PROD0035,B002,2,1160.82,0.1,1044.74,871.23,173.51,Completed
ORD009254,2024-11-25,CUST01183,PROD0034,B001,5,5387.24,0.0,5387.24,3582.94,1804.3,Completed
ORD009274,2024-07-31,CUST00322,PROD0015,B001,2,2842.13,0.0,2842.13,1767.45,1074.68,Completed
ORD009278,2024-03-26,CUST00008,PROD0011,B003,2,1695.9,0.0,1695.9,1315.25,380.65,Completed
ORD009283,2024-07-27,CUST00108,PROD0067,B003,1,906.81,0.2,725.45,497.33,228.12,Completed
ORD009290,2024-05-20,CUST02420,PROD0074,B002,4,2611.38,0.0,2611.38,2019.35,592.03,Completed
ORD009295,2024-11-13,CUST01202,PROD0031,B002,4,2668.14,0.25,2001.1,2189.98,-188.88,Completed
ORD009299,2024-08-02,CUST02445,PROD0016,B002,5,444.32,0.25,333.24,266.08,67.16,Completed
ORD009312,2024-02-19,CUST00275,PROD0081,B004,4,532.43,0.05,505.81,396.43,109.38,Completed
ORD009321,2024-05-14,CUST00912,PROD0028,B004,3,2190.58,0.2,1752.46,1375.54,376.92,Completed
ORD009325,2024-06-09,CUST00603,PROD0062,B005,2,1459.06,0.2,1167.25,1157.44,9.81,Completed
ORD009328,2024-10-14,CUST02465,PROD0117,B001,4,3089.06,0.0,3089.06,1904.49,1184.57,Completed
ORD009331,2024-03-05,CUST00034,PROD0068,B001,5,5124.67,0.15,4355.97,4116.82,239.15,Completed
ORD009332,2024-02-11,CUST01995,PROD0054,B003,4,4510.71,0.1,4059.64,3048.13,1011.51,Completed
ORD009334,2024-09-04,CUST01386,PROD0119,B003,5,2992.91,0.2,2394.33,2171.55,222.78,Completed
ORD009337,2024-09-05,CUST02173,PROD0053,B002,3,1667.51,0.15,1417.39,1084.81,332.58,Completed
ORD009343,2024-12-16,CUST01577,PROD0070,B005,5,1002.62,0.25,751.97,687.96,64.01,Completed
ORD009344,2024-11-25,CUST01979,PROD0072,B002,2,930.32,0.25,697.74,653.24,44.5,Completed
ORD009345,2024-10-16,CUST02385,PROD0013,B002,2,1353.11,0.2,1082.49,915.45,167.04,Completed
ORD009348,2024-11-30,CUST01851,PROD0050,B001,2,2198.28,0.05,2088.37,1268.54,819.83,Completed
ORD009349,2024-11-12,CUST00138,PROD0109,B004,2,2711.73,0.05,2576.14,1950.22,625.92,Completed
ORD009351,2024-01-28,CUST01809,PROD0074,B001,3,1958.53,0.1,1762.68,1514.51,248.17,Completed
ORD009362,2024-10-08,CUST00908,PROD0053,B003,2,1111.68,0.0,1111.68,723.21,388.47,Completed
ORD009371,2024-04-07,CUST02337,PROD0106,B001,2,1437.16,0.15,1221.59,862.44,359.15,Completed
ORD009373,2024-11-15,CUST02040,PROD0072,B003,5,2325.79,0.05,2209.5,1633.1,576.4,Completed
ORD009374,2024-02-03,CUST00813,PROD0074,B001,5,3264.22,0.15,2774.59,2524.19,250.4,Completed
ORD009377,2024-03-26,CUST00772,PROD0094,B005,5,976.4,0.15,829.94,585.09,244.85,Completed
ORD009378,2024-03-13,CUST00478,PROD0002,B002,1,680.14,0.15,578.12,411.26,166.86,Completed
ORD009379,2024-05-28,CUST00717,PROD0091,B002,4,1654.7,0.05,1571.96,1261.16,310.8,Completed
ORD009381,2024-08-10,CUST01366,PROD0073,B001,3,548.4,0.0,548.4,359.92,188.48,Completed
ORD009384,2024-09-06,CUST00906,PROD0055,B002,1,464.74,0.0,464.74,263.54,201.2,Completed
ORD009388,2024-05-24,CUST00917,PROD0095,B001,5,1775.68,0.0,1775.68,1339.42,436.26,Completed
ORD009391,2024-05-20,CUST02030,PROD0109,B002,4,5423.46,0.05,5152.29,3900.44,1251.85,Completed
ORD009392,2024-09-08,CUST01820,PROD0108,B002,3,2729.65,0.15,2320.2,1570.27,749.93,Completed
ORD009396,2024-09-28,CUST02305,PROD0040,B003,1,990.67,0.25,743.0,540.35,202.65,Completed
ORD009397,2024-07-19,CUST01157,PROD0081,B003,1,133.11,0.15,113.14,99.11,14.03,Completed
ORD009398,2024-07-12,CUST01940,PROD0027,B003,2,1368.76,0.25,1026.57,991.49,35.08,Completed
ORD009406,2024-02-17,CUST01311,PROD0104,B002,2,3204.91,0.05,3044.66,2119.14,925.52,Completed
ORD009410,2024-10-02,CUST01504,PROD0066,B001,1,1398.21,0.05,1328.31,1004.49,323.82,Completed
ORD009414,2024-05-05,CUST02411,PROD0065,B005,2,2702.67,0.1,2432.4,2022.43,409.97,Completed
ORD009417,2024-01-24,CUST02437,PROD0024,B002,3,3846.1,0.2,3076.88,2109.28,967.6,Completed
ORD009420,2024-12-08,CUST00630,PROD0093,B004,5,4331.76,0.2,3465.41,3178.36,287.05,Completed
ORD009425,2024-08-06,CUST00488,PROD0073,B003,1,182.8,0.1,164.52,119.97,44.55,Completed
ORD009427,2024-10-17,CUST00201,PROD0070,B004,3,601.57,0.1,541.42,412.77,128.65,Completed
ORD009429,2024-05-27,CUST00351,PROD0084,B002,2,1036.54,0.0,1036.54,765.25,271.29,Completed
ORD009431,2024-06-28,CUST01702,PROD0024,B001,2,2564.07,0.1,2307.66,1406.19,901.47,Completed
ORD009437,2024-08-09,CUST02425,PROD0089,B001,1,343.33,0.15,291.83,225.59,66.24,Completed
ORD009438,2024-08-27,CUST01466,PROD0112,B001,5,4331.81,0.15,3682.04,3391.64,290.4,Completed
ORD009444,2024-10-28,CUST01496,PROD0048,B003,4,3553.47,0.15,3020.45,2461.98,558.47,Completed
ORD009446,2024-03-26,CUST00832,PROD0044,B004,5,5469.74,0.05,5196.25,3037.05,2159.2,Completed
ORD009459,2024-10-05,CUST01445,PROD0078,B005,5,4659.77,0.2,3727.82,2869.89,857.93,Completed
ORD009463,2024-08-18,CUST01607,PROD0062,B002,5,3647.66,0.1,3282.89,2893.61,389.28,Completed
ORD009465,2024-02-10,CUST01909,PROD0084,B004,1,518.27,0.0,518.27,382.62,135.65,Completed
ORD009472,2024-12-03,CUST00460,PROD0080,B001,3,1219.8,0.0,1219.8,845.99,373.81,Completed
ORD009475,2024-04-15,CUST02434,PROD0080,B003,2,813.2,0.05,772.54,563.99,208.55,Completed
ORD009476,2024-05-08,CUST00798,PROD0053,B004,2,1111.68,0.15,944.92,723.21,221.71,Completed
ORD009480,2024-04-18,CUST01182,PROD0007,B001,3,143.12,0.15,121.65,107.26,14.39,Completed
ORD009485,2024-10-06,CUST00098,PROD0072,B002,4,1128.64,0.0,1128.64,1306.48,-177.84,Completed
ORD009488,2024-06-16,CUST00923,PROD0116,B002,5,1310.86,0.2,1048.69,1075.45,-26.76,Completed
ORD009494,2024-04-11,CUST01140,PROD0013,B001,3,2029.66,0.2,1623.73,1373.17,250.56,Completed
ORD009498,2024-04-30,CUST00439,PROD0035,B002,2,1160.82,0.05,1102.78,871.23,231.55,Completed
ORD009499,2024-03-06,CUST00926,PROD0109,B001,4,5423.46,0.15,4609.94,3900.44,709.5,Completed
ORD009504,2024-01-04,CUST01603,PROD0088,B002,3,1346.61,0.15,1144.62,868.81,275.81,Completed
ORD009514,2024-07-06,CUST00113,PROD0062,B004,5,3647.66,0.1,3282.89,2893.61,389.28,Completed
ORD009515,2024-02-27,CUST02257,PROD0089,B001,1,343.33,0.25,257.5,225.59,31.91,Completed
ORD009521,2024-06-22,CUST01805,PROD0043,B001,4,1165.59,0.1,1049.03,714.58,334.45,Completed
ORD009522,2024-01-17,CUST00716,PROD0085,B004,1,43.05,0.1,38.74,34.11,4.63,Completed
ORD009524,2024-05-24,CUST00606,PROD0019,B005,4,3554.78,0.0,3554.78,2216.76,1338.02,Completed
ORD009533,2024-05-07,CUST02347,PROD0059,B002,4,3900.0,0.05,3705.0,2466.85,1238.15,Completed
ORD009534,2024-02-22,CUST02458,PROD0086,B003,1,527.87,0.1,475.08,400.74,74.34,Completed
ORD009537,2024-07-19,CUST02191,PROD0036,B001,4,1133.44,0.1,1020.1,612.87,407.23,Completed
ORD009558,2024-08-09,CUST02080,PROD0019,B005,5,4443.47,0.0,4443.47,2770.95,1672.52,Completed
ORD009571,2024-05-08,CUST02357,PROD0003,B004,5,1888.96,0.15,1605.61,1338.64,266.97,Completed
ORD009575,2024-11-23,CUST00422,PROD0055,B002,1,464.74,0.0,464.74,263.54,201.2,Completed
ORD009576,2024-08-16,CUST00344,PROD0049,B002,4,5330.89,0.1,4797.8,3084.32,1713.48,Completed
ORD009579,2024-04-19,CUST01732,PROD0033,B004,5,3001.7,0.05,2851.62,1916.21,935.41,Completed
ORD009581,2024-03-02,CUST02339,PROD0107,B005,4,7112.81,0.2,5690.25,4350.68,1339.57,Completed
ORD009584,2024-09-21,CUST02137,PROD0018,B004,5,8606.54,0.15,7315.56,5359.54,1956.02,Completed
ORD009585,2024-05-02,CUST01890,PROD0080,B002,5,2033.0,0.15,1728.05,1409.99,318.06,Completed
ORD009599,2024-04-27,CUST01986,PROD0062,B005,5,3647.66,0.15,3100.5,2893.61,206.89,Completed
ORD009602,2024-01-22,CUST00711,PROD0072,B004,5,2325.79,0.05,2209.5,1633.1,576.4,Completed
ORD009614,2024-02-03,CUST00243,PROD0080,B003,2,813.2,0.2,650.56,563.99,86.57,Completed
ORD009615,2024-08-06,CUST02051,PROD0067,B002,1,906.81,0.2,725.45,497.33,228.12,Completed
ORD009616,2024-07-10,CUST00611,PROD0034,B003,4,4309.79,0.1,3878.81,2866.35,1012.46,Completed
ORD009625,2024-07-27,CUST01755,PROD0028,B001,4,2920.77,0.1,2628.69,1834.06,794.63,Completed
ORD009630,2024-08-03,CUST01777,PROD0016,B001,4,355.46,0.1,319.91,212.86,107.05,Completed
ORD009632,2024-03-26,CUST00884,PROD0063,B001,1,132.68,0.0,132.68,100.47,32.21,Completed
ORD009647,2024-11-22,CUST02323,PROD0019,B003,3,2666.08,0.2,2132.87,1662.57,470.3,Completed
ORD009648,2024-02-20,CUST00428,PROD0009,B001,2,638.57,0.15,542.79,391.05,151.74,Completed
ORD009649,2024-08-28,CUST00132,PROD0056,B002,1,1411.72,0.15,1199.96,1057.64,142.32,Completed
ORD009653,2024-12-24,CUST01772,PROD0060,B001,1,89.53,0.05,85.05,58.78,26.27,Completed
ORD009654,2024-09-11,CUST01994,PROD0052,B004,5,3303.42,0.1,2973.07,2266.75,706.32,Completed
ORD009656,2024-04-15,CUST00947,PROD0003,B003,5,1888.96,0.15,1605.61,1338.64,266.97,Completed
ORD009663,2024-02-17,CUST02054,PROD0072,B003,1,465.16,0.0,465.16,326.62,138.54,Completed
ORD009668,2024-07-28,CUST02129,PROD0048,B002,2,1776.73,0.2,1421.39,1230.99,190.4,Completed
ORD009670,2024-04-23,CUST00764,PROD0120,B001,3,1707.5,0.2,1366.0,1100.84,265.16,Completed
ORD009674,2024-07-13,CUST00196,PROD0103,B003,2,1745.31,0.2,1396.25,1032.87,363.38,Completed
ORD009676,2024-08-01,CUST01220,PROD0072,B001,5,2325.79,0.05,2209.5,1633.1,576.4,Completed
ORD009677,2024-05-20,CUST01450,PROD0031,B002,3,2001.1,0.15,1700.94,1642.48,58.46,Completed
ORD009680,2024-08-17,CUST01199,PROD0016,B003,1,88.86,0.15,75.54,53.22,22.32,Completed
ORD009683,2024-08-25,CUST02285,PROD0116,B004,4,1048.69,0.15,891.39,860.36,31.03,Completed
ORD009688,2024-12-24,CUST01903,PROD0079,B003,4,693.21,0.0,693.21,466.28,226.93,Completed
ORD009690,2024-11-24,CUST01967,PROD0062,B003,2,1459.06,0.15,1240.2,1157.44,82.76,Completed
ORD009693,2024-06-16,CUST01616,PROD0053,B005,1,555.84,0.0,555.84,361.6,194.24,Completed
ORD009702,2024-04-15,CUST00621,PROD0114,B002,1,1374.54,0.05,1305.81,1043.17,262.64,Completed
ORD009704,2024-09-05,CUST00497,PROD0010,B003,4,7370.22,0.15,6264.69,4287.98,1976.71,Completed
ORD009712,2024-12-28,CUST01524,PROD0063,B002,5,663.4,0.05,630.23,502.33,127.9,Completed
ORD009713,2024-03-05,CUST01127,PROD0103,B002,3,2617.97,0.0,2617.97,1549.3,1068.67,Completed
ORD009715,2024-08-22,CUST00063,PROD0023,B002,2,2546.11,0.0,2546.11,1573.84,972.27,Completed
ORD009717,2024-12-28,CUST02237,PROD0054,B003,1,1127.68,0.1,1014.91,762.03,252.88,Completed
ORD009718,2024-12-23,CUST01991,PROD0042,B001,2,2907.05,0.0,2907.05,2128.77,778.28,Completed
ORD009734,2024-03-14,CUST02136,PROD0069,B004,4,5060.14,0.05,4807.13,2745.75,2061.38,Completed
ORD009735,2024-05-31,CUST01684,PROD0033,B004,2,1200.68,0.0,1200.68,766.49,434.19,Completed
ORD009738,2024-07-25,CUST01821,PROD0033,B005,4,2401.36,0.0,2401.36,1532.97,868.39,Completed
ORD009743,2024-04-25,CUST00339,PROD0025,B002,1,990.04,0.1,891.04,590.72,300.32,Completed
ORD009748,2024-04-30,CUST00413,PROD0086,B001,2,1055.73,0.0,1055.73,801.48,254.25,Completed
ORD009756,2024-06-27,CUST00483,PROD0082,B001,5,10472.63,0.1,9425.37,5668.32,3757.05,Completed
ORD009769,2024-12-10,CUST00856,PROD0073,B002,3,548.4,0.15,466.15,359.92,106.23,Completed
ORD009776,2024-08-09,CUST01592,PROD0027,B001,2,1368.76,0.1,1231.88,991.49,240.39,Completed
ORD009778,2024-04-08,CUST01134,PROD0057,B003,1,1005.1,0.15,854.34,648.95,205.39,Completed
ORD009779,2024-08-27,CUST01604,PROD0082,B002,2,4189.05,0.15,3560.69,2267.33,1293.36,Completed
ORD009786,2024-10-01,CUST00691,PROD0119,B003,2,1197.16,0.0,1197.16,868.62,328.54,Completed
ORD009789,2024-06-20,CUST02354,PROD0075,B003,2,2827.8,0.2,2262.24,2184.91,77.33,Completed
ORD009798,2024-01-23,CUST02284,PROD0030,B005,4,4077.53,0.05,3873.66,3254.38,619.28,Completed
ORD009799,2024-03-23,CUST00776,PROD0029,B003,3,1374.02,0.15,1167.91,797.55,370.36,Completed
ORD009802,2024-04-22,CUST00277,PROD0067,B002,5,4534.04,0.05,4307.34,2486.63,1820.71,Completed
ORD009807,2024-11-07,CUST00292,PROD0114,B002,3,4123.61,0.2,3298.89,3129.5,169.39,Completed
ORD009808,2024-09-15,CUST01488,PROD0007,B005,2,95.41,0.1,85.87,71.51,14.36,Completed
ORD009809,2024-10-29,CUST00779,PROD0073,B001,5,914.01,0.0,914.01,599.86,314.15,Completed
ORD009814,2024-01-25,CUST00228,PROD0085,B004,1,43.05,0.15,36.6,34.11,2.49,Completed
ORD009816,2024-05-24,CUST01692,PROD0057,B001,3,3015.3,0.1,2713.77,1946.86,766.91,Completed
ORD009819,2024-05-12,CUST01519,PROD0094,B002,3,585.84,0.15,497.97,351.05,146.92,Completed
ORD009820,2024-07-06,CUST02409,PROD0023,B001,5,6365.28,0.1,5728.76,3934.59,1794.17,Completed
ORD009821,2024-08-28,CUST00615,PROD0050,B002,3,3297.42,0.0,3297.42,1902.8,1394.62,Completed
ORD009835,2024-11-27,CUST00216,PROD0028,B001,4,2920.77,0.2,2336.61,1834.06,502.55,Completed
ORD009836,2024-01-25,CUST00249,PROD0110,B002,5,2315.42,0.2,1852.33,2315.96,-463.63,Completed
ORD009839,2024-05-08,CUST01087,PROD0087,B002,4,4724.26,0.0,4724.26,3298.78,1425.48,Completed
ORD009840,2024-06-05,CUST01157,PROD0033,B001,2,1200.68,0.15,1020.58,766.49,254.09,Completed
ORD009845,2024-03-09,CUST00991,PROD0034,B001,5,5387.24,0.25,4040.43,3582.94,457.49,Completed
ORD009847,2024-06-28,CUST01847,PROD0089,B003,4,1373.33,0.05,1304.67,902.35,402.32,Completed
ORD009848,2024-04-04,CUST01361,PROD0014,B003,3,4142.63,0.0,4142.63,2371.81,1770.82,Completed
ORD009851,2024-05-12,CUST02418,PROD0109,B003,5,6779.33,0.25,5084.49,4875.55,208.94,Completed
ORD009856,2024-06-11,CUST02121,PROD0070,B002,2,401.05,0.0,401.05,275.18,125.87,Completed
ORD009868,2024-11-05,CUST00805,PROD0072,B001,4,1860.63,0.1,1674.57,1306.48,368.09,Completed
ORD009872,2024-08-27,CUST00392,PROD0089,B001,1,343.33,0.2,274.67,225.59,49.08,Completed
ORD009875,2024-07-19,CUST00252,PROD0006,B002,5,3347.32,0.0,3347.32,2429.52,917.8,Completed
ORD009884,2024-05-08,CUST01080,PROD0098,B001,4,3997.57,0.1,3597.81,2235.32,1362.49,Completed
ORD009897,2024-04-22,CUST01879,PROD0099,B004,5,4246.35,0.25,3184.76,2967.84,216.92,Completed
ORD009899,2024-03-15,CUST02103,PROD0057,B003,3,3015.3,0.05,2864.53,1946.86,917.67,Completed
ORD009900,2024-12-23,CUST00838,PROD0055,B002,1,464.74,0.15,395.03,263.54,131.49,Completed
ORD009904,2024-05-16,CUST02161,PROD0061,B003,2,896.4,0.0,896.4,630.05,266.35,Completed
ORD009907,2024-11-22,CUST02481,PROD0012,B002,5,648.08,0.1,583.27,437.87,145.4,Completed
ORD009918,2024-01-23,CUST01268,PROD0019,B002,1,888.69,0.1,799.82,554.19,245.63,Completed
ORD009922,2024-06-03,CUST00979,PROD0068,B005,5,5124.67,0.15,4355.97,4116.82,239.15,Completed
ORD009927,2024-09-23,CUST00373,PROD0048,B001,2,1776.73,0.0,1776.73,1230.99,545.74,Completed
ORD009928,2024-03-05,CUST01831,PROD0038,B003,5,299.66,0.25,224.74,203.55,21.19,Completed
ORD009936,2024-12-07,CUST00698,PROD0081,B003,5,665.54,0.0,665.54,495.54,170.0,Completed
ORD009938,2024-05-11,CUST00575,PROD0021,B005,3,2535.48,0.0,2535.48,1540.73,994.75,Completed
ORD009945,2024-12-07,CUST02360,PROD0084,B003,4,2073.08,0.15,1762.12,1530.5,231.62,Completed
ORD009946,2024-02-23,CUST00613,PROD0078,B004,5,4659.77,0.2,3727.82,2869.89,857.93,Completed
ORD009947,2024-08-10,CUST02475,PROD0085,B002,5,215.26,0.05,204.49,170.57,33.92,Completed
ORD009956,2024-02-28,CUST00988,PROD0061,B004,5,2241.0,0.1,2016.9,1575.12,441.78,Completed
ORD009958,2024-07-01,CUST00395,PROD0099,B004,5,4246.35,0.1,3821.71,2967.84,853.87,Completed
ORD009962,2024-07-17,CUST01913,PROD0074,B003,3,1958.53,0.1,1762.68,1514.51,248.17,Completed
ORD009964,2024-07-22,CUST01648,PROD0056,B005,4,5646.88,0.15,4799.84,4230.57,569.27,Completed
ORD009966,2024-10-24,CUST01413,PROD0079,B005,1,173.3,0.2,138.64,116.57,22.07,Completed
ORD009969,2024-02-29,CUST01573,PROD0050,B002,5,5495.7,0.1,4946.13,3171.34,1774.79,Completed
ORD009970,2024-07-09,CUST02154,PROD0021,B004,3,2535.48,0.2,2028.38,1540.73,487.65,Completed
ORD009971,2024-12-24,CUST02157,PROD0021,B002,5,4225.8,0.0,4225.8,2567.89,1657.91,Completed
ORD009981,2024-01-06,CUST01782,PROD0075,B001,5,7069.49,0.2,5655.6,5462.28,193.32,Completed
ORD009982,2024-11-03,CUST01670,PROD0059,B003,1,975.0,0.05,926.25,616.71,309.54,Completed
ORD009983,2024-09-01,CUST01534,PROD0110,B001,3,2390.14,0.05,2270.63,1389.57,881.06,Completed
ORD009991,2024-02-14,CUST01429,PROD0078,B001,1,931.95,0.25,698.96,573.98,124.98,Completed
ORD009996,2024-12-31,CUST00905,PROD0069,B001,4,5060.14,0.2,4048.11,2745.75,1302.36,Completed
ORD010000,2024-07-05,CUST00189,PROD0051,B002,5,4480.46,0.0,4480.46,2970.26,1510.2,Completed
ORD010002,2024-10-06,CUST00179,PROD0008,B003,2,531.11,0.1,478.0,437.82,40.18,Completed
ORD010004,2024-01-25,CUST01516,PROD0109,B001,1,1355.87,0.0,1355.87,975.11,380.76,Completed
ORD010010,2024-05-21,CUST01444,PROD0073,B002,5,914.01,0.05,868.31,599.86,268.45,Completed
ORD010014,2024-06-06,CUST00762,PROD0003,B005,2,755.58,0.05,717.81,535.46,182.35,Completed
ORD010015,2024-01-07,CUST02220,PROD0085,B001,2,86.1,0.1,77.49,68.23,9.26,Completed
ORD010016,2024-12-22,CUST01448,PROD0097,B001,5,4384.15,0.1,3945.74,5423.08,-1477.34,Completed
ORD010020,2024-02-18,CUST01572,PROD0024,B002,5,6410.17,0.1,5769.16,3515.47,2253.69,Completed
ORD010021,2024-07-21,CUST01724,PROD0048,B002,3,2665.1,0.1,2398.59,1846.48,552.11,Completed
ORD010022,2024-05-04,CUST00179,PROD0055,B003,4,1858.97,0.2,1487.17,1054.16,433.01,Completed
ORD010033,2024-11-30,CUST01015,PROD0027,B001,4,2737.51,0.0,2737.51,1982.98,754.53,Completed
ORD010044,2024-11-28,CUST00197,PROD0096,B003,2,1794.59,0.05,1704.86,2068.95,-364.09,Completed
ORD010053,2024-11-06,CUST00235,PROD0083,B003,5,8270.93,0.0,8270.93,5607.38,2663.55,Completed
ORD010055,2024-02-18,CUST00885,PROD0086,B005,2,1055.73,0.1,950.16,801.48,148.68,Completed
ORD010060,2024-01-10,CUST01465,PROD0045,B001,4,4019.0,0.05,3818.05,2866.23,951.82,Completed
ORD010061,2024-09-07,CUST01145,PROD0015,B001,3,4263.2,0.1,3836.88,2651.18,1185.7,Completed
ORD010063,2024-07-15,CUST01730,PROD0071,B001,2,959.57,0.05,911.59,747.14,164.45,Completed
ORD010066,2024-05-18,CUST00185,PROD0053,B003,4,2223.35,0.25,1667.51,1446.41,221.1,Completed
ORD010069,2024-01-22,CUST02379,PROD0056,B002,5,7058.6,0.15,5999.81,5288.22,711.59,Completed
ORD010075,2024-10-02,CUST02360,PROD0092,B001,2,208.89,0.1,188.0,133.27,54.73,Completed
ORD010094,2024-04-02,CUST01781,PROD0004,B002,3,897.52,0.1,807.77,573.31,234.46,Completed
ORD010095,2024-11-13,CUST02220,PROD0100,B003,5,4054.94,0.15,3446.7,3166.4,280.3,Completed
ORD010100,2024-08-16,CUST01142,PROD0118,B001,1,289.88,0.1,260.89,194.17,66.72,Completed
ORD010104,2024-04-03,CUST02486,PROD0104,B001,1,1602.45,0.05,1522.33,1059.57,462.76,Completed
ORD010124,2024-02-20,CUST01601,PROD0101,B001,1,646.39,0.2,517.11,460.5,56.61,Completed
ORD010125,2024-09-19,CUST01578,PROD0119,B005,4,2394.33,0.05,2274.61,1737.24,537.37,Completed
ORD010126,2024-06-02,CUST00535,PROD0038,B005,2,119.86,0.2,95.89,81.42,14.47,Completed
ORD010127,2024-09-19,CUST00863,PROD0004,B002,5,1495.87,0.1,1346.28,955.52,390.76,Completed
ORD010129,2024-11-12,CUST00383,PROD0007,B001,1,47.71,0.1,42.94,35.75,7.19,Completed
ORD010135,2024-05-30,CUST00355,PROD0095,B004,2,710.27,0.15,603.73,535.77,67.96,Completed
ORD010136,2024-07-22,CUST01067,PROD0067,B001,3,2720.42,0.1,2448.38,1491.98,956.4,Completed
ORD010139,2024-06-10,CUST01481,PROD0053,B004,3,1667.51,0.2,1334.01,1084.81,249.2,Completed
ORD010140,2024-12-24,CUST00972,PROD0101,B002,3,1939.17,0.15,1648.29,1381.51,266.78,Completed
ORD010141,2024-09-13,CUST00069,PROD0021,B002,1,492.07,0.1,442.86,513.58,-70.72,Completed
ORD010144,2024-11-22,CUST02482,PROD0043,B001,4,1165.59,0.1,1049.03,714.58,334.45,Completed
ORD010154,2024-06-10,CUST01732,PROD0047,B003,5,1550.99,0.1,1395.88,898.25,497.63,Completed
ORD010155,2024-12-28,CUST00730,PROD0015,B001,1,1421.07,0.2,1136.85,883.73,253.12,Completed
ORD010161,2024-01-26,CUST02249,PROD0032,B003,3,2209.3,0.2,1767.44,1215.9,551.54,Completed
ORD010163,2024-01-08,CUST01513,PROD0098,B004,5,4996.96,0.05,4747.11,2794.15,1952.96,Completed
ORD010165,2024-10-26,CUST01475,PROD0026,B002,1,393.51,0.15,334.48,284.3,50.18,Completed
ORD010167,2024-06-27,CUST01394,PROD0115,B003,2,1493.09,0.0,1493.09,921.31,571.78,Completed
ORD010171,2024-01-23,CUST01560,PROD0058,B001,2,625.51,0.0,625.51,349.16,276.35,Completed
ORD010172,2024-02-25,CUST01780,PROD0096,B003,5,8884.61,0.1,7996.15,5172.37,2823.78,Completed
ORD010173,2024-10-11,CUST00425,PROD0005,B004,1,1222.39,0.05,1161.28,753.73,407.55,Completed
ORD010175,2024-11-08,CUST01983,PROD0033,B001,5,3001.7,0.2,2401.36,1916.21,485.15,Completed
ORD010176,2024-01-23,CUST02345,PROD0082,B004,3,6283.58,0.1,5655.22,3400.99,2254.23,Completed
ORD010181,2024-10-25,CUST01842,PROD0096,B001,4,7107.69,0.15,6041.53,4137.9,1903.63,Completed
ORD010188,2024-03-29,CUST01275,PROD0010,B002,5,9212.77,0.0,9212.77,5359.98,3852.79,Completed
ORD010189,2024-08-21,CUST01929,PROD0060,B005,4,358.1,0.05,340.2,235.11,105.09,Completed
ORD010191,2024-04-01,CUST02294,PROD0010,B001,2,3685.11,0.15,3132.35,2143.99,988.36,Completed
ORD010195,2024-06-25,CUST02214,PROD0069,B002,3,3795.1,0.1,3415.59,2059.31,1356.28,Completed
ORD010199,2024-09-19,CUST00014,PROD0088,B001,1,448.87,0.15,381.54,289.6,91.94,Completed
ORD010211,2024-09-20,CUST02468,PROD0089,B003,2,686.67,0.1,618.0,451.18,166.82,Completed
ORD010213,2024-09-19,CUST02031,PROD0026,B004,5,1967.53,0.1,1770.78,1421.48,349.3,Completed
ORD010236,2024-10-28,CUST01372,PROD0018,B002,2,3442.62,0.1,3098.36,2143.81,954.55,Completed
ORD010238,2024-10-19,CUST00254,PROD0005,B004,3,3667.18,0.15,3117.1,2261.19,855.91,Completed
ORD010243,2024-11-01,CUST02069,PROD0102,B004,1,771.4,0.15,655.69,444.87,210.82,Completed
ORD010244,2024-06-29,CUST01330,PROD0036,B004,4,1133.44,0.05,1076.77,612.87,463.9,Completed
ORD010250,2024-03-20,CUST01842,PROD0039,B002,3,4448.07,0.2,3558.45,2478.74,1079.71,Completed
ORD010255,2024-10-02,CUST01440,PROD0029,B002,1,458.01,0.05,435.11,265.85,169.26,Completed
ORD010256,2024-12-17,CUST00403,PROD0056,B002,5,7058.6,0.1,6352.74,5288.22,1064.52,Completed
ORD010259,2024-12-02,CUST00011,PROD0084,B005,3,1554.81,0.15,1321.59,1147.87,173.72,Completed
ORD010260,2024-11-07,CUST02303,PROD0068,B005,3,3074.8,0.1,2767.32,2470.09,297.23,Completed
ORD010263,2024-01-31,CUST00373,PROD0092,B003,2,208.89,0.15,177.56,133.27,44.29,Completed
ORD010273,2024-09-03,CUST00782,PROD0021,B001,4,3380.64,0.15,2873.54,2054.31,819.23,Completed
ORD010275,2024-09-26,CUST02007,PROD0110,B001,5,3983.57,0.2,3186.86,2315.96,870.9,Completed
ORD010280,2024-12-19,CUST00603,PROD0033,B004,5,3001.7,0.1,2701.53,1916.21,785.32,Completed
ORD010292,2024-09-29,CUST00720,PROD0070,B001,4,802.1,0.1,721.89,550.37,171.52,Completed
ORD010299,2024-06-15,CUST01102,PROD0100,B003,4,3243.95,0.05,3081.76,2533.12,548.64,Completed
ORD010300,2024-11-17,CUST00653,PROD0094,B002,2,390.56,0.2,312.45,234.04,78.41,Completed
ORD010302,2024-03-30,CUST00646,PROD0021,B002,5,4225.8,0.15,3591.93,2567.89,1024.04,Completed
ORD010303,2024-10-09,CUST00416,PROD0043,B002,1,291.4,0.15,247.69,178.65,69.04,Completed
ORD010310,2024-07-28,CUST00713,PROD0017,B002,5,4347.97,0.2,3478.37,3159.89,318.48,Completed
ORD010320,2024-08-29,CUST01425,PROD0005,B003,5,6111.97,0.25,4583.98,3768.65,815.33,Completed
ORD010324,2024-08-02,CUST00163,PROD0012,B004,4,518.47,0.1,466.62,350.3,116.32,Completed
ORD010326,2024-05-27,CUST01459,PROD0021,B005,3,2535.48,0.1,2281.93,1540.73,741.2,Completed
ORD010330,2024-11-07,CUST01410,PROD0042,B002,3,4360.58,0.05,4142.55,3193.16,949.39,Completed
ORD010332,2024-12-10,CUST01775,PROD0076,B001,2,599.95,0.0,599.95,480.1,119.85,Completed
ORD010333,2024-12-23,CUST01824,PROD0025,B005,3,2970.13,0.05,2821.63,1772.15,1049.48,Completed
ORD010336,2024-06-23,CUST01572,PROD0012,B001,5,648.08,0.0,648.08,437.87,210.21,Completed
ORD010345,2024-07-18,CUST01910,PROD0016,B002,2,177.73,0.0,177.73,106.43,71.3,Completed
ORD010352,2024-02-11,CUST02188,PROD0066,B003,5,6991.07,0.1,6291.96,5022.45,1269.51,Completed
ORD010354,2024-04-16,CUST01680,PROD0074,B004,1,652.84,0.1,587.56,504.84,82.72,Completed
ORD010355,2024-04-11,CUST02201,PROD0104,B005,2,3204.91,0.1,2884.42,2119.14,765.28,Completed
ORD010356,2024-06-09,CUST00828,PROD0001,B004,5,9696.97,0.25,7272.73,5315.89,1956.84,Completed
ORD010360,2024-01-02,CUST01934,PROD0003,B001,2,755.58,0.0,755.58,535.46,220.12,Completed
ORD010362,2024-06-05,CUST02216,PROD0058,B002,2,625.51,0.25,469.14,349.16,119.98,Completed
ORD010363,2024-11-15,CUST00635,PROD0018,B003,1,1721.31,0.05,1635.24,1071.91,563.33,Completed
ORD010365,2024-02-27,CUST01037,PROD0016,B001,2,177.73,0.2,142.18,106.43,35.75,Completed
ORD010374,2024-10-28,CUST00972,PROD0042,B002,4,5814.11,0.05,5523.4,4257.54,1265.86,Completed
ORD010376,2024-12-03,CUST01470,PROD0109,B001,4,5423.46,0.15,4609.94,3900.44,709.5,Completed
ORD010377,2024-05-01,CUST01560,PROD0009,B001,5,1596.42,0.1,1436.78,977.63,459.15,Completed
ORD010378,2024-05-10,CUST01029,PROD0025,B003,2,1980.09,0.0,1980.09,1181.43,798.66,Completed
ORD010381,2024-05-09,CUST00748,PROD0093,B002,4,3465.41,0.15,2945.6,2542.69,402.91,Completed
ORD010387,2024-06-05,CUST00574,PROD0090,B002,2,639.76,0.15,543.79,400.36,143.43,Completed
ORD010397,2024-06-11,CUST00206,PROD0087,B004,3,3543.19,0.05,3366.04,2474.09,891.95,Completed
ORD010398,2024-12-25,CUST01759,PROD0038,B001,2,119.86,0.1,107.88,81.42,26.46,Completed
ORD010399,2024-11-29,CUST00676,PROD0097,B004,2,3522.34,0.1,3170.11,2169.23,1000.88,Completed
ORD010401,2024-09-19,CUST00985,PROD0104,B004,1,1602.45,0.1,1442.21,1059.57,382.64,Completed
ORD010412,2024-06-17,CUST01363,PROD0087,B001,5,5905.32,0.2,4724.26,4123.48,600.78,Completed
ORD010420,2024-09-13,CUST00027,PROD0027,B002,5,3421.89,0.05,3250.79,2478.73,772.06,Completed
ORD010422,2024-07-02,CUST01552,PROD0036,B002,1,283.36,0.0,283.36,153.22,130.14,Completed
ORD010425,2024-05-27,CUST02095,PROD0089,B003,4,1373.33,0.1,1236.0,902.35,333.65,Completed
ORD010430,2024-11-23,CUST02212,PROD0036,B002,5,1416.8,0.1,1275.12,766.09,509.03,Completed
ORD010432,2024-01-26,CUST01797,PROD0041,B002,4,460.31,0.0,460.31,249.96,210.35,Completed
ORD010434,2024-07-19,CUST01508,PROD0115,B002,4,2986.19,0.15,2538.26,1842.61,695.65,Completed
ORD010436,2024-03-17,CUST00204,PROD0008,B005,2,531.11,0.15,451.44,437.82,13.62,Completed
ORD010442,2024-01-17,CUST00819,PROD0038,B002,4,239.73,0.05,227.74,162.84,64.9,Completed
ORD010443,2024-02-29,CUST00681,PROD0023,B002,4,5092.22,0.1,4583.0,3147.68,1435.32,Completed
ORD010447,2024-03-06,CUST01679,PROD0073,B001,2,365.6,0.1,329.04,239.94,89.1,Completed
ORD010448,2024-10-18,CUST01725,PROD0056,B001,2,2823.44,0.1,2541.09,2115.29,425.8,Completed
ORD010450,2024-10-04,CUST02005,PROD0097,B001,4,7044.68,0.2,5635.74,4338.46,1297.28,Completed
ORD010454,2024-06-15,CUST01493,PROD0097,B004,2,3522.34,0.05,3346.22,2169.23,1176.99,Completed
ORD010455,2024-01-11,CUST01968,PROD0005,B001,4,4889.58,0.15,4156.14,3014.92,1141.22,Completed
ORD010457,2024-08-27,CUST02428,PROD0021,B001,4,3380.64,0.15,2873.54,2054.31,819.23,Completed
ORD010477,2024-03-07,CUST00595,PROD0049,B005,1,1332.72,0.2,1066.18,771.08,295.1,Completed
ORD010479,2024-01-17,CUST02012,PROD0080,B001,5,2033.0,0.15,1728.05,1409.99,318.06,Completed
ORD010485,2024-01-06,CUST00033,PROD0034,B001,5,5387.24,0.2,4309.79,3582.94,726.85,Completed
ORD010486,2024-05-07,CUST01870,PROD0009,B002,5,1596.42,0.15,1356.96,977.63,379.33,Completed
ORD010491,2024-01-30,CUST01825,PROD0001,B001,2,3878.79,0.0,3878.79,2126.36,1752.43,Completed
ORD010493,2024-03-24,CUST01594,PROD0035,B001,1,580.41,0.05,551.39,435.62,115.77,Completed
ORD010497,2024-10-28,CUST01690,PROD0093,B001,2,1732.71,0.15,1472.8,1271.34,201.46,Completed
ORD010499,2024-09-20,CUST02115,PROD0018,B001,1,1721.31,0.05,1635.24,1071.91,563.33,Completed
ORD010501,2024-01-20,CUST01622,PROD0102,B004,2,1542.8,0.15,1311.38,889.73,421.65,Completed
ORD010513,2024-04-20,CUST00830,PROD0078,B005,1,931.95,0.05,885.36,573.98,311.38,Completed
ORD010521,2024-05-21,CUST01324,PROD0062,B005,1,729.53,0.15,620.1,578.72,41.38,Completed
ORD010522,2024-05-16,CUST02078,PROD0080,B004,1,406.6,0.05,386.27,282.0,104.27,Completed
ORD010532,2024-08-08,CUST01865,PROD0111,B003,4,7339.28,0.0,7339.28,4428.25,2911.03,Completed
ORD010534,2024-02-14,CUST01377,PROD0099,B005,2,1698.54,0.05,1613.61,1187.14,426.47,Completed
ORD010537,2024-05-22,CUST02335,PROD0116,B002,5,1310.86,0.0,1310.86,1075.45,235.41,Completed
ORD010539,2024-01-02,CUST00417,PROD0066,B001,3,4194.64,0.1,3775.18,3013.47,761.71,Completed
ORD010546,2024-04-29,CUST01941,PROD0005,B001,1,1222.39,0.1,1100.15,753.73,346.42,Completed
ORD010548,2024-01-10,CUST00949,PROD0101,B005,5,3231.94,0.25,2423.96,2302.51,121.45,Completed
ORD010555,2024-02-06,CUST01521,PROD0112,B001,3,2599.09,0.1,2339.18,2034.98,304.2,Completed
ORD010562,2024-08-30,CUST00978,PROD0058,B002,1,312.76,0.2,250.2,174.58,75.62,Completed
ORD010564,2024-10-22,CUST00687,PROD0007,B002,4,190.83,0.1,171.75,143.01,28.74,Completed
ORD010567,2024-11-26,CUST01834,PROD0026,B002,5,1967.53,0.05,1869.15,1421.48,447.67,Completed
ORD010580,2024-04-04,CUST00435,PROD0038,B004,4,239.73,0.05,227.74,162.84,64.9,Completed
ORD010581,2024-04-14,CUST00448,PROD0083,B001,3,4962.56,0.1,4466.31,3364.43,1101.88,Completed
ORD010583,2024-09-17,CUST00042,PROD0082,B004,3,6283.58,0.05,5969.4,3400.99,2568.41,Completed
ORD010585,2024-05-21,CUST01099,PROD0023,B002,5,6365.28,0.05,6047.02,3934.59,2112.43,Completed
ORD010586,2024-03-24,CUST00589,PROD0036,B004,1,283.36,0.1,255.03,153.22,101.81,Completed
ORD010587,2024-04-18,CUST00534,PROD0022,B001,3,3793.01,0.1,3413.71,2740.74,672.97,Completed
ORD010590,2024-09-22,CUST01207,PROD0016,B001,5,444.32,0.05,422.11,266.08,156.03,Completed
ORD010591,2024-11-28,CUST02398,PROD0015,B005,2,2842.13,0.15,2415.81,1767.45,648.36,Completed
ORD010599,2024-10-10,CUST01598,PROD0006,B002,4,2677.86,0.2,2142.29,1943.61,198.68,Completed
ORD010600,2024-02-01,CUST02117,PROD0111,B005,5,9174.1,0.05,8715.39,5535.31,3180.08,Completed
ORD010602,2024-01-12,CUST00312,PROD0098,B002,4,3997.57,0.15,3397.94,2235.32,1162.62,Completed
ORD010604,2024-08-27,CUST02137,PROD0081,B003,2,266.21,0.15,226.28,198.21,28.07,Completed
ORD010605,2024-01-24,CUST01005,PROD0016,B004,4,355.46,0.1,319.91,212.86,107.05,Completed
ORD010607,2024-06-07,CUST01838,PROD0023,B001,4,5092.22,0.0,5092.22,3147.68,1944.54,Completed
ORD010612,2024-01-17,CUST00632,PROD0063,B003,3,398.04,0.15,338.33,301.4,36.93,Completed
ORD010613,2024-03-06,CUST00131,PROD0007,B003,2,95.41,0.1,85.87,71.51,14.36,Completed
ORD010615,2024-04-23,CUST01453,PROD0110,B003,5,3983.57,0.25,2987.68,2315.96,671.72,Completed
ORD010616,2024-07-23,CUST02279,PROD0100,B002,3,2432.96,0.0,2432.96,1899.84,533.12,Completed
ORD010618,2024-06-05,CUST01466,PROD0038,B002,2,119.86,0.2,95.89,81.42,14.47,Completed
ORD010626,2024-05-06,CUST00996,PROD0092,B001,5,522.22,0.05,496.11,333.18,162.93,Completed
ORD010632,2024-08-29,CUST01418,PROD0032,B003,1,736.43,0.2,589.15,405.3,183.85,Completed
ORD010638,2024-03-26,CUST02197,PROD0080,B001,2,813.2,0.15,691.22,563.99,127.23,Completed
ORD010639,2024-07-16,CUST00037,PROD0115,B003,2,1493.09,0.1,1343.78,921.31,422.47,Completed
ORD010640,2024-08-28,CUST01046,PROD0008,B001,1,265.55,0.2,212.44,218.91,-6.47,Completed
ORD010641,2024-05-24,CUST01528,PROD0019,B002,1,888.69,0.05,844.26,554.19,290.07,Completed
ORD010644,2024-02-21,CUST01703,PROD0065,B004,4,5405.34,0.2,4324.27,4044.87,279.4,Completed
ORD010645,2024-01-16,CUST02432,PROD0088,B001,3,1346.61,0.15,1144.62,868.81,275.81,Completed
ORD010649,2024-12-06,CUST01889,PROD0104,B002,2,3204.91,0.1,2884.42,2119.14,765.28,Completed
ORD010650,2024-05-03,CUST01234,PROD0058,B001,2,625.51,0.0,625.51,349.16,276.35,Completed
ORD010658,2024-08-29,CUST00211,PROD0011,B004,4,3391.79,0.05,3222.2,2630.5,591.7,Completed
ORD010660,2024-12-21,CUST00770,PROD0083,B001,1,1654.19,0.0,1654.19,1121.48,532.71,Completed
ORD010673,2024-06-13,CUST02070,PROD0058,B002,3,938.27,0.2,750.61,523.75,226.86,Completed
ORD010682,2024-10-06,CUST01222,PROD0026,B003,4,1574.03,0.05,1495.32,1137.19,358.13,Completed
ORD010683,2024-09-22,CUST01105,PROD0091,B002,5,2068.37,0.15,1758.12,1576.45,181.67,Completed
ORD010684,2024-09-10,CUST00502,PROD0050,B003,2,2198.28,0.0,2198.28,1268.54,929.74,Completed
ORD010689,2024-08-06,CUST00147,PROD0008,B003,3,796.66,0.2,637.33,656.72,-19.39,Completed
ORD010697,2024-03-07,CUST02311,PROD0051,B003,2,1792.18,0.1,1612.97,1188.1,424.87,Completed
ORD010700,2024-08-12,CUST01029,PROD0094,B005,3,585.84,0.15,497.97,351.05,146.92,Completed
ORD010701,2024-03-19,CUST00231,PROD0090,B002,1,319.88,0.05,303.88,200.18,103.7,Completed
ORD010705,2024-09-11,CUST00835,PROD0120,B002,5,2845.83,0.05,2703.54,1834.73,868.81,Completed
ORD010710,2024-07-26,CUST00502,PROD0001,B002,3,5818.18,0.15,4945.46,3189.54,1755.92,Completed
ORD010711,2024-06-15,CUST00868,PROD0067,B002,4,3627.23,0.05,3445.87,1989.31,1456.56,Completed
ORD010712,2024-04-14,CUST00629,PROD0066,B002,4,5592.86,0.0,5592.86,4017.96,1574.9,Completed
ORD010713,2024-09-18,CUST02327,PROD0006,B002,4,2677.86,0.2,2142.29,1943.61,198.68,Completed
ORD010717,2024-07-17,CUST02017,PROD0002,B005,3,2040.42,0.15,1734.35,1233.78,500.57,Completed
ORD010718,2024-07-14,CUST02174,PROD0073,B002,2,365.6,0.05,347.32,239.94,107.38,Completed
ORD010722,2024-02-05,CUST02460,PROD0080,B001,1,406.6,0.05,386.27,282.0,104.27,Completed
ORD010734,2024-05-21,CUST02081,PROD0044,B002,2,2187.9,0.2,1750.32,1214.82,535.5,Completed
ORD010735,2024-12-21,CUST01397,PROD0017,B004,1,869.59,0.15,739.15,631.98,107.17,Completed
ORD010737,2024-09-26,CUST00752,PROD0088,B001,2,897.74,0.1,807.97,579.21,228.76,Completed
ORD010752,2024-08-15,CUST01827,PROD0082,B002,5,10472.63,0.0,10472.63,5668.32,4804.31,Completed
ORD010756,2024-08-22,CUST01830,PROD0029,B001,5,2290.03,0.05,2175.53,1329.25,846.28,Completed
ORD010759,2024-10-19,CUST00749,PROD0058,B004,4,629.65,0.15,535.2,698.33,-163.13,Completed
ORD010769,2024-05-27,CUST02394,PROD0111,B001,1,1834.82,0.0,1834.82,1107.06,727.76,Completed
ORD010773,2024-02-23,CUST00891,PROD0088,B004,1,251.99,0.15,214.2,289.6,-75.4,Completed
ORD010774,2024-11-15,CUST00788,PROD0016,B003,1,88.86,0.1,79.98,53.22,26.76,Completed
ORD010778,2024-04-25,CUST01614,PROD0002,B001,2,1360.28,0.05,1292.26,822.52,469.74,Completed
ORD010783,2024-06-17,CUST01503,PROD0026,B005,4,1574.03,0.05,1495.32,1137.19,358.13,Completed
ORD010785,2024-09-04,CUST02374,PROD0119,B001,1,598.58,0.0,598.58,434.31,164.27,Completed
ORD010787,2024-06-26,CUST00146,PROD0040,B003,2,1981.35,0.0,1981.35,1080.7,900.65,Completed
ORD010790,2024-01-26,CUST01365,PROD0089,B002,2,686.67,0.15,583.67,451.18,132.49,Completed
ORD010795,2024-11-28,CUST02170,PROD0019,B005,5,4443.47,0.05,4221.3,2770.95,1450.35,Completed
ORD010796,2024-11-18,CUST01735,PROD0096,B002,2,3553.84,0.05,3376.15,2068.95,1307.2,Completed
ORD010800,2024-09-13,CUST00206,PROD0014,B004,5,6904.38,0.1,6213.95,3953.01,2260.94,Completed
ORD010802,2024-10-17,CUST00224,PROD0066,B005,1,1398.21,0.0,1398.21,1004.49,393.72,Completed
ORD010803,2024-12-10,CUST00850,PROD0052,B002,4,2642.73,0.15,2246.32,1813.4,432.92,Completed
ORD010805,2024-03-06,CUST01921,PROD0043,B003,2,582.79,0.15,495.38,357.29,138.09,Completed
ORD010808,2024-04-08,CUST02165,PROD0103,B002,5,4363.29,0.0,4363.29,2582.17,1781.12,Completed
ORD010809,2024-03-30,CUST00486,PROD0043,B003,4,1165.59,0.1,1049.03,714.58,334.45,Completed
ORD010811,2024-06-23,CUST02364,PROD0062,B002,5,3647.66,0.2,2918.12,2893.61,24.51,Completed
ORD010812,2024-12-05,CUST00720,PROD0110,B003,2,1593.43,0.05,1513.76,926.38,587.38,Completed
ORD010818,2024-02-12,CUST01431,PROD0036,B001,3,850.08,0.0,850.08,459.65,390.43,Completed
ORD010819,2024-05-07,CUST00807,PROD0031,B003,1,667.03,0.0,667.03,547.49,119.54,Completed
ORD010826,2024-04-24,CUST00371,PROD0063,B005,5,663.4,0.2,530.72,502.33,28.39,Completed
ORD010835,2024-07-09,CUST00970,PROD0078,B002,4,3727.82,0.15,3168.64,2295.91,872.73,Completed
ORD010836,2024-09-13,CUST01538,PROD0087,B005,4,4724.26,0.0,4724.26,3298.78,1425.48,Completed
ORD010839,2024-07-09,CUST00044,PROD0082,B002,5,4619.85,0.1,4157.86,5668.32,-1510.46,Completed
ORD010841,2024-01-29,CUST00729,PROD0004,B001,5,1495.87,0.15,1271.49,955.52,315.97,Completed
ORD010847,2024-12-23,CUST02232,PROD0089,B002,4,1373.33,0.15,1167.33,902.35,264.98,Completed
ORD010848,2024-09-01,CUST00925,PROD0049,B001,3,3998.17,0.05,3798.26,2313.24,1485.02,Completed
ORD010856,2024-07-22,CUST01172,PROD0057,B001,1,1005.1,0.05,954.84,648.95,305.89,Completed
ORD010873,2024-06-12,CUST01142,PROD0024,B004,1,1282.03,0.15,1089.73,703.09,386.64,Completed
ORD010887,2024-01-28,CUST01447,PROD0078,B003,3,2795.86,0.05,2656.07,1721.93,934.14,Completed
ORD010889,2024-03-29,CUST01047,PROD0033,B002,5,3001.7,0.0,3001.7,1916.21,1085.49,Completed
ORD010900,2024-05-08,CUST01007,PROD0094,B005,1,195.28,0.05,185.52,117.02,68.5,Completed
ORD010901,2024-08-05,CUST01312,PROD0021,B002,1,845.16,0.05,802.9,513.58,289.32,Completed
ORD010904,2024-08-23,CUST02320,PROD0117,B003,4,3089.06,0.0,3089.06,1904.49,1184.57,Completed
ORD010907,2024-05-24,CUST02029,PROD0009,B003,3,957.85,0.0,957.85,586.58,371.27,Completed
ORD010914,2024-08-06,CUST00047,PROD0058,B003,3,938.27,0.05,891.36,523.75,367.61,Completed
ORD010917,2024-04-01,CUST01181,PROD0050,B002,4,4396.56,0.0,4396.56,2537.07,1859.49,Completed
ORD010918,2024-09-28,CUST01732,PROD0094,B001,4,781.12,0.15,663.96,468.07,195.89,Completed
ORD010927,2024-10-22,CUST00134,PROD0019,B001,2,1777.39,0.1,1599.65,1108.38,491.27,Completed
ORD010933,2024-04-09,CUST01690,PROD0081,B003,2,266.21,0.0,266.21,198.21,68.0,Completed
ORD010934,2024-07-16,CUST00058,PROD0079,B001,2,346.61,0.0,346.61,233.14,113.47,Completed
ORD010935,2024-08-13,CUST00371,PROD0095,B005,2,710.27,0.2,568.22,535.77,32.45,Completed
ORD010936,2024-10-20,CUST00475,PROD0046,B002,5,1116.68,0.25,837.51,842.77,-5.26,Completed
ORD010940,2024-12-28,CUST00521,PROD0091,B002,5,2068.37,0.15,1758.12,1576.45,181.67,Completed
ORD010948,2024-08-25,CUST02277,PROD0096,B001,5,8884.61,0.15,7551.92,5172.37,2379.55,Completed
ORD010952,2024-09-19,CUST01406,PROD0033,B002,5,3001.7,0.05,2851.62,1916.21,935.41,Completed
ORD010953,2024-10-20,CUST01523,PROD0056,B004,1,1411.72,0.05,1341.13,1057.64,283.49,Completed
ORD010955,2024-03-05,CUST01868,PROD0076,B003,3,899.93,0.0,899.93,720.15,179.78,Completed
ORD010956,2024-07-22,CUST01633,PROD0114,B002,2,2749.07,0.15,2336.71,2086.33,250.38,Completed
ORD010961,2024-12-27,CUST00917,PROD0119,B003,2,1197.16,0.2,957.73,868.62,89.11,Completed
ORD010965,2024-11-10,CUST00451,PROD0011,B001,2,1695.9,0.15,1441.51,1315.25,126.26,Completed
ORD010967,2024-03-27,CUST00826,PROD0078,B004,4,3727.82,0.05,3541.43,2295.91,1245.52,Completed
ORD010970,2024-04-19,CUST01080,PROD0006,B001,1,669.46,0.2,535.57,485.9,49.67,Completed
ORD010972,2024-03-04,CUST00571,PROD0008,B003,2,531.11,0.05,504.55,437.82,66.73,Completed
ORD010975,2024-08-18,CUST02169,PROD0010,B004,4,7370.22,0.1,6633.2,4287.98,2345.22,Completed
ORD010978,2024-04-26,CUST02126,PROD0010,B004,3,5527.66,0.15,4698.52,3215.99,1482.53,Completed
ORD010979,2024-03-05,CUST00079,PROD0029,B003,3,798.37,0.15,678.62,797.55,-118.93,Completed
ORD010982,2024-07-05,CUST00614,PROD0058,B003,3,938.27,0.25,703.7,523.75,179.95,Completed
ORD010983,2024-03-22,CUST00664,PROD0105,B004,1,421.74,0.1,379.57,310.8,68.77,Completed
ORD010985,2024-08-10,CUST00123,PROD0092,B002,2,208.89,0.15,177.56,133.27,44.29,Completed
ORD010987,2024-02-01,CUST00178,PROD0112,B001,1,866.36,0.0,866.36,678.33,188.03,Completed
ORD010988,2024-05-29,CUST00189,PROD0113,B001,4,5016.73,0.2,4013.39,3627.81,385.58,Completed
ORD010991,2024-11-15,CUST00200,PROD0108,B001,3,2729.65,0.15,2320.2,1570.27,749.93,Completed
ORD010995,2024-08-31,CUST01570,PROD0101,B003,4,2585.55,0.1,2327.0,1842.01,484.99,Completed
ORD011001,2024-07-03,CUST01050,PROD0043,B002,2,582.79,0.15,495.38,357.29,138.09,Completed
ORD011005,2024-03-24,CUST02499,PROD0063,B005,3,398.04,0.05,378.14,301.4,76.74,Completed
ORD011006,2024-11-21,CUST01132,PROD0095,B002,2,710.27,0.05,674.76,535.77,138.99,Completed
ORD011012,2024-02-15,CUST01494,PROD0112,B005,3,2599.09,0.05,2469.13,2034.98,434.15,Completed
ORD011014,2024-12-12,CUST00435,PROD0105,B004,2,843.47,0.15,716.95,621.59,95.36,Completed
ORD011021,2024-11-23,CUST00242,PROD0039,B003,4,5930.76,0.0,5930.76,3304.98,2625.78,Completed
ORD011026,2024-11-03,CUST00475,PROD0075,B001,4,5149.53,0.2,4119.62,4369.82,-250.2,Completed
ORD011030,2024-06-08,CUST01888,PROD0024,B003,4,5128.14,0.25,3846.1,2812.38,1033.72,Completed
ORD011035,2024-03-05,CUST01446,PROD0087,B004,5,3991.68,0.1,3592.51,4123.48,-530.97,Completed
ORD011042,2024-02-24,CUST01395,PROD0104,B001,3,4807.36,0.0,4807.36,3178.71,1628.65,Completed
ORD011050,2024-11-14,CUST00767,PROD0019,B002,2,1777.39,0.2,1421.91,1108.38,313.53,Completed
ORD011051,2024-09-27,CUST01251,PROD0075,B001,4,5655.6,0.25,4241.7,4369.82,-128.12,Completed
ORD011057,2024-10-21,CUST00202,PROD0061,B005,1,448.2,0.15,380.97,315.02,65.95,Completed
ORD011061,2024-07-05,CUST01156,PROD0076,B005,2,599.95,0.1,539.96,480.1,59.86,Completed
ORD011071,2024-12-20,CUST00095,PROD0077,B002,5,1520.11,0.0,1520.11,1230.26,289.85,Completed
ORD011072,2024-02-18,CUST02381,PROD0062,B002,2,1459.06,0.1,1313.16,1157.44,155.72,Completed
ORD011077,2024-11-17,CUST01167,PROD0073,B003,2,365.6,0.1,329.04,239.94,89.1,Completed
ORD011081,2024-04-21,CUST00948,PROD0083,B005,5,8270.93,0.2,6616.75,5607.38,1009.37,Completed
ORD011082,2024-08-28,CUST01889,PROD0091,B002,1,413.67,0.2,330.94,315.29,15.65,Completed
ORD011085,2024-10-17,CUST02201,PROD0081,B005,5,665.54,0.0,665.54,495.54,170.0,Completed
ORD011086,2024-08-22,CUST00100,PROD0020,B002,3,2281.92,0.1,2053.72,1643.2,410.52,Completed
ORD011087,2024-05-14,CUST00363,PROD0071,B002,4,1919.14,0.05,1823.19,1494.29,328.9,Completed
ORD011091,2024-03-28,CUST00737,PROD0089,B004,4,1373.33,0.05,1304.67,902.35,402.32,Completed
ORD011092,2024-03-01,CUST01237,PROD0077,B003,1,304.02,0.15,258.42,246.05,12.37,Completed
ORD011094,2024-03-09,CUST00963,PROD0036,B001,3,850.08,0.1,765.07,459.65,305.42,Completed
ORD011095,2024-07-13,CUST01185,PROD0062,B001,4,2918.12,0.1,2626.31,2314.89,311.42,Completed
ORD011096,2024-06-04,CUST01659,PROD0099,B005,4,3397.08,0.1,3057.37,2374.27,683.1,Completed
ORD011100,2024-03-29,CUST01623,PROD0043,B003,1,291.4,0.25,218.55,178.65,39.9,Completed
ORD011105,2024-01-23,CUST00334,PROD0085,B003,5,215.26,0.1,193.73,170.57,23.16,Completed
ORD011106,2024-06-19,CUST00713,PROD0002,B002,1,680.14,0.0,680.14,411.26,268.88,Completed
ORD011113,2024-09-23,CUST02147,PROD0067,B001,2,1813.62,0.0,1813.62,994.65,818.97,Completed
ORD011114,2024-08-11,CUST01357,PROD0058,B004,2,625.51,0.0,625.51,349.16,276.35,Completed
ORD011116,2024-08-10,CUST00706,PROD0071,B001,4,1919.14,0.1,1727.23,1494.29,232.94,Completed
ORD011120,2024-05-25,CUST01468,PROD0115,B004,2,1493.09,0.1,1343.78,921.31,422.47,Completed
ORD011121,2024-11-29,CUST01044,PROD0050,B004,5,5495.7,0.15,4671.35,3171.34,1500.01,Completed
ORD011126,2024-09-14,CUST00466,PROD0117,B001,4,3089.06,0.1,2780.15,1904.49,875.66,Completed
ORD011130,2024-06-08,CUST00625,PROD0033,B001,5,3001.7,0.1,2701.53,1916.21,785.32,Completed
ORD011132,2024-07-02,CUST00567,PROD0069,B004,3,3795.1,0.15,3225.84,2059.31,1166.53,Completed
ORD011133,2024-07-07,CUST02038,PROD0048,B004,2,1776.73,0.15,1510.22,1230.99,279.23,Completed
ORD011137,2024-05-11,CUST01513,PROD0061,B002,3,1344.6,0.2,1075.68,945.07,130.61,Completed
ORD011138,2024-04-24,CUST01965,PROD0116,B004,2,524.35,0.1,471.91,430.18,41.73,Completed
ORD011139,2024-07-31,CUST01434,PROD0097,B001,4,7044.68,0.1,6340.21,4338.46,2001.75,Completed
ORD011140,2024-06-13,CUST01676,PROD0079,B002,4,693.21,0.1,623.89,466.28,157.61,Completed
ORD011153,2024-01-05,CUST00652,PROD0093,B004,2,1732.71,0.05,1646.07,1271.34,374.73,Completed
ORD011155,2024-05-13,CUST00215,PROD0120,B001,4,2276.66,0.05,2162.83,1467.78,695.05,Completed
ORD011156,2024-09-08,CUST01934,PROD0015,B002,2,2842.13,0.0,2842.13,1767.45,1074.68,Completed
ORD011160,2024-10-18,CUST01388,PROD0026,B001,5,1967.53,0.05,1869.15,1421.48,447.67,Completed
ORD011163,2024-09-28,CUST01182,PROD0051,B004,1,896.09,0.05,851.29,594.05,257.24,Completed
ORD011165,2024-03-10,CUST00862,PROD0071,B004,1,479.79,0.05,455.79,373.57,82.22,Completed
ORD011166,2024-02-24,CUST00468,PROD0088,B001,2,897.74,0.15,763.08,579.21,183.87,Completed
ORD011167,2024-08-29,CUST01264,PROD0119,B002,1,598.58,0.15,508.8,434.31,74.49,Completed
ORD011175,2024-04-05,CUST02415,PROD0102,B001,5,3857.01,0.05,3664.16,2224.33,1439.83,Completed
ORD011178,2024-04-13,CUST02429,PROD0102,B004,2,1542.8,0.2,1234.24,889.73,344.51,Completed
ORD011188,2024-12-22,CUST01346,PROD0100,B001,1,810.99,0.0,810.99,633.28,177.71,Completed
ORD011190,2024-01-20,CUST01163,PROD0042,B004,3,4360.58,0.05,4142.55,3193.16,949.39,Completed
ORD011194,2024-01-04,CUST01839,PROD0036,B003,1,283.36,0.15,240.86,153.22,87.64,Completed
ORD011200,2024-07-06,CUST01982,PROD0096,B003,2,3553.84,0.0,3553.84,2068.95,1484.89,Completed
ORD011201,2024-01-27,CUST01243,PROD0053,B002,2,1111.68,0.1,1000.51,723.21,277.3,Completed
ORD011207,2024-04-01,CUST00189,PROD0008,B002,2,531.11,0.1,478.0,437.82,40.18,Completed
ORD011208,2024-12-31,CUST01719,PROD0002,B003,1,680.14,0.2,544.11,411.26,132.85,Completed
ORD011212,2024-12-16,CUST01042,PROD0016,B003,3,166.93,0.1,150.23,159.65,-9.42,Completed
ORD011214,2024-11-05,CUST02300,PROD0063,B004,5,663.4,0.15,563.89,502.33,61.56,Completed
ORD011228,2024-02-22,CUST01360,PROD0065,B003,3,4054.0,0.0,4054.0,3033.65,1020.35,Completed
ORD011234,2024-03-26,CUST01656,PROD0053,B003,3,1667.51,0.1,1500.76,1084.81,415.95,Completed
ORD011241,2024-05-07,CUST01535,PROD0078,B004,5,4659.77,0.05,4426.78,2869.89,1556.89,Completed
ORD011246,2024-12-30,CUST00975,PROD0049,B002,3,3998.17,0.15,3398.44,2313.24,1085.2,Completed
ORD011249,2024-08-24,CUST00277,PROD0025,B001,5,4950.22,0.15,4207.69,2953.59,1254.1,Completed
ORD011250,2024-04-04,CUST01518,PROD0005,B001,3,3667.18,0.05,3483.83,2261.19,1222.64,Completed
ORD011268,2024-10-01,CUST01063,PROD0112,B002,3,2599.09,0.1,2339.18,2034.98,304.2,Completed
ORD011272,2024-04-21,CUST00005,PROD0021,B004,5,4225.8,0.15,3591.93,2567.89,1024.04,Completed
ORD011278,2024-04-28,CUST01754,PROD0070,B002,4,802.1,0.05,761.99,550.37,211.62,Completed
ORD011279,2024-06-27,CUST01922,PROD0029,B004,4,1832.02,0.05,1740.42,1063.4,677.02,Completed
ORD011280,2024-06-14,CUST00551,PROD0001,B003,4,7757.58,0.15,6593.94,4252.71,2341.23,Completed
ORD011282,2024-12-10,CUST00935,PROD0045,B002,4,4019.0,0.0,4019.0,2866.23,1152.77,Completed
ORD011295,2024-03-20,CUST00517,PROD0002,B001,4,2720.55,0.15,2312.47,1645.04,667.43,Completed
ORD011296,2024-03-09,CUST02425,PROD0020,B001,2,1521.28,0.15,1293.08,1095.47,197.61,Completed
ORD011297,2024-04-16,CUST00765,PROD0039,B001,4,5930.76,0.1,5337.68,3304.98,2032.7,Completed
ORD011301,2024-04-05,CUST02470,PROD0014,B005,2,2761.75,0.05,2623.67,1581.2,1042.47,Completed
ORD011305,2024-10-17,CUST00342,PROD0036,B005,4,1133.44,0.1,1020.1,612.87,407.23,Completed
ORD011307,2024-08-02,CUST00210,PROD0079,B002,3,519.91,0.15,441.92,349.71,92.21,Completed
ORD011313,2024-10-19,CUST00079,PROD0077,B002,3,912.07,0.15,775.26,738.16,37.1,Completed
ORD011315,2024-02-09,CUST00658,PROD0118,B002,2,579.77,0.0,579.77,388.34,191.43,Completed
ORD011317,2024-12-10,CUST00187,PROD0097,B004,3,5283.51,0.05,5019.33,3253.85,1765.48,Completed
ORD011322,2024-12-05,CUST00142,PROD0032,B002,4,2945.74,0.15,2503.88,1621.2,882.68,Completed
ORD011323,2024-10-01,CUST02281,PROD0086,B003,2,1055.73,0.15,897.38,801.48,95.9,Completed
ORD011326,2024-10-18,CUST00705,PROD0079,B004,5,866.51,0.2,693.21,582.85,110.36,Completed
ORD011329,2024-09-01,CUST01741,PROD0104,B005,3,4807.36,0.05,4566.99,3178.71,1388.28,Completed
ORD011333,2024-09-22,CUST00431,PROD0016,B004,1,88.86,0.1,79.98,53.22,26.76,Completed
ORD011334,2024-11-20,CUST01256,PROD0073,B003,4,731.21,0.1,658.09,479.89,178.2,Completed
ORD011340,2024-08-05,CUST02472,PROD0042,B001,2,2652.03,0.25,1989.02,2128.77,-139.75,Completed
ORD011341,2024-05-09,CUST01138,PROD0112,B002,2,1732.73,0.0,1732.73,1356.66,376.07,Completed
ORD011347,2024-06-05,CUST02367,PROD0033,B001,2,1200.68,0.15,1020.58,766.49,254.09,Completed
ORD011350,2024-07-27,CUST00146,PROD0062,B005,4,2918.12,0.1,2626.31,2314.89,311.42,Completed
ORD011352,2024-08-17,CUST00200,PROD0063,B001,1,132.68,0.0,132.68,100.47,32.21,Completed
ORD011353,2024-02-19,CUST01659,PROD0084,B004,1,518.27,0.15,440.53,382.62,57.91,Completed
ORD011354,2024-08-26,CUST02385,PROD0033,B004,1,600.34,0.1,540.31,383.24,157.07,Completed
ORD011357,2024-11-13,CUST00918,PROD0062,B002,1,729.53,0.1,656.58,578.72,77.86,Completed
ORD011358,2024-10-14,CUST00682,PROD0062,B003,2,1459.06,0.1,1313.16,1157.44,155.72,Completed
ORD011364,2024-08-30,CUST02290,PROD0001,B003,2,3878.79,0.1,3490.91,2126.36,1364.55,Completed
ORD011371,2024-05-15,CUST02490,PROD0066,B002,1,1398.21,0.15,1188.48,1004.49,183.99,Completed
ORD011377,2024-05-23,CUST02025,PROD0100,B005,4,3243.95,0.1,2919.56,2533.12,386.44,Completed
ORD011378,2024-05-16,CUST01446,PROD0054,B003,3,3383.03,0.05,3213.88,2286.1,927.78,Completed
ORD011382,2024-01-30,CUST00883,PROD0092,B001,2,208.89,0.05,198.44,133.27,65.17,Completed
ORD011385,2024-06-18,CUST01814,PROD0040,B003,4,3962.7,0.05,3764.56,2161.41,1603.15,Completed
ORD011402,2024-11-12,CUST01870,PROD0077,B005,1,304.02,0.0,304.02,246.05,57.97,Completed
ORD011419,2024-04-17,CUST02010,PROD0079,B002,4,693.21,0.1,623.89,466.28,157.61,Completed
ORD011423,2024-10-07,CUST00063,PROD0001,B003,3,3389.55,0.2,2711.64,3189.54,-477.9,Completed
ORD011427,2024-03-17,CUST02199,PROD0118,B001,3,869.65,0.0,869.65,582.5,287.15,Completed
ORD011433,2024-01-26,CUST00973,PROD0102,B004,1,771.4,0.0,771.4,444.87,326.53,Completed
ORD011436,2024-06-07,CUST02149,PROD0025,B005,4,3960.18,0.1,3564.16,2362.87,1201.29,Completed
ORD011453,2024-05-08,CUST01111,PROD0067,B001,1,906.81,0.05,861.47,497.33,364.14,Completed
ORD011462,2024-04-21,CUST00308,PROD0028,B002,4,2920.77,0.1,2628.69,1834.06,794.63,Completed
ORD011463,2024-04-26,CUST00728,PROD0081,B002,3,399.32,0.2,319.46,297.32,22.14,Completed
ORD011469,2024-08-18,CUST02339,PROD0021,B001,2,1690.32,0.1,1521.29,1027.16,494.13,Completed
ORD011477,2024-01-09,CUST00658,PROD0052,B002,3,1982.05,0.15,1684.74,1360.05,324.69,Completed
ORD011478,2024-06-21,CUST01025,PROD0022,B002,3,3793.01,0.1,3413.71,2740.74,672.97,Completed
ORD011485,2024-04-28,CUST01266,PROD0079,B004,2,346.61,0.15,294.61,233.14,61.47,Completed
ORD011488,2024-09-27,CUST01244,PROD0061,B005,2,896.4,0.0,896.4,630.05,266.35,Completed
ORD011489,2024-02-03,CUST01854,PROD0024,B002,4,5128.14,0.1,4615.33,2812.38,1802.95,Completed
ORD011490,2024-05-04,CUST02325,PROD0109,B001,3,4067.6,0.1,3660.84,2925.33,735.51,Completed
ORD011493,2024-02-28,CUST02086,PROD0095,B003,3,1065.41,0.1,958.87,803.65,155.22,Completed
ORD011494,2024-08-04,CUST00875,PROD0099,B005,4,3397.08,0.0,3397.08,2374.27,1022.81,Completed
ORD011497,2024-12-06,CUST00015,PROD0038,B001,4,239.73,0.1,215.76,162.84,52.92,Completed
ORD011501,2024-01-28,CUST00942,PROD0077,B005,5,1520.11,0.2,1216.09,1230.26,-14.17,Completed
ORD011502,2024-12-26,CUST00512,PROD0043,B003,4,790.32,0.2,632.25,714.58,-82.33,Completed
ORD011503,2024-04-15,CUST01378,PROD0012,B003,2,259.23,0.1,233.31,175.15,58.16,Completed
ORD011510,2024-03-20,CUST00368,PROD0015,B002,4,5684.27,0.05,5400.05,3534.91,1865.14,Completed
ORD011515,2024-09-16,CUST01735,PROD0039,B003,5,7413.45,0.15,6301.43,4131.23,2170.2,Completed
ORD011518,2024-12-30,CUST01814,PROD0081,B003,1,133.11,0.0,133.11,99.11,34.0,Completed
ORD011523,2024-11-03,CUST02233,PROD0103,B001,4,3490.63,0.0,3490.63,2065.73,1424.9,Completed
ORD011524,2024-12-23,CUST02317,PROD0018,B005,2,3442.62,0.0,3442.62,2143.81,1298.81,Completed
ORD011527,2024-07-06,CUST01043,PROD0056,B005,2,2823.44,0.05,2682.27,2115.29,566.98,Completed
ORD011528,2024-05-29,CUST02286,PROD0075,B002,1,1413.9,0.1,1272.51,1092.46,180.05,Completed
ORD011536,2024-03-25,CUST00323,PROD0084,B001,1,518.27,0.1,466.44,382.62,83.82,Completed
ORD011539,2024-02-28,CUST01393,PROD0100,B002,4,3243.95,0.1,2919.56,2533.12,386.44,Completed
ORD011548,2024-10-15,CUST01802,PROD0100,B003,2,1621.98,0.1,1459.78,1266.56,193.22,Completed
ORD011551,2024-02-23,CUST02048,PROD0070,B001,3,601.57,0.05,571.5,412.77,158.73,Completed
ORD011553,2024-04-14,CUST01413,PROD0069,B001,1,1265.03,0.1,1138.53,686.44,452.09,Completed
ORD011556,2024-08-30,CUST01061,PROD0065,B002,2,2702.67,0.1,2432.4,2022.43,409.97,Completed
ORD011559,2024-06-10,CUST02339,PROD0087,B002,4,4724.26,0.1,4251.83,3298.78,953.05,Completed
ORD011560,2024-06-04,CUST01589,PROD0082,B004,3,6283.58,0.0,6283.58,3400.99,2882.59,Completed
ORD011566,2024-08-11,CUST01675,PROD0006,B001,5,3347.32,0.05,3179.95,2429.52,750.43,Completed
ORD011567,2024-09-21,CUST00299,PROD0103,B003,2,1745.31,0.05,1658.05,1032.87,625.18,Completed
ORD011569,2024-11-24,CUST00189,PROD0083,B003,3,4962.56,0.0,4962.56,3364.43,1598.13,Completed
ORD011573,2024-01-11,CUST02271,PROD0004,B001,5,1495.87,0.1,1346.28,955.52,390.76,Completed
ORD011574,2024-07-01,CUST01857,PROD0110,B004,5,3983.57,0.05,3784.39,2315.96,1468.43,Completed
ORD011579,2024-07-25,CUST01971,PROD0003,B004,2,755.58,0.2,604.47,535.46,69.01,Completed
ORD011586,2024-04-09,CUST01368,PROD0110,B001,2,1593.43,0.0,1593.43,926.38,667.05,Completed
ORD011588,2024-02-19,CUST00476,PROD0080,B005,5,2033.0,0.2,1626.4,1409.99,216.41,Completed
ORD011591,2024-05-29,CUST00996,PROD0013,B003,4,2706.22,0.0,2706.22,1830.9,875.32,Completed
ORD011593,2024-05-29,CUST01154,PROD0029,B002,2,916.01,0.05,870.21,531.7,338.51,Completed
ORD011599,2024-02-11,CUST01481,PROD0102,B005,5,3857.01,0.1,3471.31,2224.33,1246.98,Completed
ORD011612,2024-08-29,CUST00118,PROD0061,B001,3,1344.6,0.1,1210.14,945.07,265.07,Completed
ORD011617,2024-05-19,CUST01041,PROD0097,B003,2,3522.34,0.1,3170.11,2169.23,1000.88,Completed
ORD011619,2024-04-04,CUST00991,PROD0031,B002,2,1334.07,0.1,1200.66,1094.99,105.67,Completed
ORD011620,2024-10-13,CUST01795,PROD0062,B003,3,2188.59,0.05,2079.16,1736.16,343.0,Completed
ORD011624,2024-06-04,CUST01287,PROD0037,B004,1,579.67,0.05,550.69,482.56,68.13,Completed
ORD011635,2024-06-04,CUST01590,PROD0019,B005,2,1777.39,0.2,1421.91,1108.38,313.53,Completed
ORD011643,2024-04-29,CUST00261,PROD0032,B002,4,2945.74,0.1,2651.16,1621.2,1029.96,Completed
ORD011652,2024-08-04,CUST02355,PROD0079,B003,3,354.12,0.15,301.0,349.71,-48.71,Completed
ORD011653,2024-01-24,CUST00455,PROD0047,B002,4,1240.79,0.2,992.63,718.6,274.03,Completed
ORD011655,2024-11-06,CUST00391,PROD0106,B004,2,1437.16,0.2,1149.73,862.44,287.29,Completed
ORD011656,2024-05-14,CUST01045,PROD0055,B001,1,464.74,0.15,395.03,263.54,131.49,Completed
ORD011666,2024-10-22,CUST00878,PROD0117,B002,2,1544.53,0.1,1390.08,952.25,437.83,Completed
ORD011668,2024-02-23,CUST01825,PROD0047,B002,4,1240.79,0.1,1116.71,718.6,398.11,Completed
ORD011675,2024-07-11,CUST00869,PROD0102,B004,2,1542.8,0.1,1388.52,889.73,498.79,Completed
ORD011676,2024-07-15,CUST02431,PROD0032,B001,3,2209.3,0.2,1767.44,1215.9,551.54,Completed
ORD011681,2024-04-04,CUST00022,PROD0082,B003,4,8378.11,0.0,8378.11,4534.66,3843.45,Completed
ORD011686,2024-06-19,CUST00652,PROD0061,B003,2,896.4,0.1,806.76,630.05,176.71,Completed
ORD011689,2024-07-05,CUST01557,PROD0022,B002,2,2528.68,0.2,2022.94,1827.16,195.78,Completed
ORD011691,2024-11-19,CUST00976,PROD0076,B002,2,599.95,0.2,479.96,480.1,-0.14,Completed
ORD011697,2024-03-10,CUST02062,PROD0032,B005,4,2945.74,0.15,2503.88,1621.2,882.68,Completed
ORD011700,2024-01-19,CUST02059,PROD0002,B003,3,2040.42,0.1,1836.37,1233.78,602.59,Completed
ORD011703,2024-03-25,CUST01685,PROD0099,B005,5,4246.35,0.15,3609.39,2967.84,641.55,Completed
ORD011710,2024-04-15,CUST01220,PROD0083,B005,4,6616.75,0.15,5624.24,4485.91,1138.33,Completed
ORD011715,2024-12-18,CUST00214,PROD0072,B001,2,930.32,0.0,930.32,653.24,277.08,Completed
ORD011717,2024-09-03,CUST00395,PROD0119,B001,5,2992.91,0.0,2992.91,2171.55,821.36,Completed
ORD011718,2024-12-08,CUST00468,PROD0044,B001,2,2187.9,0.2,1750.32,1214.82,535.5,Completed
ORD011730,2024-10-01,CUST01742,PROD0079,B004,4,693.21,0.0,693.21,466.28,226.93,Completed
ORD011732,2024-10-13,CUST00162,PROD0030,B005,1,1019.38,0.05,968.41,813.59,154.82,Completed
ORD011741,2024-12-23,CUST01021,PROD0073,B003,5,914.01,0.0,914.01,599.86,314.15,Completed
ORD011745,2024-02-27,CUST01920,PROD0113,B001,5,6270.92,0.15,5330.28,4534.77,795.51,Completed
ORD011746,2024-02-20,CUST00524,PROD0015,B001,5,7105.34,0.1,6394.8,4418.64,1976.16,Completed
ORD011757,2024-04-26,CUST00822,PROD0120,B003,4,2276.66,0.1,2048.99,1467.78,581.21,Completed
ORD011760,2024-07-17,CUST00933,PROD0106,B001,3,2155.74,0.15,1832.38,1293.66,538.72,Completed
ORD011769,2024-10-23,CUST01346,PROD0013,B001,3,2029.66,0.2,1623.73,1373.17,250.56,Completed
ORD011779,2024-09-07,CUST02055,PROD0027,B001,5,3421.89,0.1,3079.7,2478.73,600.97,Completed
ORD011780,2024-05-04,CUST01746,PROD0011,B005,2,1695.9,0.05,1611.1,1315.25,295.85,Completed
ORD011781,2024-09-08,CUST00273,PROD0044,B003,1,1093.95,0.15,929.86,607.41,322.45,Completed
ORD011783,2024-01-17,CUST01791,PROD0035,B003,3,1741.24,0.05,1654.18,1306.85,347.33,Completed
ORD011784,2024-09-11,CUST00998,PROD0020,B004,4,3042.55,0.0,3042.55,2190.93,851.62,Completed
ORD011785,2024-09-07,CUST02309,PROD0083,B003,3,4962.56,0.0,4962.56,3364.43,1598.13,Completed
ORD011788,2024-09-07,CUST00397,PROD0070,B005,2,401.05,0.15,340.89,275.18,65.71,Completed
ORD011789,2024-01-10,CUST01599,PROD0061,B003,3,1344.6,0.1,1210.14,945.07,265.07,Completed
ORD011795,2024-11-23,CUST00260,PROD0094,B005,1,195.28,0.1,175.75,117.02,58.73,Completed
ORD011798,2024-07-05,CUST02281,PROD0118,B001,1,289.88,0.2,231.91,194.17,37.74,Completed
ORD011803,2024-11-09,CUST01308,PROD0115,B003,1,746.55,0.1,671.89,460.65,211.24,Completed
ORD011805,2024-08-10,CUST01826,PROD0039,B003,2,2965.38,0.1,2668.84,1652.49,1016.35,Completed
ORD011813,2024-06-24,CUST01612,PROD0035,B002,2,1160.82,0.0,1160.82,871.23,289.59,Completed
ORD011816,2024-08-21,CUST00560,PROD0118,B005,1,289.88,0.0,289.88,194.17,95.71,Completed
ORD011822,2024-09-13,CUST02028,PROD0103,B001,3,2617.97,0.15,2225.28,1549.3,675.98,Completed
ORD011823,2024-11-22,CUST00087,PROD0028,B002,5,3650.96,0.0,3650.96,2292.57,1358.39,Completed
ORD011824,2024-01-21,CUST02034,PROD0120,B003,4,2276.66,0.0,2276.66,1467.78,808.88,Completed
ORD011825,2024-10-28,CUST01286,PROD0065,B001,3,4054.0,0.1,3648.61,3033.65,614.96,Completed
ORD011829,2024-04-25,CUST01386,PROD0048,B001,4,3553.47,0.25,2665.1,2461.98,203.12,Completed
ORD011830,2024-03-08,CUST00684,PROD0028,B004,3,2190.58,0.15,1861.99,1375.54,486.45,Completed
ORD011833,2024-01-09,CUST02029,PROD0094,B001,2,390.56,0.0,390.56,234.04,156.52,Completed
ORD011836,2024-06-17,CUST01708,PROD0089,B002,4,1373.33,0.1,1236.0,902.35,333.65,Completed
ORD011838,2024-09-28,CUST00776,PROD0079,B005,3,519.91,0.2,415.93,349.71,66.22,Completed
ORD011849,2024-09-07,CUST01621,PROD0073,B001,4,731.21,0.1,658.09,479.89,178.2,Completed
ORD011855,2024-11-23,CUST01456,PROD0067,B002,1,906.81,0.2,725.45,497.33,228.12,Completed
ORD011857,2024-03-05,CUST00773,PROD0016,B001,3,266.59,0.2,213.27,159.65,53.62,Completed
ORD011862,2024-10-26,CUST02465,PROD0081,B002,5,665.54,0.05,632.26,495.54,136.72,Completed
ORD011863,2024-05-04,CUST01100,PROD0079,B003,3,519.91,0.05,493.91,349.71,144.2,Completed
ORD011868,2024-10-17,CUST00640,PROD0008,B002,3,796.66,0.05,756.83,656.72,100.11,Completed
ORD011869,2024-05-27,CUST00914,PROD0114,B003,4,5498.14,0.1,4948.33,4172.67,775.66,Completed
ORD011870,2024-11-14,CUST02134,PROD0094,B003,2,390.56,0.05,371.03,234.04,136.99,Completed
ORD011873,2024-10-11,CUST00576,PROD0105,B002,5,2108.69,0.2,1686.95,1553.98,132.97,Completed
ORD011880,2024-04-24,CUST01628,PROD0097,B001,5,8805.85,0.05,8365.56,5423.08,2942.48,Completed
ORD011881,2024-04-30,CUST02247,PROD0074,B002,3,1958.53,0.2,1566.83,1514.51,52.32,Completed
ORD011885,2024-10-01,CUST01467,PROD0097,B005,5,8805.85,0.1,7925.27,5423.08,2502.19,Completed
ORD011886,2024-01-24,CUST00361,PROD0047,B003,3,930.59,0.1,837.53,538.95,298.58,Completed
ORD011889,2024-01-03,CUST01341,PROD0044,B002,2,2187.9,0.1,1969.11,1214.82,754.29,Completed
ORD011890,2024-05-07,CUST00915,PROD0117,B001,1,772.26,0.15,656.42,476.12,180.3,Completed
ORD011893,2024-01-17,CUST00862,PROD0089,B001,1,343.33,0.25,257.5,225.59,31.91,Completed
ORD011898,2024-04-28,CUST00191,PROD0073,B003,4,731.21,0.1,658.09,479.89,178.2,Completed
ORD011910,2024-01-30,CUST01601,PROD0092,B002,2,208.89,0.25,156.67,133.27,23.4,Completed
ORD011911,2024-02-27,CUST00620,PROD0024,B001,5,6410.17,0.15,5448.65,3515.47,1933.18,Completed
ORD011918,2024-08-27,CUST01884,PROD0103,B001,5,4363.29,0.0,4363.29,2582.17,1781.12,Completed
ORD011921,2024-05-21,CUST00418,PROD0021,B005,5,4225.8,0.0,4225.8,2567.89,1657.91,Completed
ORD011925,2024-05-11,CUST01184,PROD0119,B002,1,598.58,0.15,508.8,434.31,74.49,Completed
ORD011927,2024-01-30,CUST00889,PROD0025,B003,3,2970.13,0.2,2376.11,1772.15,603.96,Completed
ORD011929,2024-05-04,CUST02195,PROD0029,B003,5,2290.03,0.2,1832.02,1329.25,502.77,Completed
ORD011934,2024-12-15,CUST01838,PROD0004,B004,3,897.52,0.1,807.77,573.31,234.46,Completed
ORD011936,2024-05-19,CUST01304,PROD0099,B001,2,1698.54,0.05,1613.61,1187.14,426.47,Completed
ORD011948,2024-10-03,CUST02442,PROD0021,B004,1,845.16,0.1,760.64,513.58,247.06,Completed
ORD011949,2024-03-28,CUST01493,PROD0003,B001,1,377.79,0.0,377.79,267.73,110.06,Completed
ORD011950,2024-12-19,CUST01277,PROD0024,B001,4,5128.14,0.25,3846.1,2812.38,1033.72,Completed
ORD011951,2024-06-11,CUST00019,PROD0075,B001,3,4241.7,0.1,3817.52,3277.37,540.15,Completed
ORD011952,2024-06-27,CUST02414,PROD0036,B003,2,566.72,0.0,566.72,306.44,260.28,Completed
ORD011955,2024-10-18,CUST01464,PROD0004,B002,4,641.42,0.1,577.28,764.42,-187.14,Completed
ORD011969,2024-06-20,CUST00890,PROD0104,B002,1,1602.45,0.15,1362.09,1059.57,302.52,Completed
ORD011971,2024-12-28,CUST01410,PROD0001,B003,1,1939.39,0.15,1648.49,1063.18,585.31,Completed
ORD011972,2024-02-05,CUST01240,PROD0107,B002,4,7112.81,0.1,6401.52,4350.68,2050.84,Completed
ORD011974,2024-12-30,CUST02367,PROD0034,B002,5,5387.24,0.1,4848.51,3582.94,1265.57,Completed
ORD011976,2024-10-04,CUST01716,PROD0013,B002,3,2029.66,0.1,1826.7,1373.17,453.53,Completed
ORD011981,2024-05-04,CUST01745,PROD0087,B002,3,3543.19,0.2,2834.55,2474.09,360.46,Completed
ORD011992,2024-09-05,CUST00993,PROD0106,B001,3,2155.74,0.05,2047.95,1293.66,754.29,Completed
ORD011993,2024-10-03,CUST00751,PROD0042,B001,3,4360.58,0.05,4142.55,3193.16,949.39,Completed
ORD011999,2024-04-13,CUST01847,PROD0049,B003,5,6663.61,0.15,5664.07,3855.39,1808.68,Completed
ORD012000,2024-10-17,CUST01229,PROD0086,B004,5,2639.34,0.2,2111.47,2003.71,107.76,Completed
ORD012002,2024-07-25,CUST00551,PROD0044,B002,3,3281.84,0.05,3117.75,1822.23,1295.52,Completed
ORD012003,2024-08-04,CUST00531,PROD0072,B005,1,465.16,0.1,418.64,326.62,92.02,Completed
ORD012009,2024-01-11,CUST00763,PROD0097,B004,3,5283.51,0.0,5283.51,3253.85,2029.66,Completed
ORD012014,2024-05-31,CUST00259,PROD0086,B001,1,527.87,0.0,527.87,400.74,127.13,Completed
ORD012018,2024-06-04,CUST01807,PROD0059,B005,4,3900.0,0.15,3315.0,2466.85,848.15,Completed
ORD012019,2024-02-25,CUST01271,PROD0003,B002,5,1888.96,0.1,1700.06,1338.64,361.42,Completed
ORD012020,2024-11-11,CUST02193,PROD0013,B005,2,1353.11,0.05,1285.45,915.45,370.0,Completed
ORD012023,2024-01-17,CUST00133,PROD0030,B005,1,1019.38,0.1,917.45,813.59,103.86,Completed
ORD012027,2024-01-04,CUST00852,PROD0103,B004,1,872.66,0.05,829.02,516.43,312.59,Completed
ORD012029,2024-05-15,CUST01569,PROD0058,B003,2,625.51,0.05,594.24,349.16,245.08,Completed
ORD012030,2024-02-19,CUST01166,PROD0100,B005,4,3243.95,0.0,3243.95,2533.12,710.83,Completed
ORD012034,2024-06-27,CUST02003,PROD0006,B002,5,3347.32,0.05,3179.95,2429.52,750.43,Completed
ORD012039,2024-07-20,CUST00999,PROD0089,B004,1,343.33,0.1,309.0,225.59,83.41,Completed
ORD012042,2024-03-25,CUST02218,PROD0068,B004,3,3074.8,0.15,2613.58,2470.09,143.49,Completed
ORD012045,2024-07-11,CUST00688,PROD0005,B002,4,4889.58,0.2,3911.66,3014.92,896.74,Completed
ORD012050,2024-11-23,CUST00926,PROD0112,B001,3,2599.09,0.1,2339.18,2034.98,304.2,Completed
ORD012053,2024-09-20,CUST01356,PROD0098,B001,1,999.39,0.0,999.39,558.83,440.56,Completed
ORD012055,2024-02-19,CUST00060,PROD0046,B001,4,893.34,0.0,893.34,674.21,219.13,Completed
ORD012057,2024-04-15,CUST01081,PROD0024,B001,4,5128.14,0.0,5128.14,2812.38,2315.76,Completed
ORD012059,2024-02-02,CUST00747,PROD0036,B002,1,283.36,0.0,283.36,153.22,130.14,Completed
ORD012060,2024-01-02,CUST02232,PROD0058,B003,1,312.76,0.1,281.48,174.58,106.9,Completed
ORD012062,2024-06-05,CUST01931,PROD0098,B002,2,1998.78,0.05,1898.84,1117.66,781.18,Completed
ORD012063,2024-05-01,CUST01257,PROD0095,B004,2,710.27,0.05,674.76,535.77,138.99,Completed
ORD012068,2024-05-28,CUST02457,PROD0083,B001,2,3308.37,0.1,2977.54,2242.95,734.59,Completed
ORD012069,2024-08-02,CUST01527,PROD0117,B005,3,2316.79,0.15,1969.27,1428.37,540.9,Completed
ORD012070,2024-03-22,CUST01947,PROD0011,B003,4,3391.79,0.1,3052.62,2630.5,422.12,Completed
ORD012072,2024-05-03,CUST01632,PROD0075,B004,5,7069.49,0.15,6009.07,5462.28,546.79,Completed
ORD012078,2024-02-18,CUST01837,PROD0004,B002,2,598.35,0.1,538.52,382.21,156.31,Completed
ORD012079,2024-08-19,CUST02330,PROD0109,B002,4,5423.46,0.15,4609.94,3900.44,709.5,Completed
ORD012086,2024-11-11,CUST00779,PROD0032,B005,1,736.43,0.05,699.61,405.3,294.31,Completed
ORD012087,2024-09-07,CUST01148,PROD0024,B003,1,1282.03,0.1,1153.83,703.09,450.74,Completed
ORD012089,2024-05-26,CUST01002,PROD0098,B001,4,3997.57,0.05,3797.69,2235.32,1562.37,Completed
ORD012091,2024-03-11,CUST01128,PROD0030,B004,5,5096.92,0.15,4332.38,4067.97,264.41,Completed
ORD012093,2024-02-12,CUST02125,PROD0049,B002,3,3998.17,0.1,3598.35,2313.24,1285.11,Completed
ORD012095,2024-10-10,CUST01170,PROD0016,B003,4,355.46,0.2,284.37,212.86,71.51,Completed
ORD012100,2024-07-12,CUST02361,PROD0109,B001,2,2711.73,0.0,2711.73,1950.22,761.51,Completed
ORD012102,2024-11-13,CUST00618,PROD0080,B002,1,406.6,0.05,386.27,282.0,104.27,Completed
ORD012112,2024-12-16,CUST01431,PROD0052,B001,4,2642.73,0.15,2246.32,1813.4,432.92,Completed
ORD012114,2024-08-24,CUST01763,PROD0008,B004,4,1062.22,0.05,1009.1,875.63,133.47,Completed
ORD012121,2024-11-26,CUST01616,PROD0051,B005,2,1792.18,0.15,1523.36,1188.1,335.26,Completed
ORD012126,2024-10-13,CUST01301,PROD0074,B001,4,2611.38,0.15,2219.67,2019.35,200.32,Completed
ORD012128,2024-10-14,CUST00110,PROD0093,B002,2,1732.71,0.2,1386.16,1271.34,114.82,Completed
ORD012129,2024-04-03,CUST02316,PROD0033,B005,4,2401.36,0.1,2161.23,1532.97,628.26,Completed
ORD012132,2024-04-02,CUST00448,PROD0119,B004,2,1197.16,0.05,1137.31,868.62,268.69,Completed
ORD012134,2024-06-03,CUST00381,PROD0088,B003,4,1795.48,0.1,1615.93,1158.41,457.52,Completed
ORD012138,2024-06-20,CUST01813,PROD0077,B001,5,1520.11,0.15,1292.1,1230.26,61.84,Completed
ORD012139,2024-09-14,CUST01363,PROD0009,B004,4,1277.14,0.05,1213.28,782.1,431.18,Completed
ORD012141,2024-06-15,CUST01289,PROD0103,B004,5,4363.29,0.25,3272.46,2582.17,690.29,Completed
ORD012147,2024-09-22,CUST00458,PROD0109,B005,4,5423.46,0.05,5152.29,3900.44,1251.85,Completed
ORD012148,2024-01-08,CUST01131,PROD0087,B004,1,1181.06,0.05,1122.01,824.7,297.31,Completed
ORD012151,2024-07-06,CUST02016,PROD0064,B003,3,2775.68,0.0,2775.68,2109.86,665.82,Completed
ORD012154,2024-07-05,CUST00616,PROD0048,B003,4,3553.47,0.2,2842.77,2461.98,380.79,Completed
ORD012160,2024-11-06,CUST00562,PROD0069,B001,2,2530.07,0.05,2403.56,1372.88,1030.68,Completed
ORD012163,2024-06-05,CUST01871,PROD0052,B005,4,1615.25,0.05,1534.49,1813.4,-278.91,Completed
ORD012174,2024-10-18,CUST00043,PROD0108,B003,3,2729.65,0.25,2047.24,1570.27,476.97,Completed
ORD012176,2024-12-29,CUST01003,PROD0088,B004,2,897.74,0.15,763.08,579.21,183.87,Completed
ORD012182,2024-05-18,CUST00261,PROD0035,B004,5,2902.06,0.1,2611.85,2178.08,433.77,Completed
ORD012183,2024-04-23,CUST02344,PROD0032,B001,2,1472.87,0.2,1178.29,810.6,367.69,Completed
ORD012184,2024-06-29,CUST02352,PROD0075,B004,4,5655.6,0.0,5655.6,4369.82,1285.78,Completed
ORD012185,2024-07-13,CUST01974,PROD0096,B004,4,7107.69,0.05,6752.3,4137.9,2614.4,Completed
ORD012191,2024-10-03,CUST00485,PROD0036,B003,4,1133.44,0.1,1020.1,612.87,407.23,Completed
ORD012193,2024-03-11,CUST01961,PROD0091,B001,1,413.67,0.0,413.67,315.29,98.38,Completed
ORD012195,2024-10-21,CUST01037,PROD0116,B001,4,1048.69,0.0,1048.69,860.36,188.33,Completed
ORD012198,2024-06-07,CUST01421,PROD0100,B004,2,1621.98,0.1,1459.78,1266.56,193.22,Completed
ORD012199,2024-04-26,CUST01353,PROD0025,B001,3,2970.13,0.2,2376.11,1772.15,603.96,Completed
ORD012207,2024-04-17,CUST02250,PROD0070,B005,5,1002.62,0.15,852.23,687.96,164.27,Completed
ORD012212,2024-03-19,CUST00783,PROD0094,B003,5,976.4,0.15,829.94,585.09,244.85,Completed
ORD012213,2024-05-17,CUST00779,PROD0045,B002,1,1004.75,0.2,803.8,716.56,87.24,Completed
ORD012223,2024-05-30,CUST00886,PROD0079,B001,1,173.3,0.05,164.64,116.57,48.07,Completed
ORD012226,2024-03-22,CUST00874,PROD0015,B002,5,7105.34,0.2,5684.27,4418.64,1265.63,Completed
ORD012229,2024-02-03,CUST01611,PROD0094,B001,2,390.56,0.0,390.56,234.04,156.52,Completed
ORD012237,2024-01-22,CUST02497,PROD0084,B003,5,2591.35,0.05,2461.78,1913.12,548.66,Completed
ORD012242,2024-10-10,CUST00063,PROD0001,B002,5,9696.97,0.0,9696.97,5315.89,4381.08,Completed
ORD012250,2024-01-16,CUST01739,PROD0020,B002,1,760.64,0.05,722.61,547.73,174.88,Completed
ORD012254,2024-07-05,CUST00109,PROD0109,B001,4,5423.46,0.0,5423.46,3900.44,1523.02,Completed
ORD012262,2024-11-16,CUST02003,PROD0074,B004,5,3264.22,0.25,2448.16,2524.19,-76.03,Completed
ORD012266,2024-05-03,CUST01019,PROD0120,B003,1,569.17,0.2,455.33,366.95,88.38,Completed
ORD012268,2024-07-01,CUST00363,PROD0089,B002,4,1373.33,0.15,1167.33,902.35,264.98,Completed
ORD012275,2024-01-23,CUST01238,PROD0076,B001,4,1199.9,0.15,1019.91,960.2,59.71,Completed
ORD012276,2024-12-01,CUST02200,PROD0028,B003,3,2190.58,0.1,1971.52,1375.54,595.98,Completed
ORD012279,2024-07-14,CUST00660,PROD0056,B002,3,4235.16,0.25,3176.37,3172.93,3.44,Completed
ORD012294,2024-03-21,CUST01219,PROD0032,B001,3,2209.3,0.25,1656.98,1215.9,441.08,Completed
ORD012298,2024-01-31,CUST02093,PROD0049,B001,1,1332.72,0.1,1199.45,771.08,428.37,Completed
ORD012308,2024-04-25,CUST00006,PROD0100,B001,2,1621.98,0.05,1540.88,1266.56,274.32,Completed
ORD012313,2024-09-04,CUST00899,PROD0089,B001,1,343.33,0.0,343.33,225.59,117.74,Completed
ORD012316,2024-06-16,CUST01740,PROD0053,B005,1,555.84,0.0,555.84,361.6,194.24,Completed
ORD012319,2024-02-27,CUST00787,PROD0102,B001,2,1542.8,0.15,1311.38,889.73,421.65,Completed
ORD012321,2024-01-04,CUST02372,PROD0001,B002,2,3878.79,0.1,3490.91,2126.36,1364.55,Completed
ORD012322,2024-09-10,CUST00447,PROD0021,B001,3,2535.48,0.0,2535.48,1540.73,994.75,Completed
ORD012324,2024-03-23,CUST00565,PROD0075,B002,5,7069.49,0.15,6009.07,5462.28,546.79,Completed
ORD012326,2024-12-28,CUST00471,PROD0039,B001,4,5930.76,0.0,5930.76,3304.98,2625.78,Completed
ORD012342,2024-10-04,CUST00259,PROD0041,B004,2,230.15,0.15,195.63,124.98,70.65,Completed
ORD012350,2024-02-05,CUST00132,PROD0104,B001,2,3204.91,0.15,2724.17,2119.14,605.03,Completed
ORD012351,2024-08-02,CUST00253,PROD0001,B002,4,7757.58,0.15,6593.94,4252.71,2341.23,Completed
ORD012353,2024-08-14,CUST02354,PROD0010,B005,2,3685.11,0.05,3500.86,2143.99,1356.87,Completed
ORD012363,2024-11-29,CUST00940,PROD0010,B004,4,7370.22,0.1,6633.2,4287.98,2345.22,Completed
ORD012364,2024-09-11,CUST02322,PROD0022,B002,4,5057.35,0.1,4551.62,3654.32,897.3,Completed
ORD012368,2024-03-25,CUST02461,PROD0004,B004,5,1495.87,0.0,1495.87,955.52,540.35,Completed
ORD012370,2024-03-13,CUST00431,PROD0070,B002,2,401.05,0.0,401.05,275.18,125.87,Completed
ORD012377,2024-04-17,CUST01733,PROD0041,B004,4,460.31,0.1,414.28,249.96,164.32,Completed
ORD012378,2024-12-28,CUST00086,PROD0065,B005,3,4054.0,0.1,3648.61,3033.65,614.96,Completed
ORD012379,2024-07-19,CUST00496,PROD0026,B003,5,1967.53,0.1,1770.78,1421.48,349.3,Completed
ORD012380,2024-05-20,CUST01839,PROD0104,B003,4,6409.81,0.15,5448.34,4238.27,1210.07,Completed
ORD012382,2024-04-17,CUST02341,PROD0097,B004,4,7044.68,0.1,6340.21,4338.46,2001.75,Completed
ORD012384,2024-07-30,CUST01533,PROD0065,B001,2,2702.67,0.05,2567.53,2022.43,545.1,Completed
ORD012385,2024-03-26,CUST00314,PROD0115,B002,4,2986.19,0.0,2986.19,1842.61,1143.58,Completed
ORD012398,2024-02-24,CUST00693,PROD0065,B002,4,5405.34,0.0,5405.34,4044.87,1360.47,Completed
ORD012402,2024-08-17,CUST02222,PROD0069,B003,3,3795.1,0.25,2846.33,2059.31,787.02,Completed
ORD012403,2024-01-30,CUST00221,PROD0082,B005,2,4189.05,0.15,3560.69,2267.33,1293.36,Completed
ORD012407,2024-01-26,CUST01569,PROD0053,B004,2,1111.68,0.0,1111.68,723.21,388.47,Completed
ORD012409,2024-05-14,CUST00771,PROD0070,B002,2,401.05,0.05,381.0,275.18,105.82,Completed
ORD012410,2024-10-01,CUST00896,PROD0117,B001,5,3861.32,0.1,3475.19,2380.62,1094.57,Completed
ORD012411,2024-02-13,CUST01989,PROD0097,B001,2,3522.34,0.05,3346.22,2169.23,1176.99,Completed
ORD012414,2024-10-16,CUST00986,PROD0070,B005,3,601.57,0.2,481.26,412.77,68.49,Completed
ORD012419,2024-03-18,CUST01482,PROD0058,B004,4,1251.03,0.1,1125.92,698.33,427.59,Completed
ORD012421,2024-07-12,CUST01706,PROD0030,B005,4,4077.53,0.05,3873.66,3254.38,619.28,Completed
ORD012423,2024-12-10,CUST00633,PROD0020,B004,5,3803.19,0.05,3613.04,2738.67,874.37,Completed
ORD012425,2024-09-30,CUST01679,PROD0023,B004,4,5092.22,0.0,5092.22,3147.68,1944.54,Completed
ORD012426,2024-05-08,CUST00455,PROD0054,B001,5,5638.39,0.1,5074.55,3810.16,1264.39,Completed
ORD012431,2024-03-31,CUST00018,PROD0025,B003,5,4950.22,0.0,4950.22,2953.59,1996.63,Completed
ORD012437,2024-03-06,CUST00279,PROD0098,B005,4,3997.57,0.1,3597.81,2235.32,1362.49,Completed
ORD012438,2024-01-27,CUST02327,PROD0076,B003,3,899.93,0.0,899.93,720.15,179.78,Completed
ORD012439,2024-02-26,CUST01222,PROD0002,B003,3,2040.42,0.0,2040.42,1233.78,806.64,Completed
ORD012445,2024-01-23,CUST00432,PROD0011,B005,3,2543.84,0.0,2543.84,1972.87,570.97,Completed
ORD012447,2024-08-01,CUST02370,PROD0054,B005,5,5638.39,0.15,4792.63,3810.16,982.47,Completed
ORD012457,2024-02-06,CUST00152,PROD0099,B005,1,849.27,0.1,764.34,593.57,170.77,Completed
ORD012461,2024-07-18,CUST00597,PROD0005,B001,2,2444.79,0.0,2444.79,1507.46,937.33,Completed
ORD012463,2024-03-19,CUST00226,PROD0018,B003,1,1721.31,0.25,1290.98,1071.91,219.07,Completed
ORD012464,2024-02-29,CUST00548,PROD0104,B001,2,3204.91,0.05,3044.66,2119.14,925.52,Completed
ORD012472,2024-07-12,CUST01118,PROD0070,B003,3,601.57,0.0,601.57,412.77,188.8,Completed
ORD012475,2024-02-03,CUST01811,PROD0094,B005,2,390.56,0.15,331.98,234.04,97.94,Completed
ORD012480,2024-04-25,CUST01151,PROD0049,B002,3,3998.17,0.1,3598.35,2313.24,1285.11,Completed
ORD012488,2024-08-14,CUST01073,PROD0098,B004,5,4996.96,0.05,4747.11,2794.15,1952.96,Completed
ORD012492,2024-05-28,CUST02070,PROD0041,B003,4,460.31,0.2,368.25,249.96,118.29,Completed
ORD012496,2024-01-19,CUST00018,PROD0110,B002,5,3983.57,0.05,3784.39,2315.96,1468.43,Completed
ORD012518,2024-06-19,CUST00422,PROD0088,B004,3,1346.61,0.1,1211.95,868.81,343.14,Completed
ORD012525,2024-01-11,CUST02443,PROD0007,B002,1,47.71,0.0,47.71,35.75,11.96,Completed
ORD012531,2024-10-06,CUST01904,PROD0023,B002,3,3819.17,0.25,2864.38,2360.76,503.62,Completed
ORD012534,2024-05-26,CUST00100,PROD0079,B004,3,519.91,0.1,467.91,349.71,118.2,Completed
ORD012536,2024-04-23,CUST01360,PROD0029,B001,3,1374.02,0.15,1167.91,797.55,370.36,Completed
ORD012538,2024-06-09,CUST02458,PROD0078,B002,2,1863.91,0.05,1770.71,1147.95,622.76,Completed
ORD012551,2024-10-03,CUST00844,PROD0081,B002,3,399.32,0.2,319.46,297.32,22.14,Completed
ORD012554,2024-05-19,CUST02113,PROD0056,B002,1,1411.72,0.15,1199.96,1057.64,142.32,Completed
ORD012556,2024-11-25,CUST00056,PROD0058,B003,1,312.76,0.15,265.85,174.58,91.27,Completed
ORD012563,2024-08-21,CUST00500,PROD0063,B003,5,663.4,0.05,630.23,502.33,127.9,Completed
ORD012564,2024-05-23,CUST00627,PROD0071,B003,3,1439.36,0.2,1151.49,1120.72,30.77,Completed
ORD012566,2024-04-29,CUST00756,PROD0105,B004,3,1265.21,0.0,1265.21,932.39,332.82,Completed
ORD012569,2024-08-06,CUST00247,PROD0101,B001,2,1292.78,0.1,1163.5,921.0,242.5,Completed
ORD012575,2024-07-20,CUST01004,PROD0010,B002,5,9212.77,0.0,9212.77,5359.98,3852.79,Completed
ORD012576,2024-04-24,CUST00557,PROD0016,B003,4,355.46,0.2,284.37,212.86,71.51,Completed
ORD012578,2024-04-07,CUST00189,PROD0049,B002,2,2665.44,0.1,2398.9,1542.16,856.74,Completed
ORD012580,2024-07-08,CUST00749,PROD0073,B004,5,914.01,0.0,914.01,599.86,314.15,Completed
ORD012587,2024-06-23,CUST00381,PROD0035,B001,3,1741.24,0.05,1654.18,1306.85,347.33,Completed
ORD012602,2024-07-31,CUST02045,PROD0106,B005,1,718.58,0.05,682.65,431.22,251.43,Completed
ORD012606,2024-09-01,CUST02388,PROD0076,B004,5,1499.88,0.1,1349.89,1200.24,149.65,Completed
ORD012608,2024-03-25,CUST01299,PROD0033,B002,1,600.34,0.1,540.31,383.24,157.07,Completed
ORD012610,2024-02-29,CUST02290,PROD0019,B002,2,1777.39,0.0,1777.39,1108.38,669.01,Completed
ORD012612,2024-01-22,CUST01024,PROD0016,B004,3,266.59,0.25,199.95,159.65,40.3,Completed
ORD012613,2024-09-06,CUST01677,PROD0093,B003,3,2599.06,0.15,2209.2,1907.02,302.18,Completed
ORD012617,2024-12-30,CUST01875,PROD0060,B002,5,447.63,0.0,447.63,293.88,153.75,Completed
ORD012619,2024-05-30,CUST01730,PROD0004,B002,3,897.52,0.0,897.52,573.31,324.21,Completed
ORD012627,2024-05-05,CUST01231,PROD0004,B002,2,598.35,0.25,448.76,382.21,66.55,Completed
ORD012635,2024-05-11,CUST02018,PROD0118,B005,5,1449.42,0.1,1304.48,970.84,333.64,Completed
ORD012636,2024-09-04,CUST00392,PROD0050,B002,1,1099.14,0.2,879.31,634.27,245.04,Completed
ORD012645,2024-02-07,CUST01309,PROD0120,B002,5,2845.83,0.05,2703.54,1834.73,868.81,Completed
ORD012652,2024-09-22,CUST00577,PROD0043,B003,5,1456.99,0.05,1384.14,893.23,490.91,Completed
ORD012655,2024-05-11,CUST01142,PROD0049,B005,3,3998.17,0.25,2998.62,2313.24,685.38,Completed
ORD012656,2024-01-19,CUST02398,PROD0008,B005,1,265.55,0.05,252.28,218.91,33.37,Completed
ORD012657,2024-06-05,CUST00511,PROD0053,B002,3,1667.51,0.15,1417.39,1084.81,332.58,Completed
ORD012659,2024-10-01,CUST01287,PROD0017,B005,3,2608.78,0.05,2478.34,1895.94,582.4,Completed
ORD012661,2024-07-06,CUST02448,PROD0085,B005,5,215.26,0.2,172.21,170.57,1.64,Completed
ORD012663,2024-11-21,CUST00159,PROD0006,B003,1,669.46,0.0,669.46,485.9,183.56,Completed
ORD012667,2024-03-19,CUST00657,PROD0010,B001,4,7370.22,0.15,6264.69,4287.98,1976.71,Completed
ORD012671,2024-10-29,CUST00472,PROD0003,B003,2,755.58,0.05,717.81,535.46,182.35,Completed
ORD012677,2024-08-24,CUST01872,PROD0074,B002,4,2611.38,0.05,2480.81,2019.35,461.46,Completed
ORD012678,2024-11-25,CUST00300,PROD0034,B002,1,1077.45,0.0,1077.45,716.59,360.86,Completed
ORD012679,2024-12-20,CUST00408,PROD0026,B001,5,1967.53,0.15,1672.4,1421.48,250.92,Completed
ORD012681,2024-12-10,CUST02072,PROD0035,B002,3,1741.24,0.15,1480.05,1306.85,173.2,Completed
ORD012682,2024-02-25,CUST00399,PROD0016,B005,5,444.32,0.05,422.11,266.08,156.03,Completed
ORD012686,2024-02-15,CUST00684,PROD0062,B002,2,1459.06,0.05,1386.11,1157.44,228.67,Completed
ORD012688,2024-01-16,CUST01585,PROD0079,B003,2,346.61,0.25,259.95,233.14,26.81,Completed
ORD012689,2024-04-09,CUST01973,PROD0062,B005,1,729.53,0.1,656.58,578.72,77.86,Completed
ORD012690,2024-11-16,CUST01729,PROD0071,B003,4,1919.14,0.1,1727.23,1494.29,232.94,Completed
ORD012692,2024-07-19,CUST00923,PROD0073,B002,3,548.4,0.1,493.57,359.92,133.65,Completed
ORD012696,2024-10-27,CUST00347,PROD0037,B004,4,2318.69,0.15,1970.89,1930.23,40.66,Completed
ORD012698,2024-10-22,CUST00867,PROD0029,B001,5,2290.03,0.1,2061.03,1329.25,731.78,Completed
ORD012699,2024-06-11,CUST00166,PROD0088,B005,5,2244.35,0.2,1795.48,1448.01,347.47,Completed
ORD012703,2024-07-24,CUST02267,PROD0077,B001,1,304.02,0.0,304.02,246.05,57.97,Completed
ORD012705,2024-02-24,CUST00603,PROD0029,B005,5,2290.03,0.05,2175.53,1329.25,846.28,Completed
ORD012706,2024-10-03,CUST00134,PROD0119,B003,5,2992.91,0.15,2543.97,2171.55,372.42,Completed
ORD012710,2024-07-17,CUST01047,PROD0104,B005,5,8012.27,0.1,7211.04,5297.84,1913.2,Completed
ORD012717,2024-03-24,CUST01704,PROD0117,B001,4,3089.06,0.05,2934.61,1904.49,1030.12,Completed
ORD012718,2024-11-22,CUST02241,PROD0055,B002,5,2323.71,0.1,2091.34,1317.7,773.64,Completed
ORD012722,2024-08-31,CUST02405,PROD0007,B002,2,95.41,0.25,71.56,71.51,0.05,Completed
ORD012726,2024-10-01,CUST01362,PROD0118,B004,5,1449.42,0.2,1159.53,970.84,188.69,Completed
ORD012739,2024-06-03,CUST01967,PROD0054,B001,4,4510.71,0.1,4059.64,3048.13,1011.51,Completed
ORD012747,2024-12-03,CUST02164,PROD0075,B003,1,1413.9,0.1,1272.51,1092.46,180.05,Completed
ORD012752,2024-03-27,CUST00088,PROD0009,B003,4,1277.14,0.1,1149.43,782.1,367.33,Completed
ORD012753,2024-10-26,CUST00334,PROD0033,B002,3,1801.02,0.05,1710.97,1149.73,561.24,Completed
ORD012756,2024-09-14,CUST02321,PROD0095,B001,4,1420.55,0.2,1136.44,1071.54,64.9,Completed
ORD012766,2024-07-22,CUST01956,PROD0025,B001,2,1980.09,0.1,1782.08,1181.43,600.65,Completed
ORD012770,2024-02-01,CUST00978,PROD0003,B001,2,755.58,0.15,642.24,535.46,106.78,Completed
ORD012774,2024-06-10,CUST02152,PROD0012,B001,2,259.23,0.0,259.23,175.15,84.08,Completed
ORD012778,2024-03-14,CUST00447,PROD0093,B003,3,2599.06,0.05,2469.1,1907.02,562.08,Completed
ORD012783,2024-01-29,CUST01614,PROD0090,B001,4,1279.51,0.05,1215.54,800.72,414.82,Completed
ORD012786,2024-05-28,CUST01097,PROD0033,B001,3,1801.02,0.05,1710.97,1149.73,561.24,Completed
ORD012792,2024-02-27,CUST02155,PROD0018,B002,5,8606.54,0.25,6454.91,5359.54,1095.37,Completed
ORD012801,2024-06-26,CUST00493,PROD0015,B003,4,5684.27,0.0,5684.27,3534.91,2149.36,Completed
ORD012802,2024-04-30,CUST01704,PROD0116,B001,5,1310.86,0.1,1179.77,1075.45,104.32,Completed
ORD012803,2024-02-06,CUST01060,PROD0117,B005,4,3089.06,0.0,3089.06,1904.49,1184.57,Completed
ORD012806,2024-03-17,CUST01988,PROD0120,B003,5,2845.83,0.1,2561.24,1834.73,726.51,Completed
ORD012807,2024-03-30,CUST02242,PROD0055,B001,1,295.45,0.2,236.36,263.54,-27.18,Completed
ORD012811,2024-12-02,CUST01997,PROD0076,B002,5,1499.88,0.2,1199.9,1200.24,-0.34,Completed
ORD012812,2024-06-14,CUST01949,PROD0097,B003,3,5283.51,0.0,5283.51,3253.85,2029.66,Completed
ORD012814,2024-11-21,CUST01956,PROD0118,B005,5,1449.42,0.15,1232.01,970.84,261.17,Completed
ORD012815,2024-01-31,CUST02487,PROD0075,B001,5,7069.49,0.2,5655.6,5462.28,193.32,Completed
ORD012817,2024-07-19,CUST02352,PROD0079,B002,1,173.3,0.0,173.3,116.57,56.73,Completed
ORD012818,2024-08-18,CUST00459,PROD0118,B002,4,1159.53,0.0,1159.53,776.67,382.86,Completed
ORD012824,2024-11-17,CUST01516,PROD0013,B001,2,1353.11,0.2,1082.49,915.45,167.04,Completed
ORD012828,2024-04-19,CUST00409,PROD0102,B005,5,3857.01,0.05,3664.16,2224.33,1439.83,Completed
ORD012829,2024-07-23,CUST00188,PROD0010,B001,2,3685.11,0.15,3132.35,2143.99,988.36,Completed
ORD012833,2024-09-03,CUST00154,PROD0004,B005,1,299.17,0.1,269.26,191.1,78.16,Completed
ORD012839,2024-05-15,CUST02339,PROD0064,B001,5,4626.14,0.2,3700.91,3516.44,184.47,Completed
ORD012840,2024-06-21,CUST01676,PROD0118,B001,5,1449.42,0.0,1449.42,970.84,478.58,Completed
ORD012843,2024-04-02,CUST01944,PROD0108,B002,1,909.88,0.1,818.9,523.42,295.48,Completed
ORD012844,2024-12-18,CUST01351,PROD0112,B004,3,2599.09,0.1,2339.18,2034.98,304.2,Completed
ORD012851,2024-03-14,CUST01031,PROD0118,B004,1,289.88,0.05,275.39,194.17,81.22,Completed
ORD012858,2024-09-28,CUST00951,PROD0080,B001,2,813.2,0.05,772.54,563.99,208.55,Completed
ORD012861,2024-05-25,CUST01012,PROD0077,B005,1,304.02,0.0,304.02,246.05,57.97,Completed
ORD012865,2024-01-15,CUST01881,PROD0066,B002,3,4194.64,0.2,3355.72,3013.47,342.25,Completed
ORD012867,2024-05-12,CUST01933,PROD0106,B001,5,2308.45,0.1,2077.6,2156.1,-78.5,Completed
ORD012870,2024-08-28,CUST01419,PROD0109,B002,4,5423.46,0.05,5152.29,3900.44,1251.85,Completed
ORD012876,2024-11-20,CUST02191,PROD0050,B001,5,5495.7,0.2,4396.56,3171.34,1225.22,Completed
ORD012877,2024-12-30,CUST00978,PROD0093,B005,1,866.35,0.1,779.72,635.67,144.05,Completed
ORD012879,2024-05-22,CUST02458,PROD0100,B001,5,4054.94,0.05,3852.2,3166.4,685.8,Completed
ORD012881,2024-04-22,CUST01591,PROD0014,B003,5,6904.38,0.15,5868.73,3953.01,1915.72,Completed
ORD012886,2024-09-04,CUST00026,PROD0113,B001,1,1254.18,0.15,1066.06,906.95,159.11,Completed
ORD012890,2024-09-29,CUST01752,PROD0034,B004,5,5387.24,0.0,5387.24,3582.94,1804.3,Completed
ORD012892,2024-07-24,CUST01024,PROD0103,B002,2,1745.31,0.2,1396.25,1032.87,363.38,Completed
ORD012894,2024-12-23,CUST00881,PROD0041,B005,5,575.39,0.1,517.85,312.45,205.4,Completed
ORD012896,2024-02-07,CUST00886,PROD0097,B003,2,3522.34,0.05,3346.22,2169.23,1176.99,Completed
ORD012898,2024-07-12,CUST00263,PROD0010,B001,5,9212.77,0.1,8291.5,5359.98,2931.52,Completed
ORD012899,2024-01-27,CUST02459,PROD0120,B005,3,1707.5,0.1,1536.75,1100.84,435.91,Completed
ORD012900,2024-08-05,CUST01400,PROD0080,B002,2,813.2,0.05,772.54,563.99,208.55,Completed
ORD012902,2024-05-20,CUST02177,PROD0044,B002,3,3281.84,0.05,3117.75,1822.23,1295.52,Completed
ORD012905,2024-08-31,CUST02229,PROD0053,B004,4,2223.35,0.0,2223.35,1446.41,776.94,Completed
ORD012907,2024-07-21,CUST00796,PROD0044,B003,5,5469.74,0.0,5469.74,3037.05,2432.69,Completed
ORD012909,2024-11-29,CUST00947,PROD0082,B001,4,8378.11,0.15,7121.39,4534.66,2586.73,Completed
ORD012917,2024-02-19,CUST00052,PROD0030,B001,1,1019.38,0.05,968.41,813.59,154.82,Completed
ORD012919,2024-03-08,CUST01306,PROD0101,B004,5,3231.94,0.05,3070.34,2302.51,767.83,Completed
ORD012924,2024-01-11,CUST00076,PROD0044,B004,4,4375.79,0.1,3938.21,2429.64,1508.57,Completed
ORD012933,2024-06-20,CUST00305,PROD0069,B001,4,5060.14,0.1,4554.13,2745.75,1808.38,Completed
ORD012950,2024-10-22,CUST00896,PROD0026,B002,5,1967.53,0.15,1672.4,1421.48,250.92,Completed
ORD012952,2024-03-23,CUST00450,PROD0088,B004,5,1165.24,0.05,1106.98,1448.01,-341.03,Completed
ORD012956,2024-11-19,CUST02493,PROD0056,B003,4,5646.88,0.05,5364.53,4230.57,1133.96,Completed
ORD012959,2024-07-04,CUST01756,PROD0034,B003,1,1077.45,0.2,861.96,716.59,145.37,Completed
ORD012960,2024-08-12,CUST00821,PROD0080,B004,5,2033.0,0.05,1931.35,1409.99,521.36,Completed
ORD012962,2024-04-27,CUST01929,PROD0043,B001,3,874.19,0.0,874.19,535.94,338.25,Completed
ORD012973,2024-01-24,CUST00353,PROD0086,B001,1,527.87,0.0,527.87,400.74,127.13,Completed
ORD012979,2024-04-04,CUST01953,PROD0055,B003,3,1394.23,0.0,1394.23,790.62,603.61,Completed
ORD012983,2024-05-28,CUST01850,PROD0038,B001,5,299.66,0.15,254.71,203.55,51.16,Completed
ORD012996,2024-08-30,CUST00208,PROD0075,B001,3,4241.7,0.1,3817.52,3277.37,540.15,Completed
ORD012997,2024-10-25,CUST01834,PROD0038,B003,4,239.73,0.2,191.78,162.84,28.94,Completed
ORD013000,2024-11-01,CUST02115,PROD0111,B003,1,1834.82,0.1,1651.34,1107.06,544.28,Completed
ORD013001,2024-08-11,CUST01373,PROD0058,B001,5,1563.78,0.1,1407.41,872.91,534.5,Completed
ORD013006,2024-11-03,CUST00937,PROD0070,B001,1,200.52,0.0,200.52,137.59,62.93,Completed
ORD013019,2024-03-12,CUST02219,PROD0063,B003,5,663.4,0.05,630.23,502.33,127.9,Completed
ORD013021,2024-02-08,CUST00613,PROD0044,B001,5,5469.74,0.25,4102.31,3037.05,1065.26,Completed
ORD013030,2024-10-17,CUST01517,PROD0052,B005,2,1321.37,0.15,1123.16,906.7,216.46,Completed
ORD013031,2024-09-09,CUST00044,PROD0009,B002,1,319.28,0.2,255.43,195.53,59.9,Completed
ORD013036,2024-04-03,CUST00336,PROD0076,B005,4,1199.9,0.1,1079.91,960.2,119.71,Completed
ORD013047,2024-02-25,CUST00862,PROD0080,B002,5,2033.0,0.1,1829.7,1409.99,419.71,Completed
ORD013050,2024-05-07,CUST01463,PROD0084,B001,3,1554.81,0.1,1399.33,1147.87,251.46,Completed
ORD013059,2024-07-05,CUST01935,PROD0015,B003,4,5684.27,0.0,5684.27,3534.91,2149.36,Completed
ORD013060,2024-04-15,CUST01994,PROD0116,B001,5,1310.86,0.1,1179.77,1075.45,104.32,Completed
ORD013070,2024-12-04,CUST01199,PROD0019,B004,4,3554.78,0.1,3199.3,2216.76,982.54,Completed
ORD013072,2024-08-11,CUST01856,PROD0013,B002,5,3382.77,0.15,2875.35,2288.62,586.73,Completed
ORD013075,2024-02-17,CUST01859,PROD0113,B005,3,3762.55,0.1,3386.29,2720.86,665.43,Completed
ORD013084,2024-01-05,CUST00457,PROD0111,B005,5,9174.1,0.15,7797.98,5535.31,2262.67,Completed
ORD013085,2024-04-07,CUST00732,PROD0037,B001,3,1739.02,0.15,1478.17,1447.68,30.49,Completed
ORD013086,2024-12-06,CUST00010,PROD0045,B001,4,4019.0,0.05,3818.05,2866.23,951.82,Completed
ORD013090,2024-06-02,CUST01195,PROD0059,B004,3,2925.0,0.15,2486.25,1850.13,636.12,Completed
ORD013093,2024-03-06,CUST00583,PROD0120,B001,1,569.17,0.2,455.33,366.95,88.38,Completed
ORD013096,2024-04-25,CUST01250,PROD0084,B003,1,518.27,0.0,518.27,382.62,135.65,Completed
ORD013100,2024-07-14,CUST01968,PROD0085,B004,5,215.26,0.1,193.73,170.57,23.16,Completed
ORD013101,2024-07-08,CUST02439,PROD0100,B002,2,1621.98,0.0,1621.98,1266.56,355.42,Completed
ORD013106,2024-09-19,CUST01280,PROD0087,B001,1,1181.06,0.25,885.8,824.7,61.1,Completed
ORD013118,2024-03-03,CUST01465,PROD0006,B001,1,669.46,0.25,502.1,485.9,16.2,Completed
ORD013123,2024-08-29,CUST00764,PROD0077,B001,4,1216.09,0.1,1094.48,984.21,110.27,Completed
ORD013125,2024-08-09,CUST02433,PROD0055,B001,2,929.48,0.1,836.54,527.08,309.46,Completed
ORD013127,2024-10-27,CUST01246,PROD0058,B002,2,625.51,0.1,562.96,349.16,213.8,Completed
ORD013138,2024-09-17,CUST00754,PROD0099,B001,1,849.27,0.15,721.88,593.57,128.31,Completed
ORD013143,2024-05-04,CUST00226,PROD0003,B004,2,755.58,0.0,755.58,535.46,220.12,Completed
ORD013144,2024-12-30,CUST01674,PROD0024,B002,1,1282.03,0.1,1153.83,703.09,450.74,Completed
ORD013146,2024-11-29,CUST01758,PROD0073,B002,5,914.01,0.1,822.61,599.86,222.75,Completed
ORD013149,2024-06-11,CUST01284,PROD0028,B002,2,1460.38,0.25,1095.28,917.03,178.25,Completed
ORD013154,2024-05-06,CUST00060,PROD0019,B005,3,2666.08,0.15,2266.17,1662.57,603.6,Completed
ORD013159,2024-12-07,CUST01686,PROD0107,B001,2,3556.4,0.1,3200.76,2175.34,1025.42,Completed
ORD013160,2024-03-25,CUST00041,PROD0078,B003,3,2795.86,0.05,2656.07,1721.93,934.14,Completed
ORD013163,2024-08-27,CUST02230,PROD0113,B004,1,1254.18,0.2,1003.35,906.95,96.4,Completed
ORD013165,2024-03-08,CUST01048,PROD0011,B004,5,4239.74,0.0,4239.74,3288.12,951.62,Completed
ORD013166,2024-08-11,CUST00487,PROD0098,B005,4,3997.57,0.2,3198.06,2235.32,962.74,Completed
ORD013174,2024-10-17,CUST00478,PROD0101,B003,2,1292.78,0.05,1228.14,921.0,307.14,Completed
ORD013179,2024-04-28,CUST01443,PROD0090,B005,2,639.76,0.1,575.78,400.36,175.42,Completed
ORD013182,2024-10-27,CUST01790,PROD0028,B002,5,2121.57,0.1,1909.42,2292.57,-383.15,Completed
ORD013188,2024-06-04,CUST02243,PROD0022,B005,2,2528.68,0.0,2528.68,1827.16,701.52,Completed
ORD013192,2024-07-03,CUST01532,PROD0067,B002,1,906.81,0.15,770.79,497.33,273.46,Completed
ORD013196,2024-10-29,CUST02435,PROD0075,B004,5,7069.49,0.1,6362.54,5462.28,900.26,Completed
ORD013198,2024-08-06,CUST01541,PROD0078,B004,2,1863.91,0.1,1677.52,1147.95,529.57,Completed
ORD013206,2024-04-30,CUST00470,PROD0049,B003,5,6663.61,0.05,6330.43,3855.39,2475.04,Completed
ORD013211,2024-02-01,CUST02211,PROD0066,B004,1,1398.21,0.1,1258.39,1004.49,253.9,Completed
ORD013214,2024-06-27,CUST00621,PROD0082,B005,2,4189.05,0.1,3770.15,2267.33,1502.82,Completed
ORD013222,2024-08-04,CUST01966,PROD0085,B004,4,172.21,0.05,163.6,136.46,27.14,Completed
ORD013224,2024-11-16,CUST00808,PROD0064,B001,3,2775.68,0.0,2775.68,2109.86,665.82,Completed
ORD013225,2024-02-11,CUST01447,PROD0042,B005,1,1453.53,0.0,1453.53,1064.39,389.14,Completed
ORD013226,2024-02-24,CUST00708,PROD0066,B004,1,1398.21,0.15,1188.48,1004.49,183.99,Completed
ORD013227,2024-10-15,CUST00543,PROD0037,B003,4,2318.69,0.15,1970.89,1930.23,40.66,Completed
ORD013231,2024-05-10,CUST00293,PROD0019,B003,2,1777.39,0.0,1777.39,1108.38,669.01,Completed
ORD013232,2024-03-23,CUST00055,PROD0019,B001,2,1777.39,0.1,1599.65,1108.38,491.27,Completed
ORD013233,2024-07-24,CUST00532,PROD0018,B005,1,1721.31,0.05,1635.24,1071.91,563.33,Completed
ORD013237,2024-10-19,CUST02462,PROD0033,B001,1,600.34,0.15,510.29,383.24,127.05,Completed
ORD013239,2024-08-24,CUST00218,PROD0085,B004,5,215.26,0.2,172.21,170.57,1.64,Completed
ORD013240,2024-10-14,CUST01240,PROD0097,B005,3,5283.51,0.1,4755.16,3253.85,1501.31,Completed
ORD013247,2024-08-21,CUST01620,PROD0091,B003,2,827.35,0.0,827.35,630.58,196.77,Completed
ORD013248,2024-11-22,CUST01415,PROD0109,B001,2,2711.73,0.15,2304.97,1950.22,354.75,Completed
ORD013249,2024-10-25,CUST00568,PROD0119,B005,3,1795.75,0.05,1705.96,1302.93,403.03,Completed
ORD013252,2024-01-08,CUST00735,PROD0047,B004,1,310.2,0.25,232.65,179.65,53.0,Completed
ORD013255,2024-10-17,CUST01681,PROD0003,B001,3,1133.37,0.15,963.37,803.19,160.18,Completed
ORD013257,2024-01-02,CUST01391,PROD0077,B005,3,912.07,0.1,820.86,738.16,82.7,Completed
ORD013260,2024-01-09,CUST01512,PROD0002,B003,2,1360.28,0.2,1088.22,822.52,265.7,Completed
ORD013263,2024-07-20,CUST00086,PROD0114,B001,2,2749.07,0.05,2611.62,2086.33,525.29,Completed
ORD013267,2024-06-20,CUST01897,PROD0043,B003,1,291.4,0.2,233.12,178.65,54.47,Completed
ORD013268,2024-07-06,CUST01135,PROD0045,B005,1,1004.75,0.25,753.56,716.56,37.0,Completed
ORD013270,2024-06-26,CUST00735,PROD0033,B001,2,1200.68,0.05,1140.65,766.49,374.16,Completed
ORD013271,2024-05-17,CUST02037,PROD0070,B005,4,802.1,0.0,802.1,550.37,251.73,Completed
ORD013272,2024-03-19,CUST01805,PROD0001,B002,1,1939.39,0.05,1842.42,1063.18,779.24,Completed
ORD013273,2024-09-25,CUST01176,PROD0060,B001,1,89.53,0.2,71.62,58.78,12.84,Completed
ORD013275,2024-07-22,CUST01650,PROD0057,B002,4,4020.4,0.15,3417.33,2595.81,821.52,Completed
ORD013276,2024-02-20,CUST01994,PROD0103,B003,5,4363.29,0.1,3926.96,2582.17,1344.79,Completed
ORD013277,2024-02-22,CUST01559,PROD0051,B001,5,4480.46,0.0,4480.46,2970.26,1510.2,Completed
ORD013278,2024-11-19,CUST02014,PROD0004,B002,2,598.35,0.2,478.68,382.21,96.47,Completed
ORD013279,2024-10-12,CUST00991,PROD0052,B002,2,1321.37,0.15,1123.16,906.7,216.46,Completed
ORD013280,2024-03-07,CUST01091,PROD0035,B002,1,580.41,0.15,493.35,435.62,57.73,Completed
ORD013281,2024-12-20,CUST01354,PROD0076,B002,5,1499.88,0.15,1274.89,1200.24,74.65,Completed
ORD013284,2024-05-07,CUST01444,PROD0021,B002,4,3380.64,0.1,3042.58,2054.31,988.27,Completed
ORD013286,2024-12-08,CUST01048,PROD0096,B003,1,1776.92,0.05,1688.08,1034.47,653.61,Completed
ORD013289,2024-10-21,CUST00742,PROD0107,B001,2,3556.4,0.05,3378.58,2175.34,1203.24,Completed
ORD013296,2024-08-12,CUST02405,PROD0104,B002,4,6409.81,0.1,5768.83,4238.27,1530.56,Completed
ORD013298,2024-11-08,CUST01366,PROD0054,B005,5,5638.39,0.1,5074.55,3810.16,1264.39,Completed
ORD013299,2024-06-07,CUST02119,PROD0083,B002,5,8270.93,0.1,7443.84,5607.38,1836.46,Completed
ORD013302,2024-10-06,CUST02450,PROD0029,B001,3,1374.02,0.1,1236.62,797.55,439.07,Completed
ORD013307,2024-04-25,CUST01851,PROD0025,B003,3,2970.13,0.25,2227.6,1772.15,455.45,Completed
ORD013308,2024-11-05,CUST00855,PROD0033,B004,3,1801.02,0.0,1801.02,1149.73,651.29,Completed
ORD013310,2024-06-07,CUST00074,PROD0017,B004,5,4347.97,0.1,3913.17,3159.89,753.28,Completed
ORD013311,2024-05-29,CUST00121,PROD0095,B001,3,1065.41,0.1,958.87,803.65,155.22,Completed
ORD013313,2024-04-23,CUST01465,PROD0096,B003,4,7107.69,0.1,6396.92,4137.9,2259.02,Completed
ORD013315,2024-03-13,CUST02408,PROD0068,B005,4,4099.74,0.2,3279.79,3293.45,-13.66,Completed
ORD013324,2024-12-14,CUST01055,PROD0008,B003,3,796.66,0.15,677.16,656.72,20.44,Completed
ORD013328,2024-02-05,CUST00328,PROD0095,B001,2,710.27,0.0,710.27,535.77,174.5,Completed
ORD013332,2024-06-08,CUST01067,PROD0033,B002,1,600.34,0.15,510.29,383.24,127.05,Completed
ORD013334,2024-12-04,CUST01420,PROD0040,B001,3,2972.02,0.0,2972.02,1621.06,1350.96,Completed
ORD013340,2024-04-18,CUST00067,PROD0102,B001,4,3085.61,0.0,3085.61,1779.46,1306.15,Completed
ORD013347,2024-10-09,CUST02012,PROD0009,B001,1,319.28,0.15,271.39,195.53,75.86,Completed
ORD013348,2024-10-11,CUST00410,PROD0092,B001,3,313.33,0.15,266.33,199.91,66.42,Completed
ORD013353,2024-01-29,CUST01194,PROD0095,B001,4,1420.55,0.0,1420.55,1071.54,349.01,Completed
ORD013355,2024-11-02,CUST01848,PROD0022,B001,3,3793.01,0.0,3793.01,2740.74,1052.27,Completed
ORD013356,2024-03-22,CUST01598,PROD0072,B003,4,1860.63,0.05,1767.6,1306.48,461.12,Completed
ORD013365,2024-09-24,CUST02383,PROD0067,B001,3,2720.42,0.05,2584.4,1491.98,1092.42,Completed
ORD013368,2024-03-29,CUST00594,PROD0069,B003,2,2530.07,0.0,2530.07,1372.88,1157.19,Completed
ORD013372,2024-06-13,CUST01221,PROD0017,B001,1,869.59,0.15,739.15,631.98,107.17,Completed
ORD013373,2024-05-03,CUST01967,PROD0024,B003,2,2564.07,0.1,2307.66,1406.19,901.47,Completed
ORD013378,2024-01-30,CUST01840,PROD0098,B002,4,3997.57,0.05,3797.69,2235.32,1562.37,Completed
ORD013379,2024-09-16,CUST00996,PROD0065,B003,2,2702.67,0.0,2702.67,2022.43,680.24,Completed
ORD013391,2024-08-01,CUST02110,PROD0118,B001,2,579.77,0.15,492.8,388.34,104.46,Completed
ORD013392,2024-06-20,CUST02010,PROD0021,B003,4,3380.64,0.0,3380.64,2054.31,1326.33,Completed
ORD013393,2024-06-12,CUST01238,PROD0018,B003,5,8606.54,0.15,7315.56,5359.54,1956.02,Completed
ORD013394,2024-06-09,CUST01970,PROD0089,B001,5,1716.67,0.1,1545.0,1127.94,417.06,Completed
ORD013397,2024-11-27,CUST00324,PROD0100,B005,5,4054.94,0.15,3446.7,3166.4,280.3,Completed
ORD013399,2024-11-19,CUST00377,PROD0083,B002,4,6616.75,0.15,5624.24,4485.91,1138.33,Completed
ORD013404,2024-08-22,CUST00839,PROD0069,B002,5,6325.17,0.2,5060.14,3432.19,1627.95,Completed
ORD013407,2024-06-27,CUST00955,PROD0075,B001,2,2827.8,0.05,2686.41,2184.91,501.5,Completed
ORD013409,2024-06-23,CUST00341,PROD0011,B001,1,847.95,0.0,847.95,657.62,190.33,Completed
ORD013416,2024-11-09,CUST01791,PROD0023,B005,4,5092.22,0.1,4583.0,3147.68,1435.32,Completed
ORD013421,2024-11-02,CUST01286,PROD0036,B001,5,1416.8,0.05,1345.96,766.09,579.87,Completed
ORD013424,2024-11-20,CUST01603,PROD0035,B005,5,2902.06,0.05,2756.96,2178.08,578.88,Completed
ORD013429,2024-01-01,CUST01045,PROD0111,B002,4,7339.28,0.15,6238.38,4428.25,1810.13,Completed
ORD013430,2024-11-18,CUST02301,PROD0004,B001,2,598.35,0.1,538.52,382.21,156.31,Completed
ORD013453,2024-05-09,CUST00555,PROD0077,B002,1,304.02,0.15,258.42,246.05,12.37,Completed
ORD013455,2024-12-20,CUST02439,PROD0041,B002,1,115.08,0.15,97.82,62.49,35.33,Completed
ORD013456,2024-04-14,CUST01682,PROD0089,B005,2,686.67,0.1,618.0,451.18,166.82,Completed
ORD013457,2024-05-29,CUST01561,PROD0047,B004,3,930.59,0.2,744.47,538.95,205.52,Completed
ORD013461,2024-02-13,CUST01097,PROD0116,B005,1,262.17,0.15,222.85,215.09,7.76,Completed
ORD013462,2024-06-05,CUST01617,PROD0029,B001,1,458.01,0.15,389.3,265.85,123.45,Completed
ORD013465,2024-09-03,CUST00500,PROD0106,B004,1,464.05,0.25,348.04,431.22,-83.18,Completed
ORD013472,2024-01-27,CUST00799,PROD0039,B002,4,5930.76,0.15,5041.14,3304.98,1736.16,Completed
ORD013473,2024-12-26,CUST02419,PROD0024,B002,4,5128.14,0.1,4615.33,2812.38,1802.95,Completed
ORD013476,2024-03-08,CUST00542,PROD0107,B001,3,5334.6,0.05,5067.87,3263.01,1804.86,Completed
ORD013477,2024-03-03,CUST02384,PROD0093,B004,3,2599.06,0.0,2599.06,1907.02,692.04,Completed
ORD013480,2024-09-23,CUST02427,PROD0009,B001,1,319.28,0.2,255.43,195.53,59.9,Completed
ORD013482,2024-04-14,CUST00506,PROD0100,B005,3,2432.96,0.0,2432.96,1899.84,533.12,Completed
ORD013483,2024-01-29,CUST01332,PROD0024,B004,2,2564.07,0.15,2179.46,1406.19,773.27,Completed
ORD013486,2024-06-18,CUST00135,PROD0092,B002,1,104.44,0.1,94.0,66.64,27.36,Completed
ORD013489,2024-01-02,CUST01799,PROD0064,B002,3,2775.68,0.1,2498.11,2109.86,388.25,Completed
ORD013499,2024-04-28,CUST01425,PROD0003,B003,1,377.79,0.15,321.12,267.73,53.39,Completed
ORD013504,2024-09-04,CUST02071,PROD0074,B005,5,3264.22,0.15,2774.59,2524.19,250.4,Completed
ORD013506,2024-04-08,CUST01317,PROD0035,B005,1,580.41,0.05,551.39,435.62,115.77,Completed
ORD013508,2024-06-16,CUST02275,PROD0045,B001,1,1004.75,0.1,904.27,716.56,187.71,Completed
ORD013510,2024-01-27,CUST01021,PROD0115,B003,4,2986.19,0.1,2687.57,1842.61,844.96,Completed
ORD013512,2024-01-31,CUST00961,PROD0041,B001,3,345.23,0.15,293.45,187.47,105.98,Completed
ORD013513,2024-09-22,CUST02364,PROD0100,B001,2,1621.98,0.25,1216.48,1266.56,-50.08,Completed
ORD013514,2024-09-16,CUST01174,PROD0033,B005,4,2401.36,0.2,1921.09,1532.97,388.12,Completed
ORD013518,2024-07-02,CUST00020,PROD0047,B005,3,930.59,0.1,837.53,538.95,298.58,Completed
ORD013522,2024-02-12,CUST00020,PROD0031,B001,4,2668.14,0.25,2001.1,2189.98,-188.88,Completed
ORD013531,2024-03-20,CUST01313,PROD0073,B004,3,548.4,0.15,466.15,359.92,106.23,Completed
ORD013534,2024-07-21,CUST01525,PROD0078,B001,2,1863.91,0.15,1584.32,1147.95,436.37,Completed
ORD013538,2024-07-16,CUST01884,PROD0108,B001,5,4549.41,0.15,3867.0,2617.12,1249.88,Completed
ORD013548,2024-02-07,CUST01970,PROD0074,B005,4,2611.38,0.0,2611.38,2019.35,592.03,Completed
ORD013555,2024-12-01,CUST02103,PROD0076,B001,2,599.95,0.05,569.95,480.1,89.85,Completed
ORD013562,2024-08-13,CUST01229,PROD0026,B003,3,1180.52,0.15,1003.44,852.89,150.55,Completed
ORD013566,2024-01-17,CUST01042,PROD0050,B002,3,3297.42,0.1,2967.68,1902.8,1064.88,Completed
ORD013571,2024-01-01,CUST00316,PROD0090,B004,1,319.88,0.1,287.89,200.18,87.71,Completed
ORD013572,2024-01-16,CUST00830,PROD0012,B003,4,518.47,0.0,518.47,350.3,168.17,Completed
ORD013573,2024-01-13,CUST01314,PROD0021,B005,2,1690.32,0.25,1267.74,1027.16,240.58,Completed
ORD013578,2024-02-29,CUST01316,PROD0106,B001,5,3592.9,0.05,3413.26,2156.1,1257.16,Completed
ORD013581,2024-05-23,CUST01256,PROD0093,B003,4,3465.41,0.1,3118.87,2542.69,576.18,Completed
ORD013583,2024-09-28,CUST00190,PROD0089,B001,3,1030.0,0.05,978.5,676.76,301.74,Completed
ORD013585,2024-07-06,CUST00549,PROD0009,B001,1,319.28,0.15,271.39,195.53,75.86,Completed
ORD013590,2024-10-09,CUST00031,PROD0008,B002,5,1327.77,0.25,995.83,1094.54,-98.71,Completed
ORD013597,2024-07-04,CUST01885,PROD0027,B002,1,684.38,0.15,581.72,495.75,85.97,Completed
ORD013605,2024-06-22,CUST00450,PROD0009,B005,5,1596.42,0.1,1436.78,977.63,459.15,Completed
ORD013608,2024-05-25,CUST00460,PROD0119,B004,2,1197.16,0.0,1197.16,868.62,328.54,Completed
ORD013609,2024-04-25,CUST00396,PROD0078,B003,2,848.89,0.0,848.89,1147.95,-299.06,Completed
ORD013610,2024-06-24,CUST00138,PROD0118,B001,3,869.65,0.2,695.72,582.5,113.22,Completed
ORD013612,2024-07-27,CUST01864,PROD0050,B004,2,2198.28,0.25,1648.71,1268.54,380.17,Completed
ORD013616,2024-02-04,CUST00718,PROD0013,B002,4,2706.22,0.15,2300.28,1830.9,469.38,Completed
ORD013619,2024-12-13,CUST02309,PROD0001,B005,5,9696.97,0.0,9696.97,5315.89,4381.08,Completed
ORD013626,2024-07-01,CUST02000,PROD0057,B004,1,1005.1,0.15,854.34,648.95,205.39,Completed
ORD013628,2024-01-14,CUST01758,PROD0085,B005,4,172.21,0.1,154.99,136.46,18.53,Completed
ORD013629,2024-06-05,CUST00268,PROD0054,B003,1,1127.68,0.1,1014.91,762.03,252.88,Completed
ORD013632,2024-08-23,CUST00775,PROD0092,B002,5,522.22,0.2,417.78,333.18,84.6,Completed
ORD013649,2024-12-08,CUST00127,PROD0072,B001,1,465.16,0.1,418.64,326.62,92.02,Completed
ORD013658,2024-01-15,CUST00641,PROD0048,B004,1,888.37,0.05,843.95,615.49,228.46,Completed
ORD013659,2024-05-02,CUST00623,PROD0065,B001,4,5405.34,0.0,5405.34,4044.87,1360.47,Completed
ORD013660,2024-05-12,CUST01405,PROD0027,B001,2,1368.76,0.1,1231.88,991.49,240.39,Completed
ORD013661,2024-02-01,CUST00953,PROD0081,B002,3,223.64,0.0,223.64,297.32,-73.68,Completed
ORD013666,2024-05-24,CUST02145,PROD0119,B004,4,2394.33,0.15,2035.18,1737.24,297.94,Completed
ORD013668,2024-11-11,CUST00856,PROD0061,B002,2,896.4,0.05,851.58,630.05,221.53,Completed
ORD013671,2024-01-10,CUST02043,PROD0053,B003,3,1667.51,0.15,1417.39,1084.81,332.58,Completed
ORD013673,2024-04-29,CUST01671,PROD0012,B003,2,259.23,0.05,246.27,175.15,71.12,Completed
ORD013676,2024-01-27,CUST01567,PROD0028,B003,4,1973.79,0.1,1776.41,1834.06,-57.65,Completed
ORD013679,2024-05-30,CUST02133,PROD0014,B001,4,5523.51,0.0,5523.51,3162.41,2361.1,Completed
ORD013680,2024-03-03,CUST02492,PROD0097,B001,4,7044.68,0.1,6340.21,4338.46,2001.75,Completed
ORD013684,2024-06-11,CUST01689,PROD0112,B004,5,4331.81,0.1,3898.63,3391.64,506.99,Completed
ORD013688,2024-12-10,CUST02056,PROD0048,B001,4,3553.47,0.25,2665.1,2461.98,203.12,Completed
ORD013694,2024-12-28,CUST00328,PROD0024,B002,1,1282.03,0.0,1282.03,703.09,578.94,Completed
ORD013699,2024-02-07,CUST00676,PROD0060,B003,2,179.05,0.15,152.19,117.55,34.64,Completed
ORD013700,2024-03-23,CUST02016,PROD0030,B004,5,5096.92,0.1,4587.23,4067.97,519.26,Completed
ORD013701,2024-03-16,CUST00957,PROD0090,B003,2,639.76,0.2,511.8,400.36,111.44,Completed
ORD013708,2024-03-25,CUST01717,PROD0078,B001,5,4659.77,0.25,3494.83,2869.89,624.94,Completed
ORD013713,2024-11-14,CUST02234,PROD0042,B004,5,7267.64,0.1,6540.87,5321.93,1218.94,Completed
ORD013716,2024-11-30,CUST00912,PROD0059,B004,2,1950.0,0.1,1755.0,1233.42,521.58,Completed
ORD013724,2024-03-31,CUST01163,PROD0089,B001,4,1373.33,0.0,1373.33,902.35,470.98,Completed
ORD013730,2024-02-07,CUST02045,PROD0028,B002,3,2190.58,0.1,1971.52,1375.54,595.98,Completed
ORD013731,2024-03-21,CUST01984,PROD0027,B003,3,2053.13,0.1,1847.82,1487.24,360.58,Completed
ORD013743,2024-02-23,CUST00564,PROD0003,B005,4,1511.16,0.05,1435.61,1070.91,364.7,Completed
ORD013745,2024-07-08,CUST01389,PROD0038,B003,5,299.66,0.15,254.71,203.55,51.16,Completed
ORD013748,2024-09-05,CUST01859,PROD0062,B005,4,2918.12,0.2,2334.5,2314.89,19.61,Completed
ORD013750,2024-06-14,CUST00280,PROD0058,B004,2,625.51,0.05,594.24,349.16,245.08,Completed
ORD013753,2024-02-22,CUST01199,PROD0044,B003,3,3281.84,0.1,2953.66,1822.23,1131.43,Completed
ORD013762,2024-02-27,CUST02447,PROD0115,B002,3,2239.64,0.2,1791.71,1381.96,409.75,Completed
ORD013763,2024-02-05,CUST00662,PROD0001,B002,2,3878.79,0.15,3296.97,2126.36,1170.61,Completed
ORD013766,2024-07-11,CUST01679,PROD0036,B002,4,1133.44,0.1,1020.1,612.87,407.23,Completed
ORD013767,2024-09-04,CUST00269,PROD0034,B005,4,4309.79,0.1,3878.81,2866.35,1012.46,Completed
ORD013790,2024-11-26,CUST00495,PROD0088,B005,3,1346.61,0.0,1346.61,868.81,477.8,Completed
ORD013791,2024-12-15,CUST01982,PROD0094,B005,3,585.84,0.15,497.97,351.05,146.92,Completed
ORD013792,2024-02-17,CUST02493,PROD0111,B001,4,7339.28,0.1,6605.35,4428.25,2177.1,Completed
ORD013797,2024-05-08,CUST00080,PROD0017,B004,3,2608.78,0.25,1956.59,1895.94,60.65,Completed
ORD013801,2024-07-30,CUST01356,PROD0120,B005,5,2845.83,0.1,2561.24,1834.73,726.51,Completed
ORD013803,2024-05-20,CUST00676,PROD0020,B005,4,3042.55,0.0,3042.55,2190.93,851.62,Completed
ORD013806,2024-02-16,CUST02217,PROD0092,B003,5,522.22,0.0,522.22,333.18,189.04,Completed
ORD013808,2024-11-06,CUST01408,PROD0083,B003,3,4962.56,0.15,4218.18,3364.43,853.75,Completed
ORD013816,2024-02-11,CUST01145,PROD0008,B001,3,796.66,0.2,637.33,656.72,-19.39,Completed
ORD013819,2024-10-15,CUST02369,PROD0120,B002,4,2276.66,0.05,2162.83,1467.78,695.05,Completed
ORD013821,2024-09-02,CUST00917,PROD0031,B001,2,1334.07,0.05,1267.37,1094.99,172.38,Completed
ORD013827,2024-10-23,CUST01389,PROD0118,B004,1,289.88,0.0,289.88,194.17,95.71,Completed
ORD013831,2024-07-23,CUST01559,PROD0076,B001,4,1199.9,0.1,1079.91,960.2,119.71,Completed
ORD013837,2024-04-28,CUST02166,PROD0029,B004,5,2290.03,0.2,1832.02,1329.25,502.77,Completed
ORD013840,2024-08-04,CUST00659,PROD0059,B003,1,975.0,0.05,926.25,616.71,309.54,Completed
ORD013843,2024-10-24,CUST00395,PROD0034,B003,3,3232.34,0.1,2909.11,2149.77,759.34,Completed
ORD013854,2024-08-10,CUST00440,PROD0040,B002,1,990.67,0.25,743.0,540.35,202.65,Completed
ORD013856,2024-05-03,CUST02154,PROD0041,B004,2,230.15,0.15,195.63,124.98,70.65,Completed
ORD013859,2024-09-01,CUST00983,PROD0046,B001,2,446.67,0.0,446.67,337.11,109.56,Completed
ORD013861,2024-04-19,CUST00268,PROD0109,B001,4,5423.46,0.1,4881.12,3900.44,980.68,Completed
ORD013863,2024-05-02,CUST01329,PROD0051,B002,5,2955.01,0.15,2511.75,2970.26,-458.51,Completed
ORD013864,2024-09-09,CUST00906,PROD0099,B003,1,849.27,0.0,849.27,593.57,255.7,Completed
ORD013867,2024-11-06,CUST00317,PROD0067,B001,5,4534.04,0.2,3627.23,2486.63,1140.6,Completed
ORD013870,2024-02-10,CUST01451,PROD0029,B004,5,2290.03,0.2,1832.02,1329.25,502.77,Completed
ORD013876,2024-09-02,CUST00101,PROD0021,B003,2,1690.32,0.15,1436.77,1027.16,409.61,Completed
ORD013879,2024-05-20,CUST01195,PROD0028,B003,2,1460.38,0.0,1460.38,917.03,543.35,Completed
ORD013884,2024-06-09,CUST00679,PROD0112,B004,3,2599.09,0.1,2339.18,2034.98,304.2,Completed
ORD013885,2024-10-01,CUST00141,PROD0111,B001,2,3669.64,0.15,3119.19,2214.12,905.07,Completed
ORD013886,2024-10-02,CUST02429,PROD0021,B001,3,2535.48,0.05,2408.71,1540.73,867.98,Completed
ORD013899,2024-10-20,CUST01829,PROD0085,B004,3,129.15,0.1,116.24,102.34,13.9,Completed
ORD013904,2024-02-07,CUST00562,PROD0021,B002,4,3380.64,0.1,3042.58,2054.31,988.27,Completed
ORD013907,2024-09-30,CUST00977,PROD0036,B002,3,850.08,0.15,722.57,459.65,262.92,Completed
ORD013911,2024-03-26,CUST00205,PROD0118,B005,3,869.65,0.0,869.65,582.5,287.15,Completed
ORD013914,2024-07-08,CUST01935,PROD0088,B003,2,897.74,0.1,807.97,579.21,228.76,Completed
ORD013915,2024-01-30,CUST01151,PROD0067,B001,4,3627.23,0.1,3264.51,1989.31,1275.2,Completed
ORD013917,2024-12-18,CUST02380,PROD0059,B004,3,1671.77,0.15,1421.0,1850.13,-429.13,Completed
ORD013921,2024-08-16,CUST01582,PROD0024,B002,1,1282.03,0.15,1089.73,703.09,386.64,Completed
ORD013929,2024-10-14,CUST01614,PROD0079,B004,2,346.61,0.05,329.27,233.14,96.13,Completed
ORD013930,2024-07-07,CUST01257,PROD0015,B003,2,1642.98,0.1,1478.68,1767.45,-288.77,Completed
ORD013933,2024-07-20,CUST01209,PROD0003,B004,2,755.58,0.0,755.58,535.46,220.12,Completed
ORD013934,2024-06-21,CUST00898,PROD0103,B002,2,1745.31,0.05,1658.05,1032.87,625.18,Completed
ORD013935,2024-08-15,CUST00242,PROD0115,B001,2,1493.09,0.0,1493.09,921.31,571.78,Completed
ORD013940,2024-06-27,CUST00309,PROD0088,B005,5,2244.35,0.2,1795.48,1448.01,347.47,Completed
ORD013941,2024-09-09,CUST00945,PROD0100,B002,4,3243.95,0.1,2919.56,2533.12,386.44,Completed
ORD013944,2024-04-17,CUST01806,PROD0086,B005,3,1583.6,0.05,1504.42,1202.23,302.19,Completed
ORD013945,2024-06-16,CUST01205,PROD0052,B003,2,1321.37,0.2,1057.09,906.7,150.39,Completed
ORD013946,2024-12-04,CUST02408,PROD0068,B005,3,2083.41,0.05,1979.24,2470.09,-490.85,Completed
ORD013950,2024-09-22,CUST00030,PROD0043,B003,2,582.79,0.1,524.52,357.29,167.23,Completed
ORD013952,2024-06-20,CUST00652,PROD0097,B005,1,1761.17,0.0,1761.17,1084.62,676.55,Completed
ORD013956,2024-12-17,CUST02493,PROD0027,B001,2,1368.76,0.15,1163.44,991.49,171.95,Completed
ORD013960,2024-04-23,CUST01009,PROD0106,B003,4,2874.32,0.1,2586.89,1724.88,862.01,Completed
ORD013962,2024-07-02,CUST01494,PROD0111,B005,5,9174.1,0.15,7797.98,5535.31,2262.67,Completed
ORD013964,2024-09-24,CUST00881,PROD0008,B004,5,1327.77,0.2,1062.22,1094.54,-32.32,Completed
ORD013965,2024-02-29,CUST01941,PROD0019,B001,1,888.69,0.1,799.82,554.19,245.63,Completed
ORD013966,2024-09-14,CUST01517,PROD0053,B003,3,1667.51,0.25,1250.64,1084.81,165.83,Completed
ORD013967,2024-07-03,CUST00220,PROD0018,B003,3,5163.92,0.1,4647.53,3215.72,1431.81,Completed
ORD013970,2024-11-18,CUST02312,PROD0045,B001,1,1004.75,0.0,1004.75,716.56,288.19,Completed
ORD013974,2024-04-10,CUST00678,PROD0012,B002,3,388.85,0.0,388.85,262.72,126.13,Completed
ORD013984,2024-06-24,CUST01646,PROD0103,B003,3,2617.97,0.1,2356.17,1549.3,806.87,Completed
ORD013988,2024-08-09,CUST02402,PROD0118,B002,5,1449.42,0.1,1304.48,970.84,333.64,Completed
ORD013991,2024-05-02,CUST01909,PROD0033,B001,3,1801.02,0.2,1440.82,1149.73,291.09,Completed
ORD013992,2024-11-29,CUST02313,PROD0115,B001,2,1493.09,0.15,1269.13,921.31,347.82,Completed
ORD013995,2024-07-22,CUST00589,PROD0009,B001,4,1277.14,0.15,1085.57,782.1,303.47,Completed
ORD014011,2024-03-24,CUST02322,PROD0092,B005,2,208.89,0.05,198.44,133.27,65.17,Completed
ORD014012,2024-03-25,CUST02070,PROD0099,B004,5,4246.35,0.1,3821.71,2967.84,853.87,Completed
ORD014013,2024-06-01,CUST00977,PROD0036,B001,1,283.36,0.2,226.69,153.22,73.47,Completed
ORD014014,2024-08-22,CUST02145,PROD0083,B001,3,4962.56,0.0,4962.56,3364.43,1598.13,Completed
ORD014015,2024-03-24,CUST00746,PROD0044,B002,5,5469.74,0.2,4375.79,3037.05,1338.74,Completed
ORD014020,2024-04-02,CUST00823,PROD0031,B001,3,1969.97,0.25,1477.48,1642.48,-165.0,Completed
ORD014022,2024-09-22,CUST02037,PROD0096,B005,2,3553.84,0.05,3376.15,2068.95,1307.2,Completed
ORD014024,2024-12-18,CUST01100,PROD0073,B003,3,548.4,0.0,548.4,359.92,188.48,Completed
ORD014026,2024-05-06,CUST02431,PROD0081,B002,1,133.11,0.05,126.45,99.11,27.34,Completed
ORD014032,2024-12-24,CUST01702,PROD0015,B003,2,2842.13,0.2,2273.71,1767.45,506.26,Completed
ORD014034,2024-11-25,CUST00275,PROD0095,B005,3,1065.41,0.15,905.6,803.65,101.95,Completed
ORD014038,2024-02-13,CUST01578,PROD0055,B004,1,464.74,0.2,371.79,263.54,108.25,Completed
ORD014040,2024-03-02,CUST01703,PROD0028,B005,4,2920.77,0.2,2336.61,1834.06,502.55,Completed
ORD014041,2024-04-02,CUST01346,PROD0045,B001,5,5023.75,0.05,4772.57,3582.79,1189.78,Completed
ORD014049,2024-06-04,CUST01360,PROD0073,B004,2,365.6,0.1,329.04,239.94,89.1,Completed
ORD014057,2024-04-15,CUST00142,PROD0045,B005,4,4019.0,0.05,3818.05,2866.23,951.82,Completed
ORD014061,2024-07-15,CUST00191,PROD0073,B001,1,182.8,0.05,173.66,119.97,53.69,Completed
ORD014069,2024-09-11,CUST00491,PROD0068,B005,4,4099.74,0.15,3484.78,3293.45,191.33,Completed
ORD014072,2024-07-01,CUST00757,PROD0119,B003,4,2394.33,0.2,1915.47,1737.24,178.23,Completed
ORD014075,2024-11-27,CUST01001,PROD0085,B001,2,86.1,0.1,77.49,68.23,9.26,Completed
ORD014077,2024-05-22,CUST01815,PROD0013,B005,2,1353.11,0.0,1353.11,915.45,437.66,Completed
ORD014080,2024-01-28,CUST00990,PROD0050,B001,1,1099.14,0.15,934.27,634.27,300.0,Completed
ORD014083,2024-03-19,CUST00493,PROD0060,B004,4,358.1,0.1,322.29,235.11,87.18,Completed
ORD014085,2024-05-07,CUST00623,PROD0047,B004,4,1240.79,0.05,1178.75,718.6,460.15,Completed
ORD014088,2024-01-17,CUST01639,PROD0039,B001,2,2965.38,0.15,2520.57,1652.49,868.08,Completed
ORD014090,2024-06-11,CUST02241,PROD0065,B003,1,1351.33,0.2,1081.07,1011.22,69.85,Completed
ORD014091,2024-06-23,CUST01106,PROD0103,B001,3,2617.97,0.25,1963.48,1549.3,414.18,Completed
ORD014094,2024-04-28,CUST02489,PROD0055,B001,3,1394.23,0.2,1115.38,790.62,324.76,Completed
ORD014097,2024-07-27,CUST00180,PROD0088,B002,3,1346.61,0.15,1144.62,868.81,275.81,Completed
ORD014102,2024-01-27,CUST00931,PROD0016,B002,2,177.73,0.0,177.73,106.43,71.3,Completed
ORD014103,2024-01-28,CUST02168,PROD0084,B001,5,2591.35,0.05,2461.78,1913.12,548.66,Completed
ORD014106,2024-08-18,CUST01591,PROD0032,B001,2,1472.87,0.0,1472.87,810.6,662.27,Completed
ORD014108,2024-02-27,CUST01375,PROD0069,B003,5,6325.17,0.1,5692.66,3432.19,2260.47,Completed
ORD014112,2024-01-13,CUST00352,PROD0043,B005,5,1456.99,0.0,1456.99,893.23,563.76,Completed
ORD014113,2024-09-26,CUST01752,PROD0040,B002,5,4953.37,0.15,4210.37,2701.76,1508.61,Completed
ORD014114,2024-01-07,CUST00834,PROD0072,B001,5,2325.79,0.05,2209.5,1633.1,576.4,Completed
ORD014116,2024-10-20,CUST01217,PROD0077,B005,3,912.07,0.2,729.66,738.16,-8.5,Completed
ORD014117,2024-05-14,CUST01197,PROD0077,B003,4,1216.09,0.0,1216.09,984.21,231.88,Completed
ORD014119,2024-02-08,CUST01753,PROD0033,B004,1,600.34,0.15,510.29,383.24,127.05,Completed
ORD014138,2024-05-09,CUST02104,PROD0078,B005,3,2795.86,0.1,2516.27,1721.93,794.34,Completed
ORD014139,2024-11-15,CUST02364,PROD0057,B002,1,1005.1,0.1,904.59,648.95,255.64,Completed
ORD014142,2024-02-02,CUST01974,PROD0017,B001,4,3478.37,0.1,3130.54,2527.92,602.62,Completed
ORD014150,2024-08-12,CUST02088,PROD0011,B003,4,3391.79,0.05,3222.2,2630.5,591.7,Completed
ORD014156,2024-07-27,CUST00726,PROD0109,B004,5,6779.33,0.15,5762.43,4875.55,886.88,Completed
ORD014163,2024-07-24,CUST00444,PROD0090,B001,5,1599.39,0.0,1599.39,1000.91,598.48,Completed
ORD014164,2024-06-23,CUST02266,PROD0088,B005,5,2244.35,0.0,2244.35,1448.01,796.34,Completed
ORD014166,2024-04-25,CUST01689,PROD0099,B001,5,4246.35,0.1,3821.71,2967.84,853.87,Completed
ORD014169,2024-09-14,CUST00650,PROD0042,B001,5,7267.64,0.25,5450.73,5321.93,128.8,Completed
ORD014173,2024-03-24,CUST00443,PROD0049,B001,2,2665.44,0.05,2532.17,1542.16,990.01,Completed
ORD014174,2024-06-08,CUST02059,PROD0115,B002,5,3732.73,0.05,3546.1,2303.26,1242.84,Completed
ORD014185,2024-06-04,CUST01738,PROD0061,B002,4,1792.8,0.05,1703.16,1260.1,443.06,Completed
ORD014186,2024-02-05,CUST00349,PROD0014,B001,1,1380.88,0.25,1035.66,790.6,245.06,Completed
ORD014187,2024-10-02,CUST02360,PROD0092,B001,4,417.78,0.05,396.89,266.55,130.34,Completed
ORD014192,2024-12-01,CUST01675,PROD0078,B002,1,931.95,0.05,885.36,573.98,311.38,Completed
ORD014193,2024-01-11,CUST01911,PROD0034,B002,3,3232.34,0.15,2747.49,2149.77,597.72,Completed
ORD014194,2024-04-26,CUST01257,PROD0007,B002,3,143.12,0.2,114.49,107.26,7.23,Completed
ORD014199,2024-05-27,CUST02124,PROD0116,B003,3,786.52,0.0,786.52,645.27,141.25,Completed
ORD014203,2024-01-31,CUST01116,PROD0102,B002,1,771.4,0.0,771.4,444.87,326.53,Completed
ORD014204,2024-06-02,CUST01949,PROD0058,B004,2,284.62,0.1,256.16,349.16,-93.0,Completed
ORD014208,2024-04-26,CUST02180,PROD0002,B003,4,2720.55,0.05,2584.53,1645.04,939.49,Completed
ORD014211,2024-10-01,CUST01412,PROD0041,B001,4,460.31,0.05,437.3,249.96,187.34,Completed
ORD014214,2024-09-18,CUST00907,PROD0009,B003,4,1277.14,0.15,1085.57,782.1,303.47,Completed
ORD014217,2024-02-23,CUST00073,PROD0081,B002,1,133.11,0.2,106.48,99.11,7.37,Completed
ORD014218,2024-10-02,CUST01016,PROD0013,B002,4,2706.22,0.0,2706.22,1830.9,875.32,Completed
ORD014219,2024-04-25,CUST01509,PROD0118,B001,4,1159.53,0.15,985.6,776.67,208.93,Completed
ORD014221,2024-09-06,CUST00018,PROD0019,B001,4,3554.78,0.1,3199.3,2216.76,982.54,Completed
ORD014222,2024-09-02,CUST01306,PROD0024,B005,1,1282.03,0.25,961.53,703.09,258.44,Completed
ORD014237,2024-08-19,CUST00959,PROD0009,B001,2,638.57,0.05,606.64,391.05,215.59,Completed
ORD014242,2024-01-01,CUST00674,PROD0011,B001,5,4239.74,0.1,3815.77,3288.12,527.65,Completed
ORD014247,2024-04-14,CUST01000,PROD0097,B002,2,3522.34,0.05,3346.22,2169.23,1176.99,Completed
ORD014249,2024-02-09,CUST01759,PROD0014,B003,5,6904.38,0.15,5868.73,3953.01,1915.72,Completed
ORD014252,2024-10-07,CUST01052,PROD0116,B001,5,1310.86,0.1,1179.77,1075.45,104.32,Completed
ORD014255,2024-07-21,CUST00302,PROD0055,B001,2,929.48,0.0,929.48,527.08,402.4,Completed
ORD014258,2024-01-31,CUST01535,PROD0068,B001,1,1024.93,0.1,922.44,823.36,99.08,Completed
ORD014259,2024-02-01,CUST00563,PROD0020,B005,1,760.64,0.0,760.64,547.73,212.91,Completed
ORD014261,2024-06-07,CUST01303,PROD0087,B001,5,5905.32,0.15,5019.53,4123.48,896.05,Completed
ORD014272,2024-11-03,CUST01400,PROD0013,B002,4,2706.22,0.05,2570.9,1830.9,740.0,Completed
ORD014277,2024-10-24,CUST00660,PROD0058,B002,3,938.27,0.15,797.53,523.75,273.78,Completed
ORD014281,2024-04-30,CUST01707,PROD0071,B003,2,959.57,0.1,863.62,747.14,116.48,Completed
ORD014284,2024-09-18,CUST01444,PROD0078,B004,2,1863.91,0.05,1770.71,1147.95,622.76,Completed
ORD014287,2024-04-20,CUST01151,PROD0090,B003,2,639.76,0.05,607.77,400.36,207.41,Completed
ORD014293,2024-06-12,CUST01992,PROD0021,B002,1,521.89,0.15,443.61,513.58,-69.97,Completed
ORD014294,2024-04-15,CUST02497,PROD0032,B002,3,2209.3,0.15,1877.91,1215.9,662.01,Completed
ORD014298,2024-06-14,CUST00483,PROD0002,B001,5,3400.69,0.2,2720.55,2056.3,664.25,Completed
ORD014305,2024-03-29,CUST00064,PROD0065,B004,4,5405.34,0.2,4324.27,4044.87,279.4,Completed
ORD014306,2024-12-10,CUST01255,PROD0007,B002,5,238.54,0.05,226.61,178.76,47.85,Completed
ORD014315,2024-07-01,CUST02426,PROD0054,B002,2,2255.35,0.15,1917.05,1524.07,392.98,Completed
ORD014316,2024-05-26,CUST01134,PROD0067,B005,3,2720.42,0.15,2312.36,1491.98,820.38,Completed
ORD014326,2024-11-22,CUST02426,PROD0098,B002,1,999.39,0.1,899.45,558.83,340.62,Completed
ORD014327,2024-02-15,CUST00131,PROD0042,B002,1,1453.53,0.05,1380.85,1064.39,316.46,Completed
ORD014336,2024-10-24,CUST00208,PROD0045,B001,2,2009.5,0.0,2009.5,1433.11,576.39,Completed
ORD014340,2024-12-31,CUST02110,PROD0035,B001,2,1160.82,0.25,870.62,871.23,-0.61,Completed
ORD014342,2024-03-02,CUST01059,PROD0096,B004,5,8884.61,0.15,7551.92,5172.37,2379.55,Completed
ORD014343,2024-09-26,CUST00831,PROD0075,B001,1,1413.9,0.1,1272.51,1092.46,180.05,Completed
ORD014347,2024-06-20,CUST01339,PROD0074,B001,5,3264.22,0.1,2937.8,2524.19,413.61,Completed
ORD014351,2024-01-12,CUST01810,PROD0022,B002,1,1264.34,0.05,1201.12,913.58,287.54,Completed
ORD014356,2024-03-09,CUST00375,PROD0064,B005,4,3700.91,0.1,3330.82,2813.15,517.67,Completed
ORD014365,2024-09-09,CUST00842,PROD0112,B002,5,4331.81,0.05,4115.22,3391.64,723.58,Completed
ORD014367,2024-06-20,CUST00030,PROD0077,B003,5,1520.11,0.2,1216.09,1230.26,-14.17,Completed
ORD014369,2024-11-07,CUST00648,PROD0090,B003,2,639.76,0.05,607.77,400.36,207.41,Completed
ORD014370,2024-10-29,CUST01999,PROD0071,B002,2,959.57,0.05,911.59,747.14,164.45,Completed
ORD014372,2024-06-13,CUST01620,PROD0115,B001,5,3732.73,0.1,3359.46,2303.26,1056.2,Completed
ORD014374,2024-12-29,CUST00713,PROD0036,B002,3,850.08,0.1,765.07,459.65,305.42,Completed
ORD014376,2024-10-29,CUST02375,PROD0114,B001,5,6872.68,0.2,5498.14,5215.83,282.31,Completed
ORD014378,2024-02-25,CUST01084,PROD0024,B001,1,1282.03,0.05,1217.93,703.09,514.84,Completed
ORD014380,2024-02-17,CUST00787,PROD0076,B002,2,599.95,0.1,539.96,480.1,59.86,Completed
ORD014381,2024-10-07,CUST01347,PROD0059,B003,4,3900.0,0.0,3900.0,2466.85,1433.15,Completed
ORD014384,2024-11-06,CUST02161,PROD0116,B004,2,524.35,0.2,419.47,430.18,-10.71,Completed
ORD014388,2024-05-18,CUST00874,PROD0096,B001,2,3553.84,0.1,3198.46,2068.95,1129.51,Completed
ORD014389,2024-03-17,CUST01287,PROD0008,B003,3,796.66,0.0,796.66,656.72,139.94,Completed
ORD014392,2024-01-12,CUST01466,PROD0075,B003,5,7069.49,0.1,6362.54,5462.28,900.26,Completed
ORD014399,2024-08-07,CUST00824,PROD0032,B003,4,2945.74,0.2,2356.59,1621.2,735.39,Completed
ORD014402,2024-10-03,CUST01936,PROD0008,B005,3,796.66,0.2,637.33,656.72,-19.39,Completed
ORD014404,2024-06-14,CUST00229,PROD0005,B001,4,4889.58,0.1,4400.62,3014.92,1385.7,Completed
ORD014410,2024-08-11,CUST00334,PROD0013,B001,2,1353.11,0.0,1353.11,915.45,437.66,Completed
ORD014417,2024-04-25,CUST02102,PROD0117,B002,5,3861.32,0.1,3475.19,2380.62,1094.57,Completed
ORD014427,2024-01-21,CUST00715,PROD0007,B005,4,190.83,0.05,181.29,143.01,38.28,Completed
ORD014429,2024-02-29,CUST01364,PROD0080,B004,3,1219.8,0.15,1036.83,845.99,190.84,Completed
ORD014433,2024-11-27,CUST00375,PROD0045,B001,1,1004.75,0.1,904.27,716.56,187.71,Completed
ORD014435,2024-10-02,CUST00043,PROD0048,B002,4,3553.47,0.05,3375.8,2461.98,913.82,Completed
ORD014439,2024-09-28,CUST00060,PROD0115,B004,3,2239.64,0.2,1791.71,1381.96,409.75,Completed
ORD014441,2024-01-13,CUST02357,PROD0102,B003,3,2314.2,0.05,2198.49,1334.6,863.89,Completed
ORD014442,2024-01-31,CUST01306,PROD0116,B001,1,262.17,0.15,222.85,215.09,7.76,Completed
ORD014446,2024-10-23,CUST01720,PROD0050,B002,2,2198.28,0.05,2088.37,1268.54,819.83,Completed
ORD014449,2024-11-17,CUST00196,PROD0110,B005,2,1593.43,0.15,1354.41,926.38,428.03,Completed
ORD014458,2024-05-11,CUST00764,PROD0004,B001,4,1196.7,0.2,957.36,764.42,192.94,Completed
ORD014464,2024-10-03,CUST00195,PROD0070,B004,2,401.05,0.15,340.89,275.18,65.71,Completed
ORD014469,2024-11-03,CUST01273,PROD0103,B002,2,965.24,0.0,965.24,1032.87,-67.63,Completed
ORD014473,2024-11-30,CUST01758,PROD0033,B003,2,1200.68,0.1,1080.62,766.49,314.13,Completed
ORD014478,2024-05-08,CUST01432,PROD0018,B003,3,5163.92,0.05,4905.72,3215.72,1690.0,Completed
ORD014479,2024-09-11,CUST00576,PROD0093,B003,3,2599.06,0.15,2209.2,1907.02,302.18,Completed
ORD014483,2024-07-03,CUST01487,PROD0035,B002,4,1709.14,0.15,1452.77,1742.46,-289.69,Completed
ORD014484,2024-06-06,CUST02253,PROD0110,B004,3,2390.14,0.15,2031.62,1389.57,642.05,Completed
ORD014485,2024-10-06,CUST01582,PROD0113,B003,1,1254.18,0.1,1128.76,906.95,221.81,Completed
ORD014487,2024-09-25,CUST01288,PROD0087,B005,2,2362.13,0.25,1771.59,1649.39,122.2,Completed
ORD014489,2024-05-08,CUST02387,PROD0003,B002,2,755.58,0.0,755.58,535.46,220.12,Completed
ORD014492,2024-11-25,CUST01318,PROD0044,B002,1,1093.95,0.15,929.86,607.41,322.45,Completed
ORD014495,2024-07-28,CUST00481,PROD0070,B002,4,802.1,0.1,721.89,550.37,171.52,Completed
ORD014501,2024-07-04,CUST02241,PROD0044,B003,3,3281.84,0.2,2625.47,1822.23,803.24,Completed
ORD014504,2024-06-14,CUST01936,PROD0033,B002,4,2401.36,0.0,2401.36,1532.97,868.39,Completed
ORD014516,2024-11-04,CUST00378,PROD0017,B001,5,4347.97,0.0,4347.97,3159.89,1188.08,Completed
ORD014518,2024-10-15,CUST01047,PROD0086,B001,1,527.87,0.15,448.69,400.74,47.95,Completed
ORD014521,2024-02-02,CUST00580,PROD0114,B003,3,4123.61,0.2,3298.89,3129.5,169.39,Completed
ORD014523,2024-07-20,CUST00626,PROD0050,B002,4,4396.56,0.1,3956.9,2537.07,1419.83,Completed
ORD014524,2024-02-23,CUST01930,PROD0059,B001,1,975.0,0.0,975.0,616.71,358.29,Completed
ORD014526,2024-11-19,CUST00508,PROD0044,B004,4,4375.79,0.15,3719.42,2429.64,1289.78,Completed
ORD014530,2024-05-25,CUST00373,PROD0016,B001,2,177.73,0.2,142.18,106.43,35.75,Completed
ORD014533,2024-05-24,CUST01963,PROD0081,B005,3,399.32,0.05,379.36,297.32,82.04,Completed
ORD014546,2024-01-28,CUST00886,PROD0100,B004,2,1621.98,0.15,1378.68,1266.56,112.12,Completed
ORD014547,2024-01-26,CUST00394,PROD0057,B002,1,1005.1,0.1,904.59,648.95,255.64,Completed
ORD014552,2024-07-07,CUST02341,PROD0066,B002,5,5553.84,0.15,4720.76,5022.45,-301.69,Completed
ORD014553,2024-09-28,CUST01491,PROD0013,B005,1,676.55,0.05,642.73,457.72,185.01,Completed
ORD014554,2024-04-25,CUST01371,PROD0031,B002,5,3335.17,0.0,3335.17,2737.47,597.7,Completed
ORD014562,2024-01-24,CUST00194,PROD0001,B003,4,7757.58,0.05,7369.7,4252.71,3116.99,Completed
ORD014563,2024-12-12,CUST01741,PROD0069,B001,2,2530.07,0.1,2277.06,1372.88,904.18,Completed
ORD014565,2024-02-01,CUST00572,PROD0089,B005,2,686.67,0.2,549.34,451.18,98.16,Completed
ORD014575,2024-05-30,CUST00381,PROD0097,B002,5,8805.85,0.15,7484.97,5423.08,2061.89,Completed
ORD014576,2024-07-19,CUST00466,PROD0048,B005,2,1776.73,0.1,1599.06,1230.99,368.07,Completed
ORD014598,2024-10-07,CUST01429,PROD0044,B004,1,1093.95,0.05,1039.25,607.41,431.84,Completed
ORD014601,2024-11-23,CUST00447,PROD0015,B005,2,2842.13,0.25,2131.6,1767.45,364.15,Completed
ORD014603,2024-05-25,CUST00081,PROD0102,B003,1,454.53,0.2,363.62,444.87,-81.25,Completed
ORD014604,2024-07-01,CUST01243,PROD0101,B003,4,2585.55,0.2,2068.44,1842.01,226.43,Completed
ORD014609,2024-02-07,CUST00296,PROD0075,B004,2,2827.8,0.05,2686.41,2184.91,501.5,Completed
ORD014610,2024-09-03,CUST00762,PROD0070,B004,4,802.1,0.15,681.78,550.37,131.41,Completed
ORD014617,2024-06-08,CUST01643,PROD0067,B001,1,485.55,0.2,388.44,497.33,-108.89,Completed
ORD014623,2024-01-10,CUST00983,PROD0026,B005,5,1967.53,0.0,1967.53,1421.48,546.05,Completed
ORD014635,2024-10-15,CUST00418,PROD0094,B002,1,195.28,0.15,165.99,117.02,48.97,Completed
ORD014636,2024-12-16,CUST02455,PROD0082,B002,4,8378.11,0.15,7121.39,4534.66,2586.73,Completed
ORD014637,2024-01-11,CUST00287,PROD0060,B001,2,179.05,0.0,179.05,117.55,61.5,Completed
ORD014638,2024-07-03,CUST01194,PROD0107,B002,3,5334.6,0.0,5334.6,3263.01,2071.59,Completed
ORD014652,2024-06-20,CUST00011,PROD0007,B001,4,190.83,0.2,152.66,143.01,9.65,Completed
ORD014654,2024-01-16,CUST00287,PROD0040,B001,1,990.67,0.05,941.14,540.35,400.79,Completed
ORD014655,2024-11-13,CUST00079,PROD0106,B003,2,1437.16,0.2,1149.73,862.44,287.29,Completed
ORD014656,2024-08-18,CUST02460,PROD0085,B005,5,215.26,0.05,204.49,170.57,33.92,Completed
ORD014658,2024-07-07,CUST01586,PROD0051,B001,3,2688.28,0.0,2688.28,1782.15,906.13,Completed
ORD014664,2024-08-09,CUST00536,PROD0096,B004,4,7107.69,0.2,5686.15,4137.9,1548.25,Completed
ORD014665,2024-12-27,CUST01968,PROD0052,B003,2,1321.37,0.2,1057.09,906.7,150.39,Completed
ORD014668,2024-07-17,CUST00498,PROD0115,B001,1,746.55,0.15,634.56,460.65,173.91,Completed
ORD014669,2024-02-20,CUST00269,PROD0086,B003,2,1055.73,0.1,950.16,801.48,148.68,Completed
ORD014674,2024-04-29,CUST01876,PROD0010,B005,4,7370.22,0.0,7370.22,4287.98,3082.24,Completed
ORD014677,2024-04-08,CUST00515,PROD0108,B004,4,3639.53,0.0,3639.53,2093.7,1545.83,Completed
ORD014678,2024-02-17,CUST00856,PROD0070,B001,5,1002.62,0.0,1002.62,687.96,314.66,Completed
ORD014684,2024-03-05,CUST00206,PROD0032,B002,5,2248.14,0.15,1910.92,2026.5,-115.58,Completed
ORD014687,2024-10-10,CUST00227,PROD0098,B001,1,999.39,0.1,899.45,558.83,340.62,Completed
ORD014689,2024-12-04,CUST01576,PROD0089,B004,1,343.33,0.0,343.33,225.59,117.74,Completed
ORD014703,2024-03-03,CUST01507,PROD0061,B002,4,1792.8,0.1,1613.52,1260.1,353.42,Completed
ORD014705,2024-01-14,CUST01324,PROD0109,B001,5,6779.33,0.05,6440.36,4875.55,1564.81,Completed
ORD014713,2024-04-14,CUST01311,PROD0108,B003,4,3639.53,0.0,3639.53,2093.7,1545.83,Completed
ORD014716,2024-07-07,CUST02446,PROD0045,B001,1,1004.75,0.05,954.52,716.56,237.96,Completed
ORD014717,2024-12-12,CUST00805,PROD0039,B002,2,2965.38,0.1,2668.84,1652.49,1016.35,Completed
ORD014719,2024-08-24,CUST00420,PROD0006,B002,2,1338.93,0.2,1071.14,971.81,99.33,Completed
ORD014721,2024-12-08,CUST00288,PROD0114,B003,5,6872.68,0.05,6529.04,5215.83,1313.21,Completed
ORD014722,2024-09-08,CUST00082,PROD0112,B003,2,1732.73,0.2,1386.18,1356.66,29.52,Completed
ORD014723,2024-05-14,CUST01878,PROD0098,B001,5,4996.96,0.05,4747.11,2794.15,1952.96,Completed
ORD014724,2024-03-28,CUST01711,PROD0080,B003,5,2033.0,0.05,1931.35,1409.99,521.36,Completed
ORD014725,2024-06-08,CUST01102,PROD0118,B001,5,1449.42,0.15,1232.01,970.84,261.17,Completed
ORD014730,2024-04-26,CUST01185,PROD0092,B002,4,417.78,0.2,334.22,266.55,67.67,Completed
ORD014732,2024-07-18,CUST02403,PROD0021,B001,2,1690.32,0.1,1521.29,1027.16,494.13,Completed
ORD014733,2024-09-27,CUST01465,PROD0053,B003,1,555.84,0.05,528.04,361.6,166.44,Completed
ORD014735,2024-03-04,CUST01803,PROD0066,B001,1,1398.21,0.1,1258.39,1004.49,253.9,Completed
ORD014736,2024-12-11,CUST02447,PROD0101,B002,3,1939.17,0.25,1454.38,1381.51,72.87,Completed
ORD014739,2024-12-08,CUST00664,PROD0051,B002,3,2688.28,0.1,2419.45,1782.15,637.3,Completed
ORD014741,2024-07-04,CUST02270,PROD0030,B003,4,2489.47,0.0,2489.47,3254.38,-764.91,Completed
ORD014742,2024-02-25,CUST01287,PROD0017,B005,4,3478.37,0.1,3130.54,2527.92,602.62,Completed
ORD014747,2024-06-03,CUST00185,PROD0092,B004,2,208.89,0.05,198.44,133.27,65.17,Completed
ORD014749,2024-02-04,CUST01326,PROD0120,B004,5,2845.83,0.05,2703.54,1834.73,868.81,Completed
ORD014751,2024-05-05,CUST02233,PROD0056,B001,2,2823.44,0.15,2399.92,2115.29,284.63,Completed
ORD014754,2024-05-23,CUST00489,PROD0106,B001,1,718.58,0.05,682.65,431.22,251.43,Completed
ORD014758,2024-08-31,CUST01517,PROD0078,B002,3,1733.52,0.15,1473.49,1721.93,-248.44,Completed
ORD014760,2024-11-30,CUST01177,PROD0108,B002,3,2729.65,0.15,2320.2,1570.27,749.93,Completed
ORD014762,2024-08-26,CUST00040,PROD0062,B004,3,2188.59,0.1,1969.73,1736.16,233.57,Completed
ORD014768,2024-05-18,CUST02413,PROD0037,B003,3,1739.02,0.0,1739.02,1447.68,291.34,Completed
ORD014769,2024-09-20,CUST01519,PROD0020,B004,4,3042.55,0.05,2890.43,2190.93,699.5,Completed
ORD014775,2024-10-10,CUST00576,PROD0031,B002,4,2668.14,0.05,2534.73,2189.98,344.75,Completed
ORD014779,2024-06-13,CUST00231,PROD0066,B004,4,5592.86,0.1,5033.57,4017.96,1015.61,Completed
ORD014783,2024-09-09,CUST02434,PROD0002,B001,3,2040.42,0.15,1734.35,1233.78,500.57,Completed
ORD014785,2024-05-25,CUST01622,PROD0064,B001,2,1850.46,0.15,1572.89,1406.57,166.32,Completed
ORD014789,2024-03-18,CUST01819,PROD0072,B002,4,1860.63,0.2,1488.51,1306.48,182.03,Completed
ORD014800,2024-08-21,CUST01379,PROD0019,B004,4,3554.78,0.0,3554.78,2216.76,1338.02,Completed
ORD014801,2024-09-24,CUST01955,PROD0077,B004,2,608.04,0.1,547.24,492.1,55.14,Completed
ORD014804,2024-04-11,CUST01899,PROD0062,B004,4,2918.12,0.1,2626.31,2314.89,311.42,Completed
ORD014806,2024-09-20,CUST00708,PROD0117,B003,1,429.39,0.05,407.92,476.12,-68.2,Completed
ORD014808,2024-11-02,CUST00826,PROD0045,B005,2,2009.5,0.0,2009.5,1433.11,576.39,Completed
ORD014817,2024-02-09,CUST00284,PROD0110,B005,4,3186.86,0.0,3186.86,1852.77,1334.09,Completed
ORD014821,2024-12-29,CUST00067,PROD0020,B001,4,3042.55,0.15,2586.17,2190.93,395.24,Completed
ORD014823,2024-11-30,CUST01718,PROD0106,B001,3,2155.74,0.0,2155.74,1293.66,862.08,Completed
ORD014825,2024-04-07,CUST00183,PROD0110,B001,2,1593.43,0.2,1274.74,926.38,348.36,Completed
ORD014827,2024-11-10,CUST01375,PROD0012,B004,1,129.62,0.0,129.62,87.57,42.05,Completed
ORD014828,2024-02-26,CUST01678,PROD0068,B003,5,5124.67,0.15,4355.97,4116.82,239.15,Completed
ORD014833,2024-05-15,CUST01382,PROD0061,B003,3,1344.6,0.15,1142.91,945.07,197.84,Completed
ORD014843,2024-03-26,CUST01772,PROD0018,B001,3,5163.92,0.2,4131.14,3215.72,915.42,Completed
ORD014848,2024-12-22,CUST00473,PROD0118,B002,3,869.65,0.2,695.72,582.5,113.22,Completed
ORD014849,2024-01-05,CUST02104,PROD0025,B002,5,4950.22,0.15,4207.69,2953.59,1254.1,Completed
ORD014852,2024-08-12,CUST02276,PROD0080,B004,2,813.2,0.05,772.54,563.99,208.55,Completed
ORD014857,2024-08-31,CUST02201,PROD0033,B004,1,600.34,0.15,510.29,383.24,127.05,Completed
ORD014859,2024-03-12,CUST00255,PROD0073,B001,3,548.4,0.1,493.57,359.92,133.65,Completed
ORD014861,2024-12-03,CUST00164,PROD0011,B004,4,2222.92,0.05,2111.78,2630.5,-518.72,Completed
ORD014863,2024-11-05,CUST01149,PROD0034,B002,2,2154.89,0.2,1723.91,1433.18,290.73,Completed
ORD014864,2024-03-24,CUST01051,PROD0085,B001,1,43.05,0.0,43.05,34.11,8.94,Completed
ORD014870,2024-12-24,CUST00242,PROD0011,B004,5,4239.74,0.1,3815.77,3288.12,527.65,Completed
ORD014873,2024-11-19,CUST00841,PROD0107,B004,1,1778.2,0.1,1600.38,1087.67,512.71,Completed
ORD014876,2024-02-10,CUST02279,PROD0101,B003,2,1292.78,0.15,1098.86,921.0,177.86,Completed
ORD014884,2024-11-29,CUST01040,PROD0101,B002,1,646.39,0.15,549.43,460.5,88.93,Completed
ORD014887,2024-04-28,CUST01657,PROD0006,B001,5,3347.32,0.0,3347.32,2429.52,917.8,Completed
ORD014889,2024-03-02,CUST01971,PROD0018,B005,2,3442.62,0.2,2754.09,2143.81,610.28,Completed
ORD014890,2024-05-14,CUST01211,PROD0054,B002,5,5638.39,0.2,4510.71,3810.16,700.55,Completed
ORD014893,2024-02-07,CUST01774,PROD0061,B001,5,2241.0,0.15,1904.85,1575.12,329.73,Completed
ORD014900,2024-12-21,CUST01076,PROD0088,B001,3,1346.61,0.2,1077.29,868.81,208.48,Completed
ORD014901,2024-06-14,CUST00958,PROD0078,B004,5,4659.77,0.05,4426.78,2869.89,1556.89,Completed
ORD014903,2024-12-24,CUST00650,PROD0072,B004,1,465.16,0.05,441.9,326.62,115.28,Completed
ORD014904,2024-12-14,CUST00464,PROD0051,B002,3,2688.28,0.0,2688.28,1782.15,906.13,Completed
ORD014905,2024-01-20,CUST02169,PROD0063,B003,5,663.4,0.15,563.89,502.33,61.56,Completed
ORD014913,2024-01-13,CUST01274,PROD0005,B001,4,4889.58,0.1,4400.62,3014.92,1385.7,Completed
ORD014914,2024-04-13,CUST00836,PROD0068,B001,2,2049.87,0.0,2049.87,1646.73,403.14,Completed
ORD014915,2024-04-19,CUST00530,PROD0107,B003,2,3556.4,0.05,3378.58,2175.34,1203.24,Completed
ORD014919,2024-09-30,CUST00326,PROD0070,B001,1,200.52,0.15,170.45,137.59,32.86,Completed
ORD014925,2024-06-12,CUST00979,PROD0074,B002,2,1305.69,0.2,1044.55,1009.68,34.87,Completed
ORD014927,2024-06-26,CUST01459,PROD0061,B002,4,1792.8,0.2,1434.24,1260.1,174.14,Completed
ORD014928,2024-08-31,CUST02260,PROD0050,B001,5,5495.7,0.2,4396.56,3171.34,1225.22,Completed
ORD014934,2024-11-13,CUST01522,PROD0120,B002,5,2845.83,0.0,2845.83,1834.73,1011.1,Completed
ORD014941,2024-12-17,CUST00481,PROD0005,B004,3,3667.18,0.05,3483.83,2261.19,1222.64,Completed
ORD014943,2024-10-15,CUST01248,PROD0108,B003,2,1819.76,0.2,1455.81,1046.85,408.96,Completed
ORD014951,2024-04-19,CUST00177,PROD0023,B002,3,3819.17,0.05,3628.21,2360.76,1267.45,Completed
ORD014957,2024-11-24,CUST01980,PROD0045,B001,4,4019.0,0.15,3416.15,2866.23,549.92,Completed
ORD014958,2024-04-29,CUST02229,PROD0087,B004,5,5905.32,0.15,5019.53,4123.48,896.05,Completed
ORD014963,2024-10-01,CUST02425,PROD0039,B002,1,1482.69,0.2,1186.15,826.25,359.9,Completed
ORD014965,2024-11-19,CUST02213,PROD0071,B005,3,1439.36,0.05,1367.39,1120.72,246.67,Completed
ORD014966,2024-01-14,CUST01171,PROD0044,B002,2,2187.9,0.0,2187.9,1214.82,973.08,Completed
ORD014970,2024-04-26,CUST01793,PROD0035,B005,2,1160.82,0.0,1160.82,871.23,289.59,Completed
ORD014974,2024-02-21,CUST01697,PROD0003,B001,4,976.6,0.1,878.94,1070.91,-191.97,Completed
ORD014976,2024-07-22,CUST02072,PROD0105,B002,4,1686.95,0.0,1686.95,1243.18,443.77,Completed
ORD014983,2024-11-08,CUST02158,PROD0019,B005,3,2666.08,0.15,2266.17,1662.57,603.6,Completed
ORD014987,2024-06-22,CUST00090,PROD0098,B001,3,2998.18,0.1,2698.36,1676.49,1021.87,Completed
ORD014989,2024-06-17,CUST00417,PROD0074,B001,2,1305.69,0.15,1109.83,1009.68,100.15,Completed
ORD014994,2024-04-27,CUST02291,PROD0093,B002,2,1732.71,0.05,1646.07,1271.34,374.73,Completed
ORD014996,2024-01-20,CUST00735,PROD0026,B002,5,1967.53,0.05,1869.15,1421.48,447.67,Completed
ORD015003,2024-09-09,CUST01906,PROD0084,B003,2,1036.54,0.1,932.89,765.25,167.64,Completed
ORD015006,2024-08-24,CUST00756,PROD0102,B001,5,3857.01,0.15,3278.46,2224.33,1054.13,Completed
ORD015007,2024-01-10,CUST00198,PROD0107,B002,3,5334.6,0.15,4534.41,3263.01,1271.4,Completed
ORD015013,2024-01-10,CUST01231,PROD0037,B003,3,1739.02,0.1,1565.12,1447.68,117.44,Completed
ORD015017,2024-07-23,CUST01425,PROD0043,B001,1,291.4,0.0,291.4,178.65,112.75,Completed
ORD015022,2024-11-03,CUST01315,PROD0100,B002,5,4054.94,0.0,4054.94,3166.4,888.54,Completed
ORD015026,2024-03-12,CUST00695,PROD0099,B001,3,2547.81,0.05,2420.42,1780.7,639.72,Completed
ORD015028,2024-10-03,CUST01440,PROD0065,B001,4,5405.34,0.1,4864.81,4044.87,819.94,Completed
ORD015039,2024-11-01,CUST02311,PROD0013,B003,4,2706.22,0.15,2300.28,1830.9,469.38,Completed
ORD015045,2024-05-03,CUST00627,PROD0102,B002,5,3857.01,0.05,3664.16,2224.33,1439.83,Completed
ORD015046,2024-02-13,CUST02326,PROD0018,B003,1,1721.31,0.2,1377.05,1071.91,305.14,Completed
ORD015056,2024-03-07,CUST02495,PROD0085,B003,4,172.21,0.25,129.15,136.46,-7.31,Completed
ORD015059,2024-05-18,CUST00178,PROD0052,B004,3,1982.05,0.05,1882.95,1360.05,522.9,Completed
ORD015060,2024-03-21,CUST01292,PROD0047,B002,4,1240.79,0.0,1240.79,718.6,522.19,Completed
ORD015063,2024-01-28,CUST00885,PROD0096,B001,2,3553.84,0.25,2665.38,2068.95,596.43,Completed
ORD015066,2024-05-31,CUST01046,PROD0078,B005,1,931.95,0.2,745.56,573.98,171.58,Completed
ORD015069,2024-10-13,CUST01972,PROD0009,B005,5,1596.42,0.0,1596.42,977.63,618.79,Completed
ORD015082,2024-11-28,CUST00880,PROD0116,B003,3,786.52,0.2,629.22,645.27,-16.05,Completed
ORD015088,2024-08-25,CUST01513,PROD0037,B003,1,579.67,0.15,492.72,482.56,10.16,Completed
ORD015090,2024-05-27,CUST01039,PROD0010,B003,5,9212.77,0.15,7830.86,5359.98,2470.88,Completed
ORD015093,2024-07-10,CUST01639,PROD0047,B004,2,620.39,0.2,496.32,359.3,137.02,Completed
ORD015096,2024-03-24,CUST00027,PROD0095,B005,4,1420.55,0.05,1349.52,1071.54,277.98,Completed
ORD015106,2024-08-13,CUST02125,PROD0016,B001,4,355.46,0.05,337.68,212.86,124.82,Completed
ORD015107,2024-03-16,CUST01811,PROD0061,B001,3,1344.6,0.1,1210.14,945.07,265.07,Completed
ORD015109,2024-09-26,CUST01127,PROD0021,B004,4,3380.64,0.1,3042.58,2054.31,988.27,Completed
ORD015115,2024-05-13,CUST01690,PROD0101,B004,4,2585.55,0.0,2585.55,1842.01,743.54,Completed
ORD015120,2024-02-22,CUST01913,PROD0117,B001,1,772.26,0.0,772.26,476.12,296.14,Completed
ORD015121,2024-10-12,CUST01810,PROD0012,B004,4,518.47,0.15,440.7,350.3,90.4,Completed
ORD015122,2024-03-16,CUST01040,PROD0090,B003,5,1599.39,0.2,1279.51,1000.91,278.6,Completed
ORD015124,2024-02-10,CUST00219,PROD0081,B002,1,133.11,0.2,106.48,99.11,7.37,Completed
ORD015125,2024-06-27,CUST00656,PROD0097,B005,3,5283.51,0.1,4755.16,3253.85,1501.31,Completed
ORD015127,2024-12-05,CUST00423,PROD0038,B004,4,239.73,0.15,203.77,162.84,40.93,Completed
ORD015132,2024-06-06,CUST01763,PROD0060,B004,3,268.58,0.1,241.72,176.33,65.39,Completed
ORD015135,2024-01-01,CUST01250,PROD0005,B002,4,4889.58,0.1,4400.62,3014.92,1385.7,Completed
ORD015137,2024-04-24,CUST02407,PROD0008,B004,1,265.55,0.1,239.0,218.91,20.09,Completed
ORD015142,2024-02-17,CUST00717,PROD0041,B004,1,115.08,0.05,109.32,62.49,46.83,Completed
ORD015144,2024-09-01,CUST00181,PROD0015,B004,3,4263.2,0.15,3623.72,2651.18,972.54,Completed
ORD015150,2024-05-29,CUST00403,PROD0105,B001,5,2108.69,0.25,1581.52,1553.98,27.54,Completed
ORD015151,2024-10-26,CUST02308,PROD0025,B005,4,3960.18,0.15,3366.15,2362.87,1003.28,Completed
ORD015152,2024-06-16,CUST02342,PROD0056,B001,1,1411.72,0.05,1341.13,1057.64,283.49,Completed
ORD015153,2024-10-13,CUST02107,PROD0032,B003,5,3682.17,0.0,3682.17,2026.5,1655.67,Completed
ORD015161,2024-06-05,CUST01184,PROD0116,B004,3,786.52,0.05,747.19,645.27,101.92,Completed
ORD015162,2024-04-07,CUST02206,PROD0060,B004,3,152.32,0.15,129.47,176.33,-46.86,Completed
ORD015168,2024-04-27,CUST02325,PROD0022,B004,3,3793.01,0.05,3603.36,2740.74,862.62,Completed
ORD015169,2024-08-21,CUST02176,PROD0094,B003,5,976.4,0.05,927.58,585.09,342.49,Completed
ORD015170,2024-10-29,CUST01725,PROD0097,B001,2,3522.34,0.15,2993.99,2169.23,824.76,Completed
ORD015171,2024-07-20,CUST01688,PROD0021,B001,2,1690.32,0.1,1521.29,1027.16,494.13,Completed
ORD015172,2024-06-06,CUST00585,PROD0089,B001,2,686.67,0.05,652.33,451.18,201.15,Completed
ORD015175,2024-09-13,CUST00700,PROD0036,B003,4,1133.44,0.0,1133.44,612.87,520.57,Completed
ORD015176,2024-04-15,CUST00349,PROD0096,B002,4,7107.69,0.2,5686.15,4137.9,1548.25,Completed
ORD015179,2024-09-05,CUST02080,PROD0027,B002,1,684.38,0.15,581.72,495.75,85.97,Completed
ORD015182,2024-03-19,CUST00159,PROD0039,B002,3,4448.07,0.0,4448.07,2478.74,1969.33,Completed
ORD015187,2024-10-06,CUST01292,PROD0103,B005,3,2617.97,0.1,2356.17,1549.3,806.87,Completed
ORD015190,2024-12-13,CUST02249,PROD0112,B003,4,3465.45,0.05,3292.18,2713.31,578.87,Completed
ORD015194,2024-11-17,CUST01039,PROD0093,B004,3,2599.06,0.25,1949.29,1907.02,42.27,Completed
ORD015198,2024-04-16,CUST01686,PROD0027,B004,3,2053.13,0.1,1847.82,1487.24,360.58,Completed
ORD015200,2024-12-12,CUST02237,PROD0020,B005,3,2281.92,0.15,1939.63,1643.2,296.43,Completed
ORD015204,2024-10-29,CUST01584,PROD0098,B003,4,3997.57,0.05,3797.69,2235.32,1562.37,Completed
ORD015205,2024-09-14,CUST01257,PROD0030,B003,3,3058.15,0.1,2752.33,2440.78,311.55,Completed
ORD015206,2024-07-07,CUST01490,PROD0064,B001,4,3700.91,0.05,3515.87,2813.15,702.72,Completed
ORD015209,2024-08-22,CUST01725,PROD0102,B002,3,2314.2,0.1,2082.79,1334.6,748.19,Completed
ORD015211,2024-05-14,CUST01202,PROD0108,B002,2,1819.76,0.15,1546.8,1046.85,499.95,Completed
ORD015214,2024-09-03,CUST01779,PROD0072,B002,1,465.16,0.25,348.87,326.62,22.25,Completed
ORD015221,2024-12-04,CUST00196,PROD0083,B004,4,6616.75,0.25,4962.56,4485.91,476.65,Completed
ORD015223,2024-07-08,CUST02145,PROD0019,B005,4,3554.78,0.2,2843.82,2216.76,627.06,Completed
ORD015224,2024-04-12,CUST02094,PROD0013,B002,3,2029.66,0.2,1623.73,1373.17,250.56,Completed
ORD015225,2024-10-30,CUST02193,PROD0092,B005,1,104.44,0.1,94.0,66.64,27.36,Completed
ORD015231,2024-10-01,CUST02403,PROD0083,B001,3,3131.02,0.05,2974.47,3364.43,-389.96,Completed
ORD015250,2024-03-05,CUST00913,PROD0097,B002,3,5283.51,0.15,4490.98,3253.85,1237.13,Completed
ORD015255,2024-06-09,CUST01741,PROD0018,B002,2,3442.62,0.0,3442.62,2143.81,1298.81,Completed
ORD015258,2024-10-25,CUST00284,PROD0013,B003,3,2029.66,0.25,1522.24,1373.17,149.07,Completed
ORD015259,2024-07-06,CUST01857,PROD0057,B001,2,2010.2,0.2,1608.16,1297.91,310.25,Completed
ORD015264,2024-09-27,CUST02435,PROD0089,B002,4,1373.33,0.05,1304.67,902.35,402.32,Completed
ORD015272,2024-03-25,CUST00666,PROD0048,B003,1,888.37,0.05,843.95,615.49,228.46,Completed
ORD015273,2024-02-26,CUST01054,PROD0035,B001,2,1160.82,0.05,1102.78,871.23,231.55,Completed
ORD015275,2024-07-11,CUST02495,PROD0028,B005,1,730.19,0.05,693.68,458.51,235.17,Completed
ORD015277,2024-07-07,CUST01051,PROD0117,B005,5,3861.32,0.0,3861.32,2380.62,1480.7,Completed
ORD015279,2024-07-21,CUST01750,PROD0115,B001,5,3732.73,0.1,3359.46,2303.26,1056.2,Completed
ORD015286,2024-12-08,CUST00602,PROD0112,B003,4,3465.45,0.25,2599.09,2713.31,-114.22,Completed
ORD015290,2024-12-04,CUST01946,PROD0018,B004,1,1721.31,0.0,1721.31,1071.91,649.4,Completed
ORD015293,2024-08-22,CUST01606,PROD0005,B002,4,4889.58,0.15,4156.14,3014.92,1141.22,Completed
ORD015299,2024-12-26,CUST02206,PROD0034,B001,4,4309.79,0.15,3663.32,2866.35,796.97,Completed
ORD015302,2024-12-20,CUST02033,PROD0093,B001,4,3465.41,0.15,2945.6,2542.69,402.91,Completed
ORD015313,2024-01-25,CUST02355,PROD0023,B002,2,2546.11,0.15,2164.2,1573.84,590.36,Completed
ORD015316,2024-11-07,CUST01745,PROD0050,B004,3,3297.42,0.15,2802.81,1902.8,900.01,Completed
ORD015325,2024-04-26,CUST02019,PROD0028,B002,4,2920.77,0.0,2920.77,1834.06,1086.71,Completed
ORD015326,2024-08-25,CUST01369,PROD0119,B004,4,2394.33,0.15,2035.18,1737.24,297.94,Completed
ORD015327,2024-06-01,CUST02484,PROD0089,B001,3,1030.0,0.05,978.5,676.76,301.74,Completed
ORD015329,2024-07-14,CUST01658,PROD0098,B002,5,4996.96,0.2,3997.57,2794.15,1203.42,Completed
ORD015335,2024-03-04,CUST01523,PROD0029,B002,5,2290.03,0.1,2061.03,1329.25,731.78,Completed
ORD015338,2024-05-30,CUST01486,PROD0116,B002,2,524.35,0.05,498.13,430.18,67.95,Completed
ORD015340,2024-08-09,CUST00221,PROD0001,B005,2,3878.79,0.15,3296.97,2126.36,1170.61,Completed
ORD015345,2024-03-25,CUST00508,PROD0029,B004,5,2290.03,0.1,2061.03,1329.25,731.78,Completed
ORD015346,2024-01-01,CUST02487,PROD0116,B005,5,1310.86,0.25,983.15,1075.45,-92.3,Completed
ORD015354,2024-06-18,CUST01930,PROD0098,B002,1,999.39,0.1,899.45,558.83,340.62,Completed
ORD015363,2024-12-08,CUST00568,PROD0012,B003,2,259.23,0.05,246.27,175.15,71.12,Completed
ORD015366,2024-04-23,CUST00662,PROD0106,B004,4,2874.32,0.05,2730.61,1724.88,1005.73,Completed
ORD015367,2024-05-01,CUST00969,PROD0046,B002,2,446.67,0.25,335.01,337.11,-2.1,Completed
ORD015371,2024-06-24,CUST02087,PROD0091,B002,4,1654.7,0.05,1571.96,1261.16,310.8,Completed
ORD015372,2024-12-03,CUST01831,PROD0055,B003,4,1858.97,0.05,1766.02,1054.16,711.86,Completed
ORD015379,2024-01-30,CUST01823,PROD0075,B002,3,4241.7,0.2,3393.36,3277.37,115.99,Completed
ORD015395,2024-12-09,CUST01244,PROD0056,B004,1,1411.72,0.1,1270.55,1057.64,212.91,Completed
ORD015396,2024-12-30,CUST02411,PROD0019,B003,1,484.55,0.1,436.09,554.19,-118.1,Completed
ORD015399,2024-12-29,CUST00266,PROD0093,B002,5,4331.76,0.1,3898.59,3178.36,720.23,Completed
ORD015416,2024-09-29,CUST02403,PROD0054,B004,2,2255.35,0.1,2029.82,1524.07,505.75,Completed
ORD015417,2024-04-23,CUST01464,PROD0071,B005,5,2398.93,0.1,2159.04,1867.86,291.18,Completed
ORD015423,2024-12-11,CUST01087,PROD0081,B001,2,266.21,0.15,226.28,198.21,28.07,Completed
ORD015425,2024-07-06,CUST01804,PROD0077,B003,4,1216.09,0.05,1155.28,984.21,171.07,Completed
ORD015428,2024-09-13,CUST01105,PROD0119,B005,1,598.58,0.15,508.8,434.31,74.49,Completed
ORD015429,2024-11-01,CUST00322,PROD0043,B004,1,291.4,0.05,276.83,178.65,98.18,Completed
ORD015435,2024-02-11,CUST00856,PROD0012,B001,4,518.47,0.1,466.62,350.3,116.32,Completed
ORD015440,2024-08-15,CUST00653,PROD0018,B003,3,5163.92,0.1,4647.53,3215.72,1431.81,Completed
ORD015442,2024-05-27,CUST00942,PROD0014,B002,2,2761.75,0.1,2485.58,1581.2,904.38,Completed
ORD015448,2024-12-05,CUST02344,PROD0102,B004,2,1542.8,0.05,1465.66,889.73,575.93,Completed
ORD015456,2024-04-20,CUST00848,PROD0074,B002,3,1958.53,0.05,1860.61,1514.51,346.1,Completed
ORD015458,2024-09-14,CUST01206,PROD0079,B001,2,346.61,0.05,329.27,233.14,96.13,Completed
ORD015464,2024-02-16,CUST00426,PROD0077,B002,3,912.07,0.2,729.66,738.16,-8.5,Completed
ORD015466,2024-04-21,CUST01852,PROD0053,B004,3,1667.51,0.0,1667.51,1084.81,582.7,Completed
ORD015468,2024-12-15,CUST00597,PROD0063,B004,5,663.4,0.15,563.89,502.33,61.56,Completed
ORD015469,2024-10-12,CUST00488,PROD0117,B001,3,2316.79,0.1,2085.12,1428.37,656.75,Completed
ORD015470,2024-06-06,CUST01074,PROD0074,B001,5,3264.22,0.1,2937.8,2524.19,413.61,Completed
ORD015471,2024-11-13,CUST00717,PROD0113,B002,3,3762.55,0.0,3762.55,2720.86,1041.69,Completed
ORD015474,2024-04-26,CUST02266,PROD0080,B002,4,1626.4,0.15,1382.44,1127.99,254.45,Completed
ORD015475,2024-07-12,CUST00542,PROD0082,B001,3,6283.58,0.1,5655.22,3400.99,2254.23,Completed
ORD015478,2024-07-02,CUST00026,PROD0090,B003,4,1279.51,0.05,1215.54,800.72,414.82,Completed
ORD015480,2024-10-14,CUST00700,PROD0001,B003,2,3878.79,0.05,3684.85,2126.36,1558.49,Completed
ORD015481,2024-09-03,CUST01385,PROD0041,B001,1,115.08,0.1,103.57,62.49,41.08,Completed
ORD015488,2024-03-27,CUST02145,PROD0030,B003,1,1019.38,0.1,917.45,813.59,103.86,Completed
ORD015494,2024-02-29,CUST02309,PROD0087,B004,3,3543.19,0.1,3188.87,2474.09,714.78,Completed
ORD015500,2024-06-13,CUST00148,PROD0052,B005,1,660.68,0.0,660.68,453.35,207.33,Completed
ORD015501,2024-01-06,CUST02242,PROD0036,B005,2,566.72,0.05,538.39,306.44,231.95,Completed
ORD015506,2024-08-13,CUST00073,PROD0041,B004,3,345.23,0.1,310.71,187.47,123.24,Completed
ORD015510,2024-01-07,CUST00977,PROD0037,B005,2,1159.35,0.05,1101.38,965.12,136.26,Completed
ORD015525,2024-09-20,CUST01932,PROD0072,B003,1,465.16,0.05,441.9,326.62,115.28,Completed
ORD015526,2024-06-04,CUST00093,PROD0098,B001,3,2998.18,0.0,2998.18,1676.49,1321.69,Completed
ORD015527,2024-08-22,CUST00847,PROD0017,B001,3,2608.78,0.05,2478.34,1895.94,582.4,Completed
ORD015530,2024-09-12,CUST01476,PROD0056,B002,5,7058.6,0.0,7058.6,5288.22,1770.38,Completed
ORD015534,2024-10-19,CUST00510,PROD0107,B005,2,3556.4,0.05,3378.58,2175.34,1203.24,Completed
ORD015538,2024-04-18,CUST00974,PROD0093,B001,1,866.35,0.2,693.08,635.67,57.41,Completed
ORD015539,2024-12-04,CUST01815,PROD0061,B003,4,1051.1,0.05,998.54,1260.1,-261.56,Completed
ORD015545,2024-11-15,CUST00980,PROD0114,B001,1,1374.54,0.05,1305.81,1043.17,262.64,Completed
ORD015546,2024-03-26,CUST01586,PROD0085,B005,4,172.21,0.1,154.99,136.46,18.53,Completed
ORD015548,2024-08-06,CUST00688,PROD0044,B001,3,3281.84,0.15,2789.57,1822.23,967.34,Completed
ORD015554,2024-10-22,CUST01593,PROD0111,B001,5,9174.1,0.05,8715.39,5535.31,3180.08,Completed
ORD015556,2024-02-26,CUST00576,PROD0052,B001,2,1321.37,0.1,1189.23,906.7,282.53,Completed
ORD015558,2024-01-08,CUST02159,PROD0052,B001,5,3303.42,0.2,2642.73,2266.75,375.98,Completed
ORD015560,2024-02-05,CUST00643,PROD0033,B003,3,1801.02,0.1,1620.92,1149.73,471.19,Completed
ORD015565,2024-10-01,CUST00112,PROD0107,B002,4,7112.81,0.0,7112.81,4350.68,2762.13,Completed
ORD015567,2024-11-01,CUST00194,PROD0089,B003,4,1373.33,0.1,1236.0,902.35,333.65,Completed
ORD015571,2024-09-28,CUST00545,PROD0065,B001,4,5405.34,0.2,4324.27,4044.87,279.4,Completed
ORD015573,2024-07-22,CUST02193,PROD0072,B002,2,930.32,0.0,930.32,653.24,277.08,Completed
ORD015583,2024-07-25,CUST01969,PROD0057,B001,4,4020.4,0.1,3618.36,2595.81,1022.55,Completed
ORD015584,2024-02-15,CUST00470,PROD0005,B004,1,1222.39,0.05,1161.28,753.73,407.55,Completed
ORD015585,2024-02-17,CUST01808,PROD0034,B001,2,2154.89,0.0,2154.89,1433.18,721.71,Completed
ORD015588,2024-07-22,CUST00323,PROD0114,B001,3,4123.61,0.1,3711.24,3129.5,581.74,Completed
ORD015593,2024-07-27,CUST01513,PROD0065,B001,1,1351.33,0.15,1148.64,1011.22,137.42,Completed
ORD015602,2024-07-03,CUST01885,PROD0097,B002,3,5283.51,0.15,4490.98,3253.85,1237.13,Completed
ORD015603,2024-04-17,CUST01728,PROD0024,B001,1,696.65,0.2,557.33,703.09,-145.76,Completed
ORD015609,2024-05-27,CUST01284,PROD0105,B004,1,421.74,0.2,337.39,310.8,26.59,Completed
ORD015614,2024-05-10,CUST02164,PROD0107,B005,2,3556.4,0.0,3556.4,2175.34,1381.06,Completed
ORD015625,2024-10-01,CUST00106,PROD0058,B005,2,625.51,0.0,625.51,349.16,276.35,Completed
ORD015626,2024-02-08,CUST00433,PROD0079,B001,4,693.21,0.25,519.91,466.28,53.63,Completed
ORD015635,2024-04-17,CUST00611,PROD0031,B005,4,2668.14,0.05,2534.73,2189.98,344.75,Completed
ORD015638,2024-12-22,CUST00105,PROD0026,B002,3,1180.52,0.15,1003.44,852.89,150.55,Completed
ORD015640,2024-11-02,CUST00773,PROD0048,B001,4,3553.47,0.1,3198.12,2461.98,736.14,Completed
ORD015648,2024-03-21,CUST01570,PROD0101,B002,2,1292.78,0.2,1034.22,921.0,113.22,Completed
ORD015649,2024-04-26,CUST01028,PROD0020,B001,4,3042.55,0.1,2738.3,2190.93,547.37,Completed
ORD015653,2024-07-02,CUST01408,PROD0110,B005,4,3186.86,0.1,2868.17,1852.77,1015.4,Completed
ORD015655,2024-05-20,CUST01775,PROD0095,B001,1,355.14,0.0,355.14,267.88,87.26,Completed
ORD015656,2024-09-28,CUST00055,PROD0001,B002,3,5818.18,0.0,5818.18,3189.54,2628.64,Completed
ORD015657,2024-09-30,CUST00918,PROD0075,B001,2,2827.8,0.05,2686.41,2184.91,501.5,Completed
ORD015658,2024-02-13,CUST01495,PROD0020,B004,4,3042.55,0.25,2281.92,2190.93,90.99,Completed
ORD015659,2024-07-26,CUST01455,PROD0054,B003,1,1127.68,0.2,902.14,762.03,140.11,Completed
ORD015660,2024-10-23,CUST01347,PROD0101,B004,1,646.39,0.2,517.11,460.5,56.61,Completed
ORD015663,2024-02-10,CUST00724,PROD0094,B003,4,781.12,0.1,703.01,468.07,234.94,Completed
ORD015664,2024-12-27,CUST02335,PROD0006,B005,3,2008.39,0.05,1907.97,1457.71,450.26,Completed
ORD015666,2024-11-05,CUST01113,PROD0099,B002,3,2547.81,0.15,2165.64,1780.7,384.94,Completed
ORD015668,2024-04-03,CUST00045,PROD0044,B003,1,1093.95,0.15,929.86,607.41,322.45,Completed
ORD015672,2024-12-21,CUST01743,PROD0107,B001,1,1778.2,0.1,1600.38,1087.67,512.71,Completed
ORD015684,2024-04-17,CUST01521,PROD0069,B004,4,5060.14,0.2,4048.11,2745.75,1302.36,Completed
ORD015686,2024-02-16,CUST01738,PROD0117,B003,1,772.26,0.15,656.42,476.12,180.3,Completed
ORD015703,2024-03-17,CUST01515,PROD0115,B002,5,3732.73,0.1,3359.46,2303.26,1056.2,Completed
ORD015710,2024-11-12,CUST00995,PROD0004,B004,3,897.52,0.15,762.9,573.31,189.59,Completed
ORD015711,2024-07-03,CUST02115,PROD0076,B004,4,1199.9,0.1,1079.91,960.2,119.71,Completed
ORD015720,2024-04-04,CUST00448,PROD0031,B004,5,3335.17,0.0,3335.17,2737.47,597.7,Completed
ORD015726,2024-06-04,CUST01103,PROD0081,B001,3,399.32,0.05,379.36,297.32,82.04,Completed
ORD015734,2024-03-11,CUST00730,PROD0046,B003,4,893.34,0.2,714.67,674.21,40.46,Completed
ORD015735,2024-02-24,CUST01119,PROD0037,B001,2,1159.35,0.15,985.45,965.12,20.33,Completed
ORD015736,2024-02-27,CUST00273,PROD0108,B002,3,2729.65,0.0,2729.65,1570.27,1159.38,Completed
ORD015743,2024-11-27,CUST00215,PROD0088,B001,4,1795.48,0.1,1615.93,1158.41,457.52,Completed
ORD015745,2024-01-18,CUST00199,PROD0077,B002,5,1520.11,0.15,1292.1,1230.26,61.84,Completed
ORD015746,2024-06-10,CUST00355,PROD0120,B005,5,2845.83,0.1,2561.24,1834.73,726.51,Completed
ORD015749,2024-12-02,CUST01907,PROD0052,B004,2,1321.37,0.1,1189.23,906.7,282.53,Completed
ORD015753,2024-07-30,CUST00052,PROD0080,B002,5,2033.0,0.25,1524.75,1409.99,114.76,Completed
ORD015757,2024-11-24,CUST01474,PROD0088,B001,5,2244.35,0.0,2244.35,1448.01,796.34,Completed
ORD015760,2024-11-22,CUST00746,PROD0073,B004,1,182.8,0.25,137.1,119.97,17.13,Completed
ORD015766,2024-06-21,CUST00747,PROD0098,B001,1,999.39,0.05,949.42,558.83,390.59,Completed
ORD015767,2024-11-07,CUST02477,PROD0087,B002,2,2362.13,0.25,1771.59,1649.39,122.2,Completed
ORD015770,2024-06-14,CUST02162,PROD0056,B001,2,2823.44,0.15,2399.92,2115.29,284.63,Completed
ORD015772,2024-09-23,CUST00052,PROD0019,B001,3,2666.08,0.0,2666.08,1662.57,1003.51,Completed
ORD015773,2024-09-28,CUST00351,PROD0087,B005,5,5905.32,0.2,4724.26,4123.48,600.78,Completed
ORD015778,2024-04-27,CUST00543,PROD0100,B002,1,810.99,0.1,729.89,633.28,96.61,Completed
ORD015780,2024-09-15,CUST01853,PROD0117,B005,4,1532.27,0.1,1379.05,1904.49,-525.44,Completed
ORD015783,2024-08-16,CUST02256,PROD0006,B001,4,2677.86,0.1,2410.07,1943.61,466.46,Completed
ORD015784,2024-10-18,CUST02412,PROD0036,B004,3,850.08,0.1,765.07,459.65,305.42,Completed
ORD015789,2024-10-19,CUST00113,PROD0111,B003,3,5504.46,0.05,5229.23,3321.19,1908.04,Completed
ORD015797,2024-12-04,CUST01389,PROD0048,B001,2,1302.14,0.1,1171.92,1230.99,-59.07,Completed
ORD015798,2024-01-22,CUST00294,PROD0109,B002,1,1355.87,0.2,1084.69,975.11,109.58,Completed
ORD015800,2024-11-13,CUST01877,PROD0064,B001,4,3700.91,0.15,3145.78,2813.15,332.63,Completed
ORD015812,2024-09-24,CUST00224,PROD0110,B002,5,3983.57,0.15,3386.03,2315.96,1070.07,Completed
ORD015825,2024-07-24,CUST02021,PROD0052,B004,2,1321.37,0.05,1255.3,906.7,348.6,Completed
ORD015826,2024-11-17,CUST01749,PROD0098,B003,5,4996.96,0.2,3997.57,2794.15,1203.42,Completed
ORD015832,2024-11-19,CUST01326,PROD0085,B001,4,172.21,0.1,154.99,136.46,18.53,Completed
ORD015835,2024-06-03,CUST02037,PROD0065,B001,1,1351.33,0.15,1148.64,1011.22,137.42,Completed
ORD015836,2024-01-21,CUST00878,PROD0013,B004,5,3382.77,0.0,3382.77,2288.62,1094.15,Completed
ORD015839,2024-12-24,CUST02225,PROD0052,B003,5,3303.42,0.1,2973.07,2266.75,706.32,Completed
ORD015842,2024-10-23,CUST02273,PROD0056,B004,5,7058.6,0.15,5999.81,5288.22,711.59,Completed
ORD015849,2024-06-04,CUST01526,PROD0057,B002,5,5025.49,0.0,5025.49,3244.76,1780.73,Completed
ORD015861,2024-12-06,CUST01784,PROD0085,B002,1,43.05,0.1,38.74,34.11,4.63,Completed
ORD015864,2024-12-14,CUST02164,PROD0080,B001,3,1219.8,0.2,975.84,845.99,129.85,Completed
ORD015867,2024-01-05,CUST01288,PROD0078,B002,5,4659.77,0.1,4193.8,2869.89,1323.91,Completed
ORD015871,2024-10-04,CUST02233,PROD0109,B001,4,5423.46,0.05,5152.29,3900.44,1251.85,Completed
ORD015874,2024-11-21,CUST00141,PROD0060,B002,4,358.1,0.1,322.29,235.11,87.18,Completed
ORD015878,2024-11-23,CUST00128,PROD0084,B005,4,2073.08,0.05,1969.42,1530.5,438.92,Completed
ORD015880,2024-07-29,CUST00769,PROD0026,B004,4,1574.03,0.05,1495.32,1137.19,358.13,Completed
ORD015886,2024-07-14,CUST00070,PROD0078,B001,3,2795.86,0.15,2376.48,1721.93,654.55,Completed
ORD015889,2024-07-20,CUST01657,PROD0068,B004,1,1024.93,0.05,973.69,823.36,150.33,Completed
ORD015894,2024-09-11,CUST01908,PROD0025,B005,5,4950.22,0.1,4455.2,2953.59,1501.61,Completed
ORD015897,2024-12-14,CUST00999,PROD0059,B005,1,975.0,0.1,877.5,616.71,260.79,Completed
ORD015898,2024-10-04,CUST01044,PROD0027,B001,4,2737.51,0.15,2326.89,1982.98,343.91,Completed
ORD015901,2024-09-08,CUST00747,PROD0051,B002,2,1792.18,0.05,1702.58,1188.1,514.48,Completed
ORD015914,2024-03-28,CUST00055,PROD0087,B005,1,1181.06,0.0,1181.06,824.7,356.36,Completed
ORD015917,2024-01-31,CUST00011,PROD0049,B005,2,2665.44,0.05,2532.17,1542.16,990.01,Completed
ORD015922,2024-03-29,CUST00461,PROD0044,B004,3,3281.84,0.1,2953.66,1822.23,1131.43,Completed
ORD015924,2024-11-02,CUST01679,PROD0042,B001,5,7267.64,0.0,7267.64,5321.93,1945.71,Completed
ORD015925,2024-06-22,CUST01445,PROD0092,B001,3,313.33,0.1,282.0,199.91,82.09,Completed
ORD015932,2024-06-19,CUST00260,PROD0095,B003,1,355.14,0.05,337.38,267.88,69.5,Completed
ORD015934,2024-03-14,CUST00511,PROD0116,B001,4,1048.69,0.1,943.82,860.36,83.46,Completed
ORD015944,2024-10-08,CUST00501,PROD0091,B001,5,2068.37,0.2,1654.7,1576.45,78.25,Completed
ORD015945,2024-01-02,CUST01144,PROD0065,B005,5,6756.67,0.1,6081.01,5056.08,1024.93,Completed
ORD015951,2024-06-25,CUST01920,PROD0067,B002,3,2720.42,0.0,2720.42,1491.98,1228.44,Completed
ORD015955,2024-08-07,CUST00543,PROD0094,B001,5,976.4,0.0,976.4,585.09,391.31,Completed
ORD015957,2024-10-10,CUST00030,PROD0010,B001,2,3685.11,0.0,3685.11,2143.99,1541.12,Completed
ORD015958,2024-01-05,CUST00514,PROD0013,B001,5,3382.77,0.15,2875.35,2288.62,586.73,Completed
ORD015963,2024-10-19,CUST00211,PROD0027,B002,3,2053.13,0.05,1950.48,1487.24,463.24,Completed
ORD015968,2024-11-09,CUST01949,PROD0052,B001,1,660.68,0.0,660.68,453.35,207.33,Completed
ORD015973,2024-09-06,CUST00380,PROD0070,B003,1,200.52,0.0,200.52,137.59,62.93,Completed
ORD015974,2024-04-10,CUST00619,PROD0080,B001,5,2033.0,0.1,1829.7,1409.99,419.71,Completed
ORD015979,2024-02-21,CUST00577,PROD0028,B004,3,2190.58,0.05,2081.05,1375.54,705.51,Completed
ORD015983,2024-07-01,CUST02075,PROD0046,B002,5,1116.68,0.1,1005.01,842.77,162.24,Completed
ORD015987,2024-06-08,CUST00022,PROD0025,B001,3,2970.13,0.15,2524.61,1772.15,752.46,Completed
ORD015991,2024-05-02,CUST01740,PROD0041,B001,4,460.31,0.2,368.25,249.96,118.29,Completed
ORD015992,2024-10-11,CUST01528,PROD0113,B005,2,2508.37,0.1,2257.53,1813.91,443.62,Completed
ORD016005,2024-01-03,CUST00717,PROD0050,B005,1,1099.14,0.1,989.23,634.27,354.96,Completed
ORD016009,2024-09-18,CUST01137,PROD0089,B004,2,686.67,0.05,652.33,451.18,201.15,Completed
ORD016018,2024-05-17,CUST01191,PROD0099,B001,2,1698.54,0.05,1613.61,1187.14,426.47,Completed
ORD016023,2024-03-30,CUST01221,PROD0044,B001,3,3281.84,0.1,2953.66,1822.23,1131.43,Completed
ORD016034,2024-01-14,CUST01200,PROD0114,B001,1,1374.54,0.05,1305.81,1043.17,262.64,Completed
ORD016038,2024-11-13,CUST00626,PROD0050,B001,3,3297.42,0.1,2967.68,1902.8,1064.88,Completed
ORD016039,2024-12-04,CUST00682,PROD0111,B002,3,5504.46,0.0,5504.46,3321.19,2183.27,Completed
ORD016040,2024-08-29,CUST00601,PROD0067,B004,2,1813.62,0.15,1541.58,994.65,546.93,Completed
ORD016042,2024-03-29,CUST00057,PROD0049,B001,3,3998.17,0.1,3598.35,2313.24,1285.11,Completed
ORD016043,2024-12-10,CUST00224,PROD0007,B002,2,95.41,0.0,95.41,71.51,23.9,Completed
ORD016044,2024-07-04,CUST02370,PROD0028,B005,4,2920.77,0.05,2774.73,1834.06,940.67,Completed
ORD016046,2024-09-04,CUST01239,PROD0116,B001,4,1048.69,0.15,891.39,860.36,31.03,Completed
ORD016056,2024-07-24,CUST02401,PROD0080,B004,2,813.2,0.1,731.88,563.99,167.89,Completed
ORD016058,2024-09-24,CUST01924,PROD0006,B005,1,669.46,0.1,602.52,485.9,116.62,Completed
ORD016062,2024-07-10,CUST00368,PROD0044,B002,3,3281.84,0.0,3281.84,1822.23,1459.61,Completed
ORD016066,2024-04-08,CUST01889,PROD0001,B003,5,9696.97,0.15,8242.42,5315.89,2926.53,Completed
ORD016071,2024-11-11,CUST01657,PROD0086,B005,2,1055.73,0.05,1002.95,801.48,201.47,Completed
ORD016072,2024-05-03,CUST01526,PROD0013,B003,5,3382.77,0.0,3382.77,2288.62,1094.15,Completed
ORD016080,2024-09-16,CUST01612,PROD0078,B003,3,2795.86,0.15,2376.48,1721.93,654.55,Completed
ORD016086,2024-03-17,CUST01599,PROD0026,B002,2,787.01,0.15,668.96,568.59,100.37,Completed
ORD016088,2024-07-11,CUST00452,PROD0026,B004,3,1180.52,0.1,1062.47,852.89,209.58,Completed
ORD016098,2024-04-08,CUST01257,PROD0117,B005,1,772.26,0.15,656.42,476.12,180.3,Completed
ORD016099,2024-01-13,CUST01764,PROD0083,B001,2,3308.37,0.0,3308.37,2242.95,1065.42,Completed
ORD016100,2024-07-27,CUST00363,PROD0029,B001,2,916.01,0.15,778.61,531.7,246.91,Completed
ORD016101,2024-01-05,CUST00371,PROD0105,B002,5,1489.19,0.05,1414.73,1553.98,-139.25,Completed
ORD016107,2024-10-30,CUST00841,PROD0067,B003,4,3627.23,0.05,3445.87,1989.31,1456.56,Completed
ORD016108,2024-04-29,CUST02363,PROD0052,B002,3,1982.05,0.0,1982.05,1360.05,622.0,Completed
ORD016109,2024-10-14,CUST02304,PROD0100,B002,3,2432.96,0.15,2068.02,1899.84,168.18,Completed
ORD016114,2024-09-02,CUST00394,PROD0061,B001,4,1792.8,0.1,1613.52,1260.1,353.42,Completed
ORD016120,2024-06-18,CUST02099,PROD0030,B002,4,4077.53,0.0,4077.53,3254.38,823.15,Completed
ORD016121,2024-08-31,CUST00358,PROD0052,B002,4,2642.73,0.1,2378.46,1813.4,565.06,Completed
ORD016125,2024-08-11,CUST00206,PROD0033,B002,1,367.93,0.15,312.74,383.24,-70.5,Completed
ORD016126,2024-01-01,CUST02331,PROD0074,B002,4,2611.38,0.05,2480.81,2019.35,461.46,Completed
ORD016136,2024-03-27,CUST00317,PROD0040,B001,1,990.67,0.15,842.08,540.35,301.73,Completed
ORD016137,2024-12-04,CUST00174,PROD0090,B001,3,959.63,0.2,767.71,600.54,167.17,Completed
ORD016140,2024-05-26,CUST00443,PROD0039,B005,4,5930.76,0.0,5930.76,3304.98,2625.78,Completed
ORD016152,2024-01-29,CUST01829,PROD0111,B005,3,5504.46,0.05,5229.23,3321.19,1908.04,Completed
ORD016153,2024-10-18,CUST00341,PROD0049,B003,4,5330.89,0.15,4531.26,3084.32,1446.94,Completed
ORD016159,2024-03-26,CUST01646,PROD0079,B003,2,346.61,0.0,346.61,233.14,113.47,Completed
ORD016160,2024-06-14,CUST00783,PROD0094,B003,1,195.28,0.0,195.28,117.02,78.26,Completed
ORD016161,2024-03-05,CUST00040,PROD0084,B005,4,2073.08,0.2,1658.46,1530.5,127.96,Completed
ORD016163,2024-12-23,CUST00245,PROD0035,B005,5,2902.06,0.15,2466.75,2178.08,288.67,Completed
ORD016165,2024-03-05,CUST02000,PROD0066,B002,3,4194.64,0.15,3565.45,3013.47,551.98,Completed
ORD016170,2024-08-02,CUST01609,PROD0007,B002,5,238.54,0.2,190.83,178.76,12.07,Completed
ORD016173,2024-08-13,CUST00655,PROD0005,B005,1,1222.39,0.15,1039.04,753.73,285.31,Completed
ORD016180,2024-08-24,CUST01476,PROD0050,B002,4,4396.56,0.05,4176.73,2537.07,1639.66,Completed
ORD016182,2024-05-16,CUST01466,PROD0098,B002,1,999.39,0.15,849.48,558.83,290.65,Completed
ORD016186,2024-04-12,CUST01703,PROD0039,B003,5,7413.45,0.05,7042.78,4131.23,2911.55,Completed
ORD016189,2024-01-18,CUST01494,PROD0088,B002,4,1795.48,0.1,1615.93,1158.41,457.52,Completed
ORD016190,2024-09-23,CUST01913,PROD0094,B002,4,781.12,0.0,781.12,468.07,313.05,Completed
ORD016196,2024-07-10,CUST02484,PROD0028,B005,3,2190.58,0.1,1971.52,1375.54,595.98,Completed
ORD016199,2024-04-30,CUST01898,PROD0020,B001,5,3803.19,0.15,3232.72,2738.67,494.05,Completed
ORD016204,2024-08-05,CUST00195,PROD0030,B001,4,4077.53,0.1,3669.78,3254.38,415.4,Completed
ORD016209,2024-08-14,CUST00146,PROD0010,B004,4,7370.22,0.1,6633.2,4287.98,2345.22,Completed
ORD016210,2024-05-03,CUST01961,PROD0022,B001,2,2528.68,0.05,2402.24,1827.16,575.08,Completed
ORD016220,2024-04-20,CUST00304,PROD0010,B001,3,5527.66,0.05,5251.28,3215.99,2035.29,Completed
ORD016223,2024-05-27,CUST02272,PROD0090,B001,2,639.76,0.1,575.78,400.36,175.42,Completed
ORD016224,2024-12-04,CUST02270,PROD0016,B005,2,177.73,0.15,151.07,106.43,44.64,Completed
ORD016231,2024-12-27,CUST02071,PROD0079,B005,5,866.51,0.0,866.51,582.85,283.66,Completed
ORD016232,2024-10-29,CUST02198,PROD0120,B001,3,1707.5,0.05,1622.12,1100.84,521.28,Completed
ORD016233,2024-10-18,CUST00903,PROD0001,B003,2,3878.79,0.15,3296.97,2126.36,1170.61,Completed
ORD016238,2024-11-24,CUST02019,PROD0046,B001,2,446.67,0.2,357.34,337.11,20.23,Completed
ORD016242,2024-08-09,CUST01123,PROD0051,B001,4,3584.37,0.1,3225.93,2376.21,849.72,Completed
ORD016244,2024-09-28,CUST02108,PROD0073,B004,1,182.8,0.15,155.38,119.97,35.41,Completed
ORD016247,2024-03-10,CUST00561,PROD0011,B002,1,847.95,0.2,678.36,657.62,20.74,Completed
ORD016248,2024-02-14,CUST02261,PROD0107,B004,1,1778.2,0.25,1333.65,1087.67,245.98,Completed
ORD016251,2024-02-19,CUST02263,PROD0011,B005,5,4239.74,0.15,3603.78,3288.12,315.66,Completed
ORD016253,2024-04-01,CUST00163,PROD0076,B001,4,1199.9,0.2,959.92,960.2,-0.28,Completed
ORD016255,2024-02-20,CUST01377,PROD0045,B001,2,2009.5,0.15,1708.07,1433.11,274.96,Completed
ORD016256,2024-10-29,CUST01943,PROD0093,B004,1,501.84,0.05,476.75,635.67,-158.92,Completed
ORD016258,2024-09-29,CUST01000,PROD0087,B002,2,2362.13,0.25,1771.59,1649.39,122.2,Completed
ORD016259,2024-04-01,CUST01427,PROD0067,B002,5,4534.04,0.05,4307.34,2486.63,1820.71,Completed
ORD016261,2024-04-20,CUST02486,PROD0088,B002,4,1795.48,0.15,1526.16,1158.41,367.75,Completed
ORD016263,2024-06-27,CUST00798,PROD0051,B002,1,896.09,0.05,851.29,594.05,257.24,Completed
ORD016269,2024-10-27,CUST00972,PROD0029,B005,2,916.01,0.05,870.21,531.7,338.51,Completed
ORD016273,2024-09-20,CUST00170,PROD0108,B003,1,909.88,0.15,773.4,523.42,249.98,Completed
ORD016276,2024-08-12,CUST00950,PROD0112,B005,4,3465.45,0.15,2945.63,2713.31,232.32,Completed
ORD016283,2024-03-16,CUST00499,PROD0056,B005,1,1411.72,0.2,1129.37,1057.64,71.73,Completed
ORD016284,2024-03-30,CUST02180,PROD0016,B001,3,266.59,0.1,239.93,159.65,80.28,Completed
ORD016289,2024-05-19,CUST02329,PROD0093,B002,3,2599.06,0.05,2469.1,1907.02,562.08,Completed
ORD016290,2024-12-24,CUST01307,PROD0025,B003,1,990.04,0.15,841.54,590.72,250.82,Completed
ORD016292,2024-01-05,CUST02425,PROD0052,B003,2,1321.37,0.25,991.03,906.7,84.33,Completed
ORD016293,2024-01-26,CUST02089,PROD0115,B002,5,3732.73,0.0,3732.73,2303.26,1429.47,Completed
ORD016299,2024-06-27,CUST00837,PROD0098,B001,3,2998.18,0.1,2698.36,1676.49,1021.87,Completed
ORD016300,2024-05-11,CUST01224,PROD0068,B003,3,3074.8,0.2,2459.84,2470.09,-10.25,Completed
ORD016304,2024-08-05,CUST00266,PROD0082,B001,2,4189.05,0.1,3770.15,2267.33,1502.82,Completed
ORD016306,2024-10-09,CUST02094,PROD0049,B004,3,3998.17,0.0,3998.17,2313.24,1684.93,Completed
ORD016309,2024-05-12,CUST00086,PROD0087,B003,3,3543.19,0.15,3011.72,2474.09,537.63,Completed
ORD016311,2024-07-04,CUST01496,PROD0100,B003,4,3243.95,0.1,2919.56,2533.12,386.44,Completed
ORD016314,2024-03-24,CUST01689,PROD0040,B003,1,990.67,0.1,891.61,540.35,351.26,Completed
ORD016315,2024-08-18,CUST02027,PROD0105,B001,2,843.47,0.15,716.95,621.59,95.36,Completed
ORD016316,2024-07-16,CUST01037,PROD0018,B002,1,1721.31,0.1,1549.18,1071.91,477.27,Completed
ORD016329,2024-07-01,CUST02403,PROD0117,B001,4,3089.06,0.15,2625.7,1904.49,721.21,Completed
ORD016335,2024-09-07,CUST00010,PROD0101,B002,5,3231.94,0.15,2747.15,2302.51,444.64,Completed
ORD016353,2024-12-23,CUST00085,PROD0092,B005,5,522.22,0.25,391.66,333.18,58.48,Completed
ORD016354,2024-04-22,CUST02038,PROD0055,B004,3,1394.23,0.2,1115.38,790.62,324.76,Completed
ORD016369,2024-11-17,CUST01347,PROD0074,B001,2,1305.69,0.1,1175.12,1009.68,165.44,Completed
ORD016373,2024-04-12,CUST01366,PROD0114,B004,1,1374.54,0.1,1237.08,1043.17,193.91,Completed
ORD016380,2024-06-26,CUST01248,PROD0098,B002,2,1998.78,0.1,1798.91,1117.66,681.25,Completed
ORD016387,2024-05-23,CUST01056,PROD0120,B001,2,1138.33,0.1,1024.5,733.89,290.61,Completed
ORD016389,2024-03-12,CUST01147,PROD0107,B004,1,1778.2,0.05,1689.29,1087.67,601.62,Completed
ORD016390,2024-12-09,CUST00311,PROD0035,B003,4,2321.65,0.05,2205.57,1742.46,463.11,Completed
ORD016397,2024-07-11,CUST02409,PROD0095,B002,1,355.14,0.1,319.62,267.88,51.74,Completed
ORD016398,2024-11-01,CUST01634,PROD0113,B001,1,1254.18,0.0,1254.18,906.95,347.23,Completed
ORD016399,2024-06-04,CUST00021,PROD0086,B001,3,1583.6,0.05,1504.42,1202.23,302.19,Completed
ORD016412,2024-12-03,CUST00837,PROD0104,B001,2,3204.91,0.2,2563.92,2119.14,444.78,Completed
ORD016414,2024-02-27,CUST01829,PROD0047,B002,1,310.2,0.1,279.18,179.65,99.53,Completed
ORD016415,2024-08-22,CUST00174,PROD0013,B001,1,676.55,0.1,608.9,457.72,151.18,Completed
ORD016417,2024-06-28,CUST01719,PROD0051,B002,5,4480.46,0.0,4480.46,2970.26,1510.2,Completed
ORD016419,2024-02-12,CUST01649,PROD0054,B002,3,3383.03,0.2,2706.43,2286.1,420.33,Completed
ORD016421,2024-02-11,CUST00564,PROD0107,B005,5,8891.01,0.05,8446.45,5438.35,3008.1,Completed
ORD016423,2024-07-07,CUST00096,PROD0048,B003,4,3553.47,0.15,3020.45,2461.98,558.47,Completed
ORD016425,2024-10-30,CUST00569,PROD0108,B001,3,2729.65,0.05,2593.16,1570.27,1022.89,Completed
ORD016428,2024-01-04,CUST00287,PROD0054,B004,2,2255.35,0.05,2142.59,1524.07,618.52,Completed
ORD016433,2024-09-29,CUST01291,PROD0053,B004,4,2223.35,0.2,1778.68,1446.41,332.27,Completed
ORD016438,2024-12-08,CUST01770,PROD0028,B001,5,3650.96,0.15,3103.31,2292.57,810.74,Completed
ORD016440,2024-03-03,CUST02481,PROD0095,B003,3,1065.41,0.05,1012.14,803.65,208.49,Completed
ORD016444,2024-11-30,CUST01721,PROD0017,B001,1,869.59,0.15,739.15,631.98,107.17,Completed
ORD016452,2024-07-31,CUST01412,PROD0088,B003,5,2244.35,0.0,2244.35,1448.01,796.34,Completed
ORD016455,2024-08-18,CUST01199,PROD0034,B004,3,3232.34,0.05,3070.72,2149.77,920.95,Completed
ORD016463,2024-07-27,CUST02500,PROD0080,B001,3,1219.8,0.15,1036.83,845.99,190.84,Completed
ORD016467,2024-09-27,CUST01977,PROD0090,B003,1,319.88,0.15,271.9,200.18,71.72,Completed
ORD016470,2024-09-20,CUST00199,PROD0090,B001,1,319.88,0.05,303.88,200.18,103.7,Completed
ORD016471,2024-10-06,CUST00603,PROD0101,B001,4,2585.55,0.15,2197.72,1842.01,355.71,Completed
ORD016476,2024-03-09,CUST00967,PROD0020,B005,5,3803.19,0.2,3042.55,2738.67,303.88,Completed
ORD016482,2024-02-13,CUST01257,PROD0054,B002,2,2255.35,0.15,1917.05,1524.07,392.98,Completed
ORD016487,2024-04-13,CUST01589,PROD0008,B003,2,531.11,0.05,504.55,437.82,66.73,Completed
ORD016493,2024-12-13,CUST01654,PROD0061,B005,5,2241.0,0.15,1904.85,1575.12,329.73,Completed
ORD016494,2024-01-15,CUST00470,PROD0024,B005,1,1282.03,0.15,1089.73,703.09,386.64,Completed
ORD016500,2024-04-14,CUST01183,PROD0016,B005,2,177.73,0.1,159.95,106.43,53.52,Completed
ORD016504,2024-12-23,CUST00965,PROD0110,B002,2,1593.43,0.1,1434.09,926.38,507.71,Completed
ORD016512,2024-07-18,CUST01281,PROD0085,B003,4,172.21,0.0,172.21,136.46,35.75,Completed
ORD016514,2024-01-27,CUST02235,PROD0090,B001,4,1279.51,0.2,1023.61,800.72,222.89,Completed
ORD016515,2024-03-06,CUST01413,PROD0010,B005,3,5527.66,0.15,4698.52,3215.99,1482.53,Completed
ORD016526,2024-04-13,CUST00827,PROD0016,B001,2,91.51,0.05,86.93,106.43,-19.5,Completed
ORD016535,2024-05-12,CUST02047,PROD0067,B004,3,2720.42,0.15,2312.36,1491.98,820.38,Completed
ORD016536,2024-05-30,CUST00808,PROD0086,B002,2,1055.73,0.05,1002.95,801.48,201.47,Completed
ORD016550,2024-05-30,CUST00733,PROD0060,B005,4,358.1,0.25,268.58,235.11,33.47,Completed
ORD016555,2024-09-06,CUST02209,PROD0039,B004,3,4448.07,0.05,4225.66,2478.74,1746.92,Completed
ORD016556,2024-01-22,CUST01592,PROD0100,B005,4,3243.95,0.2,2595.16,2533.12,62.04,Completed
ORD016557,2024-08-16,CUST01795,PROD0059,B004,3,2925.0,0.0,2925.0,1850.13,1074.87,Completed
ORD016559,2024-11-28,CUST00722,PROD0009,B004,1,187.93,0.0,187.93,195.53,-7.6,Completed
ORD016563,2024-01-12,CUST00948,PROD0038,B001,5,299.66,0.05,284.68,203.55,81.13,Completed
ORD016565,2024-02-12,CUST00362,PROD0059,B005,2,1950.0,0.15,1657.5,1233.42,424.08,Completed
ORD016569,2024-01-30,CUST02292,PROD0023,B003,4,5092.22,0.15,4328.39,3147.68,1180.71,Completed
ORD016574,2024-01-18,CUST01546,PROD0017,B002,3,2608.78,0.1,2347.9,1895.94,451.96,Completed
ORD016577,2024-02-26,CUST00845,PROD0021,B004,5,4225.8,0.1,3803.22,2567.89,1235.33,Completed
ORD016583,2024-01-09,CUST01162,PROD0062,B004,1,729.53,0.0,729.53,578.72,150.81,Completed
ORD016584,2024-08-31,CUST00817,PROD0099,B002,3,2547.81,0.15,2165.64,1780.7,384.94,Completed
ORD016587,2024-08-03,CUST00337,PROD0068,B001,2,2049.87,0.1,1844.88,1646.73,198.15,Completed
ORD016600,2024-12-09,CUST00160,PROD0081,B002,1,133.11,0.0,133.11,99.11,34.0,Completed
ORD016605,2024-11-22,CUST00864,PROD0014,B001,2,2761.75,0.15,2347.49,1581.2,766.29,Completed
ORD016608,2024-12-10,CUST01991,PROD0055,B005,3,1394.23,0.0,1394.23,790.62,603.61,Completed
ORD016609,2024-02-05,CUST01424,PROD0079,B002,4,693.21,0.2,554.57,466.28,88.29,Completed
ORD016610,2024-10-10,CUST00903,PROD0041,B003,1,115.08,0.15,97.82,62.49,35.33,Completed
ORD016612,2024-09-30,CUST01407,PROD0107,B001,4,4013.06,0.0,4013.06,4350.68,-337.62,Completed
ORD016613,2024-06-07,CUST00751,PROD0120,B002,2,1138.33,0.15,967.58,733.89,233.69,Completed
ORD016615,2024-10-08,CUST00261,PROD0105,B003,5,2108.69,0.05,2003.25,1553.98,449.27,Completed
ORD016618,2024-01-24,CUST00112,PROD0097,B003,3,5283.51,0.05,5019.33,3253.85,1765.48,Completed
ORD016629,2024-01-17,CUST00269,PROD0074,B001,4,2611.38,0.0,2611.38,2019.35,592.03,Completed
ORD016634,2024-05-02,CUST01802,PROD0045,B004,3,3014.25,0.15,2562.11,2149.67,412.44,Completed
ORD016636,2024-07-06,CUST00704,PROD0070,B001,4,802.1,0.15,681.78,550.37,131.41,Completed
ORD016639,2024-12-27,CUST00555,PROD0086,B005,3,1583.6,0.1,1425.24,1202.23,223.01,Completed
ORD016650,2024-07-18,CUST01617,PROD0108,B002,5,4549.41,0.15,3867.0,2617.12,1249.88,Completed
ORD016651,2024-04-04,CUST00451,PROD0086,B003,3,1583.6,0.15,1346.06,1202.23,143.83,Completed
ORD016653,2024-02-27,CUST01464,PROD0037,B002,5,2898.37,0.15,2463.61,2412.79,50.82,Completed
ORD016655,2024-11-04,CUST01139,PROD0048,B001,5,4441.84,0.0,4441.84,3077.47,1364.37,Completed
ORD016657,2024-12-13,CUST01486,PROD0117,B003,2,1544.53,0.15,1312.85,952.25,360.6,Completed
ORD016661,2024-09-28,CUST00989,PROD0094,B001,1,195.28,0.0,195.28,117.02,78.26,Completed
ORD016664,2024-10-25,CUST01556,PROD0116,B003,5,1310.86,0.1,1179.77,1075.45,104.32,Completed
ORD016665,2024-03-04,CUST02349,PROD0119,B003,1,598.58,0.1,538.72,434.31,104.41,Completed
ORD016671,2024-09-14,CUST01566,PROD0066,B001,1,1398.21,0.15,1188.48,1004.49,183.99,Completed
ORD016674,2024-07-01,CUST01128,PROD0088,B002,5,2244.35,0.15,1907.7,1448.01,459.69,Completed
ORD016676,2024-03-11,CUST01148,PROD0020,B001,2,1521.28,0.25,1140.96,1095.47,45.49,Completed
ORD016678,2024-03-08,CUST00977,PROD0064,B004,4,3700.91,0.0,3700.91,2813.15,887.76,Completed
ORD016685,2024-10-06,CUST01124,PROD0004,B004,4,1196.7,0.1,1077.03,764.42,312.61,Completed
ORD016689,2024-01-17,CUST01220,PROD0072,B002,4,1860.63,0.15,1581.54,1306.48,275.06,Completed
ORD016691,2024-05-06,CUST02290,PROD0070,B005,5,1002.62,0.1,902.36,687.96,214.4,Completed
ORD016694,2024-01-22,CUST00244,PROD0002,B005,1,680.14,0.1,612.12,411.26,200.86,Completed
ORD016700,2024-02-14,CUST00405,PROD0087,B005,1,1181.06,0.0,1181.06,824.7,356.36,Completed
ORD016702,2024-11-18,CUST02340,PROD0113,B003,5,6270.92,0.2,5016.73,4534.77,481.96,Completed
ORD016704,2024-07-15,CUST01446,PROD0038,B005,5,299.66,0.15,254.71,203.55,51.16,Completed
ORD016705,2024-12-04,CUST01125,PROD0106,B002,3,2155.74,0.05,2047.95,1293.66,754.29,Completed
ORD016706,2024-01-15,CUST01591,PROD0016,B001,4,355.46,0.15,302.14,212.86,89.28,Completed
ORD016707,2024-04-01,CUST00224,PROD0084,B003,1,299.01,0.0,299.01,382.62,-83.61,Completed
ORD016708,2024-11-01,CUST00192,PROD0059,B003,3,2925.0,0.15,2486.25,1850.13,636.12,Completed
ORD016710,2024-09-22,CUST00101,PROD0042,B001,5,7267.64,0.1,6540.87,5321.93,1218.94,Completed
ORD016718,2024-07-21,CUST00948,PROD0082,B005,5,10472.63,0.0,10472.63,5668.32,4804.31,Completed
ORD016727,2024-04-03,CUST00410,PROD0014,B001,5,6904.38,0.05,6559.17,3953.01,2606.16,Completed
ORD016738,2024-04-28,CUST00672,PROD0109,B005,5,6779.33,0.15,5762.43,4875.55,886.88,Completed
ORD016741,2024-01-17,CUST01427,PROD0035,B001,3,1741.24,0.1,1567.11,1306.85,260.26,Completed
ORD016742,2024-02-21,CUST02330,PROD0068,B002,2,2049.87,0.15,1742.39,1646.73,95.66,Completed
ORD016745,2024-07-23,CUST00626,PROD0089,B001,2,686.67,0.15,583.67,451.18,132.49,Completed
ORD016747,2024-09-30,CUST00310,PROD0115,B001,1,746.55,0.1,671.89,460.65,211.24,Completed
ORD016750,2024-06-02,CUST00615,PROD0101,B002,1,646.39,0.2,517.11,460.5,56.61,Completed
ORD016751,2024-10-25,CUST00752,PROD0022,B002,1,1264.34,0.05,1201.12,913.58,287.54,Completed
ORD016752,2024-04-13,CUST01082,PROD0020,B004,2,1521.28,0.0,1521.28,1095.47,425.81,Completed
ORD016761,2024-10-12,CUST00581,PROD0090,B002,5,1599.39,0.15,1359.48,1000.91,358.57,Completed
ORD016768,2024-11-21,CUST01420,PROD0099,B003,3,2547.81,0.0,2547.81,1780.7,767.11,Completed
ORD016774,2024-11-02,CUST02081,PROD0119,B001,1,598.58,0.1,538.72,434.31,104.41,Completed
ORD016777,2024-12-04,CUST00380,PROD0049,B005,4,5330.89,0.05,5064.35,3084.32,1980.03,Completed
ORD016781,2024-07-27,CUST00842,PROD0092,B003,1,104.44,0.2,83.55,66.64,16.91,Completed
ORD016785,2024-02-13,CUST01881,PROD0032,B001,2,1472.87,0.05,1399.22,810.6,588.62,Completed
ORD016799,2024-08-28,CUST01978,PROD0047,B004,2,620.39,0.15,527.34,359.3,168.04,Completed
ORD016800,2024-08-23,CUST02167,PROD0085,B001,1,43.05,0.05,40.9,34.11,6.79,Completed
ORD016803,2024-08-14,CUST01642,PROD0033,B001,4,2401.36,0.1,2161.23,1532.97,628.26,Completed
ORD016806,2024-01-06,CUST02459,PROD0051,B001,2,1792.18,0.05,1702.58,1188.1,514.48,Completed
ORD016807,2024-01-11,CUST01289,PROD0100,B002,4,3243.95,0.05,3081.76,2533.12,548.64,Completed
ORD016817,2024-11-25,CUST00150,PROD0038,B003,5,299.66,0.15,254.71,203.55,51.16,Completed
ORD016827,2024-01-24,CUST01841,PROD0074,B004,2,1305.69,0.1,1175.12,1009.68,165.44,Completed
ORD016830,2024-03-03,CUST02438,PROD0074,B005,5,3264.22,0.1,2937.8,2524.19,413.61,Completed
ORD016833,2024-12-09,CUST02041,PROD0113,B004,2,2508.37,0.2,2006.69,1813.91,192.78,Completed
ORD016836,2024-08-28,CUST01925,PROD0017,B002,4,3478.37,0.1,3130.54,2527.92,602.62,Completed
ORD016837,2024-01-14,CUST00837,PROD0079,B003,4,693.21,0.15,589.23,466.28,122.95,Completed
ORD016839,2024-05-17,CUST01742,PROD0061,B001,3,1344.6,0.0,1344.6,945.07,399.53,Completed
ORD016840,2024-08-22,CUST00590,PROD0053,B004,1,555.84,0.05,528.04,361.6,166.44,Completed
ORD016842,2024-07-21,CUST00340,PROD0049,B005,2,2665.44,0.15,2265.63,1542.16,723.47,Completed
ORD016849,2024-08-02,CUST00060,PROD0033,B004,2,1200.68,0.2,960.54,766.49,194.05,Completed
ORD016850,2024-01-16,CUST02353,PROD0057,B002,4,4020.4,0.15,3417.33,2595.81,821.52,Completed
ORD016851,2024-01-04,CUST02373,PROD0093,B004,3,2599.06,0.2,2079.25,1907.02,172.23,Completed
ORD016856,2024-10-26,CUST00687,PROD0104,B002,2,3204.91,0.2,2563.92,2119.14,444.78,Completed
ORD016858,2024-06-18,CUST01134,PROD0008,B003,2,531.11,0.05,504.55,437.82,66.73,Completed
ORD016859,2024-09-09,CUST00203,PROD0020,B004,1,760.64,0.2,608.51,547.73,60.78,Completed
ORD016863,2024-10-15,CUST01991,PROD0049,B001,3,3998.17,0.2,3198.53,2313.24,885.29,Completed
ORD016864,2024-11-03,CUST02161,PROD0002,B004,5,3400.69,0.1,3060.63,2056.3,1004.33,Completed
ORD016867,2024-08-28,CUST02057,PROD0052,B001,4,2642.73,0.0,2642.73,1813.4,829.33,Completed
ORD016870,2024-10-29,CUST02015,PROD0041,B002,5,575.39,0.2,460.31,312.45,147.86,Completed
ORD016871,2024-04-04,CUST02179,PROD0111,B004,4,7339.28,0.05,6972.31,4428.25,2544.06,Completed
ORD016897,2024-08-05,CUST01723,PROD0095,B002,4,1420.55,0.15,1207.46,1071.54,135.92,Completed
ORD016900,2024-02-24,CUST00642,PROD0118,B002,1,289.88,0.1,260.89,194.17,66.72,Completed
ORD016901,2024-12-04,CUST00200,PROD0058,B001,4,1251.03,0.05,1188.47,698.33,490.14,Completed
ORD016902,2024-10-25,CUST01562,PROD0079,B001,2,346.61,0.15,294.61,233.14,61.47,Completed
ORD016903,2024-06-08,CUST01480,PROD0025,B005,4,3960.18,0.0,3960.18,2362.87,1597.31,Completed
ORD016904,2024-02-26,CUST01266,PROD0032,B001,3,2209.3,0.0,2209.3,1215.9,993.4,Completed
ORD016906,2024-04-17,CUST01908,PROD0027,B001,5,3421.89,0.25,2566.42,2478.73,87.69,Completed
ORD016912,2024-05-16,CUST00848,PROD0012,B004,4,518.47,0.15,440.7,350.3,90.4,Completed
ORD016915,2024-12-27,CUST02395,PROD0075,B001,3,4241.7,0.0,4241.7,3277.37,964.33,Completed
ORD016920,2024-07-05,CUST01001,PROD0002,B005,2,1360.28,0.15,1156.24,822.52,333.72,Completed
ORD016925,2024-11-27,CUST00013,PROD0117,B002,1,772.26,0.0,772.26,476.12,296.14,Completed
ORD016928,2024-05-05,CUST01795,PROD0025,B003,3,2970.13,0.0,2970.13,1772.15,1197.98,Completed
ORD016932,2024-02-27,CUST01740,PROD0003,B002,1,377.79,0.1,340.01,267.73,72.28,Completed
ORD016933,2024-05-17,CUST01649,PROD0118,B001,2,579.77,0.05,550.78,388.34,162.44,Completed
ORD016938,2024-12-02,CUST02372,PROD0053,B001,1,555.84,0.05,528.04,361.6,166.44,Completed
ORD016958,2024-06-19,CUST00160,PROD0024,B004,5,6410.17,0.05,6089.67,3515.47,2574.2,Completed
ORD016965,2024-01-19,CUST01323,PROD0020,B005,3,2281.92,0.15,1939.63,1643.2,296.43,Completed
ORD016966,2024-01-09,CUST01025,PROD0020,B001,1,760.64,0.1,684.58,547.73,136.85,Completed
ORD016967,2024-12-18,CUST00276,PROD0014,B001,1,1380.88,0.15,1173.75,790.6,383.15,Completed
ORD016974,2024-05-12,CUST02058,PROD0040,B003,1,990.67,0.25,743.0,540.35,202.65,Completed
ORD016980,2024-11-26,CUST00615,PROD0067,B003,5,4534.04,0.0,4534.04,2486.63,2047.41,Completed
ORD016981,2024-02-12,CUST00900,PROD0030,B004,5,5096.92,0.25,3822.68,4067.97,-245.29,Completed
ORD016982,2024-08-31,CUST00093,PROD0010,B001,3,5527.66,0.05,5251.28,3215.99,2035.29,Completed
ORD016986,2024-01-21,CUST00763,PROD0079,B001,2,346.61,0.05,329.27,233.14,96.13,Completed
ORD016987,2024-10-30,CUST00679,PROD0022,B001,1,1264.34,0.2,1011.47,913.58,97.89,Completed
ORD016991,2024-06-17,CUST01217,PROD0020,B001,4,1918.67,0.1,1726.81,2190.93,-464.12,Completed
ORD016992,2024-02-17,CUST00958,PROD0102,B001,2,1542.8,0.1,1388.52,889.73,498.79,Completed
ORD016996,2024-11-28,CUST01577,PROD0058,B001,2,625.51,0.0,625.51,349.16,276.35,Completed
ORD016999,2024-06-15,CUST01588,PROD0023,B001,2,2546.11,0.0,2546.11,1573.84,972.27,Completed
ORD017000,2024-06-30,CUST01567,PROD0118,B005,4,1159.53,0.05,1101.56,776.67,324.89,Completed
ORD017004,2024-10-19,CUST00164,PROD0017,B004,3,2608.78,0.2,2087.03,1895.94,191.09,Completed
ORD017007,2024-12-02,CUST00406,PROD0057,B004,2,2010.2,0.05,1909.69,1297.91,611.78,Completed
ORD017013,2024-03-13,CUST02095,PROD0039,B001,2,2965.38,0.0,2965.38,1652.49,1312.89,Completed
ORD017014,2024-04-15,CUST01192,PROD0047,B001,3,930.59,0.1,837.53,538.95,298.58,Completed
ORD017017,2024-07-16,CUST00385,PROD0086,B005,1,527.87,0.15,448.69,400.74,47.95,Completed
ORD017028,2024-07-07,CUST02492,PROD0107,B003,4,7112.81,0.0,7112.81,4350.68,2762.13,Completed
ORD017030,2024-06-10,CUST00036,PROD0069,B003,4,5060.14,0.1,4554.13,2745.75,1808.38,Completed
ORD017035,2024-11-25,CUST01854,PROD0101,B004,1,646.39,0.1,581.75,460.5,121.25,Completed
ORD017037,2024-08-06,CUST01768,PROD0076,B004,2,599.95,0.1,539.96,480.1,59.86,Completed
ORD017041,2024-06-07,CUST00578,PROD0107,B002,2,3556.4,0.0,3556.4,2175.34,1381.06,Completed
ORD017061,2024-08-07,CUST01983,PROD0042,B002,4,5814.11,0.05,5523.4,4257.54,1265.86,Completed
ORD017071,2024-01-30,CUST01750,PROD0062,B004,5,3647.66,0.15,3100.5,2893.61,206.89,Completed
ORD017073,2024-06-10,CUST01818,PROD0027,B003,1,684.38,0.05,650.16,495.75,154.41,Completed
ORD017075,2024-09-07,CUST00875,PROD0083,B004,1,1654.19,0.15,1406.06,1121.48,284.58,Completed
ORD017080,2024-10-14,CUST01932,PROD0016,B001,3,266.59,0.05,253.27,159.65,93.62,Completed
ORD017081,2024-09-22,CUST01841,PROD0035,B001,5,2902.06,0.0,2902.06,2178.08,723.98,Completed
ORD017085,2024-09-30,CUST00606,PROD0067,B001,4,3627.23,0.0,3627.23,1989.31,1637.92,Completed
ORD017086,2024-08-26,CUST01177,PROD0071,B003,2,959.57,0.05,911.59,747.14,164.45,Completed
ORD017087,2024-07-31,CUST01152,PROD0114,B004,1,1374.54,0.0,1374.54,1043.17,331.37,Completed
ORD017091,2024-02-23,CUST00010,PROD0101,B002,2,1292.78,0.0,1292.78,921.0,371.78,Completed
ORD017093,2024-04-04,CUST01306,PROD0035,B003,5,2902.06,0.1,2611.85,2178.08,433.77,Completed
ORD017099,2024-03-02,CUST01739,PROD0012,B003,4,518.47,0.1,466.62,350.3,116.32,Completed
ORD017100,2024-12-14,CUST01128,PROD0041,B002,4,460.31,0.1,414.28,249.96,164.32,Completed
ORD017106,2024-10-20,CUST00034,PROD0050,B002,5,5495.7,0.2,4396.56,3171.34,1225.22,Completed
ORD017107,2024-08-31,CUST00975,PROD0070,B001,1,200.52,0.0,200.52,137.59,62.93,Completed
ORD017112,2024-10-19,CUST01168,PROD0033,B005,3,1801.02,0.0,1801.02,1149.73,651.29,Completed
ORD017120,2024-03-06,CUST01759,PROD0107,B001,5,8891.01,0.0,8891.01,5438.35,3452.66,Completed
ORD017121,2024-06-30,CUST00866,PROD0047,B001,3,930.59,0.25,697.94,538.95,158.99,Completed
ORD017130,2024-02-26,CUST01448,PROD0072,B004,3,1395.47,0.15,1186.15,979.86,206.29,Completed
ORD017134,2024-05-21,CUST00337,PROD0023,B004,1,1273.06,0.0,1273.06,786.92,486.14,Completed
ORD017135,2024-03-21,CUST00898,PROD0078,B001,4,3727.82,0.2,2982.25,2295.91,686.34,Completed
ORD017136,2024-08-18,CUST01863,PROD0036,B001,2,566.72,0.1,510.05,306.44,203.61,Completed
ORD017137,2024-04-14,CUST00404,PROD0090,B002,1,319.88,0.05,303.88,200.18,103.7,Completed
ORD017138,2024-03-26,CUST00684,PROD0116,B002,4,1048.69,0.15,891.39,860.36,31.03,Completed
ORD017143,2024-06-23,CUST00389,PROD0016,B005,4,355.46,0.05,337.68,212.86,124.82,Completed
ORD017151,2024-11-23,CUST00100,PROD0033,B005,5,3001.7,0.2,2401.36,1916.21,485.15,Completed
ORD017163,2024-12-24,CUST00111,PROD0099,B002,4,3397.08,0.0,3397.08,2374.27,1022.81,Completed
ORD017169,2024-11-10,CUST01037,PROD0031,B003,1,667.03,0.2,533.63,547.49,-13.86,Completed
ORD017173,2024-08-08,CUST00878,PROD0010,B003,3,5527.66,0.1,4974.9,3215.99,1758.91,Completed
ORD017175,2024-09-01,CUST00080,PROD0009,B001,5,1123.93,0.2,899.15,977.63,-78.48,Completed
ORD017177,2024-10-30,CUST00360,PROD0101,B004,5,3231.94,0.1,2908.75,2302.51,606.24,Completed
ORD017181,2024-02-02,CUST00008,PROD0120,B004,1,569.17,0.25,426.88,366.95,59.93,Completed
ORD017196,2024-05-16,CUST01216,PROD0021,B004,5,4225.8,0.0,4225.8,2567.89,1657.91,Completed
ORD017199,2024-11-18,CUST01326,PROD0041,B001,3,186.44,0.1,167.79,187.47,-19.68,Completed
ORD017200,2024-08-28,CUST00434,PROD0039,B005,4,5930.76,0.25,4448.07,3304.98,1143.09,Completed
ORD017219,2024-08-13,CUST00645,PROD0117,B001,4,3089.06,0.05,2934.61,1904.49,1030.12,Completed
ORD017228,2024-04-19,CUST02123,PROD0018,B001,5,8606.54,0.2,6885.23,5359.54,1525.69,Completed
ORD017235,2024-07-29,CUST01335,PROD0110,B001,1,796.71,0.05,756.88,463.19,293.69,Completed
ORD017236,2024-04-03,CUST01912,PROD0102,B003,1,771.4,0.25,578.55,444.87,133.68,Completed
ORD017237,2024-11-24,CUST00747,PROD0092,B004,5,522.22,0.1,470.0,333.18,136.82,Completed
ORD017244,2024-12-16,CUST00848,PROD0007,B003,1,47.71,0.0,47.71,35.75,11.96,Completed
ORD017254,2024-10-11,CUST00336,PROD0063,B001,3,398.04,0.05,378.14,301.4,76.74,Completed
ORD017255,2024-06-04,CUST00086,PROD0044,B001,5,5469.74,0.05,5196.25,3037.05,2159.2,Completed
ORD017257,2024-05-20,CUST00450,PROD0108,B002,4,3639.53,0.2,2911.62,2093.7,817.92,Completed
ORD017258,2024-09-18,CUST01013,PROD0026,B001,1,393.51,0.15,334.48,284.3,50.18,Completed
ORD017263,2024-11-15,CUST02163,PROD0054,B002,2,2255.35,0.1,2029.82,1524.07,505.75,Completed
ORD017266,2024-01-02,CUST02356,PROD0059,B002,4,3900.0,0.15,3315.0,2466.85,848.15,Completed
ORD017268,2024-11-08,CUST02238,PROD0101,B002,4,2585.55,0.1,2327.0,1842.01,484.99,Completed
ORD017269,2024-07-17,CUST02410,PROD0089,B003,4,1373.33,0.15,1167.33,902.35,264.98,Completed
ORD017270,2024-12-28,CUST00703,PROD0007,B004,3,143.12,0.05,135.96,107.26,28.7,Completed
ORD017274,2024-09-26,CUST01763,PROD0093,B002,5,4331.76,0.1,3898.59,3178.36,720.23,Completed
ORD017279,2024-10-05,CUST00609,PROD0009,B003,2,638.57,0.15,542.79,391.05,151.74,Completed
ORD017281,2024-09-05,CUST01513,PROD0114,B002,2,2749.07,0.05,2611.62,2086.33,525.29,Completed
ORD017283,2024-01-04,CUST02153,PROD0043,B003,1,291.4,0.15,247.69,178.65,69.04,Completed
ORD017284,2024-09-06,CUST01006,PROD0106,B002,3,2155.74,0.05,2047.95,1293.66,754.29,Completed
ORD017286,2024-09-06,CUST00377,PROD0021,B005,4,3380.64,0.1,3042.58,2054.31,988.27,Completed
ORD017296,2024-02-17,CUST01096,PROD0011,B001,4,3391.79,0.15,2883.02,2630.5,252.52,Completed
ORD017297,2024-08-07,CUST02291,PROD0024,B005,2,2564.07,0.15,2179.46,1406.19,773.27,Completed
ORD017298,2024-10-03,CUST02419,PROD0036,B001,3,850.08,0.2,680.07,459.65,220.42,Completed
ORD017303,2024-01-25,CUST00880,PROD0009,B002,1,319.28,0.05,303.32,195.53,107.79,Completed
ORD017313,2024-08-20,CUST01390,PROD0029,B001,4,1832.02,0.1,1648.82,1063.4,585.42,Completed
ORD017314,2024-10-07,CUST02036,PROD0040,B001,4,3962.7,0.1,3566.43,2161.41,1405.02,Completed
ORD017315,2024-07-21,CUST02025,PROD0072,B004,4,1860.63,0.05,1767.6,1306.48,461.12,Completed
ORD017317,2024-02-07,CUST02043,PROD0050,B005,2,2198.28,0.05,2088.37,1268.54,819.83,Completed
ORD017318,2024-05-05,CUST01435,PROD0030,B003,3,3058.15,0.2,2446.52,2440.78,5.74,Completed
ORD017323,2024-06-27,CUST01023,PROD0101,B001,2,1292.78,0.1,1163.5,921.0,242.5,Completed
ORD017324,2024-10-22,CUST00840,PROD0092,B001,1,104.44,0.0,104.44,66.64,37.8,Completed
ORD017327,2024-08-10,CUST00989,PROD0084,B001,3,1554.81,0.0,1554.81,1147.87,406.94,Completed
ORD017332,2024-07-03,CUST01241,PROD0088,B004,5,2244.35,0.0,2244.35,1448.01,796.34,Completed
ORD017334,2024-12-31,CUST00075,PROD0056,B004,5,7058.6,0.1,6352.74,5288.22,1064.52,Completed
ORD017340,2024-07-07,CUST02387,PROD0084,B001,2,1036.54,0.05,984.71,765.25,219.46,Completed
ORD017344,2024-06-25,CUST00739,PROD0033,B003,2,863.87,0.15,734.29,766.49,-32.2,Completed
ORD017348,2024-01-20,CUST02210,PROD0047,B004,5,1550.99,0.05,1473.44,898.25,575.19,Completed
ORD017357,2024-04-05,CUST01502,PROD0102,B003,5,3857.01,0.25,2892.75,2224.33,668.42,Completed
ORD017361,2024-06-03,CUST01398,PROD0030,B002,1,813.53,0.1,732.17,813.59,-81.42,Completed
ORD017362,2024-06-15,CUST01062,PROD0030,B005,3,3058.15,0.2,2446.52,2440.78,5.74,Completed
ORD017363,2024-09-03,CUST02135,PROD0103,B002,1,872.66,0.2,698.13,516.43,181.7,Completed
ORD017368,2024-05-17,CUST02349,PROD0105,B001,1,421.74,0.1,379.57,310.8,68.77,Completed
ORD017369,2024-09-01,CUST00878,PROD0024,B001,5,6410.17,0.1,5769.16,3515.47,2253.69,Completed
ORD017371,2024-03-12,CUST01546,PROD0052,B001,2,1321.37,0.0,1321.37,906.7,414.67,Completed
ORD017374,2024-03-21,CUST02309,PROD0019,B001,5,4443.47,0.1,3999.13,2770.95,1228.18,Completed
ORD017375,2024-06-08,CUST01108,PROD0111,B001,1,1834.82,0.1,1651.34,1107.06,544.28,Completed
ORD017379,2024-09-07,CUST00518,PROD0117,B002,1,772.26,0.15,656.42,476.12,180.3,Completed
ORD017385,2024-03-15,CUST01105,PROD0081,B003,4,532.43,0.2,425.95,396.43,29.52,Completed
ORD017387,2024-10-28,CUST02142,PROD0019,B002,1,888.69,0.1,799.82,554.19,245.63,Completed
ORD017392,2024-05-28,CUST01763,PROD0013,B001,1,676.55,0.15,575.07,457.72,117.35,Completed
ORD017394,2024-03-26,CUST00169,PROD0072,B001,4,1860.63,0.1,1674.57,1306.48,368.09,Completed
ORD017398,2024-01-15,CUST01766,PROD0094,B003,5,501.4,0.0,501.4,585.09,-83.69,Completed
ORD017399,2024-08-20,CUST00464,PROD0067,B002,4,3627.23,0.15,3083.15,1989.31,1093.84,Completed
ORD017404,2024-01-15,CUST00961,PROD0109,B002,3,4067.6,0.1,3660.84,2925.33,735.51,Completed
ORD017412,2024-12-29,CUST01730,PROD0011,B001,1,847.95,0.1,763.15,657.62,105.53,Completed
ORD017416,2024-09-05,CUST00307,PROD0043,B003,2,582.79,0.15,495.38,357.29,138.09,Completed
ORD017419,2024-06-28,CUST02466,PROD0088,B001,5,2244.35,0.05,2132.14,1448.01,684.13,Completed
ORD017421,2024-09-06,CUST02210,PROD0060,B001,2,179.05,0.1,161.15,117.55,43.6,Completed
ORD017422,2024-04-27,CUST00933,PROD0001,B002,4,7757.58,0.2,6206.06,4252.71,1953.35,Completed
ORD017427,2024-06-12,CUST00874,PROD0079,B002,5,866.51,0.1,779.86,582.85,197.01,Completed
ORD017435,2024-11-12,CUST02460,PROD0084,B005,1,518.27,0.15,440.53,382.62,57.91,Completed
ORD017442,2024-05-13,CUST01057,PROD0064,B005,1,925.23,0.15,786.45,703.29,83.16,Completed
ORD017444,2024-05-05,CUST02351,PROD0026,B003,2,787.01,0.0,787.01,568.59,218.42,Completed
ORD017445,2024-08-08,CUST01976,PROD0071,B001,2,959.57,0.05,911.59,747.14,164.45,Completed
ORD017450,2024-10-26,CUST01110,PROD0035,B002,3,1741.24,0.1,1567.11,1306.85,260.26,Completed
ORD017459,2024-09-14,CUST02320,PROD0105,B005,5,2108.69,0.1,1897.82,1553.98,343.84,Completed
ORD017461,2024-12-01,CUST01974,PROD0048,B002,1,888.37,0.05,843.95,615.49,228.46,Completed
ORD017469,2024-06-25,CUST02341,PROD0024,B001,4,5128.14,0.25,3846.1,2812.38,1033.72,Completed
ORD017477,2024-07-22,CUST00659,PROD0012,B002,2,259.23,0.0,259.23,175.15,84.08,Completed
ORD017483,2024-07-12,CUST02172,PROD0067,B001,5,4534.04,0.2,3627.23,2486.63,1140.6,Completed
ORD017489,2024-06-12,CUST02011,PROD0037,B001,2,1159.35,0.15,985.45,965.12,20.33,Completed
ORD017492,2024-03-10,CUST01648,PROD0015,B003,4,5684.27,0.15,4831.63,3534.91,1296.72,Completed
ORD017495,2024-06-17,CUST00896,PROD0025,B005,5,4950.22,0.05,4702.71,2953.59,1749.12,Completed
ORD017496,2024-09-11,CUST02460,PROD0021,B002,4,3380.64,0.2,2704.51,2054.31,650.2,Completed
ORD017503,2024-05-21,CUST00019,PROD0031,B004,1,667.03,0.05,633.69,547.49,86.2,Completed
ORD017508,2024-02-02,CUST00878,PROD0102,B002,4,3085.61,0.1,2777.05,1779.46,997.59,Completed
ORD017511,2024-06-20,CUST02493,PROD0084,B002,4,2073.08,0.25,1554.81,1530.5,24.31,Completed
ORD017517,2024-12-26,CUST02259,PROD0032,B005,3,2209.3,0.15,1877.91,1215.9,662.01,Completed
ORD017519,2024-01-09,CUST01026,PROD0034,B004,2,2154.89,0.2,1723.91,1433.18,290.73,Completed
ORD017520,2024-05-29,CUST00260,PROD0110,B001,5,3983.57,0.05,3784.39,2315.96,1468.43,Completed
ORD017522,2024-10-30,CUST02063,PROD0109,B002,2,2711.73,0.0,2711.73,1950.22,761.51,Completed
ORD017526,2024-02-02,CUST00711,PROD0059,B004,1,975.0,0.1,877.5,616.71,260.79,Completed
ORD017527,2024-11-30,CUST02361,PROD0006,B005,2,1338.93,0.1,1205.04,971.81,233.23,Completed
ORD017533,2024-12-18,CUST00332,PROD0093,B001,5,4331.76,0.1,3898.59,3178.36,720.23,Completed
ORD017536,2024-06-20,CUST00191,PROD0088,B001,5,2244.35,0.1,2019.92,1448.01,571.91,Completed
ORD017539,2024-10-24,CUST01672,PROD0029,B001,2,916.01,0.05,870.21,531.7,338.51,Completed
ORD017544,2024-02-24,CUST01384,PROD0061,B002,2,896.4,0.2,717.12,630.05,87.07,Completed
ORD017549,2024-06-09,CUST02000,PROD0120,B004,2,1138.33,0.05,1081.42,733.89,347.53,Completed
ORD017550,2024-04-22,CUST01342,PROD0017,B004,2,1739.19,0.1,1565.27,1263.96,301.31,Completed
ORD017552,2024-01-14,CUST00803,PROD0043,B002,1,291.4,0.0,291.4,178.65,112.75,Completed
ORD017560,2024-07-01,CUST02438,PROD0056,B002,5,7058.6,0.15,5999.81,5288.22,711.59,Completed
ORD017566,2024-08-19,CUST00593,PROD0109,B003,2,2711.73,0.15,2304.97,1950.22,354.75,Completed
ORD017567,2024-04-19,CUST01055,PROD0013,B001,3,2029.66,0.05,1928.18,1373.17,555.01,Completed
ORD017570,2024-03-27,CUST01348,PROD0037,B001,5,2898.37,0.05,2753.45,2412.79,340.66,Completed
ORD017584,2024-09-17,CUST01801,PROD0088,B001,3,800.37,0.1,720.33,868.81,-148.48,Completed
ORD017598,2024-10-10,CUST00103,PROD0028,B005,1,730.19,0.2,584.15,458.51,125.64,Completed
ORD017614,2024-05-15,CUST01818,PROD0072,B003,1,465.16,0.15,395.38,326.62,68.76,Completed
ORD017615,2024-08-19,CUST00026,PROD0049,B004,1,1332.72,0.2,1066.18,771.08,295.1,Completed
ORD017621,2024-08-12,CUST00795,PROD0013,B003,2,1353.11,0.2,1082.49,915.45,167.04,Completed
ORD017622,2024-11-18,CUST01097,PROD0114,B001,5,6872.68,0.05,6529.04,5215.83,1313.21,Completed
ORD017623,2024-03-25,CUST00988,PROD0064,B004,2,1850.46,0.0,1850.46,1406.57,443.89,Completed
ORD017625,2024-10-18,CUST01150,PROD0119,B004,4,2394.33,0.15,2035.18,1737.24,297.94,Completed
ORD017630,2024-07-10,CUST02275,PROD0106,B002,4,2874.32,0.15,2443.18,1724.88,718.3,Completed
ORD017636,2024-07-07,CUST02122,PROD0096,B001,5,8884.61,0.15,7551.92,5172.37,2379.55,Completed
ORD017637,2024-05-08,CUST00111,PROD0100,B002,3,2432.96,0.25,1824.72,1899.84,-75.12,Completed
ORD017643,2024-12-20,CUST01575,PROD0061,B002,4,1792.8,0.1,1613.52,1260.1,353.42,Completed
ORD017646,2024-10-12,CUST01213,PROD0117,B001,2,1544.53,0.1,1390.08,952.25,437.83,Completed
ORD017649,2024-01-20,CUST02061,PROD0055,B003,1,464.74,0.2,371.79,263.54,108.25,Completed
ORD017655,2024-03-10,CUST01995,PROD0113,B001,1,1254.18,0.15,1066.06,906.95,159.11,Completed
ORD017668,2024-08-25,CUST01613,PROD0039,B004,3,4448.07,0.15,3780.86,2478.74,1302.12,Completed
ORD017671,2024-06-26,CUST01488,PROD0042,B003,4,5814.11,0.1,5232.7,4257.54,975.16,Completed
ORD017673,2024-02-13,CUST02041,PROD0057,B001,3,3015.3,0.1,2713.77,1946.86,766.91,Completed
ORD017674,2024-02-18,CUST01660,PROD0013,B001,4,2706.22,0.15,2300.28,1830.9,469.38,Completed
ORD017676,2024-04-10,CUST01659,PROD0081,B001,4,532.43,0.1,479.19,396.43,82.76,Completed
ORD017678,2024-06-13,CUST02068,PROD0058,B005,5,1563.78,0.1,1407.41,872.91,534.5,Completed
ORD017682,2024-10-20,CUST02372,PROD0113,B002,2,2508.37,0.25,1881.27,1813.91,67.36,Completed
ORD017686,2024-02-12,CUST00109,PROD0056,B001,3,4235.16,0.0,4235.16,3172.93,1062.23,Completed
ORD017687,2024-11-05,CUST01670,PROD0021,B005,5,4225.8,0.1,3803.22,2567.89,1235.33,Completed
ORD017688,2024-09-06,CUST02394,PROD0066,B001,2,2796.43,0.25,2097.32,2008.98,88.34,Completed
ORD017689,2024-08-03,CUST00351,PROD0096,B005,2,3553.84,0.1,3198.46,2068.95,1129.51,Completed
ORD017690,2024-08-17,CUST02061,PROD0091,B005,2,827.35,0.05,785.98,630.58,155.4,Completed
ORD017696,2024-02-20,CUST00606,PROD0028,B005,2,1460.38,0.1,1314.34,917.03,397.31,Completed
ORD017712,2024-09-25,CUST00083,PROD0005,B004,1,1222.39,0.05,1161.28,753.73,407.55,Completed
ORD017713,2024-06-03,CUST01213,PROD0096,B001,2,3553.84,0.15,3020.77,2068.95,951.82,Completed
ORD017717,2024-03-28,CUST01507,PROD0081,B004,1,133.11,0.1,119.8,99.11,20.69,Completed
ORD017718,2024-05-19,CUST00423,PROD0020,B005,1,760.64,0.15,646.54,547.73,98.81,Completed
ORD017723,2024-12-18,CUST01459,PROD0025,B003,5,4950.22,0.1,4455.2,2953.59,1501.61,Completed
ORD017724,2024-04-21,CUST00494,PROD0027,B002,4,2737.51,0.15,2326.89,1982.98,343.91,Completed
ORD017727,2024-11-24,CUST02228,PROD0017,B002,4,3478.37,0.25,2608.78,2527.92,80.86,Completed
ORD017730,2024-03-24,CUST00741,PROD0005,B005,4,3027.42,0.2,2421.94,3014.92,-592.98,Completed
ORD017732,2024-07-09,CUST00386,PROD0081,B005,4,532.43,0.2,425.95,396.43,29.52,Completed
ORD017733,2024-01-24,CUST00151,PROD0053,B004,4,2223.35,0.05,2112.19,1446.41,665.78,Completed
ORD017740,2024-07-06,CUST00171,PROD0025,B005,5,4950.22,0.0,4950.22,2953.59,1996.63,Completed
ORD017745,2024-02-08,CUST02048,PROD0101,B004,3,1939.17,0.05,1842.21,1381.51,460.7,Completed
ORD017747,2024-03-11,CUST01809,PROD0093,B001,4,3465.41,0.05,3292.14,2542.69,749.45,Completed
ORD017751,2024-03-07,CUST00726,PROD0002,B001,4,2720.55,0.05,2584.53,1645.04,939.49,Completed
ORD017755,2024-06-22,CUST01969,PROD0049,B002,3,3998.17,0.15,3398.44,2313.24,1085.2,Completed
ORD017756,2024-02-23,CUST02463,PROD0007,B001,4,190.83,0.0,190.83,143.01,47.82,Completed
ORD017757,2024-07-06,CUST01215,PROD0085,B002,2,86.1,0.2,68.88,68.23,0.65,Completed
ORD017767,2024-12-17,CUST01962,PROD0034,B002,2,2154.89,0.2,1723.91,1433.18,290.73,Completed
ORD017769,2024-12-10,CUST01375,PROD0041,B001,3,345.23,0.1,310.71,187.47,123.24,Completed
ORD017771,2024-03-25,CUST01622,PROD0014,B003,4,5523.51,0.05,5247.33,3162.41,2084.92,Completed
ORD017774,2024-08-27,CUST01075,PROD0048,B004,2,1776.73,0.05,1687.9,1230.99,456.91,Completed
ORD017778,2024-03-31,CUST00305,PROD0088,B003,3,1346.61,0.2,1077.29,868.81,208.48,Completed
ORD017781,2024-01-25,CUST01878,PROD0023,B001,5,6365.28,0.0,6365.28,3934.59,2430.69,Completed
ORD017795,2024-02-23,CUST01464,PROD0072,B003,2,930.32,0.1,837.28,653.24,184.04,Completed
ORD017801,2024-10-06,CUST01241,PROD0075,B001,1,1413.9,0.0,1413.9,1092.46,321.44,Completed
ORD017803,2024-09-09,CUST02447,PROD0022,B003,5,6321.69,0.2,5057.35,4567.91,489.44,Completed
ORD017805,2024-11-20,CUST01394,PROD0040,B002,5,4953.37,0.15,4210.37,2701.76,1508.61,Completed
ORD017808,2024-12-04,CUST00276,PROD0033,B001,4,2401.36,0.15,2041.16,1532.97,508.19,Completed
ORD017811,2024-03-02,CUST00124,PROD0007,B004,5,238.54,0.1,214.68,178.76,35.92,Completed
ORD017812,2024-07-11,CUST02432,PROD0065,B003,5,6756.67,0.15,5743.18,5056.08,687.1,Completed
ORD017819,2024-06-22,CUST01898,PROD0041,B005,4,460.31,0.0,460.31,249.96,210.35,Completed
ORD017825,2024-08-31,CUST02327,PROD0085,B001,3,129.15,0.1,116.24,102.34,13.9,Completed
ORD017835,2024-03-18,CUST02460,PROD0049,B003,2,2665.44,0.15,2265.63,1542.16,723.47,Completed
ORD017837,2024-02-13,CUST01630,PROD0002,B004,1,680.14,0.1,612.12,411.26,200.86,Completed
ORD017845,2024-11-26,CUST01540,PROD0023,B004,1,1273.06,0.05,1209.41,786.92,422.49,Completed
ORD017848,2024-01-09,CUST02092,PROD0111,B003,1,1834.82,0.1,1651.34,1107.06,544.28,Completed
ORD017856,2024-02-22,CUST01364,PROD0075,B001,5,7069.49,0.25,5302.12,5462.28,-160.16,Completed
ORD017860,2024-03-07,CUST01051,PROD0103,B004,3,2617.97,0.0,2617.97,1549.3,1068.67,Completed
ORD017864,2024-04-16,CUST01594,PROD0013,B002,5,3382.77,0.1,3044.49,2288.62,755.87,Completed
ORD017876,2024-03-01,CUST00745,PROD0086,B003,1,527.87,0.2,422.29,400.74,21.55,Completed
ORD017881,2024-08-04,CUST01466,PROD0045,B001,2,2009.5,0.1,1808.55,1433.11,375.44,Completed
ORD017883,2024-06-30,CUST01445,PROD0062,B005,3,2188.59,0.15,1860.3,1736.16,124.14,Completed
ORD017897,2024-08-20,CUST00748,PROD0110,B001,5,3983.57,0.15,3386.03,2315.96,1070.07,Completed
ORD017911,2024-12-14,CUST00583,PROD0042,B003,3,4360.58,0.15,3706.49,3193.16,513.33,Completed
ORD017915,2024-04-15,CUST00789,PROD0061,B001,2,896.4,0.1,806.76,630.05,176.71,Completed
ORD017920,2024-01-12,CUST01907,PROD0106,B001,5,3592.9,0.15,3053.97,2156.1,897.87,Completed
ORD017930,2024-10-12,CUST01766,PROD0047,B005,3,930.59,0.05,884.06,538.95,345.11,Completed
ORD017938,2024-02-02,CUST01482,PROD0049,B001,4,5330.89,0.0,5330.89,3084.32,2246.57,Completed
ORD017941,2024-05-05,CUST01165,PROD0084,B005,2,1036.54,0.05,984.71,765.25,219.46,Completed
ORD017946,2024-10-22,CUST00020,PROD0093,B004,4,3465.41,0.0,3465.41,2542.69,922.72,Completed
ORD017951,2024-04-18,CUST01941,PROD0046,B002,3,670.01,0.1,603.0,505.66,97.34,Completed
ORD017957,2024-08-26,CUST02293,PROD0028,B001,4,2920.77,0.0,2920.77,1834.06,1086.71,Completed
ORD017960,2024-11-09,CUST01981,PROD0097,B003,2,3522.34,0.05,3346.22,2169.23,1176.99,Completed
ORD017969,2024-01-18,CUST01590,PROD0089,B005,1,343.33,0.15,291.83,225.59,66.24,Completed
ORD017970,2024-11-18,CUST02384,PROD0058,B002,3,938.27,0.05,891.36,523.75,367.61,Completed
ORD017974,2024-07-12,CUST02237,PROD0027,B005,3,2053.13,0.15,1745.16,1487.24,257.92,Completed
ORD017978,2024-04-08,CUST01137,PROD0077,B002,5,1520.11,0.15,1292.1,1230.26,61.84,Completed
ORD017984,2024-05-10,CUST01239,PROD0041,B003,4,460.31,0.0,460.31,249.96,210.35,Completed
ORD017989,2024-05-25,CUST00270,PROD0090,B003,2,639.76,0.2,511.8,400.36,111.44,Completed
ORD017995,2024-02-12,CUST01460,PROD0054,B004,4,4510.71,0.2,3608.57,3048.13,560.44,Completed
ORD017997,2024-12-25,CUST01219,PROD0015,B004,3,4263.2,0.1,3836.88,2651.18,1185.7,Completed
ORD018002,2024-04-28,CUST01235,PROD0023,B003,3,3571.78,0.05,3393.19,2207.84,1185.35,Cancelled
ORD018004,2024-02-04,CUST00875,PROD0063,B001,3,372.26,0.0,372.26,281.87,90.39,Cancelled
ORD018006,2024-03-21,CUST00839,PROD0031,B005,4,2495.31,0.15,2121.01,2048.12,72.89,Cancelled
ORD018007,2024-10-04,CUST01275,PROD0066,B005,2,2615.29,0.0,2615.29,1878.85,736.44,Cancelled
ORD018012,2024-06-28,CUST01510,PROD0081,B003,2,248.97,0.1,224.07,185.38,38.69,Cancelled
ORD018018,2024-10-09,CUST02458,PROD0075,B003,2,2644.63,0.05,2512.4,2043.38,469.02,Cancelled
ORD018022,2024-04-18,CUST01373,PROD0021,B005,4,3161.66,0.0,3161.66,1921.24,1240.42,Cancelled
ORD018028,2024-05-04,CUST00856,PROD0115,B001,2,1396.38,0.1,1256.74,861.63,395.11,Cancelled
ORD018029,2024-03-20,CUST02232,PROD0012,B005,3,363.66,0.05,345.48,245.71,99.77,Cancelled
ORD018038,2024-11-16,CUST02020,PROD0079,B001,1,162.08,0.05,153.97,109.02,44.95,Cancelled
ORD018044,2024-08-11,CUST00096,PROD0033,B004,4,2245.81,0.0,2245.81,1433.67,812.14,Cancelled
ORD018046,2024-07-27,CUST01194,PROD0012,B005,3,363.66,0.2,290.93,245.71,45.22,Cancelled
ORD018057,2024-06-21,CUST00104,PROD0091,B002,4,1547.51,0.0,1547.51,1179.47,368.04,Cancelled
ORD018059,2024-04-21,CUST00575,PROD0055,B001,3,1303.91,0.1,1173.52,739.41,434.11,Cancelled
ORD018061,2024-05-16,CUST01324,PROD0058,B005,5,1462.49,0.1,1316.24,816.37,499.87,Cancelled
ORD018063,2024-11-19,CUST00426,PROD0106,B002,1,672.03,0.1,604.83,403.29,201.54,Cancelled
ORD018066,2024-05-26,CUST01952,PROD0053,B005,3,1559.5,0.1,1403.55,1014.54,389.01,Cancelled
ORD018072,2024-03-20,CUST02251,PROD0085,B001,2,80.53,0.15,68.45,63.81,4.64,Cancelled
ORD018074,2024-10-01,CUST01288,PROD0086,B003,3,1481.02,0.05,1406.97,1124.35,282.62,Cancelled
ORD018075,2024-07-14,CUST01997,PROD0100,B002,5,3792.28,0.05,3602.67,2961.29,641.38,Cancelled
ORD018076,2024-04-28,CUST01948,PROD0076,B004,4,1122.18,0.1,1009.96,898.0,111.96,Cancelled
ORD018078,2024-07-18,CUST02432,PROD0040,B003,1,926.5,0.1,833.85,505.35,328.5,Cancelled
ORD018079,2024-06-02,CUST02249,PROD0023,B003,4,4762.37,0.1,4286.14,2943.78,1342.36,Cancelled
ORD018082,2024-10-25,CUST00182,PROD0089,B003,5,1605.47,0.2,1284.38,1054.87,229.51,Cancelled
ORD018083,2024-05-29,CUST01914,PROD0014,B003,2,2582.86,0.05,2453.72,1478.78,974.94,Cancelled
ORD018088,2024-11-11,CUST01292,PROD0022,B001,3,3547.32,0.15,3015.22,2563.21,452.01,Cancelled
ORD018096,2024-02-29,CUST01076,PROD0036,B005,1,265.01,0.15,225.25,143.29,81.96,Cancelled
ORD018100,2024-02-16,CUST00119,PROD0042,B002,3,4078.12,0.1,3670.31,2986.32,683.99,Cancelled
ORD018102,2024-08-15,CUST01023,PROD0069,B003,5,5915.46,0.0,5915.46,3209.87,2705.59,Cancelled
ORD018108,2024-03-24,CUST00918,PROD0030,B003,2,1906.7,0.1,1716.04,1521.79,194.25,Cancelled
ORD018111,2024-03-12,CUST01271,PROD0015,B001,5,6645.08,0.05,6312.83,4132.42,2180.41,Cancelled
ORD018114,2024-02-21,CUST00701,PROD0054,B003,4,4218.53,0.1,3796.67,2850.69,945.98,Cancelled
ORD018115,2024-04-06,CUST00535,PROD0085,B004,2,80.53,0.05,76.5,63.81,12.69,Cancelled
ORD018118,2024-09-15,CUST01639,PROD0016,B003,2,166.22,0.1,149.59,99.54,50.05,Cancelled
ORD018122,2024-11-21,CUST00950,PROD0096,B003,4,6647.28,0.05,6314.92,3869.86,2445.06,Cancelled
ORD018124,2024-11-28,CUST01494,PROD0033,B002,4,2245.81,0.1,2021.23,1433.67,587.56,Cancelled
ORD018128,2024-04-02,CUST02394,PROD0049,B005,4,4985.58,0.0,4985.58,2884.53,2101.05,Cancelled
ORD018129,2024-10-22,CUST01413,PROD0101,B003,5,3022.59,0.0,3022.59,2153.36,869.23,Cancelled
ORD018130,2024-04-16,CUST02174,PROD0107,B004,1,1663.02,0.15,1413.57,1017.22,396.35,Cancelled
ORD018132,2024-06-10,CUST00771,PROD0099,B002,1,794.26,0.0,794.26,555.12,239.14,Cancelled
ORD018141,2024-01-21,CUST00626,PROD0050,B002,5,5139.71,0.0,5139.71,2965.91,2173.8,Cancelled
ORD018145,2024-01-03,CUST00288,PROD0028,B004,2,1365.79,0.05,1297.5,857.63,439.87,Cancelled
ORD018148,2024-10-16,CUST01937,PROD0107,B005,4,6652.07,0.0,6652.07,4068.86,2583.21,Cancelled
ORD018153,2024-02-12,CUST02234,PROD0110,B001,2,1490.21,0.15,1266.68,866.38,400.3,Cancelled
ORD018154,2024-01-15,CUST01019,PROD0060,B001,3,251.18,0.1,226.06,164.91,61.15,Cancelled
ORD018158,2024-04-11,CUST01327,PROD0027,B002,2,1280.09,0.1,1152.09,927.27,224.82,Cancelled
ORD018160,2024-02-02,CUST00332,PROD0007,B004,2,89.23,0.0,89.23,66.87,22.36,Cancelled
ORD018163,2024-12-19,CUST02436,PROD0006,B004,5,3130.5,0.1,2817.45,2272.14,545.31,Cancelled
ORD018164,2024-12-07,CUST00023,PROD0118,B002,2,542.21,0.05,515.1,363.18,151.92,Cancelled
ORD018165,2024-03-18,CUST01703,PROD0028,B005,4,2731.57,0.1,2458.41,1715.26,743.15,Cancelled
ORD018166,2024-05-25,CUST00755,PROD0024,B002,3,3596.97,0.05,3417.12,1972.65,1444.47,Cancelled
ORD018167,2024-04-02,CUST00910,PROD0078,B004,4,3486.35,0.1,3137.71,2147.19,990.52,Cancelled
ORD018168,2024-01-22,CUST01757,PROD0039,B004,3,4159.94,0.0,4159.94,2318.18,1841.76,Cancelled
ORD018169,2024-06-21,CUST01634,PROD0091,B003,4,1547.51,0.1,1392.76,1179.47,213.29,Cancelled
ORD018170,2024-10-17,CUST01903,PROD0023,B003,4,4762.37,0.0,4762.37,2943.78,1818.59,Cancelled
ORD018174,2024-05-07,CUST02343,PROD0072,B002,2,870.05,0.15,739.55,610.93,128.62,Cancelled
ORD018180,2024-01-23,CUST00094,PROD0020,B004,4,2845.47,0.0,2845.47,2049.02,796.45,Cancelled
ORD018193,2024-09-24,CUST02169,PROD0064,B002,1,865.3,0.1,778.77,657.73,121.04,Cancelled
ORD018194,2024-12-13,CUST00693,PROD0099,B002,5,3971.29,0.1,3574.16,2775.6,798.56,Cancelled
ORD018196,2024-06-03,CUST01420,PROD0098,B001,2,1869.31,0.05,1775.85,1045.26,730.59,Cancelled
ORD018197,2024-03-01,CUST01249,PROD0048,B004,3,2492.47,0.1,2243.22,1726.88,516.34,Cancelled
ORD018200,2024-04-13,CUST00402,PROD0118,B004,5,1355.53,0.05,1287.76,907.95,379.81,Cancelled
ORD018201,2024-08-15,CUST00365,PROD0007,B002,4,178.47,0.1,160.62,133.75,26.87,Cancelled
ORD018206,2024-08-24,CUST01397,PROD0024,B003,3,3596.97,0.0,3596.97,1972.65,1624.32,Cancelled
ORD018207,2024-06-13,CUST00918,PROD0056,B004,4,5281.1,0.15,4488.93,3956.54,532.39,Cancelled
ORD018209,2024-07-31,CUST01384,PROD0062,B002,5,3411.38,0.05,3240.81,2706.17,534.64,Cancelled
ORD018213,2024-05-29,CUST00170,PROD0089,B002,5,1605.47,0.1,1444.93,1054.87,390.06,Cancelled
ORD018214,2024-01-09,CUST01578,PROD0116,B005,5,1225.95,0.0,1225.95,1005.79,220.16,Cancelled
ORD018217,2024-05-23,CUST01439,PROD0061,B005,5,2095.84,0.1,1886.25,1473.09,413.16,Cancelled
ORD018219,2024-06-24,CUST00242,PROD0082,B005,5,9794.26,0.1,8814.83,5301.16,3513.67,Cancelled
ORD018229,2024-04-17,CUST00751,PROD0087,B002,4,4418.24,0.05,4197.33,3085.1,1112.23,Cancelled
ORD018235,2024-03-10,CUST02290,PROD0107,B003,5,8315.09,0.05,7899.33,5086.08,2813.25,Cancelled
ORD018247,2024-10-17,CUST01046,PROD0002,B003,1,636.08,0.05,604.28,384.62,219.66,Cancelled
ORD018250,2024-06-24,CUST00716,PROD0108,B002,1,850.94,0.0,850.94,489.52,361.42,Cancelled
ORD018254,2024-06-09,CUST00324,PROD0043,B005,3,817.57,0.05,776.69,501.22,275.47,Cancelled
ORD018255,2024-04-18,CUST01851,PROD0120,B001,5,2661.49,0.1,2395.34,1715.88,679.46,Cancelled
ORD018260,2024-06-29,CUST00495,PROD0048,B001,5,4154.11,0.2,3323.29,2878.13,445.16,Cancelled
ORD018264,2024-12-31,CUST02158,PROD0059,B001,4,3647.38,0.15,3100.27,2307.05,793.22,Cancelled
ORD018266,2024-02-26,CUST01775,PROD0010,B004,3,5169.61,0.15,4394.17,3007.67,1386.5,Cancelled
ORD018268,2024-12-11,CUST01797,PROD0016,B005,1,83.11,0.0,83.11,49.77,33.34,Cancelled
ORD018272,2024-11-29,CUST00799,PROD0110,B004,3,2235.32,0.15,1900.02,1299.56,600.46,Cancelled
ORD018273,2024-03-11,CUST00551,PROD0021,B004,3,2371.24,0.15,2015.56,1440.93,574.63,Cancelled
ORD018276,2024-01-26,CUST02485,PROD0050,B003,5,5139.71,0.0,5139.71,2965.91,2173.8,Cancelled
ORD018280,2024-11-26,CUST01500,PROD0102,B005,5,3607.17,0.0,3607.17,2080.24,1526.93,Cancelled
ORD018283,2024-12-11,CUST00642,PROD0065,B003,5,6319.01,0.0,6319.01,4728.57,1590.44,Cancelled
ORD018294,2024-08-21,CUST00088,PROD0006,B004,2,1252.2,0.0,1252.2,908.86,343.34,Cancelled
ORD018309,2024-09-11,CUST00372,PROD0030,B003,5,4766.76,0.1,4290.09,3804.47,485.62,Cancelled
ORD018310,2024-10-06,CUST01800,PROD0083,B003,3,4641.11,0.2,3712.89,3146.5,566.39,Cancelled
ORD018313,2024-10-24,CUST02494,PROD0086,B005,1,493.67,0.15,419.62,374.78,44.84,Cancelled
ORD018314,2024-09-24,CUST00193,PROD0001,B004,5,9068.84,0.05,8615.4,4971.55,3643.85,Cancelled
ORD018320,2024-04-07,CUST00144,PROD0038,B002,2,112.1,0.2,89.68,76.15,13.53,Cancelled
ORD018322,2024-02-17,CUST02370,PROD0006,B001,3,1878.3,0.1,1690.47,1363.29,327.18,Cancelled
ORD018324,2024-06-25,CUST00117,PROD0086,B004,4,1974.7,0.2,1579.76,1499.14,80.62,Cancelled
ORD018327,2024-12-10,CUST02046,PROD0003,B004,1,353.32,0.2,282.66,250.39,32.27,Cancelled
ORD018328,2024-06-20,CUST01957,PROD0063,B005,1,124.09,0.05,117.88,93.96,23.92,Cancelled
ORD018334,2024-10-30,CUST00138,PROD0068,B001,1,958.54,0.15,814.76,770.03,44.73,Cancelled
ORD018335,2024-12-06,CUST01199,PROD0015,B002,5,6645.08,0.0,6645.08,4132.42,2512.66,Cancelled
ORD018339,2024-06-03,CUST01772,PROD0010,B003,5,8616.01,0.1,7754.41,5012.78,2741.63,Cancelled
ORD018343,2024-11-04,CUST00599,PROD0020,B004,3,2134.1,0.15,1813.99,1536.76,277.23,Cancelled
ORD018347,2024-01-24,CUST01250,PROD0045,B004,2,1879.33,0.2,1503.47,1340.28,163.19,Cancelled
ORD018357,2024-08-15,CUST00487,PROD0028,B005,2,1365.79,0.05,1297.5,857.63,439.87,Cancelled
ORD018358,2024-05-19,CUST01393,PROD0107,B003,1,1663.02,0.2,1330.41,1017.22,313.19,Cancelled
ORD018361,2024-02-05,CUST01048,PROD0013,B004,3,1898.19,0.15,1613.46,1284.22,329.24,Cancelled
ORD018362,2024-12-03,CUST00135,PROD0004,B005,5,1398.98,0.1,1259.08,893.62,365.46,Cancelled
ORD018372,2024-07-12,CUST00051,PROD0116,B005,2,490.38,0.05,465.86,402.31,63.55,Cancelled
ORD018380,2024-12-11,CUST00089,PROD0066,B001,2,2615.29,0.0,2615.29,1878.85,736.44,Cancelled
ORD018381,2024-07-03,CUST02300,PROD0030,B001,5,4766.76,0.0,4766.76,3804.47,962.29,Cancelled
ORD018384,2024-05-27,CUST01812,PROD0084,B005,1,484.7,0.0,484.7,357.84,126.86,Cancelled
ORD018386,2024-03-06,CUST00259,PROD0087,B002,2,2209.12,0.05,2098.67,1542.55,556.12,Cancelled
ORD018387,2024-09-21,CUST00635,PROD0006,B001,2,1252.2,0.1,1126.98,908.86,218.12,Cancelled
ORD018390,2024-09-07,CUST01956,PROD0050,B001,3,3083.83,0.05,2929.64,1779.55,1150.09,Cancelled
ORD018394,2024-02-25,CUST02258,PROD0070,B004,4,750.14,0.1,675.13,514.72,160.41,Cancelled
ORD018397,2024-02-01,CUST00833,PROD0109,B002,4,5072.16,0.0,5072.16,3647.79,1424.37,Cancelled
ORD018398,2024-09-22,CUST00759,PROD0024,B003,1,1198.99,0.2,959.19,657.55,301.64,Cancelled
ORD018399,2024-07-02,CUST01325,PROD0053,B001,5,2599.17,0.05,2469.21,1690.9,778.31,Cancelled
ORD018404,2024-05-14,CUST01319,PROD0109,B005,3,3804.12,0.15,3233.5,2735.84,497.66,Cancelled
ORD018406,2024-12-27,CUST01141,PROD0061,B003,4,1676.67,0.0,1676.67,1178.47,498.2,Cancelled
ORD018407,2024-10-03,CUST01989,PROD0061,B004,1,419.17,0.05,398.21,294.62,103.59,Cancelled
ORD018408,2024-12-28,CUST01061,PROD0098,B005,3,2803.97,0.2,2243.18,1567.89,675.29,Cancelled
ORD018413,2024-07-05,CUST00155,PROD0032,B002,5,3443.66,0.05,3271.47,1895.23,1376.24,Cancelled
ORD018416,2024-04-28,CUST00896,PROD0025,B005,4,3703.66,0.15,3148.11,2209.81,938.3,Cancelled
ORD018420,2024-08-18,CUST01759,PROD0033,B002,1,561.45,0.0,561.45,358.42,203.03,Cancelled
ORD018430,2024-06-14,CUST01454,PROD0061,B002,3,1257.5,0.05,1194.63,883.86,310.77,Cancelled
ORD018437,2024-07-31,CUST01921,PROD0037,B001,2,1084.25,0.0,1084.25,902.6,181.65,Cancelled
ORD018440,2024-05-23,CUST01887,PROD0008,B005,3,745.06,0.15,633.3,614.19,19.11,Cancelled
ORD018448,2024-02-17,CUST02172,PROD0007,B002,1,44.62,0.0,44.62,33.44,11.18,Cancelled
ORD018458,2024-04-18,CUST01621,PROD0070,B001,2,375.07,0.05,356.32,257.36,98.96,Cancelled
ORD018460,2024-01-01,CUST02015,PROD0009,B002,4,1194.41,0.2,955.53,731.44,224.09,Cancelled
ORD018463,2024-08-02,CUST02271,PROD0067,B003,5,4240.35,0.05,4028.33,2325.56,1702.77,Cancelled
ORD018467,2024-09-20,CUST01907,PROD0062,B005,2,1364.55,0.0,1364.55,1082.47,282.08,Cancelled
ORD018468,2024-08-27,CUST02166,PROD0083,B004,3,4641.11,0.0,4641.11,3146.5,1494.61,Cancelled
ORD018478,2024-03-28,CUST01573,PROD0101,B002,1,604.52,0.05,574.29,430.67,143.62,Cancelled
ORD018488,2024-11-13,CUST02486,PROD0085,B004,2,80.53,0.0,80.53,63.81,16.72,Cancelled
ORD018497,2024-02-05,CUST00530,PROD0095,B003,3,996.4,0.0,996.4,751.6,244.8,Cancelled
ORD018500,2024-03-16,CUST00570,PROD0032,B004,4,2754.92,0.1,2479.43,1516.18,963.25,Cancelled
ORD018502,2024-07-22,CUST00551,PROD0012,B002,1,121.22,0.05,115.16,81.9,33.26,Cancelled
ORD018507,2024-05-04,CUST01012,PROD0011,B003,2,1586.04,0.05,1506.74,1230.05,276.69,Cancelled
ORD018508,2024-12-18,CUST02126,PROD0039,B003,2,2773.29,0.1,2495.97,1545.45,950.52,Cancelled
ORD018512,2024-01-19,CUST01551,PROD0039,B004,1,1386.65,0.15,1178.65,772.73,405.92,Cancelled
ORD018520,2024-06-10,CUST00049,PROD0066,B001,5,6538.22,0.1,5884.4,4697.12,1187.28,Cancelled
ORD018521,2024-09-13,CUST00832,PROD0082,B005,1,1958.85,0.1,1762.97,1060.23,702.74,Cancelled
ORD018526,2024-01-13,CUST01743,PROD0097,B001,5,8235.45,0.1,7411.9,5071.8,2340.1,Cancelled
ORD018527,2024-12-09,CUST02139,PROD0011,B005,5,3965.11,0.05,3766.85,3075.13,691.72,Cancelled
ORD018531,2024-08-10,CUST01670,PROD0074,B005,1,610.56,0.05,580.03,472.14,107.89,Cancelled
ORD018532,2024-10-27,CUST00805,PROD0026,B004,5,1840.08,0.15,1564.07,1329.41,234.66,Cancelled
ORD018536,2024-06-16,CUST01417,PROD0011,B005,1,793.02,0.15,674.07,615.03,59.04,Cancelled
ORD018538,2024-05-17,CUST01088,PROD0046,B001,2,417.74,0.0,417.74,315.27,102.47,Cancelled
ORD018544,2024-04-24,CUST00561,PROD0055,B003,1,434.64,0.15,369.44,246.47,122.97,Cancelled
ORD018549,2024-09-29,CUST01328,PROD0102,B005,4,2885.73,0.1,2597.16,1664.19,932.97,Cancelled
ORD018553,2024-09-19,CUST02452,PROD0052,B003,3,1853.66,0.0,1853.66,1271.95,581.71,Cancelled
ORD018559,2024-09-30,CUST01066,PROD0118,B004,4,1084.42,0.2,867.54,726.36,141.18,Cancelled
ORD018565,2024-06-11,CUST00068,PROD0052,B004,2,1235.77,0.05,1173.98,847.97,326.01,Cancelled
ORD018568,2024-02-19,CUST02031,PROD0075,B002,1,1322.31,0.1,1190.08,1021.69,168.39,Cancelled
ORD018569,2024-02-09,CUST02044,PROD0040,B004,4,3706.01,0.0,3706.01,2021.4,1684.61,Cancelled
ORD018570,2024-03-31,CUST00835,PROD0009,B003,3,895.81,0.1,806.23,548.58,257.65,Cancelled
ORD018573,2024-12-02,CUST01023,PROD0059,B005,2,1823.69,0.05,1732.5,1153.53,578.97,Cancelled
ORD018583,2024-11-14,CUST00109,PROD0053,B002,4,2079.33,0.0,2079.33,1352.72,726.61,Cancelled
ORD018594,2024-10-04,CUST02483,PROD0099,B003,2,1588.52,0.15,1350.24,1110.24,240.0,Cancelled
ORD018599,2024-10-14,CUST00435,PROD0057,B001,5,4699.97,0.05,4464.97,3034.58,1430.39,Cancelled
ORD018600,2024-05-16,CUST00924,PROD0118,B004,2,542.21,0.2,433.77,363.18,70.59,Cancelled
ORD018602,2024-07-11,CUST01340,PROD0042,B002,1,1359.37,0.0,1359.37,995.44,363.93,Cancelled
ORD018603,2024-05-24,CUST00528,PROD0046,B004,5,1044.34,0.15,887.69,788.18,99.51,Cancelled
ORD018610,2024-11-28,CUST00826,PROD0060,B003,2,167.45,0.15,142.33,109.94,32.39,Cancelled
ORD018611,2024-01-07,CUST00886,PROD0035,B004,1,542.82,0.05,515.67,407.4,108.27,Cancelled
ORD018613,2024-12-31,CUST00629,PROD0115,B005,1,698.19,0.0,698.19,430.81,267.38,Cancelled
ORD018621,2024-07-16,CUST01680,PROD0029,B004,1,428.34,0.1,385.51,248.63,136.88,Cancelled
ORD018647,2024-04-07,CUST01321,PROD0114,B001,1,1285.5,0.1,1156.95,975.6,181.35,Cancelled
ORD018657,2024-10-10,CUST00937,PROD0063,B001,4,496.35,0.1,446.71,375.83,70.88,Cancelled
ORD018664,2024-10-31,CUST00532,PROD0041,B005,1,107.62,0.1,96.86,58.44,38.42,Cancelled
ORD018665,2024-06-24,CUST02405,PROD0069,B001,4,4732.37,0.1,4259.13,2567.9,1691.23,Cancelled
ORD018670,2024-08-18,CUST01603,PROD0025,B005,5,4629.57,0.0,4629.57,2762.27,1867.3,Cancelled
ORD018686,2024-06-08,CUST01819,PROD0043,B005,2,545.04,0.1,490.54,334.15,156.39,Cancelled
ORD018687,2024-12-29,CUST00845,PROD0023,B001,5,5952.97,0.05,5655.32,3679.73,1975.59,Cancelled
ORD018688,2024-05-27,CUST01279,PROD0005,B005,3,3429.64,0.1,3086.68,2114.72,971.96,Cancelled
ORD018689,2024-08-31,CUST00665,PROD0075,B001,1,1322.31,0.0,1322.31,1021.69,300.62,Cancelled
ORD018692,2024-05-04,CUST01070,PROD0112,B003,4,3240.98,0.15,2754.83,2537.56,217.27,Cancelled
ORD018693,2024-05-20,CUST00255,PROD0083,B001,3,4641.11,0.0,4641.11,3146.5,1494.61,Cancelled
ORD018712,2024-05-28,CUST02274,PROD0085,B003,3,120.79,0.05,114.75,95.71,19.04,Cancelled
ORD018713,2024-01-29,CUST01001,PROD0018,B005,1,1609.81,0.0,1609.81,1002.47,607.34,Cancelled
ORD018714,2024-05-15,CUST02467,PROD0079,B004,2,324.15,0.2,259.32,218.04,41.28,Cancelled
ORD018715,2024-03-28,CUST00550,PROD0042,B005,4,5437.5,0.15,4621.87,3981.76,640.11,Cancelled
ORD018716,2024-08-12,CUST00781,PROD0087,B002,4,4418.24,0.1,3976.42,3085.1,891.32,Cancelled
ORD018719,2024-08-06,CUST00658,PROD0026,B001,4,1472.07,0.05,1398.46,1063.52,334.94,Cancelled
ORD018720,2024-03-13,CUST01307,PROD0076,B004,5,1402.72,0.05,1332.58,1122.5,210.08,Cancelled
ORD018722,2024-12-03,CUST01580,PROD0064,B004,1,865.3,0.1,778.77,657.73,121.04,Cancelled
ORD018725,2024-07-23,CUST02270,PROD0026,B001,5,1840.08,0.1,1656.08,1329.41,326.67,Cancelled
ORD018731,2024-11-13,CUST02492,PROD0050,B004,2,2055.88,0.0,2055.88,1186.37,869.51,Cancelled
ORD018733,2024-06-02,CUST01912,PROD0023,B002,2,2381.19,0.0,2381.19,1471.89,909.3,Cancelled
ORD018736,2024-04-12,CUST01561,PROD0113,B004,1,1172.94,0.1,1055.65,848.21,207.44,Cancelled
ORD018737,2024-12-04,CUST01477,PROD0003,B005,2,706.64,0.05,671.31,500.77,170.54,Cancelled
ORD018753,2024-01-16,CUST00603,PROD0081,B003,4,497.94,0.05,473.04,370.75,102.29,Cancelled
ORD018756,2024-09-03,CUST00004,PROD0008,B003,5,1241.76,0.1,1117.58,1023.64,93.94,Cancelled
ORD018757,2024-05-05,CUST00873,PROD0073,B004,2,341.92,0.2,273.54,224.4,49.14,Cancelled
ORD018763,2024-06-24,CUST02439,PROD0118,B004,5,1355.53,0.0,1355.53,907.95,447.58,Cancelled
ORD018768,2024-02-09,CUST01867,PROD0022,B002,4,4729.76,0.1,4256.78,3417.61,839.17,Cancelled
ORD018774,2024-06-05,CUST00219,PROD0066,B002,3,3922.93,0.05,3726.79,2818.27,908.52,Cancelled
ORD018775,2024-06-08,CUST01734,PROD0069,B001,4,4732.37,0.1,4259.13,2567.9,1691.23,Cancelled
ORD018778,2024-03-16,CUST00564,PROD0031,B002,1,623.83,0.0,623.83,512.03,111.8,Cancelled
ORD018780,2024-03-07,CUST01094,PROD0120,B004,4,2129.19,0.1,1916.27,1372.7,543.57,Cancelled
ORD018782,2024-02-07,CUST01862,PROD0031,B003,3,1871.48,0.05,1777.91,1536.09,241.82,Cancelled
ORD018791,2024-01-02,CUST00924,PROD0030,B002,3,2860.06,0.1,2574.05,2282.68,291.37,Cancelled
ORD018793,2024-05-01,CUST01546,PROD0098,B004,2,1869.31,0.1,1682.38,1045.26,637.12,Cancelled
ORD018797,2024-03-24,CUST00178,PROD0030,B003,4,3813.41,0.1,3432.07,3043.57,388.5,Cancelled
ORD018807,2024-06-02,CUST01811,PROD0039,B004,2,2773.29,0.0,2773.29,1545.45,1227.84,Cancelled
ORD018809,2024-07-28,CUST00421,PROD0112,B005,2,1620.49,0.2,1296.39,1268.78,27.61,Cancelled
ORD018814,2024-07-09,CUST00990,PROD0065,B005,2,2527.6,0.1,2274.84,1891.43,383.41,Cancelled
ORD018815,2024-09-08,CUST02198,PROD0062,B001,1,682.28,0.05,648.16,541.23,106.93,Cancelled
ORD018824,2024-12-18,CUST00485,PROD0089,B002,4,1284.38,0.15,1091.72,843.9,247.82,Cancelled
ORD018827,2024-03-02,CUST01377,PROD0061,B002,1,419.17,0.1,377.25,294.62,82.63,Cancelled
ORD018829,2024-11-09,CUST02414,PROD0089,B003,1,321.09,0.0,321.09,210.97,110.12,Cancelled
ORD018834,2024-09-13,CUST01700,PROD0003,B005,4,1413.28,0.2,1130.62,1001.54,129.08,Cancelled
ORD018837,2024-11-24,CUST00559,PROD0052,B004,2,1235.77,0.05,1173.98,847.97,326.01,Cancelled
ORD018838,2024-01-04,CUST00721,PROD0092,B003,5,488.4,0.2,390.72,311.6,79.12,Cancelled
ORD018839,2024-10-17,CUST00525,PROD0005,B004,5,5716.07,0.0,5716.07,3524.54,2191.53,Cancelled
ORD018841,2024-12-03,CUST00977,PROD0080,B002,1,380.26,0.0,380.26,263.73,116.53,Cancelled
ORD018843,2024-09-10,CUST01521,PROD0107,B002,3,4989.05,0.0,4989.05,3051.65,1937.4,Cancelled
ORD018849,2024-09-12,CUST02058,PROD0117,B004,3,2166.72,0.0,2166.72,1335.85,830.87,Cancelled
ORD018850,2024-10-26,CUST02403,PROD0081,B004,1,124.49,0.05,118.26,92.69,25.57,Cancelled
ORD018853,2024-04-17,CUST00983,PROD0002,B002,1,636.08,0.05,604.28,384.62,219.66,Cancelled
ORD018856,2024-05-31,CUST01458,PROD0035,B004,5,2714.08,0.1,2442.67,2036.99,405.68,Cancelled
ORD018858,2024-12-03,CUST00846,PROD0062,B002,4,2729.1,0.0,2729.1,2164.94,564.16,Cancelled
ORD018860,2024-10-29,CUST01419,PROD0044,B001,2,2046.17,0.15,1739.25,1136.13,603.12,Cancelled
ORD018864,2024-01-22,CUST01789,PROD0111,B004,4,6863.87,0.1,6177.49,4141.41,2036.08,Cancelled
ORD018866,2024-06-12,CUST00123,PROD0009,B001,4,1194.41,0.05,1134.69,731.44,403.25,Cancelled
ORD018874,2024-06-18,CUST02448,PROD0106,B003,2,1344.07,0.05,1276.86,806.58,470.28,Cancelled
ORD018876,2024-09-23,CUST00254,PROD0103,B001,4,3264.52,0.0,3264.52,1931.92,1332.6,Cancelled
ORD018879,2024-06-09,CUST02419,PROD0038,B001,1,56.05,0.1,50.45,38.07,12.38,Cancelled
ORD018881,2024-12-19,CUST01800,PROD0025,B005,4,3703.66,0.05,3518.47,2209.81,1308.66,Cancelled
ORD018884,2024-08-09,CUST01323,PROD0030,B004,5,4766.76,0.05,4528.42,3804.47,723.95,Cancelled
ORD018889,2024-08-30,CUST01291,PROD0054,B005,4,4218.53,0.15,3585.75,2850.69,735.06,Cancelled
ORD018892,2024-01-20,CUST01385,PROD0091,B004,2,773.76,0.0,773.76,589.73,184.03,Cancelled
ORD018897,2024-05-04,CUST00247,PROD0090,B004,4,1196.63,0.2,957.3,748.86,208.44,Cancelled
ORD018901,2024-03-10,CUST00678,PROD0008,B001,2,496.71,0.05,471.87,409.46,62.41,Cancelled
ORD018906,2024-10-29,CUST00264,PROD0116,B005,5,1225.95,0.0,1225.95,1005.79,220.16,Cancelled
ORD018908,2024-01-07,CUST02217,PROD0097,B003,4,6588.36,0.0,6588.36,4057.44,2530.92,Cancelled
ORD018920,2024-09-20,CUST00004,PROD0015,B004,2,2658.03,0.2,2126.43,1652.97,473.46,Cancelled
ORD018928,2024-06-07,CUST00445,PROD0057,B005,4,3759.97,0.1,3383.98,2427.67,956.31,Cancelled
ORD018929,2024-02-01,CUST00324,PROD0034,B004,2,2015.31,0.05,1914.55,1340.34,574.21,Cancelled
ORD018937,2024-07-08,CUST01169,PROD0056,B003,2,2640.55,0.05,2508.52,1978.27,530.25,Cancelled
ORD018939,2024-11-02,CUST01179,PROD0032,B005,4,2754.92,0.15,2341.69,1516.18,825.51,Cancelled
ORD018942,2024-12-21,CUST02293,PROD0040,B004,1,926.5,0.15,787.53,505.35,282.18,Cancelled
ORD018945,2024-02-09,CUST00524,PROD0053,B005,3,1559.5,0.05,1481.52,1014.54,466.98,Cancelled
ORD018947,2024-11-27,CUST02039,PROD0092,B004,1,97.68,0.15,83.03,62.32,20.71,Cancelled
ORD018949,2024-12-21,CUST00665,PROD0059,B003,5,4559.22,0.2,3647.38,2883.82,763.56,Cancelled
ORD018953,2024-05-06,CUST00961,PROD0007,B005,2,89.23,0.1,80.31,66.87,13.44,Cancelled
ORD018956,2024-01-27,CUST00236,PROD0073,B005,4,683.84,0.0,683.84,448.8,235.04,Cancelled
ORD018958,2024-05-16,CUST01117,PROD0090,B002,4,1196.63,0.0,1196.63,748.86,447.77,Cancelled
ORD018959,2024-01-01,CUST01170,PROD0072,B001,2,870.05,0.0,870.05,610.93,259.12,Cancelled
ORD018960,2024-07-26,CUST00318,PROD0079,B002,2,324.15,0.05,307.94,218.04,89.9,Cancelled
ORD018962,2024-03-02,CUST01930,PROD0011,B002,4,3172.09,0.0,3172.09,2460.11,711.98,Cancelled
ORD018967,2024-09-08,CUST02293,PROD0023,B004,5,5952.97,0.0,5952.97,3679.73,2273.24,Cancelled
ORD018974,2024-09-16,CUST00433,PROD0029,B004,5,2141.69,0.0,2141.69,1243.15,898.54,Cancelled
ORD018979,2024-04-23,CUST01987,PROD0073,B004,5,854.8,0.15,726.58,561.01,165.57,Cancelled
ORD018981,2024-10-02,CUST02403,PROD0038,B003,4,224.2,0.15,190.57,152.29,38.28,Cancelled
ORD018987,2024-04-09,CUST01581,PROD0100,B001,2,1516.91,0.15,1289.38,1184.52,104.86,Cancelled
ORD018988,2024-06-12,CUST02343,PROD0077,B004,3,852.99,0.0,852.99,690.34,162.65,Cancelled
ORD018991,2024-09-28,CUST01700,PROD0113,B003,2,2345.89,0.1,2111.3,1696.41,414.89,Cancelled
ORD018993,2024-06-07,CUST00427,PROD0017,B003,2,1626.53,0.2,1301.22,1182.08,119.14,Cancelled
ORD018999,2024-02-03,CUST02020,PROD0093,B005,5,4051.17,0.05,3848.61,2972.48,876.13,Cancelled
DUP002575,2024-12-18,CUST01058,PROD0097,B004,3,4977.72,0.0,4977.72,3065.53,1912.19,Completed
DUP000737,2024-01-02,CUST02250,PROD0119,B001,4,2255.75,0.05,2142.97,1636.7,506.27,Completed
DUP007274,2024-11-28,CUST01359,PROD0039,B001,4,5587.5,0.0,5587.5,3113.7,2473.8,Completed
DUP017137,2024-04-14,CUST00404,PROD0090,B002,1,301.36,0.05,286.29,188.6,97.69,Completed
DUP002623,2024-04-16,CUST00574,PROD0022,B002,1,1191.16,0.15,1012.49,860.71,151.78,Completed
DUP014861,2024-12-03,CUST00164,PROD0011,B004,4,2094.27,0.05,1989.55,2478.25,-488.7,Completed
DUP009718,2024-12-23,CUST01991,PROD0042,B001,2,2738.8,0.0,2738.8,2005.56,733.24,Completed
DUP004120,2024-04-27,CUST02072,PROD0025,B003,1,932.74,0.2,746.2,556.53,189.67,Completed
DUP008952,2024-05-04,CUST00343,PROD0047,B003,5,1461.22,0.0,1461.22,846.26,614.96,Completed
DUP017696,2024-02-20,CUST00606,PROD0028,B005,2,1375.86,0.1,1238.27,863.96,374.31,Completed
DUP013933,2024-07-20,CUST01209,PROD0003,B004,2,711.85,0.0,711.85,504.47,207.38,Completed
DUP014913,2024-01-13,CUST01274,PROD0005,B001,4,4606.58,0.1,4145.93,2840.43,1305.5,Completed
DUP012212,2024-03-19,CUST00783,PROD0094,B003,5,919.89,0.15,781.91,551.23,230.68,Completed
DUP001451,2024-05-20,CUST02165,PROD0072,B004,3,1314.71,0.0,1314.71,923.15,391.56,Completed
DUP005917,2024-01-04,CUST02370,PROD0047,B004,3,876.73,0.0,876.73,507.75,368.98,Completed
DUP005006,2024-08-19,CUST01343,PROD0036,B001,2,533.92,0.15,453.83,288.7,165.13,Completed
DUP007518,2024-02-11,CUST00517,PROD0020,B005,1,716.62,0.2,573.29,516.03,57.26,Completed
DUP013100,2024-07-14,CUST01968,PROD0085,B004,5,202.8,0.1,182.52,160.7,21.82,Completed
DUP006174,2024-01-31,CUST01028,PROD0009,B001,2,601.61,0.1,541.45,368.42,173.03,Completed
DUP017837,2024-02-13,CUST01630,PROD0002,B004,1,640.77,0.1,576.7,387.46,189.24,Completed
DUP006409,2024-08-16,CUST01018,PROD0022,B002,4,4764.65,0.15,4049.95,3442.82,607.13,Completed
DUP007949,2024-11-13,CUST01122,PROD0023,B005,3,3598.13,0.1,3238.32,2224.12,1014.2,Completed
DUP005999,2024-08-04,CUST00224,PROD0038,B004,5,282.31,0.05,268.2,191.77,76.43,Completed
DUP013946,2024-12-04,CUST02408,PROD0068,B005,3,1962.83,0.05,1864.69,2327.13,-462.44,Completed
DUP015494,2024-02-29,CUST02309,PROD0087,B004,3,3338.13,0.1,3004.31,2330.89,673.42,Completed
DUP008688,2024-07-23,CUST01130,PROD0050,B005,4,4142.1,0.05,3934.99,2390.23,1544.76,Completed
DUP008142,2024-01-25,CUST01469,PROD0067,B002,2,1708.65,0.05,1623.22,937.09,686.13,Completed
DUP016269,2024-10-27,CUST00972,PROD0029,B005,2,862.99,0.05,819.85,500.93,318.92,Completed
DUP004848,2024-01-15,CUST02314,PROD0010,B001,5,8679.57,0.0,8679.57,5049.76,3629.81,Completed
DUP000636,2024-09-17,CUST02275,PROD0025,B003,3,2798.23,0.05,2658.32,1669.59,988.73,Completed
DUP016099,2024-01-13,CUST01764,PROD0083,B001,2,3116.9,0.0,3116.9,2113.14,1003.76,Completed
DUP014489,2024-05-08,CUST02387,PROD0003,B002,2,711.85,0.0,711.85,504.47,207.38,Completed
DUP000201,2024-05-12,CUST02114,PROD0016,B001,1,83.72,0.1,75.35,50.14,25.21,Completed
DUP011340,2024-08-05,CUST02472,PROD0042,B001,2,2498.54,0.25,1873.9,2005.56,-131.66,Completed
DUP003411,2024-03-19,CUST01734,PROD0066,B001,2,2634.58,0.25,1975.93,1892.71,83.22,Completed
DUP009835,2024-11-27,CUST00216,PROD0028,B001,4,2751.72,0.2,2201.38,1727.91,473.47,Completed
DUP013263,2024-07-20,CUST00086,PROD0114,B001,2,2589.96,0.05,2460.46,1965.58,494.88,Completed
DUP007616,2024-02-12,CUST01990,PROD0059,B004,1,918.57,0.2,734.86,581.02,153.84,Completed
DUP005726,2024-08-26,CUST00470,PROD0022,B001,4,4764.65,0.2,3811.72,3442.82,368.9,Completed
DUP000291,2024-01-17,CUST01633,PROD0104,B002,3,4529.13,0.0,4529.13,2994.73,1534.4,Completed
DUP006650,2024-11-06,CUST00690,PROD0049,B005,3,3766.77,0.05,3578.43,2179.35,1399.08,Completed
DUP001145,2024-09-13,CUST00697,PROD0046,B005,2,420.82,0.0,420.82,317.6,103.22,Completed
DUP000104,2024-06-06,CUST01235,PROD0003,B004,1,355.93,0.0,355.93,252.23,103.7,Completed
DUP009235,2024-01-17,CUST01383,PROD0047,B001,5,1461.22,0.15,1242.04,846.26,395.78,Completed
DUP003904,2024-02-13,CUST00013,PROD0102,B001,4,2907.02,0.05,2761.67,1676.47,1085.2,Completed
DUP011833,2024-01-09,CUST02029,PROD0094,B001,2,367.96,0.0,367.96,220.49,147.47,Completed
DUP012316,2024-06-16,CUST01740,PROD0053,B005,1,523.67,0.0,523.67,340.67,183.0,Completed
DUP008031,2024-01-06,CUST00254,PROD0071,B004,4,1808.07,0.1,1627.26,1407.81,219.45,Completed
DUP015059,2024-05-18,CUST00178,PROD0052,B004,3,1867.34,0.05,1773.97,1281.33,492.64,Completed
DUP001164,2024-02-05,CUST00838,PROD0091,B004,4,1558.93,0.0,1558.93,1188.17,370.76,Completed
DUP011574,2024-07-01,CUST01857,PROD0110,B004,5,3753.01,0.05,3565.37,2181.92,1383.45,Completed
DUP013211,2024-02-01,CUST02211,PROD0066,B004,1,1317.29,0.1,1185.56,946.35,239.21,Completed
DUP004257,2024-10-19,CUST00749,PROD0081,B001,4,501.61,0.05,476.53,373.49,103.04,Completed
DUP005295,2024-05-06,CUST00281,PROD0025,B003,1,932.74,0.1,839.47,556.53,282.94,Completed
DUP011911,2024-02-27,CUST00620,PROD0024,B001,5,6039.17,0.15,5133.3,3312.01,1821.29,Completed
DUP012275,2024-01-23,CUST01238,PROD0076,B001,4,1130.45,0.15,960.88,904.62,56.26,Completed
DUP007932,2024-05-14,CUST00017,PROD0051,B001,4,3376.92,0.1,3039.23,2238.68,800.55,Completed
DUP011849,2024-09-07,CUST01621,PROD0073,B001,4,688.89,0.1,620.0,452.12,167.88,Completed
DUP010856,2024-07-22,CUST01172,PROD0057,B001,1,946.93,0.05,899.58,611.39,288.19,Completed
DUP004398,2024-10-03,CUST00352,PROD0099,B002,1,800.12,0.15,680.1,559.21,120.89,Completed
DUP009983,2024-09-01,CUST01534,PROD0110,B001,3,2251.81,0.05,2139.22,1309.15,830.07,Completed
DUP001027,2024-08-26,CUST02005,PROD0050,B003,5,5177.62,0.0,5177.62,2987.79,2189.83,Completed
DUP005465,2024-05-25,CUST01561,PROD0084,B002,4,1953.1,0.15,1660.13,1441.92,218.21,Completed
DUP002727,2024-05-17,CUST02121,PROD0002,B005,1,640.77,0.05,608.74,387.46,221.28,Completed
DUP010255,2024-10-02,CUST01440,PROD0029,B002,1,431.5,0.05,409.92,250.46,159.46,Completed
DUP004117,2024-12-04,CUST02494,PROD0061,B001,1,422.26,0.1,380.03,296.79,83.24,Completed
DUP000752,2024-02-01,CUST00821,PROD0118,B002,4,1092.42,0.2,873.94,731.72,142.22,Completed
DUP000060,2024-08-02,CUST01378,PROD0109,B003,4,5109.57,0.05,4854.09,3674.69,1179.4,Completed
DUP015660,2024-10-23,CUST01347,PROD0101,B004,1,608.98,0.2,487.18,433.85,53.33,Completed
DUP010539,2024-01-02,CUST00417,PROD0066,B001,3,3951.87,0.1,3556.69,2839.06,717.63,Completed
DUP010616,2024-07-23,CUST02279,PROD0100,B002,3,2292.15,0.0,2292.15,1789.88,502.27,Completed
DUP006665,2024-05-18,CUST00231,PROD0024,B004,3,3623.5,0.0,3623.5,1987.21,1636.29,Completed
DUP010537,2024-05-22,CUST02335,PROD0116,B002,5,1235.0,0.0,1235.0,1013.21,221.79,Completed
DUP016751,2024-10-25,CUST00752,PROD0022,B002,1,1191.16,0.05,1131.6,860.71,270.89,Completed
DUP013572,2024-01-16,CUST00830,PROD0012,B003,4,488.46,0.0,488.46,330.02,158.44,Completed
DUP009625,2024-07-27,CUST01755,PROD0028,B001,4,2751.72,0.1,2476.55,1727.91,748.64,Completed
DUP001770,2024-01-23,CUST01799,PROD0022,B001,5,5955.81,0.2,4764.65,4303.53,461.12,Completed
DUP004565,2024-10-02,CUST02254,PROD0025,B001,5,4663.72,0.05,4430.54,2782.64,1647.9,Completed
DUP015573,2024-07-22,CUST02193,PROD0072,B002,2,876.47,0.0,876.47,615.43,261.04,Completed
DUP011539,2024-02-28,CUST01393,PROD0100,B002,4,3056.2,0.1,2750.59,2386.51,364.08,Completed
DUP009379,2024-05-28,CUST00717,PROD0091,B002,4,1558.93,0.05,1480.98,1188.17,292.81,Completed
DUP007458,2024-10-04,CUST02215,PROD0026,B002,2,741.46,0.1,667.32,535.68,131.64,Completed
DUP009192,2024-04-22,CUST01778,PROD0067,B003,4,3417.3,0.15,2904.7,1874.17,1030.53,Completed
DUP002996,2024-06-24,CUST02371,PROD0004,B001,2,563.72,0.05,535.53,360.09,175.44,Completed
DUP005529,2024-05-31,CUST00656,PROD0075,B004,3,3996.2,0.2,3196.96,3087.68,109.28,Completed
DUP000477,2024-07-06,CUST01209,PROD0115,B001,3,2110.02,0.25,1582.51,1301.98,280.53,Completed
DUP000252,2024-08-31,CUST00727,PROD0100,B002,1,764.05,0.05,725.85,596.63,129.22,Completed
DUP001558,2024-12-14,CUST02498,PROD0065,B004,1,1273.12,0.05,1209.47,952.69,256.78,Completed
DUP017682,2024-10-20,CUST02372,PROD0113,B002,2,2363.19,0.25,1772.39,1708.92,63.47,Completed
DUP008215,2024-11-12,CUST00212,PROD0058,B001,2,589.31,0.1,530.38,328.96,201.42,Completed
DUP006287,2024-06-11,CUST01777,PROD0064,B003,3,2615.04,0.15,2222.78,1987.75,235.03,Completed
DUP007146,2024-10-16,CUST02018,PROD0105,B004,3,1191.99,0.0,1191.99,878.42,313.57,Completed
DUP009331,2024-03-05,CUST00034,PROD0068,B001,5,4828.07,0.15,4103.86,3878.55,225.31,Completed
DUP001148,2024-05-25,CUST00456,PROD0055,B001,3,1313.53,0.15,1116.5,744.86,371.64,Completed
DUP004008,2024-06-21,CUST01017,PROD0101,B003,1,608.98,0.05,578.53,433.85,144.68,Completed
DUP000328,2024-07-20,CUST01160,PROD0001,B002,4,7308.59,0.05,6943.16,4006.58,2936.58,Completed
DUP000248,2024-05-17,CUST01265,PROD0114,B005,4,5179.93,0.1,4661.94,3931.17,730.77,Completed
DUP015664,2024-12-27,CUST02335,PROD0006,B005,3,1892.15,0.05,1797.55,1373.34,424.21,Completed
DUP012034,2024-06-27,CUST02003,PROD0006,B002,5,3153.59,0.05,2995.91,2288.9,707.01,Completed
DUP013930,2024-07-07,CUST01257,PROD0015,B003,2,1547.89,0.1,1393.1,1665.16,-272.06,Completed
DUP000128,2024-12-26,CUST00507,PROD0005,B001,1,1151.65,0.1,1036.48,710.11,326.37,Completed
DUP002421,2024-04-01,CUST01555,PROD0045,B003,1,946.6,0.05,899.27,675.09,224.18,Completed
DUP011760,2024-07-17,CUST00933,PROD0106,B001,3,2030.98,0.15,1726.33,1218.79,507.54,Completed
DUP009820,2024-07-06,CUST02409,PROD0023,B001,5,5996.88,0.1,5397.19,3706.87,1690.32,Completed
DUP008496,2024-08-23,CUST02145,PROD0040,B002,2,1866.67,0.0,1866.67,1018.16,848.51,Completed
DUP008289,2024-02-21,CUST00057,PROD0005,B003,4,4606.58,0.0,4606.58,2840.43,1766.15,Completed
DUP006533,2024-04-11,CUST01364,PROD0016,B004,5,418.61,0.1,376.75,250.68,126.07,Completed
DUP012095,2024-10-10,CUST01170,PROD0016,B003,4,334.89,0.2,267.91,200.54,67.37,Completed
DUP006513,2024-03-22,CUST01871,PROD0046,B003,5,1052.05,0.1,946.84,793.99,152.85,Completed
DUP000564,2024-07-07,CUST00843,PROD0068,B001,3,2896.84,0.2,2317.48,2327.13,-9.65,Completed
DUP001695,2024-12-21,CUST01906,PROD0056,B002,2,2660.03,0.1,2394.02,1992.86,401.16,Completed
DUP010199,2024-09-19,CUST00014,PROD0088,B001,1,422.89,0.15,359.46,272.84,86.62,Completed
DUP015839,2024-12-24,CUST02225,PROD0052,B003,5,3112.23,0.1,2801.0,2135.56,665.44,Completed
DUP011021,2024-11-23,CUST00242,PROD0039,B003,4,5587.5,0.0,5587.5,3113.7,2473.8,Completed
DUP010055,2024-02-18,CUST00885,PROD0086,B005,2,994.63,0.1,895.17,755.1,140.07,Completed
DUP017881,2024-08-04,CUST01466,PROD0045,B001,2,1893.2,0.1,1703.88,1350.17,353.71,Completed
DUP016858,2024-06-18,CUST01134,PROD0008,B003,2,500.37,0.05,475.35,412.48,62.87,Completed
DUP005643,2024-04-04,CUST00460,PROD0055,B004,3,1313.53,0.2,1050.83,744.86,305.97,Completed
DUP003754,2024-12-11,CUST01217,PROD0007,B001,4,179.78,0.0,179.78,134.73,45.05,Completed
DUP016417,2024-06-28,CUST01719,PROD0051,B002,5,4221.15,0.0,4221.15,2798.35,1422.8,Completed
DUP003708,2024-05-17,CUST01986,PROD0007,B004,2,89.89,0.05,85.4,67.37,18.03,Completed
DUP014038,2024-02-13,CUST01578,PROD0055,B004,1,437.84,0.2,350.28,248.29,101.99,Completed
DUP017318,2024-05-05,CUST01435,PROD0030,B003,3,2881.15,0.2,2304.92,2299.52,5.4,Completed
DUP009223,2024-06-05,CUST01715,PROD0104,B003,3,4529.13,0.0,4529.13,2994.73,1534.4,Completed
DUP002309,2024-03-09,CUST00832,PROD0115,B004,4,2813.36,0.05,2672.69,1735.97,936.72,Completed
DUP017120,2024-03-06,CUST01759,PROD0107,B001,5,8376.42,0.0,8376.42,5123.59,3252.83,Completed
DUP015327,2024-06-01,CUST02484,PROD0089,B001,3,970.39,0.05,921.87,637.59,284.28,Completed
DUP016587,2024-08-03,CUST00337,PROD0068,B001,2,1931.23,0.1,1738.1,1551.42,186.68,Completed
DUP001867,2024-05-22,CUST01632,PROD0031,B001,1,628.43,0.1,565.59,515.81,49.78,Completed
DUP013803,2024-05-20,CUST00676,PROD0020,B005,4,2866.46,0.0,2866.46,2064.13,802.33,Completed
DUP003551,2024-07-09,CUST01155,PROD0018,B002,2,3243.37,0.0,3243.37,2019.74,1223.63,Completed
DUP016577,2024-02-26,CUST00845,PROD0021,B004,5,3981.22,0.1,3583.1,2419.27,1163.83,Completed
DUP009074,2024-05-22,CUST01552,PROD0053,B002,5,2618.34,0.1,2356.51,1703.37,653.14,Completed
DUP013286,2024-12-08,CUST01048,PROD0096,B003,1,1674.08,0.05,1590.38,974.6,615.78,Completed
DUP006099,2024-12-10,CUST00272,PROD0007,B004,2,89.89,0.05,85.4,67.37,18.03,Completed
DUP007823,2024-12-26,CUST01370,PROD0094,B001,2,367.96,0.25,275.97,220.49,55.48,Completed
DUP006922,2024-07-08,CUST01081,PROD0080,B001,3,1149.2,0.1,1034.28,797.03,237.25,Completed
DUP001304,2024-07-27,CUST02336,PROD0088,B003,3,1268.67,0.15,1078.37,818.52,259.85,Completed
DUP005175,2024-02-21,CUST00608,PROD0109,B002,4,5109.57,0.15,4343.13,3674.69,668.44,Completed
DUP005937,2024-03-09,CUST02117,PROD0017,B005,2,1638.53,0.2,1310.82,1190.8,120.02,Completed
DUP005223,2024-03-26,CUST00958,PROD0115,B002,5,3516.69,0.1,3165.03,2169.96,995.07,Completed
DUP006148,2024-08-21,CUST02145,PROD0098,B003,5,4707.75,0.25,3530.81,2632.43,898.38,Completed
DUP015168,2024-04-27,CUST02325,PROD0022,B004,3,3573.49,0.05,3394.81,2582.12,812.69,Completed
DUP016293,2024-01-26,CUST02089,PROD0115,B002,5,3516.69,0.0,3516.69,2169.96,1346.73,Completed
DUP016967,2024-12-18,CUST00276,PROD0014,B001,1,1300.96,0.15,1105.81,744.84,360.97,Completed
DUP014342,2024-03-02,CUST01059,PROD0096,B004,5,8370.4,0.15,7114.84,4873.01,2241.83,Completed
DUP001711,2024-06-22,CUST00456,PROD0075,B003,4,5328.27,0.2,4262.61,4116.91,145.7,Completed
DUP010422,2024-07-02,CUST01552,PROD0036,B002,1,266.96,0.0,266.96,144.35,122.61,Completed
DUP004610,2024-07-12,CUST02468,PROD0119,B003,3,1691.82,0.15,1438.04,1227.52,210.52,Completed
DUP015593,2024-07-27,CUST01513,PROD0065,B001,1,1273.12,0.15,1082.16,952.69,129.47,Completed
DUP002451,2024-05-29,CUST01425,PROD0002,B005,3,1922.32,0.15,1633.98,1162.37,471.61,Completed
DUP008543,2024-07-01,CUST00210,PROD0044,B005,1,1030.63,0.0,1030.63,572.26,458.37,Completed
DUP015554,2024-10-22,CUST01593,PROD0111,B001,5,8643.13,0.05,8210.97,5214.94,2996.03,Completed
DUP008324,2024-04-22,CUST00541,PROD0049,B005,1,1255.59,0.15,1067.25,726.45,340.8,Completed
DUP005023,2024-07-12,CUST00271,PROD0048,B001,2,1673.9,0.0,1673.9,1159.74,514.16,Completed
DUP004075,2024-11-01,CUST01830,PROD0070,B001,3,566.76,0.1,510.08,388.88,121.2,Completed
DUP006935,2024-08-10,CUST00064,PROD0003,B002,4,1423.7,0.1,1281.33,1008.93,272.4,Completed
DUP014194,2024-04-26,CUST01257,PROD0007,B002,3,134.84,0.2,107.87,101.05,6.82,Completed
DUP012086,2024-11-11,CUST00779,PROD0032,B005,1,693.81,0.05,659.12,381.84,277.28,Completed
DUP015898,2024-10-04,CUST01044,PROD0027,B001,4,2579.07,0.15,2192.21,1868.21,324.0,Completed
DUP008938,2024-05-25,CUST01480,PROD0069,B005,2,2383.64,0.0,2383.64,1293.42,1090.22,Completed
DUP011190,2024-01-20,CUST01163,PROD0042,B004,3,4108.21,0.05,3902.8,3008.35,894.45,Completed
DUP013378,2024-01-30,CUST01840,PROD0098,B002,4,3766.2,0.05,3577.89,2105.94,1471.95,Completed
DUP002142,2024-04-19,CUST01068,PROD0120,B001,4,2144.9,0.0,2144.9,1382.83,762.07,Completed
DUP011402,2024-11-12,CUST01870,PROD0077,B005,1,286.43,0.0,286.43,231.81,54.62,Completed
DUP007912,2024-04-14,CUST01816,PROD0058,B001,2,589.31,0.05,559.85,328.96,230.89,Completed
DUP016210,2024-05-03,CUST01961,PROD0022,B001,2,2382.32,0.05,2263.21,1721.41,541.8,Completed
DUP008994,2024-12-18,CUST01064,PROD0115,B004,5,3516.69,0.1,3165.03,2169.96,995.07,Completed
DUP009856,2024-06-11,CUST02121,PROD0070,B002,2,377.84,0.0,377.84,259.26,118.58,Completed
DUP006390,2024-01-10,CUST01195,PROD0051,B002,2,1688.46,0.15,1435.19,1119.34,315.85,Completed
DUP016276,2024-08-12,CUST00950,PROD0112,B005,4,3264.88,0.15,2775.15,2556.28,218.87,Completed
DUP008760,2024-09-19,CUST02136,PROD0001,B001,4,7308.59,0.2,5846.87,4006.58,1840.29,Completed
DUP010448,2024-10-18,CUST01725,PROD0056,B001,2,2660.03,0.1,2394.02,1992.86,401.16,Completed
DUP012752,2024-03-27,CUST00088,PROD0009,B003,4,1203.22,0.1,1082.9,736.84,346.06,Completed
DUP014827,2024-11-10,CUST01375,PROD0012,B004,1,122.12,0.0,122.12,82.51,39.61,Completed
DUP011620,2024-10-13,CUST01795,PROD0062,B003,3,2061.92,0.05,1958.83,1635.68,323.15,Completed
DUP004910,2024-12-18,CUST02401,PROD0020,B002,2,990.95,0.25,743.21,1032.06,-288.85,Completed
DUP002999,2024-12-10,CUST00871,PROD0100,B001,4,3056.2,0.05,2903.39,2386.51,516.88,Completed
DUP000706,2024-04-08,CUST02043,PROD0078,B004,5,4390.08,0.25,3292.56,2703.79,588.77,Completed
DUP012575,2024-07-20,CUST01004,PROD0010,B002,5,8679.57,0.0,8679.57,5049.76,3629.81,Completed
DUP006299,2024-06-08,CUST00582,PROD0027,B002,1,644.77,0.0,644.77,467.05,177.72,Completed
DUP016608,2024-12-10,CUST01991,PROD0055,B005,3,1313.53,0.0,1313.53,744.86,568.67,Completed
DUP007972,2024-03-21,CUST02171,PROD0083,B005,2,2296.83,0.15,1952.31,2113.14,-160.83,Completed
DUP003129,2024-06-28,CUST00445,PROD0119,B004,3,1691.82,0.05,1607.23,1227.52,379.71,Completed
DUP003951,2024-12-13,CUST00244,PROD0064,B002,4,3486.72,0.05,3312.38,2650.33,662.05,Completed
DUP007720,2024-08-25,CUST02414,PROD0070,B004,3,566.76,0.15,481.74,388.88,92.86,Completed
DUP010644,2024-02-21,CUST01703,PROD0065,B004,4,5092.5,0.2,4074.0,3810.76,263.24,Completed
DUP017175,2024-09-01,CUST00080,PROD0009,B001,5,1058.88,0.2,847.11,921.05,-73.94,Completed
DUP014751,2024-05-05,CUST02233,PROD0056,B001,2,2660.03,0.15,2261.02,1992.86,268.16,Completed
DUP016932,2024-02-27,CUST01740,PROD0003,B002,1,355.93,0.1,320.33,252.23,68.1,Completed
DUP007127,2024-05-01,CUST00061,PROD0114,B002,2,2589.96,0.15,2201.47,1965.58,235.89,Completed
DUP002955,2024-12-18,CUST00797,PROD0074,B004,1,615.06,0.2,492.05,475.62,16.43,Completed
DUP010650,2024-05-03,CUST01234,PROD0058,B001,2,589.31,0.0,589.31,328.96,260.35,Completed
DUP009446,2024-03-26,CUST00832,PROD0044,B004,5,5153.17,0.05,4895.51,2861.28,2034.23,Completed
DUP000745,2024-08-17,CUST00031,PROD0105,B001,1,397.33,0.05,377.46,292.81,84.65,Completed
DUP002875,2024-11-05,CUST00536,PROD0021,B003,1,796.24,0.15,676.81,483.85,192.96,Completed
DUP015510,2024-01-07,CUST00977,PROD0037,B005,2,1092.25,0.05,1037.64,909.26,128.38,Completed
DUP012563,2024-08-21,CUST00500,PROD0063,B003,5,625.01,0.05,593.76,473.25,120.51,Completed
DUP006068,2024-09-29,CUST01882,PROD0015,B001,5,6694.1,0.0,6694.1,4162.9,2531.2,Completed
DUP004297,2024-03-31,CUST00708,PROD0112,B002,4,3264.88,0.2,2611.91,2556.28,55.63,Completed
DUP010756,2024-08-22,CUST01830,PROD0029,B001,5,2157.49,0.05,2049.61,1252.32,797.29,Completed
DUP003071,2024-11-05,CUST00094,PROD0075,B002,4,5328.27,0.1,4795.44,4116.91,678.53,Completed
DUP007807,2024-01-13,CUST01970,PROD0084,B002,1,488.27,0.05,463.86,360.48,103.38,Completed
DUP007301,2024-01-01,CUST01062,PROD0077,B001,2,572.85,0.1,515.57,463.62,51.95,Completed
DUP007271,2024-03-25,CUST00461,PROD0059,B001,5,4592.85,0.1,4133.57,2905.09,1228.48,Completed
DUP006159,2024-03-03,CUST01602,PROD0077,B004,5,1432.13,0.1,1288.92,1159.06,129.86,Completed
DUP009420,2024-12-08,CUST00630,PROD0093,B004,5,4081.05,0.2,3264.84,2994.41,270.43,Completed
DUP005640,2024-10-08,CUST01951,PROD0069,B001,5,5959.09,0.2,4767.27,3233.55,1533.72,Completed
DUP017643,2024-12-20,CUST01575,PROD0061,B002,4,1689.04,0.1,1520.13,1187.17,332.96,Completed
